pr_number,ACT_number_of_comments,ACT_number_of_review_comments,CODE_number_of_commits,CODE_lines_of_code_changed,CODE_number_of_files_changed,ACT_number_of_reviewers,ACT_number_of_approvals,ACT_time_to_first_response,CONT_number_of_assignees,ACT_number_of_changes_requested,CONT_number_of_build_runs,CONT_number_of_build_failures,CONT_number_of_linked_issues,ACT_time_since_last_commit,CODE_test_coverage,CONT_number_of_reviews_requested,CODE_number_of_revisions,CODE_number_of_milestones,dependency_changes,CONT_repo,CONT_PR_text_wordiness,bug,ui,dependencies,submodules,type: code-quality,tests,openoffice/libreoffice,status: ready-for-review,jabcon,type: documentation,internationalization,ai,skip-verify-files,javascript,backport,docs,windows,platform-ios,tool,engine,a: desktop,framework,f: material design,f: cupertino,warning: land on red to fix tree breakage,a: tests,f: integration_test,a: text input,d: docs/,f: scrolling,a: accessibility,d: api docs,d: examples,f: routes,autosubmit,will affect goldens,c: tech-debt,c: flake,platform-android,cp: beta,cp: review,team,refactor,status: waiting review,scope: curriculum,scope: i18n,full stack cert,platform: learn,crowdin-sync,new english course,scope: tools/scripts,new javascript course,status: waiting update,platform: api,new python course,status: merge conflict,lgtm,🤖:bug,community,🤖:docs,🤖:nit,🤖:release,langchain,partner,documentation,test,author ready,needs-ci,dont-land-on-v18.x,dont-land-on-v20.x,strip-types,module,semver-minor,lib / src,notable-change,baking-for-lts,buffer,benchmark,doc,meta,commit-queue-squash,commit-queue-failed,build,lts-watch-v18.x,lts-watch-v20.x,c++,fs,permission,review wanted,esm,assert,tools,path,backport-requested-v22.x,release,test_runner,web-standards,experimental,backported-to-v22.x,sqlite,v23.x,stream,semver-major,v8 engine,fast-track,util,dont-land-on-v22.x,cares,vm,revert,crypto,webcrypto,http2,http,embedding,icu,v22.x,backport-open-v22.x,url,net,errors,github_actions,cli,process,deprecations,os,backport-open-v20.x,needs-benchmark-ci,backported-to-v18.x,v20.x,backport-requested-v20.x,coverage,backport-blocked-v20.x,python,v18.x,open source,topic: not user facing,merged,beta-accepted,merged-by-bors,rollup,beta-nominated,disposition-merge,finished-final-comment-period,to-announce,perf-regression,relnotes,perf-regression-triaged,llvm-main,c++ interop,🍒 release cherry pick,swift 6.1,run-slow,CONT_label_count,PR_Lifetime(hours),PR Lifetime,add,ani,branch,chang,checklist,close,contribut,descript,document,fix,follow,issu,like,make,new,pleas,pr,pull,read,request,test,thi,use,ORG_PRs Opened in Last 2 Weeks,ORG_PRs Closed in Last 2 Weeks,ORG_Open PRs at Open Date,ORG_Author PRs Opened,CONT_day_of_week,CONT_weekday
7181,0,6,22,6500,50,2,1,,1,0,0,0,0,547175.269866,,1,22,0,False,1,104,0,0,0,0,0,0,0,0,0,0,0,0,0,0,0,0,0,0,0,0,0,0,0,0,0,0,0,0,0,0,0,0,0,0,0,0,0,0,0,0,0,0,0,0,0,0,0,0,0,0,0,0,0,0,0,0,0,0,0,0,0,0,0,0,0,0,0,0,0,0,0,0,0,0,0,0,0,0,0,0,0,0,0,0,0,0,0,0,0,0,0,0,0,0,0,0,0,0,0,0,0,0,0,0,0,0,0,0,0,0,0,0,0,0,0,0,0,0,0,0,0,0,0,0,0,0,0,0,0,0,0,0,0,0,0,0,0,0,0,0,0,0,0,0,0,0,0,0,0,0,0,0,0,0,186.3161111111111,4,0.0,0.0,0.0,0.6277556088024352,0.0,0.0,0.0,0.0,0.0,0.0,0.0,0.21700005682863371,0.2746524568719739,0.0,0.2758656105900167,0.0,0.47370600714360656,0.24023941871426802,0.0,0.23553560122487122,0.0,0.0,0.2640240232042715,35,38,3,13,1,1
7090,20,6,2,121,3,2,1,3017.0,1,0,0,0,0,1325635.87107,,0,2,0,False,1,96,0,0,0,0,0,0,0,0,0,0,0,0,0,0,0,0,0,0,0,0,0,0,0,0,0,0,0,0,0,0,0,0,0,0,0,0,0,0,0,0,0,0,0,0,0,0,0,0,0,0,0,0,0,0,0,0,0,0,0,0,0,0,0,0,0,0,0,0,0,0,0,0,0,0,0,0,0,0,0,0,0,0,0,0,0,0,0,0,0,0,0,0,0,0,0,0,0,0,0,0,0,0,0,0,0,0,0,0,0,0,0,0,0,0,0,0,0,0,0,0,0,0,0,0,0,0,0,0,0,0,0,0,0,0,0,0,0,0,0,0,0,0,0,0,0,0,0,0,0,0,0,0,0,0,314.1272222222222,4,0.0,0.0,0.0,0.639129066233441,0.0,0.0,0.0,0.0,0.0,0.0,0.0,0.22093158826261733,0.2796285144057548,0.0,0.0,0.0,0.24114422377877012,0.24459199281107108,0.0,0.23980295319505568,0.0,0.0,0.5376150369589109,35,36,8,11,1,1
6934,10,0,1,4,1,1,1,4563.0,0,0,0,0,0,1845397.553546,,1,1,0,False,1,151,0,0,0,0,0,0,0,0,0,0,0,0,0,0,0,0,0,0,0,0,0,0,0,0,0,0,0,0,0,0,0,0,0,0,0,0,0,0,0,0,0,0,0,0,0,0,0,0,0,0,0,0,0,0,0,0,0,0,0,0,0,0,0,0,0,0,0,0,0,0,0,0,0,0,0,0,0,0,0,0,0,0,0,0,0,0,0,0,0,0,0,0,0,0,0,0,0,0,0,0,0,0,0,0,0,0,0,0,0,0,0,0,0,0,0,0,0,0,0,0,0,0,0,0,0,0,0,0,0,0,0,0,0,0,0,0,0,0,0,0,0,0,0,0,0,0,0,0,0,0,0,0,0,0,699.8847222222222,4,0.0,0.2427977919576272,0.0,0.7607548850407754,0.0,0.0,0.0,0.0,0.0,0.20362577238707222,0.0,0.19723103741132422,0.24963122032362778,0.0,0.0,0.0,0.21527535195691577,0.21835325977599615,0.0,0.21407796687153435,0.0,0.14894579069393593,0.23997105235420726,8,33,1,0,0,1
7017,3,29,2,3527,56,3,1,593625.0,1,0,0,0,0,1956411.894914,,0,2,0,False,1,605,0,0,0,0,0,0,0,0,0,0,0,0,0,0,0,0,0,0,0,0,0,0,0,0,0,0,0,0,0,0,0,0,0,0,0,0,0,0,0,0,0,0,0,0,0,0,0,0,0,0,0,0,0,0,0,0,0,0,0,0,0,0,0,0,0,0,0,0,0,0,0,0,0,0,0,0,0,0,0,0,0,0,0,0,0,0,0,0,0,0,0,0,0,0,0,0,0,0,0,0,0,0,0,0,0,0,0,0,0,0,0,0,0,0,0,0,0,0,0,0,0,0,0,0,0,0,0,0,0,0,0,0,0,0,0,0,0,0,0,0,0,0,0,0,0,0,0,0,0,0,0,0,0,0,401.74555555555554,4,0.09290316415542063,0.0,0.1028650718838225,0.46348630979768984,0.0,0.0,0.0,0.0,0.0,0.0,0.0,0.08010805013535569,0.10139109227180396,0.10081618940804318,0.0,0.17015309233961143,0.4371849611961934,0.08868712607780224,0.0,0.08695065811196326,0.2282943367051021,0.604963449209893,0.29240245367062834,34,26,4,6,4,1
7040,0,0,1,2,1,1,1,,0,0,0,0,0,1956936.481347,,0,1,0,False,1,100,0,0,0,0,0,0,0,0,0,0,0,0,0,0,0,0,0,0,0,0,0,0,0,0,0,0,0,0,0,0,0,0,0,0,0,0,0,0,0,0,0,0,0,0,0,0,0,0,0,0,0,0,0,0,0,0,0,0,0,0,0,0,0,0,0,0,0,0,0,0,0,0,0,0,0,0,0,0,0,0,0,0,0,0,0,0,0,0,0,0,0,0,0,0,0,0,0,0,0,0,0,0,0,0,0,0,0,0,0,0,0,0,0,0,0,0,0,0,0,0,0,0,0,0,0,0,0,0,0,0,0,0,0,0,0,0,0,0,0,0,0,0,0,0,0,0,0,0,0,0,0,0,0,0,316.4327777777778,4,0.0,0.0,0.0,0.7221785583780757,0.0,0.0,0.0,0.0,0.0,0.0,0.0,0.2496398056999013,0.3159639078927323,0.0,0.0,0.0,0.27247890463824487,0.2763746825036475,0.0,0.2709633471276935,0.0,0.0,0.3037368137874306,38,25,6,1,1,1
7055,0,19,3,695,12,2,1,,0,0,0,0,0,2355524.39087,,0,3,0,False,1,110,0,0,0,0,0,0,0,0,0,0,0,0,0,0,0,0,0,0,0,0,0,0,0,0,0,0,0,0,0,0,0,0,0,0,0,0,0,0,0,0,0,0,0,0,0,0,0,0,0,0,0,0,0,0,0,0,0,0,0,0,0,0,0,0,0,0,0,0,0,0,0,0,0,0,0,0,0,0,0,0,0,0,0,0,0,0,0,0,0,0,0,0,0,0,0,0,0,0,0,0,0,0,0,0,0,0,0,0,0,0,0,0,0,0,0,0,0,0,0,0,0,0,0,0,0,0,0,0,0,0,0,0,0,0,0,0,0,0,0,0,0,0,0,0,0,0,0,0,0,0,0,0,0,0,174.15722222222223,4,0.0,0.0,0.0,0.7706330420816466,0.0,0.0,0.0,0.0,0.0,0.0,0.0,0.2663893585033174,0.0,0.0,0.0,0.2829114741846635,0.29076084404394065,0.29491800865767853,0.0,0.28914360038410536,0.0,0.0,0.0,37,28,7,5,2,1
6978,0,0,1,4,1,1,1,,0,0,0,0,0,3174403.880833,,0,1,0,False,1,117,0,0,0,0,0,0,0,0,0,0,0,0,0,0,0,0,0,0,0,0,0,0,0,0,0,0,0,0,0,0,0,0,0,0,0,0,0,0,0,0,0,0,0,0,0,0,0,0,0,0,0,0,0,0,0,0,0,0,0,0,0,0,0,0,0,0,0,0,0,0,0,0,0,0,0,0,0,0,0,0,0,0,0,0,0,0,0,0,0,0,0,0,0,0,0,0,0,0,0,0,0,0,0,0,0,0,0,0,0,0,0,0,0,0,0,0,0,0,0,0,0,0,0,0,0,0,0,0,0,0,0,0,0,0,0,0,0,0,0,0,0,0,0,0,0,0,0,0,0,0,0,0,0,0,189.0425,4,0.0,0.0,0.0,0.4734270894359306,0.0,0.0,0.0,0.0,0.0,0.3379168372572036,0.0,0.16365238935546259,0.4142628482806529,0.0,0.0,0.0,0.17862465350022358,0.3623570930306741,0.0,0.3552622472275717,0.0,0.12358772154438663,0.3982318057984923,22,36,3,0,6,0
6956,10,0,2,87,1,1,2,654.0,0,0,0,0,0,3581869.437744,,0,2,1,False,1,132,0,0,0,0,0,0,0,0,0,0,0,0,0,0,0,0,0,0,0,0,0,0,0,0,0,0,0,0,0,0,0,0,0,0,0,0,0,0,0,0,0,0,0,0,0,0,0,0,0,0,0,0,0,0,0,0,0,0,0,0,0,0,0,0,0,0,0,0,0,0,0,0,0,0,0,0,0,0,0,0,0,0,0,0,0,0,0,0,0,0,0,0,0,0,0,0,0,0,0,0,0,0,0,0,0,0,0,0,0,0,0,0,0,0,0,0,0,0,0,0,0,0,0,0,0,0,0,0,0,0,0,0,0,0,0,0,0,0,0,0,0,0,0,0,0,0,0,0,0,0,0,0,0,0,174.16805555555555,4,0.0,0.0,0.0,0.5325757867925165,0.0,0.0,0.0,0.0,0.0,0.0,0.0,0.1840986753109231,0.23300986285432582,0.0,0.2340390791398154,0.0,0.20094153355644942,0.20381450304268756,0.0,0.19982387473890711,0.0,0.0,0.6719787123450154,15,30,6,0,2,1
11577,30,30,105,947,18,4,0,138.0,0,0,0,0,0,102951.031261,,1,105,1,False,2,548,0,0,0,0,0,0,1,0,0,0,0,0,0,0,0,0,0,0,0,0,0,0,0,0,0,0,0,0,0,0,0,0,0,0,0,0,0,0,0,0,0,0,0,0,0,0,0,0,0,0,0,0,0,0,0,0,0,0,0,0,0,0,0,0,0,0,0,0,0,0,0,0,0,0,0,0,0,0,0,0,0,0,0,0,0,0,0,0,0,0,0,0,0,0,0,0,0,0,0,0,0,0,0,0,0,0,0,0,0,0,0,0,0,0,0,0,0,0,0,0,0,0,0,0,0,0,0,0,0,0,0,0,0,0,0,0,0,0,0,0,0,0,0,0,0,0,0,0,0,0,0,0,0,1,188.78416666666666,4,0.080022688552594,0.1698862629615932,0.0,0.2661511116046494,0.0,0.0,0.0,0.08182647834321426,0.6785437698909269,0.14247749633384163,0.1813875754080565,0.13800308320635646,0.0,0.26051585861691384,0.2631587201064014,0.07328118497543677,0.30125747649372925,0.1527823585615629,0.16381697241036117,0.14979092470728803,0.13109511587004782,0.15632665083668731,0.08395419285882931,42,56,3,5,6,0
11542,4,30,331,7008,138,5,0,2744541.0,0,1,0,0,0,368504.847351,,0,331,1,False,2,754,0,0,0,0,0,0,0,0,0,0,0,0,0,0,0,0,0,0,0,0,0,0,0,0,0,0,0,0,0,0,0,0,0,0,0,0,0,0,0,0,0,0,0,0,0,0,0,0,0,0,0,0,0,0,0,0,0,0,0,0,0,0,0,0,0,0,0,0,0,0,0,0,0,0,0,0,0,0,0,0,0,0,0,0,0,0,0,0,0,0,0,0,0,0,0,0,0,0,0,0,0,0,0,0,0,0,0,0,0,0,0,0,0,0,0,0,0,0,0,0,0,0,0,0,0,0,0,0,0,0,0,0,0,0,0,0,0,0,0,0,0,0,0,0,0,0,0,0,0,0,0,0,0,0,951.2294444444444,4,0.0,0.05988183463757854,0.0,0.37525380983441614,0.0,0.5667507358782005,0.0,0.11536941385852958,0.2989680059663914,0.05022074019585754,0.06393583922881461,0.09728718101130136,0.06156718039019558,0.0,0.1236782514460741,0.0,0.05309390552316179,0.10770603545492154,0.0,0.10559718281118026,0.09241731395432635,0.11020463328415543,0.5918466868672413,21,28,3,1,6,0
11666,10,30,72,5108,93,4,1,675.0,0,2,0,0,0,516148.308619,,0,72,0,False,2,342,0,0,0,0,0,0,0,0,0,0,0,0,0,0,0,0,0,0,0,0,0,0,0,0,0,0,0,0,0,0,0,0,0,0,0,0,0,0,0,0,0,0,0,0,0,0,0,0,0,0,0,0,0,0,0,0,0,0,0,0,0,0,0,0,0,0,0,0,0,0,0,0,0,0,0,0,0,0,0,0,0,0,0,0,0,0,0,0,0,0,0,0,0,0,0,0,0,0,0,0,0,0,0,0,0,0,0,0,0,0,0,0,0,0,0,0,0,0,0,0,0,0,0,0,0,0,0,0,0,0,0,0,0,0,0,0,0,0,0,0,0,0,0,0,0,0,0,0,0,0,0,0,0,0,314.1,4,0.0,0.2659130724951371,0.0,0.52073854148811,0.0,0.0,0.0,0.12807822061881471,0.39828189062052277,0.0,0.0,0.10800409412001867,0.0,0.0,0.27460467804549543,0.11470277062547571,0.11788519535079989,0.2391413271439349,0.0,0.23445900996602376,0.3077933239780959,0.08156300046903683,0.39422582466813555,56,28,2,7,3,1
11636,5,30,39,1268,7,5,2,323771.0,0,2,0,0,0,1459991.010547,,0,39,1,False,2,202,0,0,0,0,1,1,1,0,0,1,0,0,0,0,0,0,0,0,0,0,0,0,0,0,0,0,0,0,0,0,0,0,0,0,0,0,0,0,0,0,0,0,0,0,0,0,0,0,0,0,0,0,0,0,0,0,0,0,0,0,0,0,0,0,1,1,0,0,0,0,0,0,0,0,0,0,0,0,1,0,0,0,0,0,0,0,0,0,0,0,0,0,0,0,0,0,0,0,0,0,0,0,0,0,0,0,0,0,0,0,0,0,0,0,0,0,0,0,0,0,0,0,0,0,0,0,0,0,0,0,0,0,0,0,0,0,0,0,0,0,0,0,0,0,0,0,0,0,0,0,0,0,0,7,191.02333333333334,4,0.0,0.1294499675133957,0.0,0.4056037510068131,0.0,0.0,0.0,0.12470031159210715,0.6462961412943615,0.0,0.13821373979610624,0.10515561603618284,0.0,0.0,0.13368115496715918,0.11167762300543417,0.22955223021238144,0.2328342622603394,0.0,0.22827543556648366,0.39956752699608356,0.07941187442903906,0.0,59,59,9,12,4,1
11539,5,25,20,81,10,4,2,25728.0,0,5,0,0,0,3033956.65282,,0,20,0,False,2,142,0,0,0,0,0,0,0,0,0,0,0,0,0,0,0,0,0,0,0,0,0,0,0,0,0,0,0,0,0,0,0,0,0,0,0,0,0,0,0,0,0,0,0,0,0,0,0,0,0,0,0,0,0,0,0,0,0,0,0,0,0,0,0,0,0,0,0,0,0,0,0,0,0,0,0,0,0,0,0,0,0,0,0,0,0,0,0,0,0,0,0,0,0,0,0,0,0,0,0,0,0,0,0,0,0,0,0,0,0,0,0,0,0,0,0,0,0,0,0,0,0,0,0,0,0,0,0,0,0,0,0,0,0,0,0,0,0,0,0,0,0,0,0,0,0,0,0,0,0,0,0,0,0,0,253.3386111111111,4,0.1658608268567232,0.0,0.0,0.5516440929195975,0.0,0.18514561931829632,0.0,0.16959949237220837,0.5273996323802863,0.0,0.0,0.1430175985298202,0.0,0.0,0.0,0.0,0.15610202260068928,0.3166677948277926,0.0,0.31046753210816247,0.271717243051555,0.10800465066635041,0.0,19,45,2,0,5,0
11532,14,0,8,21,4,1,1,473.0,0,0,0,0,0,3445064.140276,,0,8,0,False,2,142,0,0,0,0,0,0,0,1,0,0,0,0,0,0,0,0,0,0,0,0,0,0,0,0,0,0,0,0,0,0,0,0,0,0,0,0,0,0,0,0,0,0,0,0,0,0,0,0,0,0,0,0,0,0,0,0,0,0,0,0,0,0,0,0,0,0,0,0,0,0,0,0,0,0,0,0,0,0,0,0,0,0,0,0,0,0,0,0,0,0,0,0,0,0,0,0,0,0,0,0,0,0,0,0,0,0,0,0,0,0,0,0,0,0,0,0,0,0,0,0,0,0,0,0,0,0,0,0,0,0,0,0,0,0,0,0,0,0,0,0,0,0,0,0,0,0,0,0,0,0,0,0,0,1,205.93777777777777,4,0.0,0.17227965234188153,0.0,0.5398013962791133,0.0,0.0,0.0,0.16595853008452388,0.5160774158737589,0.1444847458942877,0.0,0.13994729639955508,0.0,0.0,0.0,0.1486271679732399,0.15275082402473458,0.3098695698887589,0.0,0.30380241442328476,0.2658840166602098,0.10568600658038994,0.17027391039418208,14,35,2,0,2,1
34412,3,12,9,132,1,5,1,176.0,0,0,0,0,0,291970.939847,,2,9,0,False,3,15,0,0,0,0,0,0,0,0,0,0,0,0,0,0,0,0,0,0,0,0,0,0,0,0,0,0,0,0,0,0,0,0,0,0,0,0,0,0,0,0,0,0,0,0,0,0,0,0,0,0,0,0,0,0,0,0,0,0,0,0,0,0,0,0,0,0,0,0,0,0,0,0,0,0,0,0,0,0,0,0,0,0,0,0,0,0,0,0,0,0,0,0,0,0,0,0,0,0,0,0,0,0,0,0,0,0,0,0,0,0,0,0,0,0,0,0,0,0,0,0,0,0,0,0,0,0,0,0,0,0,0,0,0,0,0,0,0,0,0,0,0,0,0,0,0,0,0,0,0,0,0,0,0,0,266.8986111111111,4,0.0,0.0,0.0,0.0,0.0,0.0,0.0,0.0,0.0,0.0,0.0,0.0,0.0,0.0,0.0,0.0,0.0,0.0,0.0,0.0,0.0,1.0,0.0,14,27,0,1,4,1
34009,3,1,3,36,2,2,1,1202323.0,0,0,0,0,0,1623512.889344,,1,3,0,False,3,282,0,0,0,0,0,0,0,0,0,0,0,0,0,0,0,0,0,0,0,0,0,0,0,0,0,0,0,0,0,0,0,0,0,0,0,0,0,0,0,0,0,0,0,0,0,0,0,0,0,0,0,0,0,0,0,0,0,0,0,0,0,0,0,0,0,0,0,0,0,0,0,0,0,0,0,0,0,0,0,0,0,0,0,0,0,0,0,0,0,0,0,0,0,0,0,0,0,0,0,0,0,0,0,0,0,0,0,0,0,0,0,0,0,0,0,0,0,0,0,0,0,0,0,0,0,0,0,0,0,0,0,0,0,0,0,0,0,0,0,0,0,0,0,0,0,0,0,0,0,0,0,0,0,0,674.9072222222222,4,0.10461327766670256,0.11104574915199779,0.0,0.08698451852595303,0.2366314846447584,0.11677676067086017,0.0,0.3209140902750741,0.11088212776361041,0.18626014890055342,0.0,0.0,0.0,0.0,0.4587015133641141,0.19160028462532464,0.39383245686497265,0.29959746894038314,0.0,0.293731438204366,0.3427600348180828,0.20436508228457798,0.10975291442566645,11,15,2,0,3,1
34271,6,0,3,2,2,1,1,196.0,0,0,0,0,0,1793237.232749,,0,3,0,False,3,206,0,0,0,0,0,0,0,0,0,0,0,0,0,0,0,0,0,0,0,0,0,0,0,0,0,0,0,0,0,0,0,0,0,0,0,0,0,0,0,0,0,0,0,0,0,0,0,0,0,0,0,0,0,0,0,0,0,0,0,0,0,0,0,0,0,0,0,0,0,0,0,0,0,0,0,0,0,0,0,0,0,0,0,0,0,0,0,0,0,0,0,0,0,0,0,0,0,0,0,0,0,0,0,0,0,0,0,0,0,0,0,0,0,0,0,0,0,0,0,0,0,0,0,0,0,0,0,0,0,0,0,0,0,0,0,0,0,0,0,0,0,0,0,0,0,0,0,0,0,0,0,0,0,0,193.40277777777777,4,0.23576779497112743,0.1251323541448345,0.0,0.0,0.26664915104364595,0.13159036778752523,0.0,0.24108223202914333,0.12494797671774963,0.10494400322965604,0.0,0.0,0.0,0.0,0.5168896662445294,0.21590556012342307,0.3328437795401515,0.3376026265807729,0.0,0.33099246598399884,0.28968040463785183,0.15352641619367494,0.0,11,16,2,0,0,1
33962,10,11,8,40,2,3,2,146.0,0,3,0,0,0,2423071.410287,,1,8,0,False,3,199,0,0,0,0,0,0,0,0,0,0,0,0,0,0,0,0,0,0,0,0,0,0,0,0,0,0,0,0,0,0,0,0,0,0,0,0,0,0,0,0,0,0,0,0,0,0,0,0,0,0,0,0,0,0,0,0,0,0,0,0,0,0,0,0,0,0,0,0,0,0,0,0,0,0,0,0,0,0,0,0,0,0,0,0,0,0,0,0,0,0,0,0,0,0,0,0,0,0,0,0,0,0,0,0,0,0,0,0,0,0,0,0,0,0,0,0,0,0,0,0,0,0,0,0,0,0,0,0,0,0,0,0,0,0,0,0,0,0,0,0,0,0,0,0,0,0,0,0,0,0,0,0,0,0,520.4705555555555,4,0.13110556651166083,0.13916699845375705,0.0,0.0,0.14827804625187163,0.146349332557265,0.0,0.26812162882506646,0.138961941549926,0.11671435445295267,0.0,0.0,0.0,0.0,0.5748631828644044,0.12006059087274955,0.24678333630108587,0.37546759614999387,0.0,0.36811605053385704,0.32217049459213587,0.17074569299883988,0.0,5,13,1,0,0,1
34035,1,0,3,194,15,1,1,872681.0,0,0,0,0,0,2925605.594925,,0,3,0,False,3,552,0,0,0,0,0,0,0,0,0,0,0,0,0,0,0,0,0,0,0,0,0,0,0,0,0,0,0,0,0,0,0,0,0,0,0,0,0,0,0,0,0,0,0,0,0,0,0,0,0,0,0,0,0,0,0,0,0,0,0,0,0,0,0,0,0,0,0,0,0,0,0,0,0,0,0,0,0,0,0,0,0,0,0,0,0,0,0,0,0,0,0,0,0,0,0,0,0,0,0,0,0,0,0,0,0,0,0,0,0,0,0,0,0,0,0,0,0,0,0,0,0,0,0,0,0,0,0,0,0,0,0,0,0,0,0,0,0,0,0,0,0,0,0,0,0,0,0,0,0,0,0,0,0,0,242.41194444444446,4,0.07233940751332608,0.07678742010284778,0.0,0.06014923414451237,0.16362914708339144,0.16150075528977112,0.0,0.2219100258682167,0.07667427696694336,0.32199423236068253,0.0819859340683963,0.37425865544115583,0.0,0.07850091518226918,0.3964864265120386,0.13249036239299686,0.34041575821638814,0.2071697195521258,0.0,0.2708178627884205,0.35552453365887376,0.18842285031261066,0.22768029965685366,15,11,3,2,6,0
34011,9,3,1,134,7,2,1,6372.0,0,0,0,0,0,2925599.762282,,0,1,0,False,3,279,0,0,0,0,0,0,0,0,0,0,0,0,0,0,0,0,0,0,0,0,0,0,0,0,0,0,0,0,0,0,0,0,0,0,0,0,0,0,0,0,0,0,0,0,0,0,0,0,0,0,0,0,0,0,0,0,0,0,0,0,0,0,0,0,0,0,0,0,0,0,0,0,0,0,0,0,0,0,0,0,0,0,0,0,0,0,0,0,0,0,0,0,0,0,0,0,0,0,0,0,0,0,0,0,0,0,0,0,0,0,0,0,0,0,0,0,0,0,0,0,0,0,0,0,0,0,0,0,0,0,0,0,0,0,0,0,0,0,0,0,0,0,0,0,0,0,0,0,0,0,0,0,0,0,309.6797222222222,4,0.09964425192041741,0.10577118746289942,0.0,0.08285284115455133,0.22539172650117295,0.11122998168368407,0.0,0.3056709929122039,0.10561533792632354,0.1774129786747768,0.0,0.0,0.0,0.0,0.4369136516260651,0.18249946330958228,0.3751258102371931,0.2853668897071271,0.0,0.27977948954655785,0.408099096255243,0.19465794588503685,0.20907952217832151,12,12,2,1,3,1
51715,7,7,3,5,1,3,1,4.0,0,0,0,0,0,101820.522857,,0,3,0,False,4,309,0,0,0,0,0,0,0,0,0,0,0,0,0,0,0,0,0,0,0,0,0,0,0,0,0,0,0,0,0,0,0,0,0,0,0,0,0,0,0,0,0,0,0,0,0,0,0,0,0,0,0,0,0,0,0,0,0,0,0,0,0,0,0,0,0,0,0,0,0,0,0,0,0,0,0,0,0,0,0,0,0,0,0,0,0,0,0,0,0,0,0,0,0,0,0,0,0,0,0,0,0,0,0,0,0,0,0,0,0,0,0,0,0,0,0,0,0,0,0,0,0,0,0,0,0,0,0,0,0,0,0,0,0,0,0,0,0,0,0,0,0,0,0,0,0,0,0,0,0,0,0,0,0,0,851.9497222222222,4,0.0,0.0,0.38662335447154694,0.2903392903667159,0.1316391669353648,0.2598537640111623,0.11882703928068696,0.0,0.12336846002327344,0.41446945864089146,0.0,0.3010899860983518,0.12702777690478614,0.12630751015271335,0.25517772997068766,0.21317621271337625,0.0,0.33333485851608524,0.11913658931797418,0.3268082595686476,0.09533948009903703,0.07579281408249981,0.0,68,62,6,0,2,1
51759,15,7,18,2253,21,4,1,3.0,0,0,0,0,0,171118.695855,,0,18,0,False,4,104,0,0,0,0,0,0,0,0,0,0,0,0,0,0,0,0,0,0,0,0,0,0,0,0,0,0,0,0,0,0,0,0,0,0,0,0,0,0,0,0,0,0,0,0,0,0,0,0,0,0,0,0,0,0,0,0,0,0,0,0,0,0,0,0,0,0,0,0,0,0,0,0,0,0,0,0,0,0,0,0,0,0,0,0,0,0,0,0,0,0,0,0,0,0,0,0,0,0,0,0,0,0,0,0,0,0,0,0,0,0,0,0,0,0,0,0,0,0,0,0,0,0,0,0,0,0,0,0,0,0,0,0,0,0,0,0,0,0,0,0,0,0,0,0,0,0,0,0,0,0,0,0,0,0,724.2866666666666,4,0.5401841691112698,0.0,0.0,0.22457789734486794,0.0,0.3014959422047259,0.0,0.0,0.2862770930765901,0.0,0.0,0.2328935773871927,0.0,0.0,0.29607056268721504,0.0,0.2542005938749602,0.0,0.0,0.0,0.0,0.5276327471593439,0.0,66,57,8,9,0,1
51937,13,2,4,2,1,2,1,2.0,0,0,0,0,0,244650.098842,,0,4,0,False,4,140,0,0,1,0,0,0,0,0,0,0,0,0,0,0,0,0,0,0,0,0,0,0,0,0,0,0,0,0,0,0,0,0,0,0,0,0,0,0,0,0,0,0,0,0,0,0,0,0,0,0,0,0,0,0,0,0,0,0,0,0,0,0,0,0,0,0,0,0,0,0,0,0,0,0,0,0,0,0,0,0,0,0,0,0,0,0,0,0,0,0,0,0,0,0,0,0,0,0,0,0,0,0,0,0,0,0,0,0,0,0,0,0,0,0,0,0,0,0,0,0,0,0,0,0,0,0,0,0,0,0,0,0,0,0,0,0,0,0,0,0,0,0,0,0,0,0,0,0,0,0,0,0,0,1,392.8880555555556,4,0.0,0.15112479461810785,0.1576369497716776,0.11837929499846282,0.0,0.15892426416427285,0.0,0.0,0.0,0.0,0.1613559542834623,0.0,0.0,0.0,0.0,0.13037668656338774,0.6699699179411704,0.0,0.0,0.0,0.0,0.6489590079240402,0.0,65,53,13,10,6,0
51845,9,1,2,2,1,1,1,1.0,0,0,0,0,0,247964.503382,,0,2,0,False,4,1531,0,0,1,0,0,0,0,0,0,0,0,0,0,0,0,0,0,0,0,0,0,0,0,0,0,0,0,0,0,0,0,0,0,0,0,0,0,0,0,0,0,0,0,0,0,0,0,0,0,0,0,0,0,0,0,0,0,0,0,0,0,0,0,0,0,0,0,0,0,0,0,0,0,0,0,0,0,0,0,0,0,0,0,0,0,0,0,0,0,0,0,0,0,0,0,0,0,0,0,0,0,0,0,0,0,0,0,0,0,0,0,0,0,0,0,0,0,0,0,0,0,0,0,0,0,0,0,0,0,0,0,0,0,0,0,0,0,0,0,0,0,0,0,0,0,0,0,0,0,0,0,0,0,1,559.6658333333334,4,0.1733351424381542,0.03679863813795709,0.03838433717298316,0.2306013040776273,0.0,0.07739559220709698,0.0,0.0,0.44093300212200887,0.46292540718048925,0.039289908635352554,0.05978500477088215,0.0,0.03761979198443799,0.26601004074366574,0.03174650806041259,0.16313656958763462,0.0,0.0,0.0,0.0,0.4514869933310253,0.43644258119324264,61,51,9,9,6,0
51872,7,8,12,178,14,2,1,3.0,0,0,0,0,0,255032.075545,,0,12,0,False,4,173,0,0,0,0,0,0,0,0,0,0,0,0,0,0,0,0,0,0,0,0,0,0,0,0,0,0,0,0,0,0,0,0,0,0,0,0,0,0,0,0,0,0,0,0,0,0,0,0,0,0,0,0,0,0,0,0,0,0,0,0,0,0,0,0,0,0,0,0,0,0,0,0,0,0,0,0,0,0,0,0,0,0,0,0,0,0,0,0,0,0,0,0,0,0,0,0,0,0,0,0,0,0,0,0,0,0,0,0,0,0,0,0,0,0,0,0,0,0,0,0,0,0,0,0,0,0,0,0,0,0,0,0,0,0,0,0,0,0,0,0,0,0,0,0,0,0,0,0,0,0,0,0,0,0,502.90694444444443,4,0.0,0.0,0.376970931365453,0.14154534566480825,0.19252900318822636,0.0,0.1737906123012148,0.0,0.0,0.0,0.0,0.14678649281216666,0.0,0.18473118290720283,0.3732104595527669,0.31178109595071857,0.0,0.4875192507827193,0.0,0.4779737665715006,0.0,0.11085086060518085,0.0,58,50,8,54,1,1
50174,6,13,10,19,3,5,1,3.0,0,0,0,0,0,1090476.758604,,0,10,0,False,4,301,0,0,0,0,0,0,0,0,0,0,0,0,0,0,0,0,0,0,0,0,0,0,0,0,0,0,0,0,0,0,0,0,0,0,0,0,0,0,0,0,0,0,0,0,0,0,0,0,0,0,0,0,0,0,0,0,0,0,0,0,0,0,0,0,0,0,0,0,0,0,0,0,0,0,0,0,0,0,0,0,0,0,0,0,0,0,0,0,0,0,0,0,0,0,0,0,0,0,0,0,0,0,0,0,0,0,0,0,0,0,0,0,0,0,0,0,0,0,0,0,0,0,0,0,0,0,0,0,0,0,0,0,0,0,0,0,0,0,0,0,0,0,0,0,0,0,0,0,0,0,0,0,0,0,3270.0741666666668,4,0.0,0.0,0.39792814027492873,0.19921916688536445,0.13548826856962584,0.26745183357518004,0.12230151698924209,0.0,0.12697572792193013,0.3199413440177943,0.0,0.3098937941482754,0.0,0.13000071526078702,0.3939586099200065,0.21940944046650782,0.0,0.3430814998732158,0.0,0.3363640645412917,0.09812718650285365,0.07800898007125479,0.12568261884784865,26,54,3,1,2,1
51521,9,1,2,2,1,2,1,3.0,0,0,0,0,0,1091150.945816,,0,2,0,False,4,286,0,0,0,0,0,0,0,0,0,0,0,0,0,0,0,0,0,0,0,0,0,0,0,0,0,0,0,0,0,0,0,0,0,0,0,0,0,0,0,0,0,0,0,0,0,0,0,0,0,0,0,0,0,0,0,0,0,0,0,0,0,0,0,0,0,0,0,0,0,0,0,0,0,0,0,0,0,0,0,0,0,0,0,0,0,0,0,0,0,0,0,0,0,0,0,0,0,0,0,0,0,0,0,0,0,0,0,0,0,0,0,0,0,0,0,0,0,0,0,0,0,0,0,0,0,0,0,0,0,0,0,0,0,0,0,0,0,0,0,0,0,0,0,0,0,0,0,0,0,0,0,0,0,0,897.1777777777778,4,0.0,0.0,0.4405540564146946,0.330839176237694,0.15000172210417803,0.14805058784694977,0.13540241054089636,0.0,0.1405773212308287,0.2361422288027936,0.0,0.22872633565688166,0.14474708199983533,0.1439263441016811,0.29077287428468945,0.24291249909195875,0.0,0.3798322640503784,0.13575514020146381,0.3723952595144893,0.10863853465735193,0.08636527334664011,0.0,38,53,10,0,3,1
51925,9,4,6,9,1,2,1,4.0,0,0,0,0,0,1092425.1104,,0,6,0,False,4,293,0,0,0,0,0,0,0,0,0,0,0,0,0,0,0,0,0,0,0,0,0,0,0,0,0,0,0,0,0,0,0,0,0,0,0,0,0,0,0,0,0,0,0,0,0,0,0,0,0,0,0,0,0,0,0,0,0,0,0,0,0,0,0,0,0,0,0,0,0,0,0,0,0,0,0,0,0,0,0,0,0,0,0,0,0,0,0,0,0,0,0,0,0,0,0,0,0,0,0,0,0,0,0,0,0,0,0,0,0,0,0,0,0,0,0,0,0,0,0,0,0,0,0,0,0,0,0,0,0,0,0,0,0,0,0,0,0,0,0,0,0,0,0,0,0,0,0,0,0,0,0,0,0,0,196.41583333333332,4,0.0,0.0,0.4405540564146946,0.330839176237694,0.15000172210417803,0.14805058784694977,0.13540241054089636,0.0,0.1405773212308287,0.2361422288027936,0.0,0.22872633565688166,0.14474708199983533,0.1439263441016811,0.29077287428468945,0.24291249909195875,0.0,0.3798322640503784,0.13575514020146381,0.3723952595144893,0.10863853465735193,0.08636527334664011,0.0,59,47,9,105,4,1
51550,17,18,28,501,8,5,2,2.0,1,0,0,0,0,1554328.965905,,2,28,0,False,4,295,0,0,0,0,0,0,0,0,0,0,0,0,0,0,0,0,0,0,0,0,0,0,0,0,0,0,0,0,0,0,0,0,0,0,0,0,0,0,0,0,0,0,0,0,0,0,0,0,0,0,0,0,0,0,0,0,0,0,0,0,0,0,0,0,0,0,0,0,0,0,0,0,0,0,0,0,0,0,0,0,0,0,0,0,0,0,0,0,0,0,0,0,0,0,0,0,0,0,0,0,0,0,0,0,0,0,0,0,0,0,0,0,0,0,0,0,0,0,0,0,0,0,0,0,0,0,0,0,0,0,0,0,0,0,0,0,0,0,0,0,0,0,0,0,0,0,0,0,0,0,0,0,0,0,719.2655555555556,4,0.0,0.0,0.42674665122292677,0.32047034523248213,0.14530051795817472,0.28682106840391897,0.1311587634354877,0.0,0.13617148724350006,0.22874129493669343,0.0,0.22155782330644694,0.14021056353542127,0.1394155483846826,0.28165976129533926,0.23529937817689336,0.0,0.3679279406233494,0.13150043819535526,0.3607240192552234,0.10523369421697246,0.08365849921476748,0.0,40,58,6,0,5,0
51784,9,0,1,50,5,1,1,2.0,1,0,0,0,0,1830626.032387,,0,1,0,False,4,263,0,0,0,0,0,0,0,0,0,0,0,0,0,0,0,0,0,0,0,0,0,0,0,0,0,0,0,0,0,0,0,0,0,0,0,0,0,0,0,0,0,0,0,0,0,0,0,0,0,0,0,0,0,0,0,0,0,0,0,0,0,0,0,0,0,0,0,0,0,0,0,0,0,0,0,0,0,0,0,0,0,0,0,0,0,0,0,0,0,0,0,0,0,0,0,0,0,0,0,0,0,0,0,0,0,0,0,0,0,0,0,0,0,0,0,0,0,0,0,0,0,0,0,0,0,0,0,0,0,0,0,0,0,0,0,0,0,0,0,0,0,0,0,0,0,0,0,0,0,0,0,0,0,0,224.28305555555556,4,0.0,0.0,0.4434510789166014,0.2220098192481297,0.15098811266836235,0.0,0.13629279805279831,0.0,0.14150173823921539,0.356542601125657,0.0,0.2302304083842315,0.14569891877794036,0.14487278382095875,0.29268495646275916,0.2445098580666799,0.0,0.38232998844964794,0.1366478472147956,0.374844079201219,0.10935292662558811,0.08693319943113638,0.0,60,53,10,0,1,1
51254,29,3,14,253,6,3,2,4.0,0,0,0,0,0,2347637.616434,,0,14,0,False,4,263,0,0,0,0,0,0,0,0,0,0,0,0,0,0,0,0,0,0,0,0,0,0,0,0,0,0,0,0,0,0,0,0,0,0,0,0,0,0,0,0,0,0,0,0,0,0,0,0,0,0,0,0,0,0,0,0,0,0,0,0,0,0,0,0,0,0,0,0,0,0,0,0,0,0,0,0,0,0,0,0,0,0,0,0,0,0,0,0,0,0,0,0,0,0,0,0,0,0,0,0,0,0,0,0,0,0,0,0,0,0,0,0,0,0,0,0,0,0,0,0,0,0,0,0,0,0,0,0,0,0,0,0,0,0,0,0,0,0,0,0,0,0,0,0,0,0,0,0,0,0,0,0,0,0,552.3177777777778,4,0.0,0.0,0.4751409972039052,0.11893754680260181,0.16177803106139996,0.15967371749724227,0.14603255929995373,0.0,0.15161374097301752,0.12734062079512118,0.0,0.12334157140129443,0.0,0.1552256883455271,0.31360082023038854,0.2619830310748587,0.0,0.40965206898749634,0.0,0.40163120140055464,0.11716750973069347,0.0931456231175487,0.30013944130368186,45,35,6,0,1,1
51433,9,4,1,42,1,3,1,3.0,0,0,0,0,0,2411803.590079,,0,1,0,False,4,324,0,0,0,0,0,0,0,0,0,0,0,0,0,0,0,0,0,0,0,0,0,0,0,0,0,0,0,0,0,0,0,0,0,0,0,0,0,0,0,0,0,0,0,0,0,0,0,0,0,0,0,0,0,0,0,0,0,0,0,0,0,0,0,0,0,0,0,0,0,0,0,0,0,0,0,0,0,0,0,0,0,0,0,0,0,0,0,0,0,0,0,0,0,0,0,0,0,0,0,0,0,0,0,0,0,0,0,0,0,0,0,0,0,0,0,0,0,0,0,0,0,0,0,0,0,0,0,0,0,0,0,0,0,0,0,0,0,0,0,0,0,0,0,0,0,0,0,0,0,0,0,0,0,0,713.0622222222222,4,0.0,0.0,0.43716139658988346,0.32829141900937625,0.14884657483263347,0.14691046605232663,0.1343596910113949,0.0,0.1394947502657563,0.2343237226718536,0.0,0.22696493852851446,0.14363240015158277,0.1428179826684905,0.28853366337659164,0.24104185583124157,0.12386477723003743,0.3769072162755424,0.13470970433844778,0.3695274833187898,0.10780192088296549,0.08570018358324868,0.0,46,56,10,11,2,1
51649,10,7,2,56,2,4,1,3.0,0,0,0,0,0,2413133.441545,,0,2,0,False,4,264,0,0,0,0,0,0,0,0,0,0,0,0,0,0,0,0,0,0,0,0,0,0,0,0,0,0,0,0,0,0,0,0,0,0,0,0,0,0,0,0,0,0,0,0,0,0,0,0,0,0,0,0,0,0,0,0,0,0,0,0,0,0,0,0,0,0,0,0,0,0,0,0,0,0,0,0,0,0,0,0,0,0,0,0,0,0,0,0,0,0,0,0,0,0,0,0,0,0,0,0,0,0,0,0,0,0,0,0,0,0,0,0,0,0,0,0,0,0,0,0,0,0,0,0,0,0,0,0,0,0,0,0,0,0,0,0,0,0,0,0,0,0,0,0,0,0,0,0,0,0,0,0,0,0,336.52416666666664,4,0.0,0.0,0.43089694358010827,0.2157247035964085,0.1467136271822265,0.0,0.13243433809296598,0.0,0.13749581276814843,0.4619318022827967,0.0,0.11185628359991295,0.14157417079178658,0.14077142378118562,0.2843990220517616,0.2375877645253242,0.0,0.371506196048639,0.13277933578493026,0.3642322134868044,0.10625713656988861,0.08447211363660147,0.0,55,57,6,2,4,1
51210,14,8,11,658,5,4,1,3.0,0,0,0,0,0,3263979.548729,,0,11,0,False,4,314,0,0,0,0,0,0,0,0,0,0,0,0,0,0,0,0,0,0,0,0,0,0,0,0,0,0,0,0,0,0,0,0,0,0,0,0,0,0,0,0,0,0,0,0,0,0,0,0,0,0,0,0,0,0,0,0,0,0,0,0,0,0,0,0,0,0,0,0,0,0,0,0,0,0,0,0,0,0,0,0,0,0,0,0,0,0,0,0,0,0,0,0,0,0,0,0,0,0,0,0,0,0,0,0,0,0,0,0,0,0,0,0,0,0,0,0,0,0,0,0,0,0,0,0,0,0,0,0,0,0,0,0,0,0,0,0,0,0,0,0,0,0,0,0,0,0,0,0,0,0,0,0,0,0,245.36222222222221,4,0.0,0.0,0.3725372813247236,0.2797611904299121,0.12684308073676218,0.500772721911909,0.11449774476764328,0.0,0.11887370529156809,0.29952663916007227,0.0,0.19341346654807184,0.12239970015653877,0.12170567530123082,0.24588069157857997,0.2054094399855679,0.0,0.3211902760816862,0.11479601678869739,0.31490146450304124,0.09186592146652565,0.07303141048175524,0.0,44,48,4,82,5,0
51448,14,1,14,109,8,2,1,3.0,0,0,0,0,0,3380858.266295,,0,14,0,False,4,234,0,0,0,0,0,0,0,0,0,0,0,0,0,0,0,0,0,0,0,0,0,0,0,0,0,0,0,0,0,0,0,0,0,0,0,0,0,0,0,0,0,0,0,0,0,0,0,0,0,0,0,0,0,0,0,0,0,0,0,0,0,0,0,0,0,0,0,0,0,0,0,0,0,0,0,0,0,0,0,0,0,0,0,0,0,0,0,0,0,0,0,0,0,0,0,0,0,0,0,0,0,0,0,0,0,0,0,0,0,0,0,0,0,0,0,0,0,0,0,0,0,0,0,0,0,0,0,0,0,0,0,0,0,0,0,0,0,0,0,0,0,0,0,0,0,0,0,0,0,0,0,0,0,0,428.24916666666667,4,0.0,0.0,0.2813221079262138,0.316893147691793,0.1436786248150704,0.141809737691805,0.12969472530222179,0.0,0.0,0.5654700195972961,0.0,0.2190847205297226,0.13864548617173042,0.13785934524690485,0.13925789025853416,0.23267288755315266,0.0,0.36382100547652985,0.13003258617375646,0.3566974966962915,0.0,0.08272467497143005,0.0,48,68,13,12,3,1
51271,6,0,1,2,1,1,1,3.0,0,0,0,0,0,4202983.138719,,0,1,0,False,4,165,0,0,0,0,0,0,0,0,0,0,0,0,0,0,0,0,0,0,0,0,0,0,0,0,0,0,0,0,0,0,0,0,0,0,0,0,0,0,0,0,0,0,0,0,0,0,0,0,0,0,0,0,0,0,0,0,0,0,0,0,0,0,0,0,0,0,0,0,0,0,0,0,0,0,0,0,0,0,0,0,0,0,0,0,0,0,0,0,0,0,0,0,0,0,0,0,0,0,0,0,0,0,0,0,0,0,0,0,0,0,0,0,0,0,0,0,0,0,0,0,0,0,0,0,0,0,0,0,0,0,0,0,0,0,0,0,0,0,0,0,0,0,0,0,0,0,0,0,0,0,0,0,0,0,551.0772222222222,4,0.0,0.0,0.3402890885040064,0.2555440361610664,0.1737946179780974,0.0,0.15687960033502268,0.0,0.0,0.4103977727813187,0.0,0.1325031658616892,0.16770650007694166,0.16675557879771266,0.1684472681240417,0.28144266872130813,0.0,0.4400803024150925,0.15728827908715923,0.4314636589253694,0.0,0.10006431577784668,0.0,44,41,3,0,2,1
51439,6,1,1,2,1,2,1,4.0,0,0,0,0,0,4244445.119982,,0,1,0,False,4,310,0,0,0,0,0,0,0,0,0,0,0,0,0,0,0,0,0,0,0,0,0,0,0,0,0,0,0,0,0,0,0,0,0,0,0,0,0,0,0,0,0,0,0,0,0,0,0,0,0,0,0,0,0,0,0,0,0,0,0,0,0,0,0,0,0,0,0,0,0,0,0,0,0,0,0,0,0,0,0,0,0,0,0,0,0,0,0,0,0,0,0,0,0,0,0,0,0,0,0,0,0,0,0,0,0,0,0,0,0,0,0,0,0,0,0,0,0,0,0,0,0,0,0,0,0,0,0,0,0,0,0,0,0,0,0,0,0,0,0,0,0,0,0,0,0,0,0,0,0,0,0,0,0,0,205.525,4,0.0,0.0,0.4405540564146946,0.330839176237694,0.15000172210417803,0.14805058784694977,0.13540241054089636,0.0,0.1405773212308287,0.2361422288027936,0.0,0.22872633565688166,0.14474708199983533,0.1439263441016811,0.29077287428468945,0.24291249909195875,0.0,0.3798322640503784,0.13575514020146381,0.3723952595144893,0.10863853465735193,0.08636527334664011,0.0,48,37,12,1,2,1
51451,7,1,1,1,1,2,2,3.0,0,0,0,0,0,4246117.438987,,0,1,0,False,4,236,0,0,0,0,0,0,0,0,0,0,0,0,0,0,0,0,0,0,0,0,0,0,0,0,0,0,0,0,0,0,0,0,0,0,0,0,0,0,0,0,0,0,0,0,0,0,0,0,0,0,0,0,0,0,0,0,0,0,0,0,0,0,0,0,0,0,0,0,0,0,0,0,0,0,0,0,0,0,0,0,0,0,0,0,0,0,0,0,0,0,0,0,0,0,0,0,0,0,0,0,0,0,0,0,0,0,0,0,0,0,0,0,0,0,0,0,0,0,0,0,0,0,0,0,0,0,0,0,0,0,0,0,0,0,0,0,0,0,0,0,0,0,0,0,0,0,0,0,0,0,0,0,0,0,186.0822222222222,4,0.0,0.0,0.4926823564730254,0.12332850917236107,0.16775058780013383,0.0,0.1514238212679676,0.0,0.15721105022688878,0.1320418096886601,0.0,0.2557902450290863,0.0,0.16095634426258928,0.3251784039100206,0.2716549779233539,0.0,0.4247756936793987,0.0,0.4164587099483639,0.12149312548464664,0.09658439360686898,0.0,50,35,15,2,3,1
51425,9,3,19,633,14,2,1,2.0,0,0,0,0,0,4299219.888719,,0,19,0,False,4,291,0,0,0,0,0,0,0,0,0,0,0,0,0,0,0,0,0,0,0,0,0,0,0,0,0,0,0,0,0,0,0,0,0,0,0,0,0,0,0,0,0,0,0,0,0,0,0,0,0,0,0,0,0,0,0,0,0,0,0,0,0,0,0,0,0,0,0,0,0,0,0,0,0,0,0,0,0,0,0,0,0,0,0,0,0,0,0,0,0,0,0,0,0,0,0,0,0,0,0,0,0,0,0,0,0,0,0,0,0,0,0,0,0,0,0,0,0,0,0,0,0,0,0,0,0,0,0,0,0,0,0,0,0,0,0,0,0,0,0,0,0,0,0,0,0,0,0,0,0,0,0,0,0,0,201.64944444444444,4,0.0,0.0,0.37730367843321233,0.18889371439857383,0.1284659639314471,0.0,0.11596267659311951,0.0,0.12039462497821603,0.6067178154195254,0.0,0.1958880789799319,0.12396573288977679,0.1232628283914656,0.24902659153577597,0.20803753389692628,0.0,0.32529971822327963,0.11626476483061682,0.31893044497052325,0.09304129232038937,0.07396580475905087,0.0,47,35,10,16,2,1
51413,7,1,1,75,3,2,1,3.0,0,0,0,0,0,4321372.9695,,0,1,0,False,4,125,0,0,0,0,0,0,0,0,0,0,0,0,0,0,0,0,0,0,0,0,0,0,0,0,0,0,0,0,0,0,0,0,0,0,0,0,0,0,0,0,0,0,0,0,0,0,0,0,0,0,0,0,0,0,0,0,0,0,0,0,0,0,0,0,0,0,0,0,0,0,0,0,0,0,0,0,0,0,0,0,0,0,0,0,0,0,0,0,0,0,0,0,0,0,0,0,0,0,0,0,0,0,0,0,0,0,0,0,0,0,0,0,0,0,0,0,0,0,0,0,0,0,0,0,0,0,0,0,0,0,0,0,0,0,0,0,0,0,0,0,0,0,0,0,0,0,0,0,0,0,0,0,0,0,220.73694444444445,4,0.33264495700191765,0.0,0.36831412282739573,0.1382948802975317,0.18810774260830185,0.185660947628188,0.16979966251908196,0.0,0.0,0.0,0.0,0.14341566907346312,0.0,0.18048899246656597,0.18232000348446997,0.3046213151059338,0.0,0.47632379654078,0.0,0.46699751604619877,0.0,0.1083052673068805,0.0,47,33,6,5,1,1
51412,9,2,34,2658,94,3,2,3.0,0,0,0,0,0,4308064.315576,,0,34,0,False,4,296,0,0,0,0,0,0,0,0,0,0,0,0,1,0,0,0,0,0,0,0,0,0,0,0,0,0,0,0,0,0,0,0,0,0,0,0,0,0,0,0,0,0,0,0,0,0,0,0,0,0,0,0,0,0,0,0,0,0,0,0,0,0,0,0,0,0,0,0,0,0,0,0,0,0,0,0,0,0,0,0,0,0,0,0,0,0,0,0,0,0,0,0,0,0,0,0,0,0,0,0,0,0,0,0,0,0,0,0,0,0,0,0,0,0,0,0,0,0,0,0,0,0,0,0,0,0,0,0,0,0,0,0,0,0,0,0,0,0,0,0,0,0,0,0,0,0,0,0,0,0,0,0,0,1,225.4088888888889,4,0.0,0.0,0.4405540564146946,0.330839176237694,0.15000172210417803,0.14805058784694977,0.13540241054089636,0.0,0.1405773212308287,0.2361422288027936,0.0,0.22872633565688166,0.14474708199983533,0.1439263441016811,0.29077287428468945,0.24291249909195875,0.0,0.3798322640503784,0.13575514020146381,0.3723952595144893,0.10863853465735193,0.08636527334664011,0.0,46,34,5,54,1,1
51407,12,4,2,18,2,2,1,4.0,0,0,0,0,0,4403934.974824,,0,2,0,False,4,293,0,0,0,0,0,0,0,0,0,0,0,0,0,0,0,0,0,0,0,0,0,0,0,0,0,0,0,0,0,0,0,0,0,0,0,0,0,0,0,0,0,0,0,0,0,0,0,0,0,0,0,0,0,0,0,0,0,0,0,0,0,0,0,0,0,0,0,0,0,0,0,0,0,0,0,0,0,0,0,0,0,0,0,0,0,0,0,0,0,0,0,0,0,0,0,0,0,0,0,0,0,0,0,0,0,0,0,0,0,0,0,0,0,0,0,0,0,0,0,0,0,0,0,0,0,0,0,0,0,0,0,0,0,0,0,0,0,0,0,0,0,0,0,0,0,0,0,0,0,0,0,0,0,0,211.17361111111111,4,0.0,0.0,0.4405540564146946,0.330839176237694,0.15000172210417803,0.14805058784694977,0.13540241054089636,0.0,0.1405773212308287,0.2361422288027936,0.0,0.22872633565688166,0.14474708199983533,0.1439263441016811,0.29077287428468945,0.24291249909195875,0.0,0.3798322640503784,0.13575514020146381,0.3723952595144893,0.10863853465735193,0.08636527334664011,0.0,45,33,5,0,0,1
51272,16,2,10,89,6,2,1,3.0,0,0,0,0,0,4833769.687458,,0,10,0,False,4,99,0,0,0,0,0,0,0,0,0,0,0,0,0,0,0,0,0,0,0,0,0,0,0,0,0,0,0,0,0,0,0,0,0,0,0,0,0,0,0,0,0,0,0,0,0,0,0,0,0,0,0,0,0,0,0,0,0,0,0,0,0,0,0,0,0,0,0,0,0,0,0,0,0,0,0,0,0,0,0,0,0,0,0,0,0,0,0,0,0,0,0,0,0,0,0,0,0,0,0,0,0,0,0,0,0,0,0,0,0,0,0,0,0,0,0,0,0,0,0,0,0,0,0,0,0,0,0,0,0,0,0,0,0,0,0,0,0,0,0,0,0,0,0,0,0,0,0,0,0,0,0,0,0,0,374.67055555555555,4,0.4962588557118164,0.0,0.0,0.4126324936100568,0.0,0.0,0.0,0.0,0.0,0.0,0.0,0.42791146733140495,0.0,0.0,0.5439909092146907,0.0,0.0,0.0,0.0,0.0,0.0,0.32315203877246856,0.0,45,42,4,1,2,1
51289,7,17,17,42,6,3,1,3.0,0,0,0,0,0,5167265.418491,,1,17,0,False,4,217,0,0,0,0,0,0,0,0,0,0,0,0,0,0,0,0,0,0,0,0,0,0,0,0,0,0,0,0,0,0,0,0,0,0,0,0,0,0,0,0,0,0,0,0,0,0,0,0,0,0,0,0,0,0,0,0,0,0,0,0,0,0,0,0,0,0,0,0,0,0,0,0,0,0,0,0,0,0,0,0,0,0,0,0,0,0,0,0,0,0,0,0,0,0,0,0,0,0,0,0,0,0,0,0,0,0,0,0,0,0,0,0,0,0,0,0,0,0,0,0,0,0,0,0,0,0,0,0,0,0,0,0,0,0,0,0,0,0,0,0,0,0,0,0,0,0,0,0,0,0,0,0,0,0,262.29333333333335,4,0.1756450368959638,0.0,0.38895853570958855,0.0,0.19865138908846391,0.196067448550586,0.17931712091408272,0.0,0.18617039688014023,0.0,0.0,0.0,0.0,0.19060559959682513,0.19253924080212267,0.3216956758540026,0.0,0.5030222707831314,0.0,0.49317324197874535,0.0,0.0,0.0,44,48,6,2,3,1
50431,14,6,24,380,15,4,2,4.0,0,0,0,0,0,5543914.294403,,0,24,0,False,4,270,0,0,0,0,0,0,0,0,0,0,0,0,0,0,0,0,0,0,0,0,0,0,0,0,0,0,0,0,0,0,0,0,0,0,0,0,0,0,0,0,0,0,0,0,0,0,0,0,0,0,0,0,0,0,0,0,0,0,0,0,0,0,0,0,0,0,0,0,0,0,0,0,0,0,0,0,0,0,0,0,0,0,0,0,0,0,0,0,0,0,0,0,0,0,0,0,0,0,0,0,0,0,0,0,0,0,0,0,0,0,0,0,0,0,0,0,0,0,0,0,0,0,0,0,0,0,0,0,0,0,0,0,0,0,0,0,0,0,0,0,0,0,0,0,0,0,0,0,0,0,0,0,0,0,446.28805555555556,4,0.0,0.0,0.4595739772793402,0.3451224063188677,0.1564777057943531,0.15444233574669586,0.14124810211011873,0.0,0.14664642781659895,0.12316856662006663,0.0,0.11930053787476183,0.15099620853706494,0.15014003714409616,0.3033263327716872,0.25339969457339895,0.0,0.3962306594320272,0.14161606007271388,0.38847257911512323,0.11332875666744932,0.0900938978833765,0.0,102,46,7,7,3,1
50038,24,30,123,3971,38,3,0,3.0,4,0,0,0,0,6708209.277908,,0,123,0,False,4,248,0,0,0,0,0,0,0,0,0,0,0,0,1,0,0,0,0,0,0,0,0,0,0,0,0,0,0,0,0,0,0,0,0,0,0,0,0,0,0,0,0,0,0,0,0,0,0,0,0,0,0,0,0,0,0,0,0,0,0,0,0,0,0,0,0,0,0,0,0,0,0,0,0,0,0,0,0,0,0,0,0,0,0,0,0,0,0,0,0,0,0,0,0,0,0,0,0,0,0,0,0,0,0,0,0,0,0,0,0,0,0,0,0,0,0,0,0,0,0,0,0,0,0,0,0,0,0,0,0,0,0,0,0,0,0,0,0,0,0,0,0,0,0,0,0,0,0,0,0,0,0,0,0,1,1136.7230555555554,4,0.0,0.0,0.22996376495516263,0.0,0.0,0.0,0.0,0.0,0.22013886550477624,0.18489498125041856,0.0,0.3581769491815331,0.0,0.0,0.4553395249258522,0.0,0.0,0.0,0.0,0.0,0.6804956463866967,0.13524481137551952,0.2178969916506074,1,57,1,0,2,1
50690,13,3,5,1180,219,3,1,3.0,4,0,0,0,0,7595978.487884,,0,5,0,False,4,488,0,0,0,0,0,0,0,0,0,0,0,0,1,0,0,0,0,0,0,0,0,0,0,0,0,0,0,0,0,0,0,0,0,0,0,0,0,0,0,0,0,0,0,0,0,0,0,0,0,0,0,0,0,0,0,0,0,0,0,0,0,0,0,0,0,0,0,0,0,0,0,0,0,0,0,0,0,0,0,0,0,0,0,0,0,0,0,0,0,0,0,0,0,0,0,0,0,0,0,0,0,0,0,0,0,0,0,0,0,0,0,0,0,0,0,0,0,0,0,0,0,0,0,0,0,0,0,0,0,0,0,0,0,0,0,0,0,0,0,0,0,0,0,0,0,0,0,0,0,0,0,0,0,1,370.42055555555555,4,0.7506952178531511,0.08853933767684694,0.09235460773628988,0.06935476339472961,0.0,0.0931088053779825,0.0,0.0,0.1768177571381257,0.22276427074222496,0.09453345732296894,0.0,0.0,0.0,0.0,0.0763836636204836,0.3925146296993884,0.0,0.0,0.0,0.06832262084914772,0.38020498811075626,0.08750853072323429,50,68,9,3,1,1
50926,5,0,4,13,1,1,1,2.0,0,0,0,0,0,7754633.966961,,0,4,0,False,4,241,0,0,0,0,0,0,0,0,0,0,0,0,0,0,0,0,0,0,0,0,0,0,0,0,0,0,0,0,0,0,0,0,0,0,0,0,0,0,0,0,0,0,0,0,0,0,0,0,0,0,0,0,0,0,0,0,0,0,0,0,0,0,0,0,0,0,0,0,0,0,0,0,0,0,0,0,0,0,0,0,0,0,0,0,0,0,0,0,0,0,0,0,0,0,0,0,0,0,0,0,0,0,0,0,0,0,0,0,0,0,0,0,0,0,0,0,0,0,0,0,0,0,0,0,0,0,0,0,0,0,0,0,0,0,0,0,0,0,0,0,0,0,0,0,0,0,0,0,0,0,0,0,0,0,205.55083333333334,4,0.0,0.0,0.4615445172423529,0.11553406871653008,0.15714864363642525,0.0,0.14185373916458258,0.0,0.1472752115613975,0.3710900492449192,0.0,0.23962413836452565,0.0,0.1507838006247704,0.30462692133873176,0.25448621001913446,0.0,0.3979295988576316,0.0,0.3901382538041313,0.1138146824487431,0.09048019831590702,0.0,69,71,2,2,3,1
50486,8,0,2,6,1,1,1,3.0,0,0,0,0,0,8598648.344643,,0,2,0,False,4,287,0,0,0,0,0,0,0,0,0,0,0,0,0,0,0,0,0,0,0,0,0,0,0,0,0,0,0,0,0,0,0,0,0,0,0,0,0,0,0,0,0,0,0,0,0,0,0,0,0,0,0,0,0,0,0,0,0,0,0,0,0,0,0,0,0,0,0,0,0,0,0,0,0,0,0,0,0,0,0,0,0,0,0,0,0,0,0,0,0,0,0,0,0,0,0,0,0,0,0,0,0,0,0,0,0,0,0,0,0,0,0,0,0,0,0,0,0,0,0,0,0,0,0,0,0,0,0,0,0,0,0,0,0,0,0,0,0,0,0,0,0,0,0,0,0,0,0,0,0,0,0,0,0,0,728.7925,4,0.0,0.0,0.441268010892197,0.11045844287660708,0.15024481236647388,0.0,0.13562184140497013,0.0,0.14080513846793424,0.23652491691819358,0.0,0.11454850285042874,0.0,0.14415958870879741,0.29124409590326056,0.24330615899326438,0.12502834032068,0.3804478138147492,0.0,0.3729987569946732,0.10881459243532164,0.4325261772639259,0.0,95,67,6,1,0,1
50522,9,3,10,39,7,2,1,3.0,0,0,0,0,0,8606643.797426,,0,10,0,False,4,337,0,0,0,0,0,0,0,0,0,0,0,0,0,0,0,0,0,0,0,0,0,0,0,0,0,0,0,0,0,0,0,0,0,0,0,0,0,0,0,0,0,0,0,0,0,0,0,0,0,0,0,0,0,0,0,0,0,0,0,0,0,0,0,0,0,0,0,0,0,0,0,0,0,0,0,0,0,0,0,0,0,0,0,0,0,0,0,0,0,0,0,0,0,0,0,0,0,0,0,0,0,0,0,0,0,0,0,0,0,0,0,0,0,0,0,0,0,0,0,0,0,0,0,0,0,0,0,0,0,0,0,0,0,0,0,0,0,0,0,0,0,0,0,0,0,0,0,0,0,0,0,0,0,0,675.1494444444445,4,0.0,0.0,0.3412455735239264,0.2562623196758054,0.11618874674674207,0.344032295411422,0.10488037181538737,0.0,0.10888876838014128,0.09145584875193506,0.0,0.08858373729033185,0.11211859315274045,0.11148286373272842,0.450455306474712,0.18815583209779485,0.19337620967905772,0.2942115204740163,0.10515359012666299,0.28845094503225793,0.08414953517316082,0.33448525562982256,0.21555971045973968,92,64,7,0,2,1
50708,21,8,11,845,23,3,1,3.0,0,0,0,0,0,8607240.397404,,0,11,0,False,4,300,0,0,0,0,0,0,0,0,0,0,0,0,0,0,0,0,0,0,0,0,0,0,0,0,0,0,0,0,0,0,0,0,0,0,0,0,0,0,0,0,0,0,0,0,0,0,0,0,0,0,0,0,0,0,0,0,0,0,0,0,0,0,0,0,0,0,0,0,0,0,0,0,0,0,0,0,0,0,0,0,0,0,0,0,0,0,0,0,0,0,0,0,0,0,0,0,0,0,0,0,0,0,0,0,0,0,0,0,0,0,0,0,0,0,0,0,0,0,0,0,0,0,0,0,0,0,0,0,0,0,0,0,0,0,0,0,0,0,0,0,0,0,0,0,0,0,0,0,0,0,0,0,0,0,344.1177777777778,4,0.1274255801729626,0.0,0.4232678698349196,0.31785791401783015,0.14411604764987312,0.2844829415748214,0.13008957481079467,0.0,0.13506143556754097,0.22687662662069358,0.0,0.21975171368642507,0.1390675858519849,0.13827905155798323,0.27936370874861893,0.23338124924708056,0.0,0.36492864146470244,0.13042846428390723,0.3577834454960713,0.10437584327477022,0.0829765263646398,0.0,50,63,6,0,2,1
50652,13,0,4,80,11,1,1,3.0,0,0,0,0,0,8984317.811393,,0,4,0,False,4,298,0,0,0,0,0,0,0,0,0,0,0,0,0,0,0,0,0,0,0,0,0,0,0,0,0,0,0,0,0,0,0,0,0,0,0,0,0,0,0,0,0,0,0,0,0,0,0,0,0,0,0,0,0,0,0,0,0,0,0,0,0,0,0,0,0,0,0,0,0,0,0,0,0,0,0,0,0,0,0,0,0,0,0,0,0,0,0,0,0,0,0,0,0,0,0,0,0,0,0,0,0,0,0,0,0,0,0,0,0,0,0,0,0,0,0,0,0,0,0,0,0,0,0,0,0,0,0,0,0,0,0,0,0,0,0,0,0,0,0,0,0,0,0,0,0,0,0,0,0,0,0,0,0,0,358.65305555555557,4,0.0,0.0,0.4259586153373499,0.31987856054809694,0.1450322041424346,0.14314571045466815,0.1309165639665549,0.0,0.13592003121395013,0.34247834745447564,0.0,0.22114869176435883,0.13995164889535033,0.13915810182987154,0.28113964473721825,0.23486487130185185,0.0,0.36724852012951137,0.13125760778539175,0.36005790161575746,0.10503936831616656,0.08350401434810055,0.0,48,60,9,3,4,1
50051,17,19,83,751351,134,5,1,4.0,0,0,0,0,0,9923887.880035,,0,83,0,False,4,296,0,0,0,0,0,0,0,0,0,0,0,0,0,0,0,0,0,0,0,0,0,0,0,0,0,0,0,0,0,0,0,0,0,0,0,0,0,0,0,0,0,0,0,0,0,0,0,0,0,0,0,0,0,0,0,0,0,0,0,0,0,0,0,0,0,0,0,0,0,0,0,0,0,0,0,0,0,0,0,0,0,0,0,0,0,0,0,0,0,0,0,0,0,0,0,0,0,0,0,0,0,0,0,0,0,0,0,0,0,0,0,0,0,0,0,0,0,0,0,0,0,0,0,0,0,0,0,0,0,0,0,0,0,0,0,0,0,0,0,0,0,0,0,0,0,0,0,0,0,0,0,0,0,0,979.8636111111111,4,0.0,0.0,0.4090517627397285,0.20478810905329878,0.1392756869385219,0.1374640706439035,0.12572031491823676,0.0,0.13052518802952853,0.3288849354895502,0.0,0.3185565179453614,0.0,0.13363473540250365,0.40497126873946004,0.22554277845883017,0.0,0.3526719477279722,0.0,0.34576673423461324,0.1008702188891448,0.08018963118725077,0.1291959315818636,3,48,3,0,2,1
50354,11,0,1,2,1,1,1,3.0,0,0,0,0,0,9924081.064183,,0,1,0,False,4,376,0,0,1,0,0,0,0,0,0,0,0,0,0,0,0,0,0,0,0,0,0,0,0,0,0,0,0,0,0,0,0,0,0,0,0,0,0,0,0,0,0,0,0,0,0,0,0,0,0,0,0,0,0,0,0,0,0,0,0,0,0,0,0,0,0,0,0,0,0,0,0,0,0,0,0,0,0,0,0,0,0,0,0,0,0,0,0,0,0,0,0,0,0,0,0,0,0,0,0,0,0,0,0,0,0,0,0,0,0,0,0,0,0,0,0,0,0,0,0,0,0,0,0,0,0,0,0,0,0,0,0,0,0,0,0,0,0,0,0,0,0,0,0,0,0,0,0,0,0,0,0,0,0,1,560.0505555555555,4,0.0,0.10813147736649355,0.11279099706592313,0.16940341378308785,0.0,0.11371208488250698,0.0,0.0,0.0,0.0,0.692711917828231,0.0,0.0,0.0,0.0,0.09328597446813784,0.4793709543239097,0.0,0.0,0.0,0.0,0.4643374136881196,0.0,82,47,7,2,6,0
31534,4,9,1,7,1,6,5,3.0,0,0,0,0,0,24999.387327,,2,1,0,False,5,174,0,0,0,0,0,0,0,0,0,0,0,0,0,0,0,0,0,0,0,0,0,0,0,0,0,0,0,0,0,0,0,0,0,0,0,0,0,0,0,0,0,0,0,0,0,0,0,0,0,0,0,0,0,0,0,0,0,0,0,0,0,0,0,0,0,0,0,0,0,0,0,0,0,0,0,0,0,0,0,0,0,0,0,0,0,0,0,0,0,0,0,0,0,0,0,0,0,0,0,0,0,0,0,0,0,0,0,0,0,0,0,0,0,0,0,0,0,0,0,0,0,0,0,0,0,0,0,0,0,0,0,0,0,0,0,0,0,0,0,0,0,0,0,0,0,0,0,0,0,0,0,0,0,0,212.16444444444446,4,0.0,0.0,0.0,0.0,0.0,0.0,0.0,0.0,0.0,0.0,0.0,0.0,0.0,0.0,0.0,0.0,0.0,0.0,0.0,0.0,0.0,0.7787502896588745,0.6273340309246893,23,19,6,12,2,1
31325,15,30,2,21,5,7,4,3.0,0,0,0,0,0,678020.761778,,3,2,0,False,5,3,0,0,0,0,0,0,0,0,0,0,0,0,0,0,0,0,0,0,0,0,0,0,0,0,0,0,0,0,0,0,0,0,0,0,0,0,0,0,0,0,0,0,0,0,0,0,0,0,0,0,0,0,0,0,0,0,0,0,0,0,0,0,0,0,0,0,0,0,0,0,0,0,0,0,0,0,0,0,0,0,0,0,0,0,0,0,0,0,0,0,0,0,0,0,0,0,0,0,0,0,0,0,0,0,0,0,0,0,0,0,0,0,0,0,0,0,0,0,0,0,0,0,0,0,0,0,0,0,0,0,0,0,0,0,0,0,0,0,0,0,0,0,0,0,0,0,0,0,0,0,0,0,0,0,716.0069444444445,4,0.0,0.0,0.0,0.0,0.0,0.0,0.0,0.0,0.0,0.0,0.0,0.0,0.0,0.0,0.0,0.0,0.0,0.0,0.0,0.0,0.0,0.0,0.0,31,37,32,7,1,1
31393,1,4,1,43,5,5,5,6.0,0,0,0,0,0,715904.482246,,1,1,0,False,5,66,0,0,0,0,0,0,0,0,0,0,0,0,0,0,0,0,0,0,0,0,0,0,0,0,0,0,0,0,0,0,0,0,0,0,0,0,0,0,0,0,0,0,0,0,0,0,0,0,0,0,0,0,0,0,0,0,0,0,0,0,0,0,0,0,0,0,0,0,0,0,0,0,0,0,0,0,0,0,0,0,0,0,0,0,0,0,0,0,0,0,0,0,0,0,0,0,0,0,0,0,0,0,0,0,0,0,0,0,0,0,0,0,0,0,0,0,0,0,0,0,0,0,0,0,0,0,0,0,0,0,0,0,0,0,0,0,0,0,0,0,0,0,0,0,0,0,0,0,0,0,0,0,0,0,465.2975,4,0.0,0.5361689750195903,0.0,0.0,0.0,0.0,0.0,0.0,0.0,0.0,0.0,0.0,0.5512591957885984,0.5481334725792681,0.0,0.0,0.0,0.0,0.0,0.0,0.0,0.3289161375231417,0.0,29,36,31,34,4,1
31196,10,4,3,82,5,4,7,5.0,0,0,0,0,0,765145.85521,,0,3,0,False,5,119,0,0,0,0,0,0,0,0,0,0,0,0,0,0,0,0,0,0,0,0,0,0,0,0,0,0,0,0,0,0,0,0,0,0,0,0,0,0,0,0,0,0,0,0,0,0,0,0,0,0,0,0,0,0,0,0,0,0,0,0,0,0,0,0,0,0,0,0,0,0,0,0,0,0,0,0,0,0,0,0,0,0,0,0,0,0,0,0,0,0,0,0,0,0,0,0,0,0,0,0,0,0,0,0,0,0,0,0,0,0,0,0,0,0,0,0,0,0,0,0,0,0,0,0,0,0,0,0,0,0,0,0,0,0,0,0,0,0,0,0,0,0,0,0,0,0,0,0,0,0,0,0,0,0,1154.4475,4,0.0,0.0,0.0,0.0,0.0,0.0,0.0,0.0,0.0,0.0,0.0,0.0,0.0,0.0,0.0,0.0,0.0,0.0,0.0,0.0,0.0,0.29639602196793546,0.9550651277067879,30,36,34,3,3,1
31318,17,14,3,200,21,5,6,5.0,0,0,0,0,0,828052.162327,,0,3,0,False,5,72,0,0,0,0,0,0,0,0,0,0,0,0,0,0,0,0,0,0,0,0,0,0,0,0,0,0,0,0,0,0,0,0,0,0,0,0,0,0,0,0,0,0,0,0,0,0,0,0,0,0,0,0,0,0,0,0,0,0,0,0,0,0,0,0,0,0,0,0,0,0,0,0,0,0,0,0,0,0,0,0,0,0,0,0,0,0,0,0,0,0,0,0,0,0,0,0,0,0,0,0,0,0,0,0,0,0,0,0,0,0,0,0,0,0,0,0,0,0,0,0,0,0,0,0,0,0,0,0,0,0,0,0,0,0,0,0,0,0,0,0,0,0,0,0,0,0,0,0,0,0,0,0,0,0,697.3208333333333,4,0.0,0.0,0.0,0.0,0.0,0.0,0.0,0.0,0.0,0.0,0.0,0.0,0.0,0.0,0.0,0.0,0.0,0.0,0.0,0.0,0.7985655638018686,0.3174211315556199,0.5114067515703655,33,41,32,6,0,1
31197,3,5,4,49,5,7,9,3.0,0,0,0,0,0,880003.526835,,1,4,0,False,5,8,0,0,0,0,0,0,0,0,0,0,0,0,0,0,0,0,0,0,0,0,0,0,0,0,0,0,0,0,0,0,0,0,0,0,0,0,0,0,0,0,0,0,0,0,0,0,0,0,0,0,0,0,0,0,0,0,0,0,0,0,0,0,0,0,0,0,0,0,0,0,0,0,0,0,0,0,0,0,0,0,0,0,0,0,0,0,0,0,0,0,0,0,0,0,0,0,0,0,0,0,0,0,0,0,0,0,0,0,0,0,0,0,0,0,0,0,0,0,0,0,0,0,0,0,0,0,0,0,0,0,0,0,0,0,0,0,0,0,0,0,0,0,0,0,0,0,0,0,0,0,0,0,0,0,1127.4272222222223,4,0.0,0.0,0.0,0.0,0.0,0.0,0.0,0.0,0.0,0.0,0.0,0.0,0.0,0.0,0.0,0.0,0.8223548294979172,0.0,0.0,0.0,0.0,0.5689749857431797,0.0,31,41,35,4,3,1
31374,5,16,3,68,2,5,7,3.0,0,0,0,0,0,902610.252524,,0,3,0,False,5,78,0,0,0,0,0,0,0,0,0,0,0,0,0,0,0,0,0,0,0,0,0,0,0,0,0,0,0,0,0,0,0,0,0,0,0,0,0,0,0,0,0,0,0,0,0,0,0,0,0,0,0,0,0,0,0,0,0,0,0,0,0,0,0,0,0,0,0,0,0,0,0,0,0,0,0,0,0,0,0,0,0,0,0,0,0,0,0,0,0,0,0,0,0,0,0,0,0,0,0,0,0,0,0,0,0,0,0,0,0,0,0,0,0,0,0,0,0,0,0,0,0,0,0,0,0,0,0,0,0,0,0,0,0,0,0,0,0,0,0,0,0,0,0,0,0,0,0,0,0,0,0,0,0,0,315.53222222222223,4,0.27516286912404087,0.29208211062884826,0.30466829165098797,0.0,0.0,0.0,0.0,0.0,0.0,0.0,0.0,0.0,0.0,0.0,0.0,0.0,0.0,0.0,0.0,0.0,0.6761677631071349,0.537538672379193,0.0,28,43,34,4,1,1
31223,11,15,3,113,9,4,1,4.0,0,0,0,0,0,902710.028768,,1,3,1,False,5,137,0,0,0,0,0,0,0,0,0,0,0,0,0,0,0,0,0,0,0,0,0,0,0,0,0,0,0,0,0,0,0,0,0,0,0,0,0,0,0,0,0,0,0,0,0,0,0,0,0,0,0,0,0,0,0,0,0,0,0,0,0,0,0,0,0,0,0,0,0,0,0,0,0,0,0,0,0,0,0,0,0,0,0,0,0,0,0,0,0,0,0,0,0,0,0,0,0,0,0,0,0,0,0,0,0,0,0,0,0,0,0,0,0,0,0,0,0,0,0,0,0,0,0,0,0,0,0,0,0,0,0,0,0,0,0,0,0,0,0,0,0,0,0,0,0,0,0,0,0,0,0,0,0,0,917.9205555555556,4,0.0,0.0,0.0,0.16644339592884855,0.0,0.0,0.0,0.20468788351444245,0.0,0.35640562521446034,0.22686934387156335,0.5178194074568613,0.0,0.0,0.0,0.0,0.1883979260287847,0.0,0.0,0.0,0.0,0.5213988095222533,0.4200206680375159,35,46,33,6,1,1
31346,15,24,1,34,5,6,4,4.0,0,0,0,0,0,1186211.445831,,0,1,0,False,5,14,0,0,0,0,0,0,0,0,0,0,0,0,0,0,0,0,0,0,0,0,0,0,0,0,0,0,0,0,0,0,0,0,0,0,0,0,0,0,0,0,0,0,0,0,0,0,0,0,0,0,0,0,0,0,0,0,0,0,0,0,0,0,0,0,0,0,0,0,0,0,0,0,0,0,0,0,0,0,0,0,0,0,0,0,0,0,0,0,0,0,0,0,0,0,0,0,0,0,0,0,0,0,0,0,0,0,0,0,0,0,0,0,0,0,0,0,0,0,0,0,0,0,0,0,0,0,0,0,0,0,0,0,0,0,0,0,0,0,0,0,0,0,0,0,0,0,0,0,0,0,0,0,0,0,505.2075,4,0.0,0.0,0.0,0.0,0.0,0.0,0.0,0.0,0.0,0.0,0.0,0.0,0.0,0.0,1.0,0.0,0.0,0.0,0.0,0.0,0.0,0.0,0.0,30,46,29,8,4,1
30906,16,30,9,666,5,4,0,3.0,1,0,0,0,0,1207340.361853,,3,9,0,False,5,128,0,0,0,0,0,0,0,0,0,0,0,0,0,0,0,0,0,0,0,0,0,0,0,0,0,0,0,0,0,0,0,0,0,0,0,0,0,0,0,0,0,0,0,0,0,0,0,0,0,0,0,0,0,0,0,0,0,0,0,0,0,0,0,0,0,0,0,0,0,0,0,0,0,0,0,0,0,0,0,0,0,0,0,0,0,0,0,0,0,0,0,0,0,0,0,0,0,0,0,0,0,0,0,0,0,0,0,0,0,0,0,0,0,0,0,0,0,0,0,0,0,0,0,0,0,0,0,0,0,0,0,0,0,0,0,0,0,0,0,0,0,0,0,0,0,0,0,0,0,0,0,0,0,0,1925.4933333333333,4,0.0,0.0,0.0,0.14088307485310378,0.0,0.0,0.0,0.0,0.0,0.0,0.38405910401149446,0.0,0.0,0.5516005548677351,0.0,0.0,0.1594660993712783,0.0,0.0,0.0,0.5551457714572589,0.44132881992893247,0.0,42,35,39,7,6,0
31306,8,30,2,17,6,4,1,3.0,0,1,0,0,0,1341743.805923,,1,2,0,False,5,24,0,0,0,0,0,0,0,0,0,0,0,0,0,0,0,0,0,0,0,0,0,0,0,0,0,0,0,0,0,0,0,0,0,0,0,0,0,0,0,0,0,0,0,0,0,0,0,0,0,0,0,0,0,0,0,0,0,0,0,0,0,0,0,0,0,0,0,0,0,0,0,0,0,0,0,0,0,0,0,0,0,0,0,0,0,0,0,0,0,0,0,0,0,0,0,0,0,0,0,0,0,0,0,0,0,0,0,0,0,0,0,0,0,0,0,0,0,0,0,0,0,0,0,0,0,0,0,0,0,0,0,0,0,0,0,0,0,0,0,0,0,0,0,0,0,0,0,0,0,0,0,0,0,0,504.09527777777777,4,0.0,0.0,0.0,0.0,0.0,0.0,0.0,0.0,0.0,0.0,0.0,0.0,0.0,0.0,0.41688337863332187,0.0,0.35792819611433263,0.0,0.0,0.0,0.0,0.24764515629533398,0.7979771498038436,31,42,27,31,6,0
30933,11,30,4,44,2,4,5,3.0,0,0,0,0,0,1418964.74099,,1,4,0,False,5,18,0,0,0,0,0,0,0,0,0,0,0,0,0,0,0,0,0,0,0,0,0,0,0,0,0,0,0,0,0,0,0,0,0,0,0,0,0,0,0,0,0,0,0,0,0,0,0,0,0,0,0,0,0,0,0,0,0,0,0,0,0,0,0,0,0,0,0,0,0,0,0,0,0,0,0,0,0,0,0,0,0,0,0,0,0,0,0,0,0,0,0,0,0,0,0,0,0,0,0,0,0,0,0,0,0,0,0,0,0,0,0,0,0,0,0,0,0,0,0,0,0,0,0,0,0,0,0,0,0,0,0,0,0,0,0,0,0,0,0,0,0,0,0,0,0,0,0,0,0,0,0,0,0,0,1972.9030555555555,4,0.0,0.0,0.0,0.0,0.0,0.0,0.0,0.0,0.0,0.0,0.0,0.0,0.0,0.0,0.0,0.0,0.0,0.0,0.0,0.0,1.0,0.0,0.0,42,41,34,2,3,1
31343,4,2,1,3,1,4,2,3.0,0,0,0,0,0,1442001.583796,,1,1,0,False,5,92,0,0,0,0,0,0,0,0,0,0,0,0,0,0,0,0,0,0,0,0,0,0,0,0,0,0,0,0,0,0,0,0,0,0,0,0,0,0,0,0,0,0,0,0,0,0,0,0,0,0,0,0,0,0,0,0,0,0,0,0,0,0,0,0,0,0,0,0,0,0,0,0,0,0,0,0,0,0,0,0,0,0,0,0,0,0,0,0,0,0,0,0,0,0,0,0,0,0,0,0,0,0,0,0,0,0,0,0,0,0,0,0,0,0,0,0,0,0,0,0,0,0,0,0,0,0,0,0,0,0,0,0,0,0,0,0,0,0,0,0,0,0,0,0,0,0,0,0,0,0,0,0,0,0,459.7597222222222,4,0.0,0.0,0.37812786800741194,0.0,0.0,0.0,0.0,0.0,0.0,0.0,0.0,0.0,0.0,0.0,0.0,0.0,0.32141486760195065,0.0,0.0,0.0,0.839200801939484,0.22238213135213192,0.0,29,40,29,11,3,1
31072,9,25,4,116,14,5,2,2.0,0,0,0,0,0,1811495.573184,,2,4,0,False,5,120,0,0,0,0,0,0,0,0,0,0,0,0,0,0,0,0,0,0,0,0,0,0,0,0,0,0,0,0,0,0,0,0,0,0,0,0,0,0,0,0,0,0,0,0,0,0,0,0,0,0,0,0,0,0,0,0,0,0,0,0,0,0,0,0,0,0,0,0,0,0,0,0,0,0,0,0,0,0,0,0,0,0,0,0,0,0,0,0,0,0,0,0,0,0,0,0,0,0,0,0,0,0,0,0,0,0,0,0,0,0,0,0,0,0,0,0,0,0,0,0,0,0,0,0,0,0,0,0,0,0,0,0,0,0,0,0,0,0,0,0,0,0,0,0,0,0,0,0,0,0,0,0,0,0,1343.3191666666667,4,0.0,0.0,0.0,0.14496571903849545,0.0,0.0,0.0,0.0,0.0,0.0,0.0,0.0,0.0,0.0,0.0,0.0,0.656349040698475,0.0,0.0,0.0,0.0,0.11352951690633634,0.7316433050803222,31,41,33,3,4,1
31231,2,0,1,6,2,1,1,5.0,0,0,0,0,0,1856545.224027,,0,1,0,False,5,32,0,1,0,0,0,0,0,0,0,0,0,0,0,0,0,0,0,0,0,0,0,0,0,0,0,0,0,0,0,0,0,0,0,0,0,0,0,0,0,0,0,0,0,0,0,0,0,0,0,0,0,0,0,0,0,0,0,0,0,0,0,0,0,0,0,0,0,0,0,0,0,0,0,0,0,0,0,0,0,0,0,0,0,0,0,0,0,0,0,0,0,0,0,0,0,0,0,0,0,0,0,0,0,0,0,0,0,0,0,0,0,0,0,0,0,0,0,0,0,0,0,0,0,0,0,0,0,0,0,0,0,0,0,0,0,0,0,0,0,0,0,0,0,0,0,0,0,0,0,0,0,0,0,1,721.235,4,0.0,0.8523912110191108,0.0,0.0,0.0,0.0,0.0,0.0,0.0,0.0,0.0,0.0,0.0,0.0,0.0,0.0,0.0,0.0,0.0,0.0,0.0,0.5229046025589886,0.0,37,38,35,30,2,1
31248,4,27,2,340,3,3,3,3.0,1,0,0,0,0,1905166.021058,,0,2,1,False,5,30,0,0,0,0,0,0,0,0,0,0,0,0,0,0,0,0,0,0,0,0,0,0,0,0,0,0,0,0,0,0,0,0,0,0,0,0,0,0,0,0,0,0,0,0,0,0,0,0,0,0,0,0,0,0,0,0,0,0,0,0,0,0,0,0,0,0,0,0,0,0,0,0,0,0,0,0,0,0,0,0,0,0,0,0,0,0,0,0,0,0,0,0,0,0,0,0,0,0,0,0,0,0,0,0,0,0,0,0,0,0,0,0,0,0,0,0,0,0,0,0,0,0,0,0,0,0,0,0,0,0,0,0,0,0,0,0,0,0,0,0,0,0,0,0,0,0,0,0,0,0,0,0,0,0,674.2627777777777,4,0.0,0.0,0.0,0.0,0.0,0.0,0.0,0.0,0.0,0.0,0.0,0.0,0.0,0.0,0.0,0.0,0.41698814686317864,0.0,0.0,0.0,0.7258257629413927,0.288507851363148,0.4648236944562714,36,37,32,7,3,1
31212,21,30,14,287,16,5,1,3.0,0,0,0,0,0,1916932.455252,,1,14,0,False,5,79,0,0,0,0,0,0,0,0,0,0,0,0,0,0,0,0,0,0,0,0,0,0,0,0,0,0,0,0,0,0,0,0,0,0,0,0,0,0,0,0,0,0,0,0,0,0,0,0,0,0,0,0,0,0,0,0,0,0,0,0,0,0,0,0,0,0,0,0,0,0,0,0,0,0,0,0,0,0,0,0,0,0,0,0,0,0,0,0,0,0,0,0,0,0,0,0,0,0,0,0,0,0,0,0,0,0,0,0,0,0,0,0,0,0,0,0,0,0,0,0,0,0,0,0,0,0,0,0,0,0,0,0,0,0,0,0,0,0,0,0,0,0,0,0,0,0,0,0,0,0,0,0,0,0,724.0905555555555,4,0.0,0.0,0.0,0.0,0.0,0.0,0.0,0.0,1.0,0.0,0.0,0.0,0.0,0.0,0.0,0.0,0.0,0.0,0.0,0.0,0.0,0.0,0.0,31,34,35,5,0,1
31104,3,0,13,875,23,1,1,4.0,0,0,0,0,0,2005277.746818,,0,13,1,False,5,23,0,0,0,0,0,0,0,0,0,0,0,0,0,0,0,0,0,0,0,0,0,0,0,0,0,0,0,0,0,0,0,0,0,0,0,0,0,0,0,0,0,0,0,0,0,0,0,0,0,0,0,0,0,0,0,0,0,0,0,0,0,0,0,0,0,0,0,0,0,0,0,0,0,0,0,0,0,0,0,0,0,0,0,0,0,0,0,0,0,0,0,0,0,0,0,0,0,0,0,0,0,0,0,0,0,0,0,0,0,0,0,0,0,0,0,0,0,0,0,0,0,0,0,0,0,0,0,0,0,0,0,0,0,0,0,0,0,0,0,0,0,0,0,0,0,0,0,0,0,0,0,0,0,0,1173.7416666666666,4,0.0,0.0,0.0,0.0,0.0,0.0,0.0,0.0,0.0,0.0,0.0,0.0,0.0,0.0,0.0,0.0,0.0,0.0,0.0,0.0,0.0,0.0,0.0,28,32,35,8,2,1
31295,1,4,3,221,9,4,3,4.0,1,0,0,0,0,2007236.047358,,1,3,0,False,5,50,0,0,0,0,0,0,0,0,0,0,0,0,0,0,0,0,0,0,0,0,0,0,0,0,0,0,0,0,0,0,0,0,0,0,0,0,0,0,0,0,0,0,0,0,0,0,0,0,0,0,0,0,0,0,0,0,0,0,0,0,0,0,0,0,0,0,0,0,0,0,0,0,0,0,0,0,0,0,0,0,0,0,0,0,0,0,0,0,0,0,0,0,0,0,0,0,0,0,0,0,0,0,0,0,0,0,0,0,0,0,0,0,0,0,0,0,0,0,0,0,0,0,0,0,0,0,0,0,0,0,0,0,0,0,0,0,0,0,0,0,0,0,0,0,0,0,0,0,0,0,0,0,0,0,455.6402777777778,4,0.0,0.0,0.0,0.5313008539485226,0.0,0.0,0.0,0.0,0.0,0.5688378681886758,0.0,0.0,0.0,0.34670103339865455,0.0,0.0,0.0,0.0,0.0,0.0,0.5233939966683211,0.0,0.0,30,32,25,29,4,1
31313,4,18,1,12,5,5,2,4.0,0,0,0,0,0,2069923.398805,,1,1,0,False,5,56,0,0,0,0,0,0,0,0,0,0,0,0,0,0,0,0,0,0,0,0,0,0,0,0,0,0,0,0,0,0,0,0,0,0,0,0,0,0,0,0,0,0,0,0,0,0,0,0,0,0,0,0,0,0,0,0,0,0,0,0,0,0,0,0,0,0,0,0,0,0,0,0,0,0,0,0,0,0,0,0,0,0,0,0,0,0,0,0,0,0,0,0,0,0,0,0,0,0,0,0,0,0,0,0,0,0,0,0,0,0,0,0,0,0,0,0,0,0,0,0,0,0,0,0,0,0,0,0,0,0,0,0,0,0,0,0,0,0,0,0,0,0,0,0,0,0,0,0,0,0,0,0,0,0,373.10777777777776,4,0.0,0.0,0.0,0.0,0.0,0.0,0.0,0.0,0.0,0.0,0.0,0.0,0.0,0.3420097881378316,0.0,0.0,0.0,0.0,0.0,0.0,0.25815595090441423,0.6156851066587737,0.6612992206778467,33,37,29,8,0,1
31096,20,30,1,211,5,6,4,4.0,0,0,0,0,0,2070899.551818,,5,1,1,False,5,31,0,0,0,0,0,0,0,0,0,0,0,0,0,0,0,0,0,0,0,0,0,0,0,0,0,0,0,0,0,0,0,0,0,0,0,0,0,0,0,0,0,0,0,0,0,0,0,0,0,0,0,0,0,0,0,0,0,0,0,0,0,0,0,0,0,0,0,0,0,0,0,0,0,0,0,0,0,0,0,0,0,0,0,0,0,0,0,0,0,0,0,0,0,0,0,0,0,0,0,0,0,0,0,0,0,0,0,0,0,0,0,0,0,0,0,0,0,0,0,0,0,0,0,0,0,0,0,0,0,0,0,0,0,0,0,0,0,0,0,0,0,0,0,0,0,0,0,0,0,0,0,0,0,0,1165.1194444444445,4,0.0,0.0,0.0,0.7872991353527633,0.0,0.0,0.0,0.0,0.0,0.0,0.0,0.0,0.0,0.0,0.0,0.0,0.0,0.0,0.0,0.0,0.0,0.6165712217358115,0.0,24,36,34,1,2,1
31175,12,15,5,88,5,5,2,3.0,0,0,0,0,0,2071353.989453,,0,5,0,False,5,339,0,0,0,0,0,0,0,0,0,0,0,0,0,0,0,0,0,0,0,0,0,0,0,0,0,0,0,0,0,0,0,0,0,0,0,0,0,0,0,0,0,0,0,0,0,0,0,0,0,0,0,0,0,0,0,0,0,0,0,0,0,0,0,0,0,0,0,0,0,0,0,0,0,0,0,0,0,0,0,0,0,0,0,0,0,0,0,0,0,0,0,0,0,0,0,0,0,0,0,0,0,0,0,0,0,0,0,0,0,0,0,0,0,0,0,0,0,0,0,0,0,0,0,0,0,0,0,0,0,0,0,0,0,0,0,0,0,0,0,0,0,0,0,0,0,0,0,0,0,0,0,0,0,0,851.5647222222223,4,0.0,0.0,0.0,0.0,0.0,0.0,0.0,0.0,0.0,0.20927105905228793,0.0,0.2026990375196224,0.0,0.0,0.0,0.0,0.2212436096067473,0.0,0.0,0.0,0.19255260964458015,0.7653756937174252,0.4932479388964153,31,35,34,6,1,1
31284,19,0,1,5,2,2,2,4.0,0,0,0,0,0,2087102.094739,,0,1,1,False,5,94,0,0,0,0,0,0,0,0,0,0,0,0,0,0,0,0,0,0,0,0,0,0,0,0,0,0,0,0,0,0,0,0,0,0,0,0,0,0,0,0,0,0,0,0,0,0,0,0,0,0,0,0,0,0,0,0,0,0,0,0,0,0,0,0,0,0,0,0,0,0,0,0,0,0,0,0,0,0,0,0,0,0,0,0,0,0,0,0,0,0,0,0,0,0,0,0,0,0,0,0,0,0,0,0,0,0,0,0,0,0,0,0,0,0,0,0,0,0,0,0,0,0,0,0,0,0,0,0,0,0,0,0,0,0,0,0,0,0,0,0,0,0,0,0,0,0,0,0,0,0,0,0,0,0,480.7013888888889,4,0.0,0.0,0.0,0.0,0.0,0.0,0.0,0.0,0.0,0.0,0.46648035614323397,0.3549070395706177,0.44919845553868454,0.0,0.0,0.0,0.0,0.0,0.0,0.0,0.6742831883840513,0.0,0.0,35,34,29,27,2,1
31112,12,30,5,267,16,9,3,3.0,0,0,0,0,0,2079524.454331,,2,5,0,False,5,76,0,0,0,0,0,0,0,0,0,0,0,0,0,0,0,0,0,0,0,0,0,0,0,0,0,0,0,0,0,0,0,0,0,0,0,0,0,0,0,0,0,0,0,0,0,0,0,0,0,0,0,0,0,0,0,0,0,0,0,0,0,0,0,0,0,0,0,0,0,0,0,0,0,0,0,0,0,0,0,0,0,0,0,0,0,0,0,0,0,0,0,0,0,0,0,0,0,0,0,0,0,0,0,0,0,0,0,0,0,0,0,0,0,0,0,0,0,0,0,0,0,0,0,0,0,0,0,0,0,0,0,0,0,0,0,0,0,0,0,0,0,0,0,0,0,0,0,0,0,0,0,0,0,0,1108.6930555555555,4,0.0,0.0,0.0,0.0,0.0,0.0,0.0,0.0,0.0,0.7288877889064937,0.0,0.0,0.0,0.0,0.0,0.0,0.0,0.0,0.0,0.0,0.0,0.5331582872499147,0.4294936925261416,29,34,35,3,4,1
30991,2,18,1,15,1,4,4,2.0,0,0,0,0,0,2178818.868149,,0,1,0,False,5,121,0,0,0,0,0,0,0,0,0,0,0,0,0,0,0,0,0,0,0,0,0,0,0,0,0,0,0,0,0,0,0,0,0,0,0,0,0,0,0,0,0,0,0,0,0,0,0,0,0,0,0,0,0,0,0,0,0,0,0,0,0,0,0,0,0,0,0,0,0,0,0,0,0,0,0,0,0,0,0,0,0,0,0,0,0,0,0,0,0,0,0,0,0,0,0,0,0,0,0,0,0,0,0,0,0,0,0,0,0,0,0,0,0,0,0,0,0,0,0,0,0,0,0,0,0,0,0,0,0,0,0,0,0,0,0,0,0,0,0,0,0,0,0,0,0,0,0,0,0,0,0,0,0,0,1584.8372222222222,4,0.18610346216371162,0.19754661011187902,0.0,0.0,0.0,0.0,0.0,0.0,0.0,0.0,0.0,0.0,0.0,0.0,0.20400359696398,0.0,0.17515363577586457,0.0,0.0,0.0,0.7621980521228683,0.4847447055392579,0.19524670111426318,38,34,34,1,4,1
31357,2,0,2,7,1,2,2,4.0,0,0,0,0,0,2200052.862771,,0,2,0,False,5,59,0,1,0,0,0,0,0,0,0,0,0,0,0,0,0,0,0,0,0,0,0,0,0,0,0,0,0,0,0,0,0,0,0,0,0,0,0,0,0,0,0,0,0,0,0,0,0,0,0,0,0,0,0,0,0,0,0,0,0,0,0,0,0,0,0,0,0,0,0,0,0,0,0,0,0,0,0,0,0,0,0,0,0,0,0,0,0,0,0,0,0,0,0,0,0,0,0,0,0,0,0,0,0,0,0,0,0,0,0,0,0,0,0,0,0,0,0,0,0,0,0,0,0,0,0,0,0,0,0,0,0,0,0,0,0,0,0,0,0,0,0,0,0,0,0,0,0,0,0,0,0,0,0,1,211.22972222222222,4,0.0,0.5511962043771327,0.0,0.0,0.0,0.0,0.0,0.0,0.0,0.0,0.0,0.0,0.0,0.0,0.0,0.0,0.488715140026115,0.0,0.0,0.0,0.0,0.6762693665910772,0.0,28,28,30,34,5,0
31361,5,0,1,3,2,3,3,3.0,0,0,0,0,0,2201101.47053,,0,1,1,False,5,16,0,1,0,0,0,0,0,0,0,0,0,0,0,0,0,0,0,0,0,0,0,0,0,0,0,0,0,0,0,0,0,0,0,0,0,0,0,0,0,0,0,0,0,0,0,0,0,0,0,0,0,0,0,0,0,0,0,0,0,0,0,0,0,0,0,0,0,0,0,0,0,0,0,0,0,0,0,0,0,0,0,0,0,0,0,0,0,0,0,0,0,0,0,0,0,0,0,0,0,0,0,0,0,0,0,0,0,0,0,0,0,0,0,0,0,0,0,0,0,0,0,0,0,0,0,0,0,0,0,0,0,0,0,0,0,0,0,0,0,0,0,0,0,0,0,0,0,0,0,0,0,0,0,1,187.07666666666665,4,0.0,0.0,0.0,0.0,0.0,0.0,0.0,0.0,0.0,1.0,0.0,0.0,0.0,0.0,0.0,0.0,0.0,0.0,0.0,0.0,0.0,0.0,0.0,29,26,31,35,6,0
31000,27,30,2,65,5,7,10,4.0,0,1,0,0,0,2294009.420252,,1,2,0,False,5,53,0,0,0,0,0,0,0,0,0,0,0,0,0,0,0,0,0,0,0,0,0,0,0,0,0,0,0,0,0,0,0,0,0,0,0,0,0,0,0,0,0,0,0,0,0,0,0,0,0,0,0,0,0,0,0,0,0,0,0,0,0,0,0,0,0,0,0,0,0,0,0,0,0,0,0,0,0,0,0,0,0,0,0,0,0,0,0,0,0,0,0,0,0,0,0,0,0,0,0,0,0,0,0,0,0,0,0,0,0,0,0,0,0,0,0,0,0,0,0,0,0,0,0,0,0,0,0,0,0,0,0,0,0,0,0,0,0,0,0,0,0,0,0,0,0,0,0,0,0,0,0,0,0,0,1083.2227777777778,4,0.0,0.0,0.0,0.3539652253778583,0.0,0.0,0.0,0.0,0.0,0.0,0.0,0.0,0.0,0.0,0.0,0.0,0.0,0.0,0.0,0.0,0.0,0.2772069238529387,0.8932328591085268,37,36,37,1,6,0
30986,10,10,2,25,1,6,5,3.0,0,0,0,0,0,2608043.008939,,3,2,0,False,5,85,0,0,0,0,0,0,0,0,0,0,0,0,0,0,0,0,0,0,1,0,0,0,0,0,0,0,0,0,0,0,0,0,0,0,0,0,0,0,0,0,0,0,0,0,0,0,0,0,0,0,0,0,0,0,0,0,0,0,0,0,0,0,0,0,0,0,0,0,0,0,0,0,0,0,0,0,0,0,0,0,0,0,0,0,0,0,0,0,0,0,0,1,0,0,0,0,0,0,0,0,0,0,0,0,0,0,0,0,0,0,0,0,0,0,0,0,0,0,0,0,0,0,0,0,0,0,0,0,0,0,0,0,0,0,0,0,0,0,0,0,0,0,0,0,0,0,0,0,0,0,0,0,0,2,1483.9469444444444,4,0.0,0.0,0.0,0.0,0.0,0.49774091631749423,0.0,0.0,0.0,0.0,0.0,0.0,0.0,0.0,0.48878413450255914,0.0,0.41966082726864185,0.0,0.0,0.0,0.0,0.5807140777854489,0.0,38,30,37,0,3,1
30708,20,30,4,497,11,9,5,4.0,0,0,0,0,0,2608698.305975,,5,4,0,False,5,297,0,0,0,0,0,0,0,0,0,0,0,0,0,0,0,0,0,0,0,0,0,0,0,0,0,0,0,0,0,0,0,0,0,0,0,0,0,0,0,0,0,0,0,0,0,0,0,0,0,0,0,0,0,0,0,0,0,0,0,0,0,0,0,0,0,0,0,0,0,0,0,0,0,0,0,0,0,0,0,0,0,0,0,0,0,0,0,0,0,0,0,0,0,0,0,0,0,0,0,0,0,0,0,0,0,0,0,0,0,0,0,0,0,0,0,0,0,0,0,0,0,0,0,0,0,0,0,0,0,0,0,0,0,0,0,0,0,0,0,0,0,0,0,0,0,0,0,0,0,0,0,0,0,0,2280.965277777778,4,0.0,0.0,0.0,0.0,0.0,0.0,0.0,0.0,0.0,0.0,0.0,0.0,0.21211670687725406,0.0,0.0,0.0,0.1829238292780189,0.0,0.0,0.0,0.0,0.5062490274135966,0.8156330655316781,11,29,17,0,5,0
31323,7,2,1,36,1,3,3,5.0,0,0,0,0,0,2623521.773594,,0,1,0,False,5,77,0,1,0,0,0,0,0,0,0,0,0,0,0,0,0,0,0,0,0,0,0,0,0,0,0,0,0,0,0,0,0,0,0,0,0,0,0,0,0,0,0,0,0,0,0,0,0,0,0,0,0,0,0,0,0,0,0,0,0,0,0,0,0,0,0,0,0,0,0,0,0,0,0,0,0,0,0,0,0,0,0,0,0,0,0,0,0,0,0,0,0,0,0,0,0,0,0,0,0,0,0,0,0,0,0,0,0,0,0,0,0,0,0,0,0,0,0,0,0,0,0,0,0,0,0,0,0,0,0,0,0,0,0,0,0,0,0,0,0,0,0,0,0,0,0,0,0,0,0,0,0,0,0,1,186.46777777777777,4,0.0,0.0,0.0,0.0,0.0,0.0,0.0,0.0,0.0,0.0,0.0,0.0,0.0,0.0,0.0,0.0,0.0,0.0,0.0,0.0,0.0,1.0,0.0,31,28,32,17,1,1
31172,25,5,4,67,8,5,3,4.0,0,0,0,0,0,2636489.23871,,2,4,1,False,5,36,0,1,0,0,0,0,0,0,0,0,0,0,0,0,0,0,0,0,0,0,0,0,0,0,0,0,0,0,0,0,0,0,0,0,0,0,0,0,0,0,0,0,0,0,0,0,0,0,0,0,0,0,0,0,0,0,0,0,0,0,0,0,0,0,0,0,0,0,0,0,0,0,0,0,0,0,0,0,0,0,0,0,0,0,0,0,0,0,0,0,0,0,0,0,0,0,0,0,0,0,0,0,0,0,0,0,0,0,0,0,0,0,0,0,0,0,0,0,0,0,0,0,0,0,0,0,0,0,0,0,0,0,0,0,0,0,0,0,0,0,0,0,0,0,0,0,0,0,0,0,0,0,0,1,706.3766666666667,4,0.0,0.0,0.0,0.0,0.0,0.0,0.0,0.0,0.0,0.0,0.810481992223331,0.0,0.0,0.0,0.0,0.0,0.0,0.0,0.0,0.0,0.5857635532206665,0.0,0.0,29,28,34,11,0,1
31305,10,3,3,11,7,4,2,3.0,0,0,0,0,0,2685809.141919,,1,3,0,False,5,270,0,0,0,0,0,0,0,0,0,0,0,0,0,0,0,0,0,0,0,0,0,0,0,0,0,0,0,0,0,0,0,0,0,0,0,0,0,0,0,0,0,0,0,0,0,0,0,0,0,0,0,0,0,0,0,0,0,0,0,0,0,0,0,0,0,0,0,0,0,0,0,0,0,0,0,0,0,0,0,0,0,0,0,0,0,0,0,0,0,0,0,0,0,0,0,0,0,0,0,0,0,0,0,0,0,0,0,0,0,0,0,0,0,0,0,0,0,0,0,0,0,0,0,0,0,0,0,0,0,0,0,0,0,0,0,0,0,0,0,0,0,0,0,0,0,0,0,0,0,0,0,0,0,0,222.87527777777777,4,0.0,0.0,0.0,0.369880321780991,0.0,0.0,0.0,0.0,0.0,0.39601279042406,0.0,0.0,0.0,0.0,0.0,0.0,0.41866897219633237,0.0,0.0,0.0,0.7287514727942624,0.0,0.0,30,26,26,10,6,0
31221,12,26,1,76,2,4,1,4.0,0,0,0,0,0,2691134.891617,,3,1,1,False,5,39,0,0,0,0,0,0,0,0,0,0,0,0,0,0,0,0,0,0,0,0,0,0,0,0,0,0,0,0,0,0,0,0,0,0,0,0,0,0,0,0,0,0,0,0,0,0,0,0,0,0,0,0,0,0,0,0,0,0,0,0,0,0,0,0,0,0,0,0,0,0,0,0,0,0,0,0,0,0,0,0,0,0,0,0,0,0,0,0,0,0,0,0,0,0,0,0,0,0,0,0,0,0,0,0,0,0,0,0,0,0,0,0,0,0,0,0,0,0,0,0,0,0,0,0,0,0,0,0,0,0,0,0,0,0,0,0,0,0,0,0,0,0,0,0,0,0,0,0,0,0,0,0,0,0,507.73777777777775,4,0.0,0.0,0.0,0.0,0.0,0.0,0.0,0.0,0.0,0.0,0.0,0.0,0.0,0.0,0.8010600632643519,0.0,0.0,0.0,0.0,0.0,0.598583974929928,0.0,0.0,34,24,36,2,1,1
31279,11,30,29,356,15,6,2,4.0,0,1,0,0,0,2776413.801358,,0,29,1,False,5,45,0,0,0,0,0,0,0,0,0,0,0,0,0,0,0,0,0,0,0,0,0,0,0,0,0,0,0,0,0,0,0,0,0,0,0,0,0,0,0,0,0,0,0,0,0,0,0,0,0,0,0,0,0,0,0,0,0,0,0,0,0,0,0,0,0,0,0,0,0,0,0,0,0,0,0,0,0,0,0,0,0,0,0,0,0,0,0,0,0,0,0,0,0,0,0,0,0,0,0,0,0,0,0,0,0,0,0,0,0,0,0,0,0,0,0,0,0,0,0,0,0,0,0,0,0,0,0,0,0,0,0,0,0,0,0,0,0,0,0,0,0,0,0,0,0,0,0,0,0,0,0,0,0,0,312.1736111111111,4,0.0,0.0,0.0,0.0,0.0,0.0,0.0,0.0,0.0,0.0,0.49455653197572697,0.0,0.0,0.0,0.0,0.0,0.8213840031288071,0.0,0.0,0.0,0.0,0.2841516427618138,0.0,35,26,30,3,1,1
30666,11,19,6,134,5,5,2,3.0,0,0,0,0,0,3117806.363403,,1,6,0,False,5,234,0,0,0,0,0,0,0,0,0,0,0,0,0,0,0,0,0,0,0,0,0,0,0,0,0,0,0,0,0,0,0,0,0,0,0,0,0,0,0,0,0,0,0,0,0,0,0,0,0,0,0,0,0,0,0,0,0,0,0,0,0,0,0,0,0,0,0,0,0,0,0,0,0,0,0,0,0,0,0,0,0,0,0,0,0,0,0,0,0,0,0,0,0,0,0,0,0,0,0,0,0,0,0,0,0,0,0,0,0,0,0,0,0,0,0,0,0,0,0,0,0,0,0,0,0,0,0,0,0,0,0,0,0,0,0,0,0,0,0,0,0,0,0,0,0,0,0,0,0,0,0,0,0,0,2164.3055555555557,4,0.1928812984926521,0.40948240541255904,0.0,0.0,0.0,0.0,0.0,0.0,0.0,0.17170908023661138,0.0,0.0,0.0,0.0,0.0,0.0,0.36306536494671754,0.0,0.0,0.0,0.15799141863648275,0.753598459331201,0.2023575316626702,7,41,14,1,4,1
30959,10,0,5,403,10,3,1,4.0,0,0,0,0,0,3210742.087721,,1,5,1,False,5,14,0,0,0,0,0,0,0,0,0,0,0,0,0,0,0,0,0,0,0,0,0,0,0,0,0,0,0,0,0,0,0,0,0,0,0,0,0,0,0,0,0,0,0,0,0,0,0,0,0,0,0,0,0,0,0,0,0,0,0,0,0,0,0,0,0,0,0,0,0,0,0,0,0,0,0,0,0,0,0,0,0,0,0,0,0,0,0,0,0,0,0,0,0,0,0,0,0,0,0,0,0,0,0,0,0,0,0,0,0,0,0,0,0,0,0,0,0,0,0,0,0,0,0,0,0,0,0,0,0,0,0,0,0,0,0,0,0,0,0,0,0,0,0,0,0,0,0,0,0,0,0,0,0,0,169.81722222222223,4,0.0,0.0,0.0,0.0,0.0,0.0,0.0,0.0,0.0,0.0,0.0,0.0,0.0,0.0,0.0,0.0,0.0,0.0,0.0,0.0,0.0,0.0,0.0,40,35,32,3,1,1
31122,12,30,18,1095,26,4,0,3.0,0,0,0,0,0,3230020.601579,,1,18,0,False,5,470,0,0,0,0,0,0,0,0,0,0,0,0,0,0,0,0,0,0,0,0,0,0,0,0,0,0,0,0,0,0,0,0,0,0,0,0,0,0,0,0,0,0,0,0,0,0,0,0,0,0,0,0,0,0,0,0,0,0,0,0,0,0,0,0,0,0,0,0,0,0,0,0,0,0,0,0,0,0,0,0,0,0,0,0,0,0,0,0,0,0,0,0,0,0,0,0,0,0,0,0,0,0,0,0,0,0,0,0,0,0,0,0,0,0,0,0,0,0,0,0,0,0,0,0,0,0,0,0,0,0,0,0,0,0,0,0,0,0,0,0,0,0,0,0,0,0,0,0,0,0,0,0,0,0,739.0455555555556,4,0.12160228482752455,0.12907937805264935,0.134641568817767,0.6066638824420326,0.0,0.0,0.0,0.0,0.0,0.0,0.0,0.0,0.5308490230013482,0.13195975714146035,0.13329845245990596,0.0,0.0,0.11608385208285978,0.0,0.0,0.09960591119760706,0.4751072043444763,0.12757658930410126,27,35,38,0,6,0
31213,5,12,2,38,2,4,2,17.0,0,0,0,0,0,3233784.847074,,0,2,0,False,5,109,0,0,0,0,0,0,0,0,0,0,0,0,0,0,0,0,0,0,0,0,0,0,0,0,0,0,0,0,0,0,0,0,0,0,0,0,0,0,0,0,0,0,0,0,0,0,0,0,0,0,0,0,0,0,0,0,0,0,0,0,0,0,0,0,0,0,0,0,0,0,0,0,0,0,0,0,0,0,0,0,0,0,0,0,0,0,0,0,0,0,0,0,0,0,0,0,0,0,0,0,0,0,0,0,0,0,0,0,0,0,0,0,0,0,0,0,0,0,0,0,0,0,0,0,0,0,0,0,0,0,0,0,0,0,0,0,0,0,0,0,0,0,0,0,0,0,0,0,0,0,0,0,0,0,380.7730555555556,4,0.0,0.0,0.0,0.0,0.0,0.0,0.0,0.0,0.0,0.20090451485176133,0.0,0.0,0.0,0.0,0.24738304341576806,0.0,0.0,0.0,0.0,0.0,0.5545633801339817,0.2939105543250673,0.7102922280394424,32,34,36,5,0,1
31276,10,0,7,37,7,1,1,5.0,0,0,0,0,0,3236950.905069,,0,7,0,False,5,42,0,1,0,0,0,0,0,0,0,0,0,0,0,0,0,0,0,0,0,0,0,0,0,0,0,0,0,0,0,0,0,0,0,0,0,0,0,0,0,0,0,0,0,0,0,0,0,0,0,0,0,0,0,0,0,0,0,0,0,0,0,0,0,0,0,0,0,0,0,0,0,0,0,0,0,0,0,0,0,0,0,0,0,0,0,0,0,0,0,0,0,0,0,0,0,0,0,0,0,0,0,0,0,0,0,0,0,0,0,0,0,0,0,0,0,0,0,0,0,0,0,0,0,0,0,0,0,0,0,0,0,0,0,0,0,0,0,0,0,0,0,0,0,0,0,0,0,0,0,0,0,0,0,1,191.5288888888889,4,0.0,0.0,0.0,0.0,0.0,0.0,0.0,0.0,0.0,0.0,0.0,0.0,0.0,0.0,0.0,0.0,0.0,0.0,0.0,0.0,0.0,0.0,1.0,33,32,29,15,1,1
30811,12,5,1,13,3,3,1,3.0,0,0,0,0,0,3239253.68426,,0,1,0,False,5,21,0,1,0,0,0,0,0,0,0,0,0,0,0,0,0,0,0,0,0,0,0,0,0,0,0,0,0,0,0,0,0,0,0,0,0,0,0,0,0,0,0,0,0,0,0,0,0,0,0,0,0,0,0,0,0,0,0,0,0,0,0,0,0,0,0,0,0,0,0,0,0,0,0,0,0,0,0,0,0,0,0,0,0,0,0,0,0,0,0,0,0,0,0,0,0,0,0,0,0,0,0,0,0,0,0,0,0,0,0,0,0,0,0,0,0,0,0,0,0,0,0,0,0,0,0,0,0,0,0,0,0,0,0,0,0,0,0,0,0,0,0,0,0,0,0,0,0,0,0,0,0,0,0,1,1514.9319444444445,4,0.0,0.0,0.0,0.0,0.0,1.0,0.0,0.0,0.0,0.0,0.0,0.0,0.0,0.0,0.0,0.0,0.0,0.0,0.0,0.0,0.0,0.0,0.0,16,38,25,4,2,1
30893,15,30,3,110,11,8,1,3.0,0,0,0,0,0,3294383.507299,,3,3,0,False,5,230,0,0,0,0,0,0,0,0,0,0,0,0,0,0,0,0,0,0,0,0,0,0,0,0,0,0,0,0,0,0,0,0,0,0,0,0,0,0,0,0,0,0,0,0,0,0,0,0,0,0,0,0,0,0,0,0,0,0,0,0,0,0,0,0,0,0,0,0,0,0,0,0,0,0,0,0,0,0,0,0,0,0,0,0,0,0,0,0,0,0,0,0,0,0,0,0,0,0,0,0,0,0,0,0,0,0,0,0,0,0,0,0,0,0,0,0,0,0,0,0,0,0,0,0,0,0,0,0,0,0,0,0,0,0,0,0,0,0,0,0,0,0,0,0,0,0,0,0,0,0,0,0,0,0,1629.2380555555555,4,0.0,0.0,0.0,0.0,0.0,0.0,0.0,0.0,0.0,0.0,0.0,0.0,0.20169419813437398,0.0,0.2025850915535012,0.0,0.17393573381868996,0.0,0.0,0.0,0.6055185868059966,0.722061169605882,0.0,38,32,38,5,3,1
30794,4,0,1,4,1,1,1,3.0,0,0,0,0,0,3329550.880404,,0,1,0,False,5,233,0,0,0,0,0,0,0,0,0,0,0,0,0,0,0,0,0,0,0,0,0,0,0,0,0,0,0,0,0,0,0,0,0,0,0,0,0,0,0,0,0,0,0,0,0,0,0,0,0,0,0,0,0,0,0,0,0,0,0,0,0,0,0,0,0,0,0,0,0,0,0,0,0,0,0,0,0,0,0,0,0,0,0,0,0,0,0,0,0,0,0,0,0,0,0,0,0,0,0,0,0,0,0,0,0,0,0,0,0,0,0,0,0,0,0,0,0,0,0,0,0,0,0,0,0,0,0,0,0,0,0,0,0,0,0,0,0,0,0,0,0,0,0,0,0,0,0,0,0,0,0,0,0,0,423.03444444444443,4,0.0,0.3372757367993381,0.0,0.2641953230989453,0.0,0.0,0.0,0.0,0.0,0.5657220509251559,0.0,0.0,0.0,0.0,0.0,0.0,0.0,0.0,0.0,0.0,0.0,0.6207115916633748,0.33334905083240096,14,42,23,0,1,1
31171,8,0,1,3,1,1,1,3.0,0,0,0,0,0,3555326.05212,,0,1,0,False,5,45,0,1,0,0,0,0,0,0,0,0,0,0,0,0,0,0,0,0,0,0,0,0,0,0,0,0,0,0,0,0,0,0,0,0,0,0,0,0,0,0,0,0,0,0,0,0,0,0,0,0,0,0,0,0,0,0,0,0,0,0,0,0,0,0,0,0,0,0,0,0,0,0,0,0,0,0,0,0,0,0,0,0,0,0,0,0,0,0,0,0,0,0,0,0,0,0,0,0,0,0,0,0,0,0,0,0,0,0,0,0,0,0,0,0,0,0,0,0,0,0,0,0,0,0,0,0,0,0,0,0,0,0,0,0,0,0,0,0,0,0,0,0,0,0,0,0,0,0,0,0,0,0,0,1,245.71722222222223,4,0.0,0.0,0.0,0.2266713404128357,0.0,0.0,0.0,0.0,0.0,0.0,0.30896256344067236,0.0,0.0,0.5916586610312704,0.0,0.0,0.0,0.0,0.0,0.0,0.22329800132475305,0.35503411350303243,0.5720061603757322,28,38,33,25,0,1
31181,12,0,3,135,10,1,1,5.0,0,0,0,0,0,3556065.901446,,2,3,1,False,5,56,0,1,0,0,0,0,0,0,0,0,0,0,0,0,0,0,0,0,0,0,0,0,0,0,0,0,0,0,0,0,0,0,0,0,0,0,0,0,0,0,0,0,0,0,0,0,0,0,0,0,0,0,0,0,0,0,0,0,0,0,0,0,0,0,0,0,0,0,0,0,0,0,0,0,0,0,0,0,0,0,0,0,0,0,0,0,0,0,0,0,0,0,0,0,0,0,0,0,0,0,0,0,0,0,0,0,0,0,0,0,0,0,0,0,0,0,0,0,0,0,0,0,0,0,0,0,0,0,0,0,0,0,0,0,0,0,0,0,0,0,0,0,0,0,0,0,0,0,0,0,0,0,0,1,296.50111111111113,4,0.0,0.0,0.0,0.0,0.0,0.0,0.0,0.0,0.0,0.0,0.3960715390679598,0.0,0.38139810452710277,0.0,0.0,0.0,0.3289076225374733,0.0,0.0,0.0,0.0,0.2275662562331386,0.7332777077371514,31,39,32,27,2,1
30487,17,0,1,14,1,3,3,3.0,0,0,0,0,0,3678609.622757,,4,1,0,False,5,101,0,0,0,0,0,0,0,0,0,0,0,0,0,0,0,0,0,0,0,0,0,0,0,0,0,0,0,0,0,0,0,0,0,0,0,0,0,0,0,0,0,0,0,0,0,0,0,0,0,0,0,0,0,0,0,0,0,0,0,0,0,0,0,0,0,0,0,0,0,0,0,0,0,0,0,0,0,0,0,0,0,0,0,0,0,0,0,0,0,0,0,0,0,0,0,0,0,0,0,0,0,0,0,0,0,0,0,0,0,0,0,0,0,0,0,0,0,0,0,0,0,0,0,0,0,0,0,0,0,0,0,0,0,0,0,0,0,0,0,0,0,0,0,0,0,0,0,0,0,0,0,0,0,0,2838.1019444444446,4,0.0,0.2146538063727903,0.6717105167089348,0.0,0.0,0.0,0.0,0.0,0.0,0.0,0.0,0.0,0.0,0.21944376077555855,0.0,0.0,0.3806432780398476,0.38608554029193165,0.0,0.37852609843785195,0.0,0.1316806905774413,0.0,0,40,0,0,4,1
31225,1,0,1,2,1,1,1,5.0,0,0,0,0,0,3726929.787137,,0,1,0,False,5,10,0,0,0,0,0,0,0,0,0,0,0,0,0,0,0,0,0,0,0,0,0,0,0,0,0,0,0,0,0,0,0,0,0,0,0,0,0,0,0,0,0,0,0,0,0,0,0,0,0,0,0,0,0,0,0,0,0,0,0,0,0,0,0,0,0,0,0,0,0,0,0,0,0,0,0,0,0,0,0,0,0,0,0,0,0,0,0,0,0,0,0,0,0,0,0,0,0,0,0,0,0,0,0,0,0,0,0,0,0,0,0,0,0,0,0,0,0,0,0,0,0,0,0,0,0,0,0,0,0,0,0,0,0,0,0,0,0,0,0,0,0,0,0,0,0,0,0,0,0,0,0,0,0,0,206.19972222222222,4,0.0,0.0,0.0,0.0,0.0,0.0,0.0,0.0,0.5217288326854908,0.4382008715998113,0.0,0.0,0.0,0.0,0.0,0.0,0.0,0.46989429495505364,0.0,0.4606939022193127,0.0,0.3205300318229734,0.0,36,39,34,1,1,1
31174,6,30,2,161,3,4,4,3.0,0,0,0,0,0,3757476.097222,,0,2,0,False,5,83,0,0,0,0,0,0,0,0,0,0,0,0,0,0,0,0,0,0,0,0,0,0,0,0,0,0,0,0,0,0,0,0,0,0,0,0,0,0,0,0,0,0,0,0,0,0,0,0,0,0,0,0,0,0,0,0,0,0,0,0,0,0,0,0,0,0,0,0,0,0,0,0,0,0,0,0,0,0,0,0,0,0,0,0,0,0,0,0,0,0,0,0,0,0,0,0,0,0,0,0,0,0,0,0,0,0,0,0,0,0,0,0,0,0,0,0,0,0,0,0,0,0,0,0,0,0,0,0,0,0,0,0,0,0,0,0,0,0,0,0,0,0,0,0,0,0,0,0,0,0,0,0,0,0,394.3727777777778,4,0.4668568624615241,0.0,0.0,0.0,0.0,0.0,0.0,0.0,0.0,0.0,0.0,0.0,0.0,0.5066213869059009,0.0,0.0,0.4393882622942056,0.0,0.0,0.0,0.0,0.3040061556240904,0.48979347954302416,31,38,33,5,0,1
31037,2,0,2,40,1,3,2,3.0,0,0,0,0,0,3903102.800672,,0,2,0,False,5,30,0,0,0,0,0,0,0,0,0,0,0,0,0,0,0,0,0,0,0,0,0,0,0,0,0,0,0,0,0,0,0,0,0,0,0,0,0,0,0,0,0,0,0,0,0,0,0,0,0,0,0,0,0,0,0,0,0,0,0,0,0,0,0,0,0,0,0,0,0,0,0,0,0,0,0,0,0,0,0,0,0,0,0,0,0,0,0,0,0,0,0,0,0,0,0,0,0,0,0,0,0,0,0,0,0,0,0,0,0,0,0,0,0,0,0,0,0,0,0,0,0,0,0,0,0,0,0,0,0,0,0,0,0,0,0,0,0,0,0,0,0,0,0,0,0,0,0,0,0,0,0,0,0,0,912.4486111111111,4,0.5072145392935566,0.0,0.0,0.42174199560383374,0.0,0.0,0.0,0.0,0.0,0.0,0.0,0.0,0.0,0.0,0.0,0.0,0.0,0.0,0.0,0.0,0.41546560108362107,0.33028612100563554,0.5321339238017037,36,38,36,3,5,0
30510,30,30,8,385,17,5,6,4.0,0,0,0,0,0,3970073.202735,,1,8,0,False,5,69,0,0,0,0,0,0,0,0,0,0,0,0,0,0,0,0,0,0,0,0,0,0,0,0,0,0,0,0,0,0,0,0,0,0,0,0,0,0,0,0,0,0,0,0,0,0,0,0,0,0,0,0,0,0,0,0,0,0,0,0,0,0,0,0,0,0,0,0,0,0,0,0,0,0,0,0,0,0,0,0,0,0,0,0,0,0,0,0,0,0,0,0,0,0,0,0,0,0,0,0,0,0,0,0,0,0,0,0,0,0,0,0,0,0,0,0,0,0,0,0,0,0,0,0,0,0,0,0,0,0,0,0,0,0,0,0,0,0,0,0,0,0,0,0,0,0,0,0,0,0,0,0,0,0,1541.8980555555556,4,0.34237303777513484,0.0,0.0,0.0,0.0,0.0,0.0,0.0,0.0,0.0,0.0,0.0,0.37365332580452354,0.0,0.0,0.0,0.6444574610351923,0.0,0.0,0.0,0.0,0.44589046181981845,0.3591937807006507,3,48,3,1,1,1
31163,4,0,1,106,11,1,1,3.0,0,0,0,0,0,4014517.498784,,1,1,0,False,5,83,0,0,0,0,0,0,0,0,0,0,0,0,0,0,0,0,0,0,0,0,0,0,0,0,0,0,0,0,0,0,0,0,0,0,0,0,0,0,0,0,0,0,0,0,0,0,0,0,0,0,0,0,0,0,0,0,0,0,0,0,0,0,0,0,0,0,0,0,0,0,0,0,0,0,0,0,0,0,0,0,0,0,0,0,0,0,0,0,0,0,0,0,0,0,0,0,0,0,0,0,0,0,0,0,0,0,0,0,0,0,0,0,0,0,0,0,0,0,0,0,0,0,0,0,0,0,0,0,0,0,0,0,0,0,0,0,0,0,0,0,0,0,0,0,0,0,0,0,0,0,0,0,0,0,372.8638888888889,4,0.0,0.0,0.0,0.0,0.0,0.0,0.0,0.0,0.0,0.0,0.0,0.0,0.0,0.37983582982762676,0.0,0.0,0.3294282664305236,0.0,0.0,0.0,0.0,0.45585296388456925,0.734438448730315,26,34,32,8,5,0
30592,26,30,4,261,12,7,4,2.0,0,0,0,0,0,4245136.519554,,0,4,1,False,5,58,0,0,0,0,0,0,0,0,0,0,0,0,0,0,0,0,0,0,0,0,0,0,0,0,0,0,0,0,0,0,0,0,0,0,0,0,0,0,0,0,0,0,0,0,0,0,0,0,0,0,0,0,0,0,0,0,0,0,0,0,0,0,0,0,0,0,0,0,0,0,0,0,0,0,0,0,0,0,0,0,0,0,0,0,0,0,0,0,0,0,0,0,0,0,0,0,0,0,0,0,0,0,0,0,0,0,0,0,0,0,0,0,0,0,0,0,0,0,0,0,0,0,0,0,0,0,0,0,0,0,0,0,0,0,0,0,0,0,0,0,0,0,0,0,0,0,0,0,0,0,0,0,0,0,2277.7330555555554,4,0.0,0.6455333799724114,0.0,0.5056601506868316,0.0,0.0,0.0,0.0,0.0,0.0,0.0,0.0,0.0,0.0,0.0,0.0,0.5723586876677641,0.0,0.0,0.0,0.0,0.0,0.0,11,35,8,0,0,1
31190,9,6,3,16,4,6,3,4.0,0,0,0,0,0,4336429.69478,,1,3,0,False,5,12,0,0,0,0,0,0,0,0,0,0,0,0,0,0,0,0,0,0,0,0,0,0,0,0,0,0,0,0,0,0,0,0,0,0,0,0,0,0,0,0,0,0,0,0,0,0,0,0,0,0,0,0,0,0,0,0,0,0,0,0,0,0,0,0,0,0,0,0,0,0,0,0,0,0,0,0,0,0,0,0,0,0,0,0,0,0,0,0,0,0,0,0,0,0,0,0,0,0,0,0,0,0,0,0,0,0,0,0,0,0,0,0,0,0,0,0,0,0,0,0,0,0,0,0,0,0,0,0,0,0,0,0,0,0,0,0,0,0,0,0,0,0,0,0,0,0,0,0,0,0,0,0,0,0,172.73305555555555,4,0.0,0.0,0.0,0.0,0.0,0.0,0.0,0.0,0.0,0.0,0.0,0.0,0.0,0.0,0.0,0.0,0.0,0.0,0.0,0.0,0.0,0.0,0.0,27,39,32,1,3,1
31164,5,30,5,45,5,5,2,2.0,0,0,0,0,0,4372182.096951,,1,5,0,False,5,87,0,0,0,0,0,0,0,0,0,0,0,0,0,0,0,0,0,0,0,0,0,0,0,0,0,0,0,0,0,0,0,0,0,0,0,0,0,0,0,0,0,0,0,0,0,0,0,0,0,0,0,0,0,0,0,0,0,0,0,0,0,0,0,0,0,0,0,0,0,0,0,0,0,0,0,0,0,0,0,0,0,0,0,0,0,0,0,0,0,0,0,0,0,0,0,0,0,0,0,0,0,0,0,0,0,0,0,0,0,0,0,0,0,0,0,0,0,0,0,0,0,0,0,0,0,0,0,0,0,0,0,0,0,0,0,0,0,0,0,0,0,0,0,0,0,0,0,0,0,0,0,0,0,0,251.86222222222221,4,0.3750814509389234,0.0,0.0,0.0,0.0,0.0,0.0,0.0,0.0,0.0,0.0,0.0,0.4093500834693751,0.0,0.0,0.0,0.0,0.0,0.0,0.0,0.0,0.7327325296963724,0.3935091539595009,26,42,33,2,6,0
31173,11,2,2,89,6,3,3,5.0,0,0,0,0,0,4428750.86085,,1,2,1,False,5,170,0,1,0,0,0,0,0,0,0,0,0,0,0,0,0,0,0,0,0,0,0,0,0,0,0,0,0,0,0,0,0,0,0,0,0,0,0,0,0,0,0,0,0,0,0,0,0,0,0,0,0,0,0,0,0,0,0,0,0,0,0,0,0,0,0,0,0,0,0,0,0,0,0,0,0,0,0,0,0,0,0,0,0,0,0,0,0,0,0,0,0,0,0,0,0,0,0,0,0,0,0,0,0,0,0,0,0,0,0,0,0,0,0,0,0,0,0,0,0,0,0,0,0,0,0,0,0,0,0,0,0,0,0,0,0,0,0,0,0,0,0,0,0,0,0,0,0,0,0,0,0,0,0,1,213.16611111111112,4,0.0,0.0,0.0,0.0,0.0,0.0,0.0,0.0,0.0,0.0,0.3332398436078393,0.0,0.0,0.31907464366495014,0.0,0.0,0.27673062536565474,0.0,0.0,0.0,0.0,0.5743973208678897,0.6169525566579913,30,40,35,26,0,1
30634,6,0,1,32,4,2,2,3.0,0,0,0,0,0,4435182.226483,,1,1,0,False,5,26,0,0,0,0,0,0,0,0,0,0,0,0,0,0,0,0,0,0,0,0,0,0,0,0,0,0,0,0,0,0,0,0,0,0,0,0,0,0,0,0,0,0,0,0,0,0,0,0,0,0,0,0,0,0,0,0,0,0,0,0,0,0,0,0,0,0,0,0,0,0,0,0,0,0,0,0,0,0,0,0,0,0,0,0,0,0,0,0,0,0,0,0,0,0,0,0,0,0,0,0,0,0,0,0,0,0,0,0,0,0,0,0,0,0,0,0,0,0,0,0,0,0,0,0,0,0,0,0,0,0,0,0,0,0,0,0,0,0,0,0,0,0,0,0,0,0,0,0,0,0,0,0,0,0,2063.1511111111113,4,0.0,0.0,0.0,0.0,0.0,0.0,0.0,0.0,0.0,0.0,0.0,0.0,0.0,0.0,0.9725484670478801,0.0,0.0,0.0,0.0,0.0,0.0,0.0,0.23270040662366331,8,37,10,2,0,1
30930,12,23,4,82,1,8,8,4.0,0,1,0,0,0,4582987.119705,,2,4,0,False,5,150,0,0,0,0,0,0,0,0,0,0,0,0,0,0,0,0,0,0,0,0,0,0,0,0,0,0,0,0,0,0,0,0,0,0,0,0,0,0,0,0,0,0,0,0,0,0,0,0,0,0,0,0,0,0,0,0,0,0,0,0,0,0,0,0,0,0,0,0,0,0,0,0,0,0,0,0,0,0,0,0,0,0,0,0,0,0,0,0,0,0,0,0,0,0,0,0,0,0,0,0,0,0,0,0,0,0,0,0,0,0,0,0,0,0,0,0,0,0,0,0,0,0,0,0,0,0,0,0,0,0,0,0,0,0,0,0,0,0,0,0,0,0,0,0,0,0,0,0,0,0,0,0,0,0,1108.298611111111,4,0.5386493324306799,0.0,0.0,0.22393979942529782,0.0,0.0,0.0,0.0,0.0,0.0,0.0,0.0,0.0,0.0,0.0,0.0,0.0,0.0,0.0,0.25206845413824663,0.0,0.5261335730988511,0.5651131042472212,42,32,33,2,3,1
30670,5,6,2,8,1,4,1,3.0,0,0,0,0,0,4583345.124956,,2,2,0,False,5,67,0,0,0,0,0,0,0,0,0,0,0,0,0,0,0,0,0,0,0,0,0,0,0,0,0,0,0,0,0,0,0,0,0,0,0,0,0,0,0,0,0,0,0,0,0,0,0,0,0,0,0,0,0,0,0,0,0,0,0,0,0,0,0,0,0,0,0,0,0,0,0,0,0,0,0,0,0,0,0,0,0,0,0,0,0,0,0,0,0,0,0,0,0,0,0,0,0,0,0,0,0,0,0,0,0,0,0,0,0,0,0,0,0,0,0,0,0,0,0,0,0,0,0,0,0,0,0,0,0,0,0,0,0,0,0,0,0,0,0,0,0,0,0,0,0,0,0,0,0,0,0,0,0,0,1882.3016666666667,4,0.0,0.0,0.0,0.0,0.0,0.0,0.0,0.0,0.3728885630773251,0.31318969378981226,0.0,0.0,0.0,0.38177201821141954,0.3856449899761772,0.0,0.0,0.0,0.0,0.0,0.5763385833293608,0.0,0.36909110042499077,8,33,15,1,6,0
31139,3,15,1,8,1,6,6,3.0,0,0,0,0,0,4710950.843656,,0,1,0,False,5,26,0,0,0,0,0,0,0,0,0,0,0,0,0,0,0,0,0,0,0,0,0,0,0,0,0,0,0,0,0,0,0,0,0,0,0,0,0,0,0,0,0,0,0,0,0,0,0,0,0,0,0,0,0,0,0,0,0,0,0,0,0,0,0,0,0,0,0,0,0,0,0,0,0,0,0,0,0,0,0,0,0,0,0,0,0,0,0,0,0,0,0,0,0,0,0,0,0,0,0,0,0,0,0,0,0,0,0,0,0,0,0,0,0,0,0,0,0,0,0,0,0,0,0,0,0,0,0,0,0,0,0,0,0,0,0,0,0,0,0,0,0,0,0,0,0,0,0,0,0,0,0,0,0,0,223.27916666666667,4,0.4533111051688119,0.0,0.0,0.0,0.0,0.0,0.0,0.0,0.0,0.0,0.5137605581576771,0.0,0.0,0.0,0.0,0.0,0.42663950087100944,0.0,0.0,0.0,0.0,0.5903709572029083,0.0,22,34,35,2,2,1
30955,5,6,3,268,6,5,4,4.0,0,0,0,0,0,4939010.860376,,1,3,0,False,5,160,0,0,0,0,0,0,0,0,0,0,0,0,0,0,0,0,0,0,0,0,0,0,0,0,0,0,0,0,0,0,0,0,0,0,0,0,0,0,0,0,0,0,0,0,0,0,0,0,0,0,0,0,0,0,0,0,0,0,0,0,0,0,0,0,0,0,0,0,0,0,0,0,0,0,0,0,0,0,0,0,0,0,0,0,0,0,0,0,0,0,0,0,0,0,0,0,0,0,0,0,0,0,0,0,0,0,0,0,0,0,0,0,0,0,0,0,0,0,0,0,0,0,0,0,0,0,0,0,0,0,0,0,0,0,0,0,0,0,0,0,0,0,0,0,0,0,0,0,0,0,0,0,0,0,376.40805555555556,4,0.0,0.0,0.0,0.12402225554858297,0.0,0.0,0.0,0.0,0.0,0.0,0.0,0.0,0.0,0.0,0.1635037972130415,0.0,0.5615250901694724,0.0,0.0,0.0,0.12217654747771599,0.4856384961718378,0.6259414539859984,39,37,32,2,1,1
31093,14,8,1,19,5,4,2,3.0,0,0,0,0,0,4996877.038353,,1,1,0,False,5,39,0,0,0,0,0,0,0,0,0,0,0,0,0,0,0,0,0,0,0,0,0,0,0,0,0,0,0,0,0,0,0,0,0,0,0,0,0,0,0,0,0,0,0,0,0,0,0,0,0,0,0,0,0,0,0,0,0,0,0,0,0,0,0,0,0,0,0,0,0,0,0,0,0,0,0,0,0,0,0,0,0,0,0,0,0,0,0,0,0,0,0,0,0,0,0,0,0,0,0,0,0,0,0,0,0,0,0,0,0,0,0,0,0,0,0,0,0,0,0,0,0,0,0,0,0,0,0,0,0,0,0,0,0,0,0,0,0,0,0,0,0,0,0,0,0,0,0,0,0,0,0,0,0,0,311.5563888888889,4,0.0,0.0,0.0,0.0,0.0,0.6982315975045473,0.0,0.0,0.0,0.0,0.0,0.0,0.0,0.0,0.0,0.0,0.5887007481758936,0.0,0.0,0.0,0.0,0.4073132275576022,0.0,30,29,33,0,1,1
31015,8,0,1,6,1,3,3,4.0,0,0,0,0,0,5014411.064569,,1,1,0,False,5,85,0,1,0,0,0,0,0,0,0,0,0,0,0,0,0,0,0,0,0,0,0,0,0,0,0,0,0,0,0,0,0,0,0,0,0,0,0,0,0,0,0,0,0,0,0,0,0,0,0,0,0,0,0,0,0,0,0,0,0,0,0,0,0,0,0,0,0,0,0,0,0,0,0,0,0,0,0,0,0,0,0,0,0,0,0,0,0,0,0,0,0,0,0,0,0,0,0,0,0,0,0,0,0,0,0,0,0,0,0,0,0,0,0,0,0,0,0,0,0,0,0,0,0,0,0,0,0,0,0,0,0,0,0,0,0,0,0,0,0,0,0,0,0,0,0,0,0,0,0,0,0,0,0,1,698.1102777777778,4,0.0,0.0,0.0,0.0,0.0,0.0,0.0,0.0,0.0,0.0,0.0,0.0,0.0,0.0,0.0,0.0,0.0,0.0,0.0,0.0,0.9025812777596905,0.43051949669867967,0.0,39,30,39,1,1,1
30903,10,2,2,124,6,3,2,4.0,0,0,0,0,0,5058902.867957,,0,2,1,False,5,30,0,1,0,0,0,0,0,0,0,0,0,0,0,0,0,0,0,0,0,0,0,0,0,0,0,0,0,0,0,0,0,0,0,0,0,0,0,0,0,0,0,0,0,0,0,0,0,0,0,0,0,0,0,0,0,0,0,0,0,0,0,0,0,0,0,0,0,0,0,0,0,0,0,0,0,0,0,0,0,0,0,0,0,0,0,0,0,0,0,0,0,0,0,0,0,0,0,0,0,0,0,0,0,0,0,0,0,0,0,0,0,0,0,0,0,0,0,0,0,0,0,0,0,0,0,0,0,0,0,0,0,0,0,0,0,0,0,0,0,0,0,0,0,0,0,0,0,0,0,0,0,0,0,1,1081.243888888889,4,0.0,0.0,0.0,0.0,0.0,0.0,0.0,0.0,0.0,0.0,0.0,0.0,0.0,0.0,0.0,0.0,0.6061943920361853,0.0,0.0,0.0,0.0,0.4194168176490992,0.6757350754082416,41,30,38,15,5,0
31064,5,5,1,13,2,5,1,3.0,0,0,0,0,0,5107925.44313,,0,1,0,False,5,217,0,0,0,0,0,0,0,0,0,0,0,0,0,0,0,0,0,0,0,0,0,0,0,0,0,0,0,0,0,0,0,0,0,0,0,0,0,0,0,0,0,0,0,0,0,0,0,0,0,0,0,0,0,0,0,0,0,0,0,0,0,0,0,0,0,0,0,0,0,0,0,0,0,0,0,0,0,0,0,0,0,0,0,0,0,0,0,0,0,0,0,0,0,0,0,0,0,0,0,0,0,0,0,0,0,0,0,0,0,0,0,0,0,0,0,0,0,0,0,0,0,0,0,0,0,0,0,0,0,0,0,0,0,0,0,0,0,0,0,0,0,0,0,0,0,0,0,0,0,0,0,0,0,0,477.76916666666665,4,0.0,0.0,0.0,0.6221175870005653,0.0,0.0,0.0,0.0,0.0,0.0,0.0,0.0,0.0,0.0,0.0,0.0,0.0,0.0,0.0,0.0,0.6128591886084683,0.4872097319253423,0.0,36,32,35,4,2,1
31043,7,6,8,81,10,6,4,2.0,0,1,0,0,0,5109327.355456,,1,8,0,False,5,115,0,0,0,0,0,0,0,0,0,0,0,0,0,0,0,0,0,0,0,0,0,0,0,0,0,0,0,0,0,0,0,0,0,0,0,0,0,0,0,0,0,0,0,0,0,0,0,0,0,0,0,0,0,0,0,0,0,0,0,0,0,0,0,0,0,0,0,0,0,0,0,0,0,0,0,0,0,0,0,0,0,0,0,0,0,0,0,0,0,0,0,0,0,0,0,0,0,0,0,0,0,0,0,0,0,0,0,0,0,0,0,0,0,0,0,0,0,0,0,0,0,0,0,0,0,0,0,0,0,0,0,0,0,0,0,0,0,0,0,0,0,0,0,0,0,0,0,0,0,0,0,0,0,0,545.9958333333333,4,0.8059406438106587,0.0,0.0,0.0,0.0,0.0,0.0,0.0,0.0,0.0,0.22835339256244702,0.0,0.0,0.0,0.0,0.0,0.1896303168433255,0.0,0.0,0.0,0.4951168412160639,0.13120237512106575,0.0,38,31,40,4,0,1
30942,3,7,1,9,1,3,4,3.0,0,0,0,0,0,5203957.647612,,1,1,0,False,5,127,0,0,0,0,0,0,0,0,0,0,0,0,0,0,0,0,0,0,0,0,0,0,0,0,0,0,0,0,0,0,0,0,0,0,0,0,0,0,0,0,0,0,0,0,0,0,0,0,0,0,0,0,0,0,0,0,0,0,0,0,0,0,0,0,0,0,0,0,0,0,0,0,0,0,0,0,0,0,0,0,0,0,0,0,0,0,0,0,0,0,0,0,0,0,0,0,0,0,0,0,0,0,0,0,0,0,0,0,0,0,0,0,0,0,0,0,0,0,0,0,0,0,0,0,0,0,0,0,0,0,0,0,0,0,0,0,0,0,0,0,0,0,0,0,0,0,0,0,0,0,0,0,0,0,884.3269444444444,4,0.0,0.0,0.0,0.0,0.0,0.0,0.0,0.0,0.0,0.0,0.0,0.0,0.0,0.0,0.0,0.0,0.0,0.0,0.0,0.0,0.2439767545310196,0.9697810800631814,0.0,40,32,29,6,5,0
31042,12,7,3,302,55,5,3,3.0,0,0,0,0,0,5205788.785239,,1,3,0,False,5,67,0,1,0,0,0,0,0,0,0,0,0,0,0,0,0,0,0,0,0,0,0,0,0,0,0,0,0,0,0,0,0,0,0,0,0,0,0,0,0,0,0,0,0,0,0,0,0,0,0,0,0,0,0,0,0,0,0,0,0,0,0,0,0,0,0,0,0,0,0,0,0,0,0,0,0,0,0,0,0,0,0,0,0,0,0,0,0,0,0,0,0,0,0,0,0,0,0,0,0,0,0,0,0,0,0,0,0,0,0,0,0,0,0,0,0,0,0,0,0,0,0,0,0,0,0,0,0,0,0,0,0,0,0,0,0,0,0,0,0,0,0,0,0,0,0,0,0,0,0,0,0,0,0,1,522.1380555555555,4,0.0,0.0,0.38641239240878666,0.0,0.0,0.0,0.0,0.0,0.0,0.0,0.0,0.0,0.0,0.0,0.0,0.0,0.3284568487382386,0.0,0.0,0.0,0.0,0.45450874519017437,0.7322727374793608,37,30,39,22,6,0
31048,21,7,1,12,6,5,3,5.0,0,0,0,0,0,5218773.255918,,2,1,1,False,5,38,0,1,0,0,0,0,0,0,0,0,0,0,0,0,0,0,0,0,0,0,0,0,0,0,0,0,0,0,0,0,0,0,0,0,0,0,0,0,0,0,0,0,0,0,0,0,0,0,0,0,0,0,0,0,0,0,0,0,0,0,0,0,0,0,0,0,0,0,0,0,0,0,0,0,0,0,0,0,0,0,0,0,0,0,0,0,0,0,0,0,0,0,0,0,0,0,0,0,0,0,0,0,0,0,0,0,0,0,0,0,0,0,0,0,0,0,0,0,0,0,0,0,0,0,0,0,0,0,0,0,0,0,0,0,0,0,0,0,0,0,0,0,0,0,0,0,0,0,0,0,0,0,0,1,213.68444444444444,4,0.0,0.0,0.0,0.0,0.0,0.0,0.0,0.0,0.0,0.0,0.0,1.0,0.0,0.0,0.0,0.0,0.0,0.0,0.0,0.0,0.0,0.0,0.0,40,29,41,23,0,1
31040,15,30,1,46,2,10,8,3.0,0,0,0,0,0,5448586.344829,,1,1,0,False,5,61,0,0,0,0,0,0,0,0,0,0,0,0,0,0,0,0,0,0,0,0,0,0,0,0,0,0,0,0,0,0,0,0,0,0,0,0,0,0,0,0,0,0,0,0,0,0,0,0,0,0,0,0,0,0,0,0,0,0,0,0,0,0,0,0,0,0,0,0,0,0,0,0,0,0,0,0,0,0,0,0,0,0,0,0,0,0,0,0,0,0,0,0,0,0,0,0,0,0,0,0,0,0,0,0,0,0,0,0,0,0,0,0,0,0,0,0,0,0,0,0,0,0,0,0,0,0,0,0,0,0,0,0,0,0,0,0,0,0,0,0,0,0,0,0,0,0,0,0,0,0,0,0,0,0,462.0702777777778,4,0.6570389864881192,0.0,0.0,0.0,0.0,0.0,0.0,0.0,0.0,0.0,0.0,0.0,0.0,0.0,0.0,0.0,0.3091902912280244,0.0,0.0,0.0,0.5381886288923409,0.4278482602231506,0.0,37,26,38,1,6,0
30921,7,10,1,13,2,3,1,2.0,1,1,0,0,0,5482271.865613,,0,1,0,False,5,44,0,0,0,0,0,0,0,0,0,0,0,0,0,0,0,0,0,0,0,0,0,0,0,0,0,0,0,0,0,0,0,0,0,0,0,0,0,0,0,0,0,0,0,0,0,0,0,0,0,0,0,0,0,0,0,0,0,0,0,0,0,0,0,0,0,0,0,0,0,0,0,0,0,0,0,0,0,0,0,0,0,0,0,0,0,0,0,0,0,0,0,0,0,0,0,0,0,0,0,0,0,0,0,0,0,0,0,0,0,0,0,0,0,0,0,0,0,0,0,0,0,0,0,0,0,0,0,0,0,0,0,0,0,0,0,0,0,0,0,0,0,0,0,0,0,0,0,0,0,0,0,0,0,0,214.24388888888888,4,0.0,0.0,0.0,0.0,0.0,0.0,0.0,0.0,0.0,0.0,0.0,0.0,0.0,0.0,0.0,0.0,0.0,0.0,0.0,0.0,0.7827826577020859,0.622295195868375,0.0,42,42,35,8,2,1
30849,5,30,3,228,16,8,3,3.0,0,2,0,0,0,5543859.535499,,2,3,0,False,5,142,0,0,0,0,0,0,0,0,0,0,0,0,0,0,0,0,0,0,0,0,0,0,0,0,0,0,0,0,0,0,0,0,0,0,0,0,0,0,0,0,0,0,0,0,0,0,0,0,0,0,0,0,0,0,0,0,0,0,0,0,0,0,0,0,0,0,0,0,0,0,0,0,0,0,0,0,0,0,0,0,0,0,0,0,0,0,0,0,0,0,0,0,0,0,0,0,0,0,0,0,0,0,0,0,0,0,0,0,0,0,0,0,0,0,0,0,0,0,0,0,0,0,0,0,0,0,0,0,0,0,0,0,0,0,0,0,0,0,0,0,0,0,0,0,0,0,0,0,0,0,0,0,0,0,1101.2816666666668,4,0.0,0.0,0.0,0.0,0.0,0.0,0.0,0.0,0.0,0.0,0.44511406427113587,0.0,0.0,0.42619336844578126,0.4305169825494303,0.0,0.369633750968133,0.0,0.0,0.0,0.48254914676273386,0.25574405432226405,0.0,26,23,36,5,6,0
31078,1,0,2,12,1,3,2,3.0,0,0,0,0,0,5577015.372114,,1,2,0,False,5,57,0,1,0,0,0,0,0,0,0,0,0,0,0,0,0,0,0,0,0,0,0,0,0,0,0,0,0,0,0,0,0,0,0,0,0,0,0,0,0,0,0,0,0,0,0,0,0,0,0,0,0,0,0,0,0,0,0,0,0,0,0,0,0,0,0,0,0,0,0,0,0,0,0,0,0,0,0,0,0,0,0,0,0,0,0,0,0,0,0,0,0,0,0,0,0,0,0,0,0,0,0,0,0,0,0,0,0,0,0,0,0,0,0,0,0,0,0,0,0,0,0,0,0,0,0,0,0,0,0,0,0,0,0,0,0,0,0,0,0,0,0,0,0,0,0,0,0,0,0,0,0,0,0,1,278.29083333333335,4,0.0,0.0,0.0,0.0,0.0,0.0,0.0,0.0,0.0,0.8621290229074294,0.0,0.0,0.0,0.0,0.0,0.0,0.0,0.0,0.0,0.0,0.39662721152875685,0.3153100108394973,0.0,29,22,33,5,5,0
31046,3,4,6,48,3,4,1,2.0,0,0,0,0,0,5614316.078414,,0,6,0,False,5,54,0,0,0,0,0,0,0,0,0,0,0,0,0,0,0,0,0,0,0,0,0,0,0,0,0,0,0,0,0,0,0,0,0,0,0,0,0,0,0,0,0,0,0,0,0,0,0,0,0,0,0,0,0,0,0,0,0,0,0,0,0,0,0,0,0,0,0,0,0,0,0,0,0,0,0,0,0,0,0,0,0,0,0,0,0,0,0,0,0,0,0,0,0,0,0,0,0,0,0,0,0,0,0,0,0,0,0,0,0,0,0,0,0,0,0,0,0,0,0,0,0,0,0,0,0,0,0,0,0,0,0,0,0,0,0,0,0,0,0,0,0,0,0,0,0,0,0,0,0,0,0,0,0,0,395.7416666666667,4,0.0,0.0,0.0,0.0,0.0,0.0,0.0,0.0,0.0,0.0,0.0,0.0,0.0,1.0,0.0,0.0,0.0,0.0,0.0,0.0,0.0,0.0,0.0,39,22,41,3,0,1
30724,5,2,2,46,3,5,2,4.0,0,0,0,0,0,5617469.754009,,0,2,0,False,5,74,0,0,0,0,0,0,0,0,0,0,0,0,0,0,0,0,0,0,0,0,0,0,0,0,0,0,0,0,0,0,0,0,0,0,0,0,0,0,0,0,0,0,0,0,0,0,0,0,0,0,0,0,0,0,0,0,0,0,0,0,0,0,0,0,0,0,0,0,0,0,0,0,0,0,0,0,0,0,0,0,0,0,0,0,0,0,0,0,0,0,0,0,0,0,0,0,0,0,0,0,0,0,0,0,0,0,0,0,0,0,0,0,0,0,0,0,0,0,0,0,0,0,0,0,0,0,0,0,0,0,0,0,0,0,0,0,0,0,0,0,0,0,0,0,0,0,0,0,0,0,0,0,0,0,1376.911111111111,4,0.1793630273673083,0.0,0.0,0.0,0.0,0.0,0.0,0.18340604570912838,0.0,0.0,0.0,0.0,0.0,0.0,0.19661484165776313,0.0,0.16880979000548535,0.0,0.0,0.0,0.881510629578477,0.23359392908368262,0.18817510963083425,12,21,18,4,1,1
31063,2,0,1,14,1,1,1,3.0,0,0,0,0,0,5631138.233183,,0,1,0,False,5,58,0,0,0,0,0,0,0,0,0,0,0,0,0,0,0,0,0,0,0,0,0,0,0,0,0,0,0,0,0,0,0,0,0,0,0,0,0,0,0,0,0,0,0,0,0,0,0,0,0,0,0,0,0,0,0,0,0,0,0,0,0,0,0,0,0,0,0,0,0,0,0,0,0,0,0,0,0,0,0,0,0,0,0,0,0,0,0,0,0,0,0,0,0,0,0,0,0,0,0,0,0,0,0,0,0,0,0,0,0,0,0,0,0,0,0,0,0,0,0,0,0,0,0,0,0,0,0,0,0,0,0,0,0,0,0,0,0,0,0,0,0,0,0,0,0,0,0,0,0,0,0,0,0,0,281.68361111111113,4,0.0,0.5757288732647213,0.0,0.0,0.0,0.0,0.0,0.0,0.0,0.0,0.0,0.0,0.0,0.5885761416076167,0.0,0.0,0.0,0.0,0.0,0.0,0.44426925423295516,0.35318439909333343,0.0,36,27,34,19,2,1
30935,5,0,1,18,2,1,1,3.0,0,0,0,0,0,5631436.675484,,0,1,0,False,5,105,0,0,0,0,0,0,0,0,0,0,0,0,0,0,0,0,0,0,0,0,0,0,0,0,0,0,0,0,0,0,0,0,0,0,0,0,0,0,0,0,0,0,0,0,0,0,0,0,0,0,0,0,0,0,0,0,0,0,0,0,0,0,0,0,0,0,0,0,0,0,0,0,0,0,0,0,0,0,0,0,0,0,0,0,0,0,0,0,0,0,0,0,0,0,0,0,0,0,0,0,0,0,0,0,0,0,0,0,0,0,0,0,0,0,0,0,0,0,0,0,0,0,0,0,0,0,0,0,0,0,0,0,0,0,0,0,0,0,0,0,0,0,0,0,0,0,0,0,0,0,0,0,0,0,773.9158333333334,4,0.3763881546376605,0.0,0.0,0.31296163489244805,0.0,0.0,0.0,0.0,0.0,0.3350727330739648,0.0,0.0,0.0,0.40844700860148464,0.41259059078208654,0.0,0.0,0.0,0.0,0.0,0.30830411747480646,0.2450950711327952,0.3948800558414218,41,23,35,11,4,1
30793,27,30,6,314,14,6,1,3.0,0,0,0,0,0,5747216.659394,,3,6,0,False,5,403,0,0,0,0,0,0,0,0,0,0,0,0,0,0,0,0,0,0,0,0,0,0,0,0,0,0,0,0,0,0,0,0,0,0,0,0,0,0,0,0,0,0,0,0,0,0,0,0,0,0,0,0,0,0,0,0,0,0,0,0,0,0,0,0,0,0,0,0,0,0,0,0,0,0,0,0,0,0,0,0,0,0,0,0,0,0,0,0,0,0,0,0,0,0,0,0,0,0,0,0,0,0,0,0,0,0,0,0,0,0,0,0,0,0,0,0,0,0,0,0,0,0,0,0,0,0,0,0,0,0,0,0,0,0,0,0,0,0,0,0,0,0,0,0,0,0,0,0,0,0,0,0,0,0,784.4636111111112,4,0.3879132649175092,0.0,0.0,0.0,0.0,0.0,0.0,0.0,0.0,0.0,0.0,0.0,0.42335425272394306,0.0,0.4252242297545169,0.0,0.36508949337126506,0.0,0.0,0.0,0.3177444755462479,0.5051999011490608,0.0,15,28,22,1,0,1
30996,2,3,1,7,1,4,1,3.0,0,0,0,0,0,6204772.414675,,0,1,1,False,5,36,0,0,0,0,0,0,0,0,0,0,0,1,0,0,0,0,0,0,0,0,0,0,0,0,0,0,0,0,0,0,0,0,0,0,0,0,0,0,0,0,0,0,0,0,0,0,0,0,0,0,0,0,0,0,0,0,0,0,0,0,0,0,0,0,0,0,0,0,0,0,0,0,0,0,0,0,0,0,0,0,0,0,0,0,0,0,0,0,0,0,0,0,0,0,0,0,0,0,0,0,0,0,0,0,0,0,0,0,0,0,0,0,0,0,0,0,0,0,0,0,0,0,0,0,0,0,0,0,0,0,0,0,0,0,0,0,0,0,0,0,0,0,0,0,0,0,0,0,0,0,0,0,0,1,429.0397222222222,4,0.0,0.0,0.0,0.0,0.0,0.0,0.0,0.0,0.5506304092402349,0.0,0.0,0.0,0.0,0.0,0.0,0.0,0.48893390501569955,0.0,0.0,0.0,0.0,0.6765720870284485,0.0,37,33,36,0,5,0
30527,6,0,1,10,5,3,3,4.0,0,0,0,0,0,6254923.902784,,1,1,1,False,5,77,0,0,0,0,0,0,0,0,0,0,0,0,0,0,0,0,0,0,0,0,0,0,0,0,0,0,0,0,0,0,0,0,0,0,0,0,0,0,0,0,0,0,0,0,0,0,0,0,0,0,0,0,0,0,0,0,0,0,0,0,0,0,0,0,0,0,0,0,0,0,0,0,0,0,0,0,0,0,0,0,0,0,0,0,0,0,0,0,0,0,0,0,0,0,0,0,0,0,0,0,0,0,0,0,0,0,0,0,0,0,0,0,0,0,0,0,0,0,0,0,0,0,0,0,0,0,0,0,0,0,0,0,0,0,0,0,0,0,0,0,0,0,0,0,0,0,0,0,0,0,0,0,0,0,1985.1525,4,0.0,0.32504421263932615,0.0,0.0,0.0,0.0,0.0,0.0,0.0,0.0,0.0,0.26404196984867784,0.33419242739426724,0.0,0.6713371443143775,0.0,0.0,0.0,0.0,0.0,0.0,0.39880072114083664,0.3212599304952349,5,30,4,0,3,1
30859,14,14,1,6,2,6,2,2.0,0,2,0,0,0,6326840.08159,,3,1,0,False,5,14,0,0,0,0,0,0,0,0,0,0,0,0,0,0,0,0,0,0,0,0,0,0,0,0,0,0,0,0,0,0,0,0,0,0,0,0,0,0,0,0,0,0,0,0,0,0,0,0,0,0,0,0,0,0,0,0,0,0,0,0,0,0,0,0,0,0,0,0,0,0,0,0,0,0,0,0,0,0,0,0,0,0,0,0,0,0,0,0,0,0,0,0,0,0,0,0,0,0,0,0,0,0,0,0,0,0,0,0,0,0,0,0,0,0,0,0,0,0,0,0,0,0,0,0,0,0,0,0,0,0,0,0,0,0,0,0,0,0,0,0,0,0,0,0,0,0,0,0,0,0,0,0,0,0,846.0366666666666,4,0.0,0.0,0.0,0.0,0.0,0.0,0.0,0.0,0.0,0.0,0.8670716915071207,0.0,0.0,0.0,0.0,0.0,0.0,0.0,0.0,0.0,0.0,0.49818338168487764,0.0,26,30,37,0,1,1
30937,10,2,2,178,81,5,4,3.0,0,0,0,0,0,6667223.560424,,2,2,0,False,5,41,0,1,0,0,0,0,0,0,0,0,0,0,0,0,0,0,0,0,0,0,0,0,0,0,0,0,0,0,0,0,0,0,0,0,0,0,0,0,0,0,0,0,0,0,0,0,0,0,0,0,0,0,0,0,0,0,0,0,0,0,0,0,0,0,0,0,0,0,0,0,0,0,0,0,0,0,0,0,0,0,0,0,0,0,0,0,0,0,0,0,0,0,0,0,0,0,0,0,0,0,0,0,0,0,0,0,0,0,0,0,0,0,0,0,0,0,0,0,0,0,0,0,0,0,0,0,0,0,0,0,0,0,0,0,0,0,0,0,0,0,0,0,0,0,0,0,0,0,0,0,0,0,0,1,481.3383333333333,4,0.0,0.0,0.0,0.0,0.0,0.0,0.0,0.0,0.0,0.0,0.7036458341269343,0.0,0.0,0.0,0.0,0.0,0.5843249402764501,0.0,0.0,0.0,0.0,0.4042856716317486,0.0,42,35,35,7,4,1
30970,6,0,1,1,1,2,2,2.0,0,0,0,0,0,6686395.589204,,1,1,0,False,5,59,0,1,0,0,0,0,0,0,0,0,0,0,0,0,0,0,0,0,0,0,0,0,0,0,0,0,0,0,0,0,0,0,0,0,0,0,0,0,0,0,0,0,0,0,0,0,0,0,0,0,0,0,0,0,0,0,0,0,0,0,0,0,0,0,0,0,0,0,0,0,0,0,0,0,0,0,0,0,0,0,0,0,0,0,0,0,0,0,0,0,0,0,0,0,0,0,0,0,0,0,0,0,0,0,0,0,0,0,0,0,0,0,0,0,0,0,0,0,0,0,0,0,0,0,0,0,0,0,0,0,0,0,0,0,0,0,0,0,0,0,0,0,0,0,0,0,0,0,0,0,0,0,0,1,380.3355555555556,4,0.0,0.0,0.7267855478641795,0.0,0.0,0.0,0.0,0.0,0.0,0.0,0.0,0.0,0.0,0.0,0.0,0.0,0.0,0.0,0.0,0.0,0.5376655766559292,0.4274324450658977,0.0,42,31,36,0,2,1
30857,17,30,7,823,8,5,3,4.0,0,0,0,0,0,6765927.129325,,0,7,0,False,5,217,0,0,0,0,0,0,0,0,0,0,0,0,0,0,0,0,0,0,0,0,0,0,0,0,0,0,0,0,0,0,0,0,0,0,0,0,0,0,0,0,0,0,0,0,0,0,0,0,0,0,0,0,0,0,0,0,0,0,0,0,0,0,0,0,0,0,0,0,0,0,0,0,0,0,0,0,0,0,0,0,0,0,0,0,0,0,0,0,0,0,0,0,0,0,0,0,0,0,0,0,0,0,0,0,0,0,0,0,0,0,0,0,0,0,0,0,0,0,0,0,0,0,0,0,0,0,0,0,0,0,0,0,0,0,0,0,0,0,0,0,0,0,0,0,0,0,0,0,0,0,0,0,0,0,733.8830555555555,4,0.5211730971106754,0.0,0.0,0.0,0.0,0.0,0.0,0.0,0.0,0.0,0.2953360045841292,0.0,0.0,0.0,0.0,0.0,0.24525433800688928,0.0,0.0,0.0,0.213449612821903,0.6787512079481318,0.2733891318766787,25,36,36,0,1,1
30929,9,28,2,256,9,6,4,3.0,0,0,0,0,0,6769732.224898,,1,2,0,False,5,188,0,0,0,0,0,0,0,0,0,0,0,0,0,0,0,0,0,0,0,0,0,0,0,0,0,0,0,0,0,0,0,0,0,0,0,0,0,0,0,0,0,0,0,0,0,0,0,0,0,0,0,0,0,0,0,0,0,0,0,0,0,0,0,0,0,0,0,0,0,0,0,0,0,0,0,0,0,0,0,0,0,0,0,0,0,0,0,0,0,0,0,0,0,0,0,0,0,0,0,0,0,0,0,0,0,0,0,0,0,0,0,0,0,0,0,0,0,0,0,0,0,0,0,0,0,0,0,0,0,0,0,0,0,0,0,0,0,0,0,0,0,0,0,0,0,0,0,0,0,0,0,0,0,0,320.19666666666666,4,0.0,0.5875931300021796,0.0,0.23013715469845064,0.0,0.0,0.0,0.0,0.0,0.24639660843149713,0.0,0.47731736632235205,0.3020653295764379,0.0,0.30339956733218565,0.0,0.0,0.0,0.0,0.0,0.0,0.36046259996373087,0.0,41,35,33,10,3,1
30992,7,5,1,2,1,7,4,2.0,0,0,0,0,0,6818714.766892,,0,1,0,False,5,363,0,0,0,0,0,0,0,0,0,0,0,0,0,0,0,0,0,0,0,0,0,0,0,0,0,0,0,0,0,0,0,0,0,0,0,0,0,0,0,0,0,0,0,0,0,0,0,0,0,0,0,0,0,0,0,0,0,0,0,0,0,0,0,0,0,0,0,0,0,0,0,0,0,0,0,0,0,0,0,0,0,0,0,0,0,0,0,0,0,0,0,0,0,0,0,0,0,0,0,0,0,0,0,0,0,0,0,0,0,0,0,0,0,0,0,0,0,0,0,0,0,0,0,0,0,0,0,0,0,0,0,0,0,0,0,0,0,0,0,0,0,0,0,0,0,0,0,0,0,0,0,0,0,0,290.7730555555556,4,0.0,0.10198096346916029,0.0,0.639071018849036,0.0,0.10724414626372587,0.09808212268309557,0.0,0.0,0.2565832945318911,0.10888508216600476,0.16568364200560012,0.0,0.0,0.21062860413325726,0.1759597443060198,0.0,0.18342733374176726,0.0,0.17983588024464509,0.5508652784884541,0.0,0.1007936642523556,38,36,35,0,4,1
30967,6,30,7,201,20,5,6,4.0,0,0,0,0,0,6858553.933802,,0,7,0,False,5,26,0,0,0,0,0,0,0,0,0,0,0,0,0,0,0,0,0,0,0,0,0,0,0,0,0,0,0,0,0,0,0,0,0,0,0,0,0,0,0,0,0,0,0,0,0,0,0,0,0,0,0,0,0,0,0,0,0,0,0,0,0,0,0,0,0,0,0,0,0,0,0,0,0,0,0,0,0,0,0,0,0,0,0,0,0,0,0,0,0,0,0,0,0,0,0,0,0,0,0,0,0,0,0,0,0,0,0,0,0,0,0,0,0,0,0,0,0,0,0,0,0,0,0,0,0,0,0,0,0,0,0,0,0,0,0,0,0,0,0,0,0,0,0,0,0,0,0,0,0,0,0,0,0,0,319.12194444444447,4,0.0,0.0,0.0,0.0,0.0,0.0,0.0,0.0,0.0,0.0,0.0,0.0,0.0,0.0,0.0,0.0,0.0,0.0,0.0,0.0,0.0,0.0,0.0,41,37,36,14,2,1
30885,6,3,1,26,3,5,1,4.0,0,0,0,0,0,6902700.183516,,0,1,0,False,5,52,0,0,0,0,0,0,0,0,0,0,0,0,0,0,0,0,0,0,0,0,0,0,0,0,0,0,0,0,0,0,0,0,0,0,0,0,0,0,0,0,0,0,0,0,0,0,0,0,0,0,0,0,0,0,0,0,0,0,0,0,0,0,0,0,0,0,0,0,0,0,0,0,0,0,0,0,0,0,0,0,0,0,0,0,0,0,0,0,0,0,0,0,0,0,0,0,0,0,0,0,0,0,0,0,0,0,0,0,0,0,0,0,0,0,0,0,0,0,0,0,0,0,0,0,0,0,0,0,0,0,0,0,0,0,0,0,0,0,0,0,0,0,0,0,0,0,0,0,0,0,0,0,0,0,631.1475,4,0.0,0.0,0.0,0.4915272125692708,0.0,0.0,0.0,0.0,0.0,0.0,0.669972248453032,0.0,0.0,0.0,0.0,0.0,0.5563615601447242,0.0,0.0,0.0,0.0,0.0,0.0,33,38,34,3,3,1
30920,6,0,1,28,2,2,2,3.0,0,0,0,0,0,6936939.66804,,0,1,0,False,5,138,0,0,0,0,0,0,0,0,0,0,0,0,0,0,0,0,0,0,0,0,0,0,0,0,0,0,0,0,0,0,0,0,0,0,0,0,0,0,0,0,0,0,0,0,0,0,0,0,0,0,0,0,0,0,0,0,0,0,0,0,0,0,0,0,0,0,0,0,0,0,0,0,0,0,0,0,0,0,0,0,0,0,0,0,0,0,0,0,0,0,0,0,0,0,0,0,0,0,0,0,0,0,0,0,0,0,0,0,0,0,0,0,0,0,0,0,0,0,0,0,0,0,0,0,0,0,0,0,0,0,0,0,0,0,0,0,0,0,0,0,0,0,0,0,0,0,0,0,0,0,0,0,0,0,488.2397222222222,4,0.0,0.19613045789107153,0.0,0.0,0.0,0.0,0.0,0.0,0.1958414676499299,0.0,0.0,0.0,0.20165045633744713,0.0,0.0,0.0,0.0,0.0,0.0,0.0,0.9080809002910956,0.24063485828444062,0.0,42,37,36,9,2,1
30982,19,8,1,7,1,7,1,4.0,0,0,0,0,0,7031996.877313,,4,1,0,False,5,68,0,0,0,0,0,0,0,0,0,0,0,0,0,0,0,0,0,0,0,0,0,0,0,0,0,0,0,0,0,0,0,0,0,0,0,0,0,0,0,0,0,0,0,0,0,0,0,0,0,0,0,0,0,0,0,0,0,0,0,0,0,0,0,0,0,0,0,0,0,0,0,0,0,0,0,0,0,0,0,0,0,0,0,0,0,0,0,0,0,0,0,0,0,0,0,0,0,0,0,0,0,0,0,0,0,0,0,0,0,0,0,0,0,0,0,0,0,0,0,0,0,0,0,0,0,0,0,0,0,0,0,0,0,0,0,0,0,0,0,0,0,0,0,0,0,0,0,0,0,0,0,0,0,0,169.43083333333334,4,0.44750022821110785,0.0,0.0,0.0,0.0,0.0,0.0,0.0,0.0,0.0,0.0,0.0,0.0,0.0,0.0,0.0,0.4211705202601451,0.0,0.0,0.0,0.7331057645064133,0.29140157285483614,0.0,44,34,38,0,3,1
30558,8,3,4,21,5,5,2,3.0,0,0,0,0,0,7185156.393617,,2,4,1,False,5,5,0,0,0,0,0,0,0,0,0,0,0,1,0,0,0,0,0,0,0,0,0,0,0,0,0,0,0,0,0,0,0,0,0,0,0,0,0,0,0,0,0,0,0,0,0,0,0,0,0,0,0,0,0,0,0,0,0,0,0,0,0,0,0,0,0,0,0,0,0,0,0,0,0,0,0,0,0,0,0,0,0,0,0,0,0,0,0,0,0,0,0,0,0,0,0,0,0,0,0,0,0,0,0,0,0,0,0,0,0,0,0,0,0,0,0,0,0,0,0,0,0,0,0,0,0,0,0,0,0,0,0,0,0,0,0,0,0,0,0,0,0,0,0,0,0,0,0,0,0,0,0,0,0,1,555.6122222222223,4,0.0,0.0,0.0,0.0,0.0,0.0,0.0,0.0,0.0,0.0,0.0,0.0,0.0,0.0,0.0,0.0,0.0,0.0,0.0,0.0,0.0,0.0,0.0,8,3,7,0,2,1
30526,8,30,1,93,5,5,6,3.0,0,0,0,0,0,7364737.321399,,0,1,0,False,5,525,0,0,0,0,0,0,0,0,0,0,0,0,0,0,0,0,0,0,0,0,0,0,0,0,0,0,0,0,0,0,0,0,0,0,0,0,0,0,0,0,0,0,0,0,0,0,0,0,0,0,0,0,0,0,0,0,0,0,0,0,0,0,0,0,0,0,0,0,0,0,0,0,0,0,0,0,0,0,0,0,0,0,0,0,0,0,0,0,0,0,0,0,0,0,0,0,0,0,0,0,0,0,0,0,0,0,0,0,0,0,0,0,0,0,0,0,0,0,0,0,0,0,0,0,0,0,0,0,0,0,0,0,0,0,0,0,0,0,0,0,0,0,0,0,0,0,0,0,0,0,0,0,0,0,247.13555555555556,4,0.18818163740046673,0.0,0.0,0.1564704738231822,0.0,0.0,0.0,0.0,0.3989164822362775,0.0,0.21327583190331478,0.0,0.0,0.20421000481256707,0.0,0.0,0.17710953677988145,0.0,0.0,0.0,0.1541418690488988,0.12253943498555138,0.7897079073230885,4,2,3,0,3,1
30636,6,5,1,25,1,4,1,4.0,0,0,0,0,0,7365220.2285,,1,1,1,False,5,33,0,0,0,0,0,0,0,0,0,0,0,0,0,0,0,0,0,0,0,0,0,0,0,0,0,0,0,0,0,0,0,0,0,0,0,0,0,0,0,0,0,0,0,0,0,0,0,0,0,0,0,0,0,0,0,0,0,0,0,0,0,0,0,0,0,0,0,0,0,0,0,0,0,0,0,0,0,0,0,0,0,0,0,0,0,0,0,0,0,0,0,0,0,0,0,0,0,0,0,0,0,0,0,0,0,0,0,0,0,0,0,0,0,0,0,0,0,0,0,0,0,0,0,0,0,0,0,0,0,0,0,0,0,0,0,0,0,0,0,0,0,0,0,0,0,0,0,0,0,0,0,0,0,0,221.63,4,0.0,0.0,0.0,0.0,0.0,0.0,0.0,0.0,0.0,0.0,0.0,0.0,0.0,0.0,0.0,0.0,0.6687264300245294,0.0,0.0,0.0,0.5820055976685705,0.46268179785798624,0.0,9,1,11,1,0,1
30718,8,4,2,147,6,4,1,4.0,0,0,0,0,0,7516684.301913,,2,2,0,False,5,155,0,0,0,0,0,0,0,0,0,0,0,0,0,0,0,0,0,0,0,0,0,0,0,0,0,0,0,0,0,0,0,0,0,0,0,0,0,0,0,0,0,0,0,0,0,0,0,0,0,0,0,0,0,0,0,0,0,0,0,0,0,0,0,0,0,0,0,0,0,0,0,0,0,0,0,0,0,0,0,0,0,0,0,0,0,0,0,0,0,0,0,0,0,0,0,0,0,0,0,0,0,0,0,0,0,0,0,0,0,0,0,0,0,0,0,0,0,0,0,0,0,0,0,0,0,0,0,0,0,0,0,0,0,0,0,0,0,0,0,0,0,0,0,0,0,0,0,0,0,0,0,0,0,0,842.9236111111111,4,0.0,0.3163640607512635,0.0,0.0,0.0,0.0,0.0,0.0,0.0,0.0,0.33778193083740915,0.0,0.32526797676009644,0.0,0.0,0.0,0.28050248717514287,0.0,0.0,0.0,0.24412676150679627,0.38815093659471867,0.6253616721422263,10,39,19,3,0,1
30568,11,11,2,82,3,7,0,3.0,0,0,0,0,0,7533365.676187,,6,2,0,False,5,122,0,0,0,0,0,0,0,0,0,0,0,0,0,0,0,0,0,0,0,0,0,0,0,0,0,0,0,0,0,0,0,0,0,0,0,0,0,0,0,0,0,0,0,0,0,0,0,0,0,0,0,0,0,0,0,0,0,0,0,0,0,0,0,0,0,0,0,0,0,0,0,0,0,0,0,0,0,0,0,0,0,0,0,0,0,0,0,0,0,0,0,0,0,0,0,0,0,0,0,0,0,0,0,0,0,0,0,0,0,0,0,0,0,0,0,0,0,0,0,0,0,0,0,0,0,0,0,0,0,0,0,0,0,0,0,0,0,0,0,0,0,0,0,0,0,0,0,0,0,0,0,0,0,0,1199.9038888888888,4,0.0,0.247119175084387,0.0,0.19357375340701524,0.0,0.0,0.0,0.0,0.0,0.0,0.0,0.20074141067407353,0.0,0.0,0.0,0.0,0.2191068829854856,0.0,0.0,0.0,0.0,0.7579838480368222,0.4884842487550559,11,39,9,0,3,1
30561,5,0,1,84,7,2,0,4.0,0,0,0,0,0,7896161.575702,,3,1,0,False,5,40,0,0,0,0,0,0,0,0,0,0,0,0,0,0,0,0,0,0,0,0,0,0,0,0,0,0,0,0,0,0,0,0,0,0,0,0,0,0,0,0,0,0,0,0,0,0,0,0,0,0,0,0,0,0,0,0,0,0,0,0,0,0,0,0,0,0,0,0,0,0,0,0,0,0,0,0,0,0,0,0,0,0,0,0,0,0,0,0,0,0,0,0,0,0,0,0,0,0,0,0,0,0,0,0,0,0,0,0,0,0,0,0,0,0,0,0,0,0,0,0,0,0,0,0,0,0,0,0,0,0,0,0,0,0,0,0,0,0,0,0,0,0,0,0,0,0,0,0,0,0,0,0,0,0,1225.3269444444445,4,0.0,0.0,0.0,0.0,0.0,0.0,0.0,0.0,0.0,0.0,0.0,0.0,0.0,0.0,0.0,0.0,0.5773455115318367,0.0,0.0,0.0,0.5024750098302946,0.0,0.6435767435279862,10,38,9,0,2,1
30879,12,0,1,6,1,0,0,4.0,0,0,0,0,0,7905008.577758,,0,1,0,False,5,32,0,0,0,0,0,0,0,0,0,0,0,0,0,0,0,0,0,0,0,0,0,0,0,0,0,0,0,0,0,0,0,0,0,0,0,0,0,0,0,0,0,0,0,0,0,0,0,0,0,0,0,0,0,0,0,0,0,0,0,0,0,0,0,0,0,0,0,0,0,0,0,0,0,0,0,0,0,0,0,0,0,0,0,0,0,0,0,0,0,0,0,0,0,0,0,0,0,0,0,0,0,0,0,0,0,0,0,0,0,0,0,0,0,0,0,0,0,0,0,0,0,0,0,0,0,0,0,0,0,0,0,0,0,0,0,0,0,0,0,0,0,0,0,0,0,0,0,0,0,0,0,0,0,0,356.24916666666667,4,0.0,0.0,0.0,0.0,0.0,0.0,0.0,0.0,0.0,0.0,0.0,0.0,0.0,0.0,0.0,0.0,0.0,0.0,0.0,0.0,1.0,0.0,0.0,29,43,36,0,3,1
30661,26,20,4,238,9,6,4,3.0,0,0,0,0,0,8001638.086071,,0,4,0,False,5,162,0,0,0,0,0,0,0,0,0,0,0,0,0,0,0,0,0,0,0,0,0,0,0,0,0,0,0,0,0,0,0,0,0,0,0,0,0,0,0,0,0,0,0,0,0,0,0,0,0,0,0,0,0,0,0,0,0,0,0,0,0,0,0,0,0,0,0,0,0,0,0,0,0,0,0,0,0,0,0,0,0,0,0,0,0,0,0,0,0,0,0,0,0,0,0,0,0,0,0,0,0,0,0,0,0,0,0,0,0,0,0,0,0,0,0,0,0,0,0,0,0,0,0,0,0,0,0,0,0,0,0,0,0,0,0,0,0,0,0,0,0,0,0,0,0,0,0,0,0,0,0,0,0,0,770.3966666666666,4,0.0,0.0,0.0,0.13735737806906526,0.0,0.0,0.0,0.0,0.0,0.0,0.0,0.0,0.1802877146480464,0.0,0.0,0.0,0.3109506989874908,0.0,0.0,0.0,0.4059396472553868,0.752997454528728,0.346621969435862,7,25,14,0,3,1
30828,4,16,6,54,4,4,1,3.0,0,0,0,0,0,8132194.80784,,1,6,0,False,5,63,0,0,0,0,0,0,0,0,0,0,0,0,0,0,0,0,0,0,0,0,0,0,0,0,0,0,0,0,0,0,0,0,0,0,0,0,0,0,0,0,0,0,0,0,0,0,0,0,0,0,0,0,0,0,0,0,0,0,0,0,0,0,0,0,0,0,0,0,0,0,0,0,0,0,0,0,0,0,0,0,0,0,0,0,0,0,0,0,0,0,0,0,0,0,0,0,0,0,0,0,0,0,0,0,0,0,0,0,0,0,0,0,0,0,0,0,0,0,0,0,0,0,0,0,0,0,0,0,0,0,0,0,0,0,0,0,0,0,0,0,0,0,0,0,0,0,0,0,0,0,0,0,0,0,354.77444444444444,4,0.0,0.0,0.0,0.0,0.0,0.0,0.0,0.0,0.0,0.0,0.0,0.0,0.0,0.0,0.0,0.0,0.5361522348301954,0.0,0.0,0.0,0.46662370120804353,0.3709556984725618,0.5976579057690341,22,40,30,0,3,1
30678,11,19,4,74,3,4,1,3.0,0,0,0,0,0,8145183.835557,,2,4,0,False,5,136,0,0,0,0,0,0,0,0,0,0,0,0,0,0,0,0,0,0,0,0,0,0,0,0,0,0,0,0,0,0,0,0,0,0,0,0,0,0,0,0,0,0,0,0,0,0,0,0,0,0,0,0,0,0,0,0,0,0,0,0,0,0,0,0,0,0,0,0,0,0,0,0,0,0,0,0,0,0,0,0,0,0,0,0,0,0,0,0,0,0,0,0,0,0,0,0,0,0,0,0,0,0,0,0,0,0,0,0,0,0,0,0,0,0,0,0,0,0,0,0,0,0,0,0,0,0,0,0,0,0,0,0,0,0,0,0,0,0,0,0,0,0,0,0,0,0,0,0,0,0,0,0,0,0,836.4688888888888,4,0.0,0.0,0.0,0.41164514337805613,0.0,0.0,0.0,0.0,0.26236904080636375,0.0,0.0,0.0,0.0,0.0,0.0,0.0,0.0,0.0,0.0,0.0,0.8110380218685663,0.3223787980670117,0.0,8,45,16,0,0,1
30765,7,30,3,107,7,5,0,4.0,0,0,0,0,0,8477425.071836,,0,3,0,False,5,94,0,0,0,0,0,0,0,0,0,0,0,0,0,0,0,0,0,0,0,0,0,0,0,0,0,0,0,0,0,0,0,0,0,0,0,0,0,0,0,0,0,0,0,0,0,0,0,0,0,0,0,0,0,0,0,0,0,0,0,0,0,0,0,0,0,0,0,0,0,0,0,0,0,0,0,0,0,0,0,0,0,0,0,0,0,0,0,0,0,0,0,0,0,0,0,0,0,0,0,0,0,0,0,0,0,0,0,0,0,0,0,0,0,0,0,0,0,0,0,0,0,0,0,0,0,0,0,0,0,0,0,0,0,0,0,0,0,0,0,0,0,0,0,0,0,0,0,0,0,0,0,0,0,0,510.48305555555555,4,0.0,0.0,0.0,0.0,0.0,0.0,0.0,0.0,0.0,0.6871765683482421,0.0,0.0,0.0,0.0,0.0,0.0,0.726490443098279,0.0,0.0,0.0,0.0,0.0,0.0,15,45,22,4,4,1
30826,2,0,1,2,1,2,0,4.0,0,0,0,0,0,8482337.485525,,1,1,0,False,5,67,0,0,0,0,0,0,0,0,0,0,0,0,0,0,0,0,0,0,0,0,0,0,0,0,0,0,0,0,0,0,0,0,0,0,0,0,0,0,0,0,0,0,0,0,0,0,0,0,0,0,0,0,0,0,0,0,0,0,0,0,0,0,0,0,0,0,0,0,0,0,0,0,0,0,0,0,0,0,0,0,0,0,0,0,0,0,0,0,0,0,0,0,0,0,0,0,0,0,0,0,0,0,0,0,0,0,0,0,0,0,0,0,0,0,0,0,0,0,0,0,0,0,0,0,0,0,0,0,0,0,0,0,0,0,0,0,0,0,0,0,0,0,0,0,0,0,0,0,0,0,0,0,0,0,356.9477777777778,4,0.0,0.0,0.0,0.0,0.0,0.0,0.0,0.0,0.0,0.0,0.0,0.0,0.0,0.0,0.0,0.0,0.8223548294979172,0.0,0.0,0.0,0.0,0.5689749857431797,0.0,20,43,28,0,3,1
30679,10,4,4,119,3,3,5,3.0,0,0,0,0,0,8483636.543553,,0,4,0,False,5,72,0,0,0,0,0,0,0,0,0,0,0,0,0,0,0,0,0,0,0,0,0,0,0,0,0,0,0,0,0,0,0,0,0,0,0,0,0,0,0,0,0,0,0,0,0,0,0,0,0,0,0,0,0,0,0,0,0,0,0,0,0,0,0,0,0,0,0,0,0,0,0,0,0,0,0,0,0,0,0,0,0,0,0,0,0,0,0,0,0,0,0,0,0,0,0,0,0,0,0,0,0,0,0,0,0,0,0,0,0,0,0,0,0,0,0,0,0,0,0,0,0,0,0,0,0,0,0,0,0,0,0,0,0,0,0,0,0,0,0,0,0,0,0,0,0,0,0,0,0,0,0,0,0,0,759.3616666666667,4,0.831434098437011,0.0,0.0,0.34566307619679254,0.0,0.0,0.0,0.0,0.0,0.0,0.0,0.0,0.0,0.0,0.0,0.0,0.0,0.0,0.0,0.0,0.34051889359250814,0.27070511782553963,0.0,9,41,17,0,1,1
30856,17,3,2,20,2,4,6,3.0,0,0,0,0,0,8504396.943875,,0,2,0,False,5,46,0,1,0,0,0,0,0,0,0,0,0,0,0,0,0,0,0,0,0,0,0,0,0,0,0,0,0,0,0,0,0,0,0,0,0,0,0,0,0,0,0,0,0,0,0,0,0,0,0,0,0,0,0,0,0,0,0,0,0,0,0,0,0,0,0,0,0,0,0,0,0,0,0,0,0,0,0,0,0,0,0,0,0,0,0,0,0,0,0,0,0,0,0,0,0,0,0,0,0,0,0,0,0,0,0,0,0,0,0,0,0,0,0,0,0,0,0,0,0,0,0,0,0,0,0,0,0,0,0,0,0,0,0,0,0,0,0,0,0,0,0,0,0,0,0,0,0,0,0,0,0,0,0,1,252.0036111111111,4,0.0,0.0,0.0,0.0,0.0,0.0,0.0,0.0,0.0,0.0,0.0,0.0,0.0,0.0,0.0,0.0,0.0,0.0,0.0,0.0,0.0,0.0,0.0,24,37,35,5,0,1
30869,4,11,5,26,11,3,2,3.0,0,0,0,0,0,8590590.533579,,0,5,0,False,5,52,0,0,0,0,0,0,0,0,0,0,0,0,0,0,0,0,0,0,0,0,0,0,0,0,0,0,0,0,0,0,0,0,0,0,0,0,0,0,0,0,0,0,0,0,0,0,0,0,0,0,0,0,0,0,0,0,0,0,0,0,0,0,0,0,0,0,0,0,0,0,0,0,0,0,0,0,0,0,0,0,0,0,0,0,0,0,0,0,0,0,0,0,0,0,0,0,0,0,0,0,0,0,0,0,0,0,0,0,0,0,0,0,0,0,0,0,0,0,0,0,0,0,0,0,0,0,0,0,0,0,0,0,0,0,0,0,0,0,0,0,0,0,0,0,0,0,0,0,0,0,0,0,0,0,190.61916666666667,4,0.0,0.0,0.0,0.0,0.0,0.0,0.0,0.0,0.0,0.0,0.0,0.0,0.0,0.0,0.0,0.0,0.0,0.0,0.0,0.0,0.0,0.0,0.0,29,34,41,6,2,1
30639,7,0,1,2,1,1,1,2.0,0,0,0,0,0,8600592.883278,,0,1,0,False,5,29,0,0,0,0,0,0,0,0,0,0,0,0,0,0,0,0,0,0,0,0,0,0,0,0,0,0,0,0,0,0,0,0,0,0,0,0,0,0,0,0,0,0,0,0,0,0,0,0,0,0,0,0,0,0,0,0,0,0,0,0,0,0,0,0,0,0,0,0,0,0,0,0,0,0,0,0,0,0,0,0,0,0,0,0,0,0,0,0,0,0,0,0,0,0,0,0,0,0,0,0,0,0,0,0,0,0,0,0,0,0,0,0,0,0,0,0,0,0,0,0,0,0,0,0,0,0,0,0,0,0,0,0,0,0,0,0,0,0,0,0,0,0,0,0,0,0,0,0,0,0,0,0,0,0,888.4788888888888,4,0.0,0.0,0.0,0.0,0.0,0.0,0.0,0.0,0.0,0.0,0.0,0.0,0.0,0.0,0.9725484670478801,0.0,0.0,0.0,0.0,0.0,0.0,0.0,0.23270040662366331,10,33,12,3,0,1
30546,14,30,4,186,8,4,1,3.0,0,2,0,0,0,8677558.897197,,2,4,0,False,5,228,0,0,0,0,0,0,0,0,0,0,0,1,0,0,0,0,0,0,0,0,0,0,0,0,0,0,0,0,0,0,0,0,0,0,0,0,0,0,0,0,0,0,0,0,0,0,0,0,0,0,0,0,0,0,0,0,0,0,0,0,0,0,0,0,0,0,0,0,0,0,0,0,0,0,0,0,0,0,0,0,0,0,0,0,0,0,0,0,0,0,0,0,0,0,0,0,0,0,0,0,0,0,0,0,0,0,0,0,0,0,0,0,0,0,0,0,0,0,0,0,0,0,0,0,0,0,0,0,0,0,0,0,0,0,0,0,0,0,0,0,0,0,0,0,0,0,0,0,0,0,0,0,0,1,1062.5697222222223,4,0.0,0.0,0.0,0.0,0.0,0.0,0.0,0.0,0.0,0.4575246701203384,0.29123648554311105,0.22157820267852613,0.0,0.0,0.0,0.0,0.0,0.49061571125097797,0.0,0.48100959925026593,0.0,0.3346647772243514,0.26959425440038165,6,20,5,1,1,1
30827,7,3,10,946,37,6,3,3.0,0,0,0,0,0,8747657.089837,,1,10,1,False,5,12,0,0,0,0,0,0,0,0,0,0,0,0,0,0,0,0,0,0,0,0,0,0,0,0,0,0,0,0,0,0,0,0,0,0,0,0,0,0,0,0,0,0,0,0,0,0,0,0,0,0,0,0,0,0,0,0,0,0,0,0,0,0,0,0,0,0,0,0,0,0,0,0,0,0,0,0,0,0,0,0,0,0,0,0,0,0,0,0,0,0,0,0,0,0,0,0,0,0,0,0,0,0,0,0,0,0,0,0,0,0,0,0,0,0,0,0,0,0,0,0,0,0,0,0,0,0,0,0,0,0,0,0,0,0,0,0,0,0,0,0,0,0,0,0,0,0,0,0,0,0,0,0,0,0,281.73,4,0.0,0.0,0.0,0.0,0.0,0.0,0.0,0.0,0.0,0.0,0.0,0.0,0.0,0.0,0.0,0.0,0.0,0.0,0.0,0.0,0.0,0.0,0.0,21,30,29,1,3,1
30814,8,11,2,45,2,5,5,3.0,0,0,0,0,0,8943364.594967,,0,2,0,False,5,96,0,0,0,0,0,0,0,0,0,0,0,0,0,0,0,0,0,0,0,0,0,0,0,0,0,0,0,0,0,0,0,0,0,0,0,0,0,0,0,0,0,0,0,0,0,0,0,0,0,0,0,0,0,0,0,0,0,0,0,0,0,0,0,0,0,0,0,0,0,0,0,0,0,0,0,0,0,0,0,0,0,0,0,0,0,0,0,0,0,0,0,0,0,0,0,0,0,0,0,0,0,0,0,0,0,0,0,0,0,0,0,0,0,0,0,0,0,0,0,0,0,0,0,0,0,0,0,0,0,0,0,0,0,0,0,0,0,0,0,0,0,0,0,0,0,0,0,0,0,0,0,0,0,0,192.15305555555557,4,0.39412074014057646,0.0,0.0,0.0,0.0,0.0,0.0,0.0,0.0,0.35085884593569855,0.0,0.0,0.0,0.4276899667397623,0.0,0.0,0.0,0.0,0.0,0.0,0.32282909403600035,0.5132842234775217,0.41348384096942375,17,17,26,0,2,1
30733,8,2,1,5,1,2,1,3.0,0,0,0,0,0,9119625.427818,,0,1,0,False,5,11,0,0,0,0,0,0,0,0,0,0,0,0,0,0,0,0,0,0,0,0,0,0,0,0,0,0,0,0,0,0,0,0,0,0,0,0,0,0,0,0,0,0,0,0,0,0,0,0,0,0,0,0,0,0,0,0,0,0,0,0,0,0,0,0,0,0,0,0,0,0,0,0,0,0,0,0,0,0,0,0,0,0,0,0,0,0,0,0,0,0,0,0,0,0,0,0,0,0,0,0,0,0,0,0,0,0,0,0,0,0,0,0,0,0,0,0,0,0,0,0,0,0,0,0,0,0,0,0,0,0,0,0,0,0,0,0,0,0,0,0,0,0,0,0,0,0,0,0,0,0,0,0,0,0,358.09694444444443,4,0.0,0.0,0.0,0.0,0.0,0.0,0.0,0.0,0.0,0.0,0.0,0.0,0.0,1.0,0.0,0.0,0.0,0.0,0.0,0.0,0.0,0.0,0.0,13,14,19,2,2,1
30618,12,30,3,118,5,3,0,3.0,0,0,0,0,0,9176160.205632,,1,3,0,False,5,74,0,0,0,0,0,0,0,0,0,0,0,1,0,0,0,0,0,0,0,0,0,0,0,0,0,0,0,0,0,0,0,0,0,0,0,0,0,0,0,0,0,0,0,0,0,0,0,0,0,0,0,0,0,0,0,0,0,0,0,0,0,0,0,0,0,0,0,0,0,0,0,0,0,0,0,0,0,0,0,0,0,0,0,0,0,0,0,0,0,0,0,0,0,0,0,0,0,0,0,0,0,0,0,0,0,0,0,0,0,0,0,0,0,0,0,0,0,0,0,0,0,0,0,0,0,0,0,0,0,0,0,0,0,0,0,0,0,0,0,0,0,0,0,0,0,0,0,0,0,0,0,0,0,1,818.9319444444444,4,0.0,0.0,0.0,0.0,0.0,0.0,0.0,0.0,0.0,0.0,0.0,0.0,0.0,0.0,0.0,0.0,0.0,0.0,0.0,0.0,0.9196881325341663,0.0,0.39264963883316845,7,19,9,0,4,1
30509,14,30,4,377,21,6,4,4.0,0,0,0,0,0,9186830.827729,,1,4,0,False,5,217,0,0,0,0,0,0,0,0,0,0,0,1,0,0,0,0,0,0,0,0,0,0,0,0,0,0,0,0,0,0,0,0,0,0,0,0,0,0,0,0,0,0,0,0,0,0,0,0,0,0,0,0,0,0,0,0,0,0,0,0,0,0,0,0,0,0,0,0,0,0,0,0,0,0,0,0,0,0,0,0,0,0,0,0,0,0,0,0,0,0,0,0,0,0,0,0,0,0,0,0,0,0,0,0,0,0,0,0,0,0,0,0,0,0,0,0,0,0,0,0,0,0,0,0,0,0,0,0,0,0,0,0,0,0,0,0,0,0,0,0,0,0,0,0,0,0,0,0,0,0,0,0,0,1,1158.6719444444445,4,0.15452585076318023,0.0,0.0,0.0,0.0,0.0,0.0,0.0,0.0,0.0,0.0,0.0,0.16864382322756938,0.167687587183981,0.0,0.0,0.7271698298315494,0.0,0.0,0.0,0.0,0.6037414926798201,0.16211768576258587,2,8,2,0,1,1
30807,11,14,2,158,7,6,2,2.0,0,0,0,0,0,9187485.840633,,3,2,1,False,5,187,0,0,0,0,0,0,0,0,0,0,0,1,0,0,0,0,0,0,0,0,0,0,0,0,0,0,0,0,0,0,0,0,0,0,0,0,0,0,0,0,0,0,0,0,0,0,0,0,0,0,0,0,0,0,0,0,0,0,0,0,0,0,0,0,0,0,0,0,0,0,0,0,0,0,0,0,0,0,0,0,0,0,0,0,0,0,0,0,0,0,0,0,0,0,0,0,0,0,0,0,0,0,0,0,0,0,0,0,0,0,0,0,0,0,0,0,0,0,0,0,0,0,0,0,0,0,0,0,0,0,0,0,0,0,0,0,0,0,0,0,0,0,0,0,0,0,0,0,0,0,0,0,0,1,186.00194444444443,4,0.0,0.0,0.0,0.0,0.0,0.0,0.0,0.0,0.0,0.17432219541084715,0.0,0.0,0.0,0.0,0.0,0.0,0.0,0.0,0.0,0.7330809010403193,0.16039577473034294,0.6375557702395209,0.0,15,7,24,0,1,1
30803,11,11,7,42,6,4,1,4.0,0,0,0,0,0,9197422.078677,,2,7,0,False,5,20,0,1,0,0,0,0,0,0,0,0,0,0,0,0,0,0,0,0,0,0,0,0,0,0,0,0,0,0,0,0,0,0,0,0,0,0,0,0,0,0,0,0,0,0,0,0,0,0,0,0,0,0,0,0,0,0,0,0,0,0,0,0,0,0,0,0,0,0,0,0,0,0,0,0,0,0,0,0,0,0,0,0,0,0,0,0,0,0,0,0,0,0,0,0,0,0,0,0,0,0,0,0,0,0,0,0,0,0,0,0,0,0,0,0,0,0,0,0,0,0,0,0,0,0,0,0,0,0,0,0,0,0,0,0,0,0,0,0,0,0,0,0,0,0,0,0,0,0,0,0,0,0,0,1,208.1338888888889,4,0.0,0.0,0.0,0.0,0.0,0.0,0.0,0.0,0.0,0.0,0.7036458341269343,0.0,0.0,0.0,0.0,0.0,0.5843249402764501,0.0,0.0,0.0,0.0,0.4042856716317486,0.0,14,12,23,3,1,1
158219,3,24,16,797,5,3,1,66402.0,0,0,0,0,0,272214.34057,,0,16,0,False,6,155,0,0,0,0,0,0,0,0,0,0,0,0,0,0,0,0,0,0,0,0,0,1,1,1,0,0,0,0,0,0,0,0,0,0,0,0,0,0,0,0,0,0,0,0,0,0,0,0,0,0,0,0,0,0,0,0,0,0,0,0,0,0,0,0,0,0,0,0,0,0,0,0,0,0,0,0,0,0,0,0,0,0,0,0,0,0,0,0,0,0,0,0,0,0,0,0,0,0,0,0,0,0,0,0,0,0,0,0,0,0,0,0,0,0,0,0,0,0,0,0,0,0,0,0,0,0,0,0,0,0,0,0,0,0,0,0,0,0,0,0,0,0,0,0,0,0,0,0,0,0,0,0,0,3,377.25166666666667,4,0.0,0.5582611520524747,0.0,0.0,0.0,0.0,0.0,0.0,0.0,0.4681935423046211,0.0,0.0,0.0,0.0,0.0,0.0,0.0,0.0,0.0,0.0,0.0,0.684937437327888,0.0,134,181,55,0,1,1
159962,0,29,3,92,2,2,1,,0,0,0,0,0,279557.210489,,1,3,0,False,6,177,0,0,0,0,0,0,0,0,0,0,0,0,0,0,0,0,0,0,0,0,0,1,0,0,0,0,0,0,0,0,0,0,0,0,0,0,0,0,0,0,0,0,0,0,0,0,0,0,0,0,0,0,0,0,0,0,0,0,0,0,0,0,0,0,0,0,0,0,0,0,0,0,0,0,0,0,0,0,0,0,0,0,0,0,0,0,0,0,0,0,0,0,0,0,0,0,0,0,0,0,0,0,0,0,0,0,0,0,0,0,0,0,0,0,0,0,0,0,0,0,0,0,0,0,0,0,0,0,0,0,0,0,0,0,0,0,0,0,0,0,0,0,0,0,0,0,0,0,0,0,0,0,0,1,269.8802777777778,4,0.0,0.0,0.0,0.28432512566366797,0.12891235848198138,0.0,0.0,0.11655195224638132,0.12081297317612914,0.30441302164868844,0.38754709578919366,0.09828437621533366,0.0,0.1236911430453513,0.3748378666671981,0.0,0.32182871356342196,0.0,0.3500062876731859,0.0,0.4668229647050042,0.14844564344833314,0.0,92,166,23,0,0,1
159996,0,0,1,3,1,2,1,,1,0,0,0,0,525108.0822,,0,1,0,False,6,186,0,0,0,0,0,0,0,0,0,0,0,0,0,0,0,0,0,0,0,0,0,0,0,0,0,0,0,0,0,0,0,0,0,0,0,0,0,0,0,0,0,0,0,0,0,0,0,0,0,0,0,0,0,0,0,0,0,0,0,0,0,0,0,0,0,0,0,0,0,0,0,0,0,0,0,0,0,0,0,0,0,0,0,0,0,0,0,0,0,0,0,0,0,0,0,0,0,0,0,0,0,0,0,0,0,0,0,0,0,0,0,0,0,0,0,0,0,0,0,0,0,0,0,0,0,0,0,0,0,0,0,0,0,0,0,0,0,0,0,0,0,0,0,0,0,0,0,0,0,0,0,0,0,0,247.75833333333333,4,0.0,0.0,0.0,0.2804883229495736,0.12717276094993263,0.0,0.0,0.11497915122969982,0.119182672152616,0.3003051444255936,0.3823173724381793,0.09695808554532746,0.0,0.1220220027882668,0.3697796469941492,0.0,0.31748582167586403,0.0,0.3452831557608726,0.0,0.46052345946852197,0.21966368334211134,0.0,93,165,22,5,0,1
157151,3,21,18,81,2,4,2,120901.0,0,2,0,0,0,683723.34548,,0,18,0,False,6,202,0,0,0,0,0,0,0,0,0,0,0,0,0,0,0,0,0,0,0,0,0,1,1,0,0,0,0,0,0,0,0,0,0,0,1,0,0,0,0,0,0,0,0,0,0,0,0,0,0,0,0,0,0,0,0,0,0,0,0,0,0,0,0,0,0,0,0,0,0,0,0,0,0,0,0,0,0,0,0,0,0,0,0,0,0,0,0,0,0,0,0,0,0,0,0,0,0,0,0,0,0,0,0,0,0,0,0,0,0,0,0,0,0,0,0,0,0,0,0,0,0,0,0,0,0,1,0,0,0,0,0,0,0,0,0,0,0,0,0,0,0,0,0,0,0,0,0,0,0,0,0,0,0,4,266.3722222222222,4,0.1037291502626541,0.0,0.0,0.25874813581837763,0.11731581007237527,0.0,0.0,0.10606730692319316,0.10994501987480736,0.3693719842103638,0.3526845836899381,0.08944302430687125,0.0,0.11256427867753026,0.3411186366589501,0.0,0.3905040259479392,0.0,0.31852082804414694,0.0,0.424829045947602,0.202637913671679,0.1088253499569661,15,27,30,0,4,1
157755,27,30,33,1213,11,4,0,1324376.0,0,0,0,0,0,693831.494614,,0,33,0,False,6,228,0,0,0,0,0,0,0,0,0,0,0,0,0,0,0,0,0,0,0,0,0,1,0,0,0,0,0,0,0,0,0,0,0,0,0,0,0,0,0,0,0,0,0,0,0,0,0,0,0,0,0,0,0,0,0,0,0,0,0,0,0,0,0,0,0,0,0,0,0,0,0,0,0,0,0,0,0,0,0,0,0,0,0,0,0,0,0,0,0,0,0,0,0,0,0,0,0,0,0,0,0,0,0,0,0,0,0,0,0,0,0,0,0,0,0,0,0,0,0,0,0,0,0,0,0,0,0,0,0,0,0,0,0,0,0,0,0,0,0,0,0,0,0,0,0,0,0,0,0,0,0,0,0,1,723.3736111111111,4,0.0,0.0,0.0,0.25022410579748394,0.22690206890512873,0.0,0.0,0.10257309466311618,0.10632306276544896,0.35720363419567525,0.3410659725267272,0.08649647158315829,0.0,0.21771206882506386,0.32988104651991157,0.0,0.2832296367877845,0.0,0.30802768539041975,0.0,0.4108337546194093,0.2612831230070763,0.21048055704790927,43,174,46,0,0,1
159538,0,0,1,1,1,1,1,,0,0,0,0,0,856587.549822,,0,1,0,False,6,35,0,0,0,0,0,0,0,0,0,0,0,0,0,0,0,0,0,0,0,0,0,0,0,0,0,0,0,0,0,0,0,0,0,0,0,0,1,1,0,0,0,0,0,0,0,0,0,0,0,0,0,0,0,0,0,0,0,0,0,0,0,0,0,0,0,0,0,0,0,0,0,0,0,0,0,0,0,0,0,0,0,0,0,0,0,0,0,0,0,0,0,0,0,0,0,0,0,0,0,0,0,0,0,0,0,0,0,0,0,0,0,0,0,0,0,0,0,0,0,0,0,0,0,0,0,0,0,0,0,0,0,0,0,0,0,0,0,0,0,0,0,0,0,0,0,0,0,0,0,0,0,0,0,2,466.895,4,0.0,0.0,0.0,0.0,0.0,0.0,0.0,0.0,0.0,0.0,0.0,0.0,0.0,0.0,0.0,0.0,0.0,0.0,0.0,0.0,0.7985655638018686,0.3174211315556199,0.5114067515703655,180,174,45,11,2,1
154675,4,5,3,47,2,3,3,451916.0,0,1,0,0,0,883516.684568,,1,3,0,False,6,167,0,0,0,0,0,0,0,0,0,0,0,0,0,0,0,0,0,0,0,0,0,1,0,0,0,0,0,0,0,1,0,0,0,0,1,0,0,0,0,0,0,0,0,0,0,0,0,0,0,0,0,0,0,0,0,0,0,0,0,0,0,0,0,0,0,0,0,0,0,0,0,0,0,0,0,0,0,0,0,0,0,0,0,0,0,0,0,0,0,0,0,0,0,0,0,0,0,0,0,0,0,0,0,0,0,0,0,0,0,0,0,0,0,0,0,0,0,0,0,0,0,0,0,0,0,1,0,0,0,0,0,0,0,0,0,0,0,0,0,0,0,0,0,0,0,0,0,0,0,0,0,0,0,4,461.5913888888889,4,0.0,0.0,0.0,0.19595883787465698,0.13327093004977217,0.0,0.0,0.12049261419077195,0.12489770171656113,0.3147053315299688,0.40065019756141645,0.20321481015196924,0.0,0.12787318350767335,0.2583408433288026,0.0,0.44361313870786556,0.0,0.36184012169782354,0.0,0.3860851288887017,0.23019696323717612,0.0,5,0,10,0,3,1
155575,4,22,36,543,8,2,1,4915672.0,0,0,0,0,0,1109691.506143,,0,36,0,False,6,397,0,0,0,0,0,0,0,0,0,0,0,0,0,0,0,0,0,0,0,0,0,1,0,1,0,0,0,0,0,0,0,0,0,1,0,1,0,0,0,0,0,0,0,0,0,0,0,0,0,0,0,0,0,0,0,0,0,0,0,0,0,0,0,0,0,0,0,0,0,0,0,0,0,0,0,0,0,0,0,0,0,0,0,0,0,0,0,0,0,0,0,0,0,0,0,0,0,0,0,0,0,0,0,0,0,0,0,0,0,0,0,0,0,0,0,0,0,0,0,0,0,0,0,0,0,0,0,0,0,0,0,0,0,0,0,0,0,0,0,0,0,0,0,0,0,0,0,0,0,0,0,0,0,4,1920.338888888889,4,0.15662048284478436,0.0,0.0,0.1953417041614992,0.0885674796927248,0.0,0.0,0.08007543097717552,0.08300290735810346,0.20914281943604088,0.26625895251991294,0.06752494172837893,0.0,0.16996062951358223,0.257527249792359,0.0,0.5896214221550254,0.0,0.24046705173075994,0.0,0.32072435826536405,0.40795022808992776,0.16431522684659614,4,140,16,0,0,1
159452,1,10,5,405,2,5,3,20.0,0,0,0,0,0,1120663.152221,,0,5,0,False,6,186,0,0,0,0,0,0,0,0,0,0,0,0,0,0,0,0,0,0,1,0,0,0,0,0,0,0,0,0,0,0,0,0,0,0,0,0,0,0,0,0,0,0,0,0,0,0,0,0,0,0,0,0,0,0,0,0,0,0,0,0,0,0,0,0,0,0,0,0,0,0,0,0,0,0,0,0,0,0,0,0,0,0,0,0,0,0,0,0,0,0,0,0,0,0,0,0,0,0,0,0,0,0,0,0,0,0,0,0,0,0,0,0,0,0,0,0,0,0,0,0,0,0,0,0,0,0,0,0,0,0,0,0,0,0,0,0,0,0,0,0,0,0,0,0,0,0,0,0,0,0,0,0,0,1,427.8441666666667,4,0.0,0.0,0.0,0.2746013987634372,0.1245036430544668,0.0,0.0,0.11256595434806976,0.11668125124537297,0.39200306973182864,0.3742932473590363,0.0949231170559587,0.0,0.11946098965267116,0.3620186652729166,0.0,0.3108223893349924,0.0,0.33803630947743707,0.0,0.45085793520241607,0.14336890289277598,0.0,189,150,45,4,0,1
159756,5,16,19,396,42,3,1,663867.0,0,0,0,0,0,1189633.498225,,2,19,0,False,6,545,0,0,0,0,0,1,0,0,0,0,0,0,0,0,0,0,0,0,1,0,0,1,0,0,0,1,1,0,0,0,0,0,1,0,0,0,0,0,1,0,0,0,0,0,0,0,0,0,0,0,0,0,0,0,0,0,0,0,0,0,0,0,0,0,0,1,0,0,0,0,0,0,0,0,0,0,0,0,0,0,0,0,0,0,0,0,0,0,0,0,0,0,0,0,0,0,0,0,0,0,0,0,0,0,0,0,0,0,0,0,0,0,0,0,0,0,0,0,0,0,0,0,0,0,0,0,0,0,0,0,0,0,0,0,0,0,0,0,0,0,0,0,0,0,0,0,0,0,0,0,0,0,0,8,216.6925,4,0.15199813033238496,0.0,0.0,0.2527687589701788,0.08595358076431792,0.0,0.0,0.07771215854412071,0.08055323608654053,0.33828395185307036,0.3445344417468383,0.06553207286232442,0.0,0.3298891364264487,0.3332357706739392,0.0,0.21458245469472664,0.0,0.2333701288983964,0.0,0.43576231340942934,0.296932770918877,0.23919866813246804,116,141,36,4,1,1
159385,3,1,4,26,2,3,3,24.0,0,0,0,0,0,1287086.314716,,0,4,0,False,6,250,0,0,0,0,0,0,0,0,0,0,0,0,0,0,0,0,0,0,0,0,0,1,0,1,0,0,0,1,0,0,0,0,0,0,0,0,0,0,0,0,0,1,0,0,0,0,0,0,0,0,0,0,0,0,0,0,0,0,0,0,0,0,0,0,0,0,0,0,0,0,0,0,0,0,0,0,0,0,0,0,0,0,0,0,0,0,0,0,0,0,0,0,0,0,0,0,0,0,0,0,0,0,0,0,0,0,0,0,0,0,0,0,0,0,0,0,0,0,0,0,0,0,0,0,0,0,0,0,0,0,0,0,0,0,0,0,0,0,0,0,0,0,0,0,0,0,0,0,0,0,0,0,0,4,422.0286111111111,4,0.0,0.0,0.0,0.2665073644696796,0.12083382650903562,0.0,0.0,0.10924800804879498,0.11324200420121573,0.3804485536078921,0.36326073844361084,0.09212520354138415,0.0,0.11593980821889441,0.35134795672993635,0.0,0.30166072049472403,0.0,0.32807249467617783,0.0,0.43756863804087887,0.2782860439088966,0.0,178,134,44,0,6,0
159394,1,7,8,55,2,3,2,741346.0,0,0,0,0,0,1291746.703514,,0,8,0,False,6,209,0,0,0,0,0,0,0,0,0,0,0,0,0,0,0,0,0,0,0,0,0,1,0,0,0,0,0,0,0,0,0,0,0,0,0,0,0,0,0,0,0,0,0,0,0,0,0,0,0,0,0,0,0,0,0,0,0,0,0,0,0,0,0,0,0,0,0,0,0,0,0,0,0,0,0,0,0,0,0,0,0,0,0,0,0,0,0,0,0,0,0,0,0,0,0,0,0,0,0,0,0,0,0,0,0,0,0,0,0,0,0,0,0,0,0,0,0,0,0,0,0,0,0,0,0,0,0,0,0,0,0,0,0,0,0,0,0,0,0,0,0,0,0,0,0,0,0,0,0,0,0,0,0,1,412.7872222222222,4,0.0,0.0,0.0,0.26922096205205476,0.12206416541594174,0.0,0.0,0.11036037930018767,0.11439504261512679,0.38432230875662066,0.36695948599444833,0.1861264582763492,0.0,0.1171203158716937,0.35492540746137113,0.0,0.304732252133112,0.0,0.331412952941444,0.0,0.4420239940895707,0.14055978643572747,0.11323005407710865,180,129,45,2,6,0
159406,1,0,3,48,4,2,2,762964.0,0,0,0,0,0,1357836.807345,,0,3,0,False,6,239,0,0,0,0,0,1,0,0,0,0,0,0,0,0,0,1,0,0,0,0,0,1,0,0,0,1,0,1,0,1,0,1,1,0,0,0,0,0,0,0,0,0,0,0,0,0,0,0,0,0,0,0,0,0,0,0,0,0,0,0,0,0,0,0,0,1,0,0,0,0,0,0,0,0,0,0,0,0,1,0,0,0,0,0,0,0,0,0,0,0,0,0,0,0,0,0,0,0,0,0,0,0,0,0,0,0,0,0,0,0,0,0,0,0,0,0,0,0,0,0,0,0,0,0,0,0,0,0,0,0,0,0,0,0,0,0,0,0,0,0,0,0,0,0,0,0,0,0,0,0,0,0,0,10,378.09305555555557,4,0.0,0.0,0.0,0.24888736193711694,0.11284495785865102,0.0,0.0,0.10202513005318073,0.10575506512623606,0.3552953857342009,0.33924393446487794,0.17206878258663386,0.0,0.10827450516617458,0.3281187604196914,0.0,0.3756220949635264,0.0,0.3063821440227869,0.0,0.49036680485788964,0.19491547486002544,0.0,184,128,47,4,0,1
157663,13,6,14,43,3,4,4,244173.0,0,0,0,0,0,1358129.227902,,1,14,0,False,6,293,0,0,0,0,0,0,0,0,0,0,0,0,0,0,0,0,0,0,0,0,0,1,0,0,0,0,0,0,0,0,0,0,0,0,0,0,0,0,0,0,0,0,0,0,0,0,0,0,0,0,0,0,0,0,0,0,0,0,0,0,0,0,0,0,0,0,0,0,0,0,0,0,0,0,0,0,0,0,0,0,0,0,0,0,0,0,0,0,0,0,0,0,0,0,0,0,0,0,0,0,0,0,0,0,0,0,0,0,0,0,0,0,0,0,0,0,0,0,0,0,0,0,0,0,0,0,0,0,0,0,0,0,0,0,0,0,0,0,0,0,0,0,0,0,0,0,0,0,0,0,0,0,0,1,1098.8658333333333,4,0.0,0.0,0.0,0.25477573652845315,0.11551473336450081,0.0,0.0,0.10443892149203533,0.10825710232711157,0.36370124574048296,0.46302671534302053,0.17613972230594865,0.0,0.11083614927758224,0.3358816542715865,0.0,0.2883816452827929,0.0,0.3136307757655216,0.0,0.4183069096812905,0.19952693974394345,0.0,34,127,44,3,5,0
159436,8,0,1,42,2,1,1,2.0,0,0,0,0,0,1379124.06849,,0,1,0,False,6,204,0,0,0,0,0,0,0,0,0,0,0,0,0,0,0,0,0,0,0,0,0,1,1,0,0,0,0,0,0,0,0,0,0,0,0,0,0,0,0,0,1,0,0,0,0,0,0,0,0,0,0,0,0,0,0,0,0,0,0,0,0,0,0,0,0,0,0,0,0,0,0,0,0,0,0,0,0,0,0,0,0,0,0,0,0,0,0,0,0,0,0,0,0,0,0,0,0,0,0,0,0,0,0,0,0,0,0,0,0,0,0,0,0,0,0,0,0,0,0,0,0,0,0,0,0,0,0,0,0,0,0,0,0,0,0,0,0,0,0,0,0,0,0,0,0,0,0,0,0,0,0,0,0,3,358.4527777777778,4,0.0,0.0,0.0,0.0,0.0,0.0,0.0,0.3011585151747572,0.0,0.2621908709167549,0.0,0.3809354056547702,0.0,0.0,0.0,0.1348539818912996,0.0,0.14057707596893457,0.0,0.27564923594956164,0.36186706835123505,0.6712450562258733,0.0,184,120,48,8,0,1
158950,2,0,1,57,2,1,1,2.0,0,0,0,0,0,1379728.46759,,0,1,0,False,6,240,0,0,0,0,0,0,0,0,0,0,0,0,0,0,0,0,0,0,1,0,0,0,0,0,0,0,0,0,0,0,0,0,0,0,0,0,0,0,0,0,1,0,0,0,0,0,0,0,0,0,0,0,0,0,0,0,0,0,0,0,0,0,0,0,0,0,0,0,0,0,0,0,0,0,0,0,0,0,0,0,0,0,0,0,0,0,0,0,0,0,0,0,0,0,0,0,0,0,0,0,0,0,0,0,0,0,0,0,0,0,0,0,0,0,0,0,0,0,0,0,0,0,0,0,0,0,0,0,0,0,0,0,0,0,0,0,0,0,0,0,0,0,0,0,0,0,0,0,0,0,0,0,0,2,621.5858333333333,4,0.1200119822116382,0.0,0.0,0.0,0.0,0.0,0.0,0.24543433971010964,0.0,0.2136769841760268,0.0,0.4139331948595373,0.0,0.0,0.0,0.109901584497998,0.22590160093362965,0.11456571898288244,0.0,0.22464511148761146,0.2949098249208755,0.7033406991975903,0.0,181,121,50,6,3,1
159396,4,0,1,58,2,2,2,1057053.0,0,0,0,0,0,1396216.175279,,0,1,0,False,6,429,0,0,0,0,0,0,0,0,0,0,0,0,0,0,0,0,0,0,1,0,0,0,0,0,0,0,0,0,0,0,0,0,0,0,0,0,0,0,0,0,0,0,0,0,0,0,0,0,0,0,0,0,0,0,0,0,0,0,0,0,0,0,0,0,0,0,0,0,0,0,0,0,0,0,0,0,0,0,0,0,0,0,0,0,0,0,0,0,0,0,0,0,0,0,0,0,0,0,0,0,0,0,0,0,0,0,0,0,0,0,0,0,0,0,0,0,0,0,0,0,0,0,0,0,0,0,0,0,0,0,0,0,0,0,0,0,0,0,0,0,0,0,0,0,0,0,0,0,0,0,0,0,0,1,382.595,4,0.0,0.3030777711204681,0.0,0.29675915330117136,0.08072995082064606,0.0,0.0,0.14597876392457468,0.1513155991846691,0.31772552758906436,0.24269711881905315,0.18464853839620346,0.0,0.07746022191034875,0.312984137937801,0.0,0.2015417026310813,0.06814108435276336,0.21918759941641014,0.13361380373827536,0.5262169722705944,0.27888736897474764,0.07488730755595074,181,118,46,2,6,0
159698,0,2,2,154,2,1,1,,0,0,0,0,0,1442632.510985,,0,2,0,False,6,236,0,0,0,0,0,0,0,0,0,0,0,0,0,0,0,0,0,0,0,0,0,1,0,0,0,0,0,0,0,0,0,0,0,0,0,0,0,0,0,0,0,0,0,0,0,0,0,0,0,0,0,0,0,0,0,0,0,0,0,0,0,0,0,0,0,0,0,0,0,0,0,0,0,0,0,0,0,0,0,0,0,0,0,0,0,0,0,0,0,0,0,0,0,0,0,0,0,0,0,0,0,0,0,0,0,0,0,0,0,0,0,0,0,0,0,0,0,0,0,0,0,0,0,0,0,0,0,0,0,0,0,0,0,0,0,0,0,0,0,0,0,0,0,0,0,0,0,0,0,0,0,0,0,1,170.8802777777778,4,0.0,0.0,0.0,0.5852281500505204,0.1137176134895788,0.0,0.0,0.10281411350380658,0.10657289301002279,0.1790214827328026,0.3418673846861957,0.08669971473744989,0.0,0.10911181645072071,0.22043745143269397,0.0,0.28389514930772897,0.0,0.30875146657180247,0.0,0.24707946124096242,0.2618970671959102,0.3164626935612446,123,116,39,2,0,1
157815,8,19,24,213,8,2,3,69328.0,0,0,0,0,0,1458946.348674,,0,24,0,False,6,315,0,0,0,0,0,0,0,0,0,0,0,0,0,0,0,0,0,0,0,0,0,1,0,1,0,0,0,1,0,0,0,0,0,0,0,1,0,0,0,0,0,0,0,0,0,0,0,0,0,0,0,0,0,0,0,0,0,0,0,0,0,0,0,0,0,0,0,0,0,0,0,0,0,0,0,0,0,0,0,0,0,0,0,0,0,0,0,0,0,0,0,0,0,0,0,0,0,0,0,0,0,0,0,0,0,0,0,0,0,0,0,0,0,0,0,0,0,0,0,0,0,0,0,0,0,0,0,0,0,0,0,0,0,0,0,0,0,0,0,0,0,0,0,0,0,0,0,0,0,0,0,0,0,4,987.3919444444444,4,0.12149153791178222,0.0,0.0,0.3030556875553553,0.13740475219327933,0.0,0.0,0.1242300761900606,0.12877180152839743,0.3244669192045839,0.4130776388485851,0.10475908219634794,0.0,0.13183957735926094,0.2663541069739657,0.0,0.34302990928557714,0.0,0.37306374493602834,0.0,0.2985455911539562,0.23733725484947713,0.2549208028135142,53,120,48,1,1,1
159233,5,0,7,52,5,1,1,946.0,0,0,0,0,0,1461812.654875,,0,7,0,False,6,21,0,0,0,0,0,1,0,0,0,0,0,0,0,0,0,0,0,0,0,0,0,1,0,0,0,1,1,0,0,0,0,0,0,0,0,1,0,0,0,0,0,0,0,0,0,0,0,0,0,0,0,0,0,0,0,0,0,0,0,0,0,0,0,0,0,1,0,0,0,0,0,0,0,0,0,0,0,0,0,0,0,0,0,0,0,0,0,0,0,0,0,0,0,0,0,0,0,0,0,0,0,0,0,0,0,0,0,0,0,0,0,0,0,0,0,0,0,0,0,0,0,0,0,0,0,0,0,0,0,0,0,0,0,0,0,0,0,0,0,0,0,0,0,0,0,0,0,0,0,0,0,0,0,6,451.87638888888887,4,0.0,0.0,0.0,0.5410840811303236,0.0,0.7264056560376966,0.0,0.0,0.0,0.0,0.0,0.0,0.0,0.0,0.0,0.0,0.0,0.0,0.0,0.0,0.0,0.4237485575477479,0.0,170,119,43,37,3,1
159344,0,3,3,33,2,2,1,,0,0,0,0,0,1462541.294651,,0,3,0,False,6,37,0,0,0,0,0,0,0,0,0,0,0,0,0,0,0,1,0,0,0,0,0,1,0,0,0,0,0,0,0,0,0,1,1,0,0,0,0,0,0,0,0,0,0,0,0,0,0,0,0,0,0,0,0,0,0,0,0,0,0,0,0,0,0,0,0,0,0,0,0,0,0,0,0,0,0,0,0,0,1,0,0,0,0,0,0,0,0,0,0,0,0,0,0,0,0,0,0,0,0,0,0,0,0,0,0,0,0,0,0,0,0,0,0,0,0,0,0,0,0,0,0,0,0,0,0,0,0,0,0,0,0,0,0,0,0,0,0,0,0,0,0,0,0,0,0,0,0,0,0,0,0,0,0,5,409.2963888888889,4,0.0,0.0,0.0,0.0,0.0,0.0,0.0,0.0,0.0,0.7675168382108253,0.0,0.0,0.0,0.0,0.0,0.0,0.0,0.4115142243333719,0.0,0.4034568962898958,0.0,0.28070710548592354,0.0,174,118,49,10,4,1
155615,0,0,1,4,1,1,1,,0,0,0,0,0,1466432.679233,,1,1,0,False,6,41,0,0,0,0,0,0,0,0,0,0,0,0,0,0,0,1,0,0,0,0,0,1,0,0,0,0,0,0,1,0,0,0,0,0,0,0,0,0,0,0,0,1,0,0,0,0,0,0,0,0,0,0,0,0,0,0,0,0,0,0,0,0,0,0,0,0,0,0,0,0,0,0,0,0,0,0,0,0,1,0,0,0,0,0,0,0,0,0,0,0,0,0,0,0,0,0,0,0,0,0,0,0,0,0,0,0,0,0,0,0,0,0,0,0,0,0,0,0,0,0,0,0,0,0,0,0,0,0,0,0,0,0,0,0,0,0,0,0,0,0,0,0,0,0,0,0,0,0,0,0,0,0,0,5,1825.6597222222222,4,0.0,0.0,0.0,0.0,0.0,0.0,0.0,0.0,0.0,0.0,0.0,0.40573698078268705,0.5135328545272415,0.0,0.0,0.0,0.44285713083672257,0.0,0.0,0.0,0.0,0.6128124275938915,0.0,5,117,17,4,1,1
159288,1,3,2,36,3,1,1,1222355.0,0,0,0,0,0,1645484.400166,,0,2,0,False,6,31,0,0,0,0,0,0,0,0,0,0,0,0,0,0,0,0,0,0,0,0,0,1,0,0,0,0,0,0,0,0,0,0,0,0,0,0,0,0,0,0,0,0,0,0,0,0,0,0,0,0,0,0,0,0,0,0,0,0,0,0,0,0,0,0,0,0,0,0,0,0,0,0,0,0,0,0,0,0,0,0,0,0,0,0,0,0,0,0,0,0,0,0,0,0,0,0,0,0,0,0,0,0,0,0,0,0,0,0,0,0,0,0,0,0,0,0,0,0,0,0,0,0,0,0,0,0,0,0,0,0,0,0,0,0,0,0,0,0,0,0,0,0,0,0,0,0,0,0,0,0,0,0,0,1,381.2475,4,0.0,0.0,0.0,0.3451421618232342,0.0,0.4633535290148176,0.0,0.0,0.0,0.0,0.47044327207024067,0.0,0.0,0.0,0.0,0.0,0.3906677529001217,0.0,0.0,0.0,0.0,0.5405943302415537,0.0,170,120,41,1,3,1
158881,3,30,41,665,8,4,2,600209.0,0,0,0,0,0,1703581.093841,,1,41,0,False,6,228,0,0,0,0,0,0,0,0,0,0,0,0,0,0,0,1,0,0,0,0,0,1,1,0,0,0,0,0,0,0,0,1,1,0,0,0,0,0,0,0,0,0,0,0,0,0,0,0,0,0,0,0,0,0,0,0,0,0,0,0,0,0,0,0,0,0,0,0,0,0,0,0,0,0,0,0,0,0,1,0,0,0,0,0,0,0,0,0,0,0,0,0,0,0,0,0,0,0,0,0,0,0,0,0,0,0,0,0,0,0,0,0,0,0,0,0,0,0,0,0,0,0,0,0,0,0,0,0,0,0,0,0,0,0,0,0,0,0,0,0,0,0,0,0,0,0,0,0,0,0,0,0,0,6,556.5355555555556,4,0.10238593184512126,0.0,0.0,0.17026502149666628,0.1157966541132453,0.0,0.0,0.10469381104670533,0.10852131038487217,0.2734416606019047,0.34811757020151485,0.08828480101800197,0.0,0.11110665165664842,0.5611689898745587,0.0,0.38544727769110093,0.0,0.31439621079322605,0.0,0.25159668791702755,0.2666851965385059,0.10741613939285256,174,121,54,0,2,1
159079,2,0,1,70,2,1,1,3.0,0,0,0,0,0,1706819.62775,,0,1,0,False,6,239,0,0,0,0,0,0,0,0,0,0,0,0,0,0,0,0,0,0,1,0,0,0,0,0,0,0,0,0,0,0,0,0,0,0,0,0,0,0,0,0,1,0,0,0,0,0,0,0,0,0,0,0,0,0,0,0,0,0,0,0,0,0,0,0,0,0,0,0,0,0,0,0,0,0,0,0,0,0,0,0,0,0,0,0,0,0,0,0,0,0,0,0,0,0,0,0,0,0,0,0,0,0,0,0,0,0,0,0,0,0,0,0,0,0,0,0,0,0,0,0,0,0,0,0,0,0,0,0,0,0,0,0,0,0,0,0,0,0,0,0,0,0,0,0,0,0,0,0,0,0,0,0,0,2,440.41055555555556,4,0.0,0.0,0.15274752869597102,0.0,0.0,0.0,0.0,0.28212883914792963,0.0,0.24562349168179504,0.0,0.47581969128057044,0.0,0.0,0.0,0.126332796346106,0.0,0.13169425819127611,0.0,0.2582314463376065,0.3390013257986596,0.6288302636467036,0.0,184,121,50,7,0,1
159296,5,1,10,14,1,3,2,341702.0,0,0,0,0,0,1716043.39727,,1,10,0,False,6,198,0,0,0,0,0,0,0,0,0,0,0,0,0,0,0,0,0,0,1,0,0,0,0,0,0,0,0,0,0,0,0,0,0,0,0,0,0,0,1,0,0,0,0,0,0,0,0,0,0,0,0,0,0,0,0,0,0,0,0,0,0,0,0,0,0,0,0,0,0,0,0,0,0,0,0,0,0,0,0,0,0,0,0,0,0,0,0,0,0,0,0,0,0,0,0,0,0,0,0,0,0,0,0,0,0,0,0,0,0,0,0,0,0,0,0,0,0,0,0,0,0,0,0,0,0,0,0,0,0,0,0,0,0,0,0,0,0,0,0,0,0,0,0,0,0,0,0,0,0,0,0,0,0,2,359.53333333333336,4,0.0,0.0,0.0,0.2746013987634372,0.1245036430544668,0.0,0.0,0.11256595434806976,0.11668125124537297,0.39200306973182864,0.3742932473590363,0.0949231170559587,0.0,0.11946098965267116,0.3620186652729166,0.0,0.3108223893349924,0.0,0.33803630947743707,0.0,0.45085793520241607,0.14336890289277598,0.0,169,122,41,5,3,1
159299,1,0,3,6,1,2,2,406241.0,0,0,0,0,0,1716713.706569,,0,3,0,False,6,195,0,0,0,0,0,0,0,0,0,0,0,0,0,0,0,0,0,0,1,0,0,0,0,0,0,0,0,0,0,0,0,0,0,0,0,0,0,0,0,0,0,0,0,0,0,0,0,0,0,0,0,0,0,0,0,0,0,0,0,0,0,0,0,0,0,0,0,0,0,0,0,0,0,0,0,0,0,0,0,0,0,0,0,0,0,0,0,0,0,0,0,0,0,0,0,0,0,0,0,0,0,0,0,0,0,0,0,0,0,0,0,0,0,0,0,0,0,0,0,0,0,0,0,0,0,0,0,0,0,0,0,0,0,0,0,0,0,0,0,0,0,0,0,0,0,0,0,0,0,0,0,0,0,1,358.58722222222224,4,0.0,0.0,0.0,0.28432512566366797,0.12891235848198138,0.0,0.0,0.11655195224638132,0.12081297317612914,0.30441302164868844,0.38754709578919366,0.09828437621533366,0.0,0.1236911430453513,0.3748378666671981,0.0,0.32182871356342196,0.0,0.3500062876731859,0.0,0.4668229647050042,0.14844564344833314,0.0,169,121,42,6,3,1
159472,3,6,2,411,4,3,2,25886.0,0,0,0,0,0,1745209.824578,,0,2,0,False,6,367,0,0,0,0,0,0,0,0,0,0,0,0,0,0,0,0,0,0,0,0,0,1,1,0,0,0,0,0,0,0,0,0,0,0,0,0,0,0,0,0,0,0,0,0,0,0,0,0,0,0,0,0,0,0,0,0,0,0,0,0,0,0,0,0,0,0,0,0,0,0,0,0,0,0,0,0,0,0,0,0,0,0,0,0,0,0,0,0,0,0,0,0,0,0,0,0,0,0,0,0,0,0,0,0,0,0,0,0,0,0,0,0,0,0,0,0,0,0,0,0,0,0,0,0,0,0,0,0,0,0,0,0,0,0,0,0,0,0,0,0,0,0,0,0,0,0,0,0,0,0,0,0,0,2,242.23277777777778,4,0.10476001275414057,0.0,0.0,0.08710652675680422,0.0,0.0,0.0,0.10712140606507603,0.0,0.37304281080987073,0.0,0.2709957329284205,0.0,0.0,0.0,0.0,0.3943848632256463,0.0,0.0,0.0,0.5148612072009632,0.47752071161209875,0.3297205757667375,187,129,44,8,1,1
158440,14,5,4,24,2,3,2,1768.0,0,0,0,0,0,1793251.196125,,0,4,0,False,6,491,0,0,0,0,0,0,0,0,0,0,0,0,0,0,0,0,0,0,0,0,0,1,1,0,0,0,0,0,0,0,0,0,0,0,0,1,0,0,0,0,0,0,0,0,0,0,0,0,0,0,0,0,0,0,0,0,0,0,0,0,0,0,0,0,0,0,0,0,0,0,0,0,0,0,0,0,0,0,0,0,0,0,0,0,0,0,0,0,0,0,0,0,0,0,0,0,0,0,0,0,0,0,0,0,0,0,0,0,0,0,0,0,0,0,0,0,0,0,0,0,0,0,0,0,0,0,0,0,0,0,0,0,0,0,0,0,0,0,0,0,0,0,0,0,0,0,0,0,0,0,0,0,0,3,595.0122222222222,4,0.0,0.0,0.0,0.3313239154939163,0.11266612632661704,0.0,0.0,0.10186344528977083,0.15838120399827885,0.31039078861385927,0.3387063161814844,0.0858980479218934,0.0,0.10810291667869125,0.3275987728036878,0.0,0.2812701196754325,0.0,0.3568793708702295,0.0,0.5303888351190374,0.1297377211489273,0.0,161,126,50,1,0,1
158925,0,6,2,214,8,2,1,,0,0,0,0,0,1815348.719163,,0,2,0,False,6,234,0,0,0,0,0,0,0,0,0,0,0,0,0,0,0,1,0,0,0,0,0,1,1,0,0,0,0,0,0,0,0,1,1,0,0,0,0,0,0,0,0,0,0,0,0,0,0,0,0,0,0,0,0,0,0,0,0,0,0,0,0,0,0,0,0,0,0,0,0,0,0,0,0,0,0,0,0,0,1,0,0,0,0,0,0,0,0,0,0,0,0,0,0,0,0,0,0,0,0,0,0,0,0,0,0,0,0,0,0,0,0,0,0,0,0,0,0,0,0,0,0,0,0,0,0,0,0,0,0,0,0,0,0,0,0,0,0,0,0,0,0,0,0,0,0,0,0,0,0,0,0,0,0,6,507.46416666666664,4,0.0,0.0,0.0,0.26186058449062555,0.11872698714670887,0.0,0.0,0.21468635434536895,0.11126753464403381,0.3738151131944045,0.35692698203903606,0.09051892315872295,0.0,0.1139183001803493,0.34522190969081235,0.0,0.29640101219641396,0.0,0.3223522748879812,0.0,0.42993926092870666,0.2734338927503002,0.0,177,121,49,8,3,1
159331,2,0,5,354,59,2,2,1080831.0,0,0,0,0,0,1818964.939049,,1,5,0,False,6,159,0,0,0,0,0,1,0,0,0,0,0,0,0,0,0,1,0,0,1,0,1,1,1,1,0,1,0,1,1,1,1,1,1,0,0,0,0,0,0,0,0,1,0,0,0,0,0,0,0,0,0,0,0,0,0,0,0,0,0,0,0,0,0,0,0,1,0,0,0,0,0,0,0,0,0,0,0,0,1,0,0,0,0,0,0,0,0,0,0,0,0,0,0,0,0,0,0,0,0,0,0,0,0,0,0,0,0,0,0,0,0,0,0,0,0,0,0,0,0,0,0,0,0,0,0,1,0,0,0,0,0,0,0,0,0,0,0,0,0,0,0,0,0,0,0,0,0,0,0,0,0,0,0,18,312.0783333333333,4,0.0,0.0,0.0,0.21302105961955456,0.1448748882346662,0.0,0.0,0.13098395882336444,0.13577259924723098,0.11403562080950538,0.29035665703055485,0.11045440628875458,0.0,0.13900715753965587,0.28083469358045254,0.0,0.4822387287740052,0.0,0.39334569939755454,0.0,0.5246271624645364,0.1668268756909475,0.0,170,123,49,0,4,1
159441,2,3,1,2,1,3,2,24.0,0,0,0,0,0,1819568.238143,,0,1,0,False,6,188,0,0,0,0,0,0,0,0,0,0,0,0,0,0,0,0,0,0,1,0,0,0,0,0,0,0,0,0,0,0,0,0,0,0,0,0,0,0,0,0,0,0,0,0,0,0,0,0,0,0,0,0,0,0,0,0,0,0,0,0,0,0,0,0,0,0,0,0,0,0,0,0,0,0,0,0,0,0,0,0,0,0,0,0,0,0,0,0,0,0,0,0,0,0,0,0,0,0,0,0,0,0,0,0,0,0,0,0,0,0,0,0,0,0,0,0,0,0,0,0,0,0,0,0,0,0,0,0,0,0,0,0,0,0,0,0,0,0,0,0,0,0,0,0,0,0,0,0,0,0,0,0,0,1,235.39388888888888,4,0.0,0.0,0.0,0.28432512566366797,0.12891235848198138,0.0,0.0,0.11655195224638132,0.12081297317612914,0.30441302164868844,0.38754709578919366,0.09828437621533366,0.0,0.1236911430453513,0.3748378666671981,0.0,0.32182871356342196,0.0,0.3500062876731859,0.0,0.4668229647050042,0.14844564344833314,0.0,186,121,47,8,0,1
159541,4,0,3,1,1,1,1,22753.0,0,0,0,0,0,1865292.609418,,0,3,0,False,6,22,0,0,0,0,0,0,0,0,0,0,0,0,0,0,0,0,0,0,0,0,0,0,0,0,0,0,0,0,0,0,0,0,0,0,0,0,0,1,0,0,0,0,0,0,0,0,0,0,0,0,0,0,0,0,0,0,0,0,0,0,0,0,0,0,0,0,0,0,0,0,0,0,0,0,0,0,0,0,0,0,0,0,0,0,0,0,0,0,0,0,0,0,0,0,0,0,0,0,0,0,0,0,0,0,0,0,0,0,0,0,0,0,0,0,0,0,0,0,0,0,0,0,0,0,0,0,0,0,0,0,0,0,0,0,0,0,0,0,0,0,0,0,0,0,0,0,0,0,0,0,0,0,0,1,174.00222222222223,4,0.0,0.0,0.0,0.0,0.0,0.0,0.0,0.0,0.0,0.0,0.0,0.6349546157432081,0.0,0.0,0.0,0.0,0.0,0.0,0.0,0.0,0.0,0.0,0.7725494391599769,178,126,46,12,2,1
159510,3,9,9,1045,14,2,1,685754.0,0,0,0,0,0,1887551.311057,,0,9,0,False,6,114,0,0,0,0,0,0,0,0,0,0,0,0,0,0,0,0,0,0,1,0,0,0,0,0,0,0,0,0,0,0,0,0,0,0,0,0,0,0,0,0,0,0,0,0,0,0,0,0,0,0,0,0,0,0,0,0,0,0,0,0,0,0,0,0,0,0,0,0,0,0,0,0,0,0,0,0,0,0,0,0,0,0,0,0,0,0,0,0,0,0,0,0,0,0,0,0,0,0,0,0,0,0,0,0,0,0,0,0,0,0,0,0,0,0,0,0,0,0,0,0,0,0,0,0,0,0,0,0,0,0,0,0,0,0,0,0,0,0,0,0,0,0,0,0,0,0,0,0,0,0,0,0,0,1,191.90777777777777,4,0.0,0.0,0.0,0.27657642954571093,0.0,0.0,0.0,0.0,0.0,0.0,0.0,0.2868175134749049,0.0,0.0,0.7292448641628605,0.0,0.0,0.0,0.0,0.0,0.0,0.4332001888759067,0.34897094009929963,181,126,45,9,1,1
157983,4,19,8,128,2,3,3,1038852.0,0,1,0,0,0,1898833.099911,,0,8,0,False,6,349,0,0,0,0,0,0,0,0,0,0,0,0,0,0,0,0,0,0,0,0,0,1,1,0,0,0,0,0,0,0,0,0,0,0,0,0,0,0,0,0,0,0,0,0,0,0,0,0,0,0,0,0,0,0,0,0,0,0,0,0,0,0,0,0,0,0,0,0,0,0,0,0,0,0,0,0,0,0,0,0,0,0,0,0,0,0,0,0,0,0,0,0,0,0,0,0,0,0,0,0,0,0,0,0,0,0,0,0,0,0,0,0,0,0,0,0,0,0,0,0,0,0,0,0,0,0,0,0,0,0,0,0,0,0,0,0,0,0,0,0,0,0,0,0,0,0,0,0,0,0,0,0,0,2,804.0155555555556,4,0.05893700768552086,0.0,0.0,0.4900532084673585,0.06665669951369534,0.0,0.0,0.12053101114750778,0.06246875121350741,0.3672732204970658,0.20038893567397045,0.3049193518490558,0.12864335975618116,0.06395696620221175,0.19381737592119488,0.0,0.3882851904255094,0.0,0.18097771400712162,0.0,0.33793214111660586,0.30702709238961756,0.12366515045293688,76,128,53,0,4,1
158026,2,3,23,202,8,2,1,2667019.0,0,0,0,0,0,1900654.628247,,1,23,0,False,6,179,0,0,0,0,0,0,0,0,0,0,0,0,0,0,0,0,0,0,1,0,0,0,0,0,0,0,0,0,0,0,0,0,0,0,0,0,0,0,1,0,0,0,0,0,0,0,0,0,0,0,0,0,0,0,0,0,0,0,0,0,0,0,0,0,0,0,0,0,0,0,0,0,0,0,0,0,0,0,0,0,0,0,0,0,0,0,0,0,0,0,0,0,0,0,0,0,0,0,0,0,0,0,0,0,0,0,0,0,0,0,0,0,0,0,0,0,0,0,0,0,0,0,0,0,0,0,0,0,0,0,0,0,0,0,0,0,0,0,0,0,0,0,0,0,0,0,0,0,0,0,0,0,0,2,788.5338888888889,4,0.0,0.0,0.0,0.28517950600490016,0.12929973256498511,0.0,0.0,0.11690218403296404,0.12117600908091092,0.40710368658694607,0.3887116521018693,0.09857971500641885,0.0,0.12406282768192999,0.2506428216607467,0.0,0.3227957899885913,0.0,0.3510580360573557,0.0,0.4682257403582241,0.14889171390801473,0.0,92,128,59,1,4,1
156412,4,10,6,177,2,4,2,1910759.0,0,0,0,0,0,1900845.593754,,0,6,0,False,6,214,0,0,0,0,0,0,0,0,0,0,0,0,0,0,0,0,0,0,0,0,0,1,1,0,0,0,0,0,0,0,0,0,0,0,0,0,0,0,0,0,0,0,0,0,0,0,0,0,0,0,0,0,0,0,0,0,0,0,0,0,0,0,0,0,0,0,0,0,0,0,0,0,0,0,0,0,0,0,0,0,0,0,0,0,0,0,0,0,0,0,0,0,0,0,0,0,0,0,0,0,0,0,0,0,0,0,0,0,0,0,0,0,0,0,0,0,0,0,0,0,0,0,0,0,0,0,0,0,0,0,0,0,0,0,0,0,0,0,0,0,0,0,0,0,0,0,0,0,0,0,0,0,0,2,1370.4333333333334,4,0.0,0.0,0.0,0.24582083477094283,0.1114546014896251,0.0,0.0,0.1007680841730465,0.10445206292618038,0.35091781130096983,0.3350641290585304,0.16994873280931436,0.0,0.10694046108731121,0.32407602765605437,0.0,0.27824555721818944,0.0,0.30260722688531516,0.0,0.565045860258181,0.19251393227419894,0.0,9,127,23,1,1,1
159422,6,13,8,405,11,4,2,1909.0,0,0,0,0,0,1948469.052312,,1,8,0,False,6,178,0,0,0,0,0,0,0,0,0,0,0,0,0,0,0,0,0,0,0,0,0,1,1,1,0,0,0,0,0,0,0,0,0,0,0,1,0,0,0,0,0,0,0,0,0,0,0,0,0,0,0,0,0,0,0,0,0,0,0,0,0,0,0,0,0,0,0,0,0,0,0,0,0,0,0,0,0,0,0,0,0,0,0,0,0,0,0,0,0,0,0,0,0,0,0,0,0,0,0,0,0,0,0,0,0,0,0,0,0,0,0,0,0,0,0,0,0,0,0,0,0,0,0,0,0,0,0,0,0,0,0,0,0,0,0,0,0,0,0,0,0,0,0,0,0,0,0,0,0,0,0,0,0,4,204.64083333333335,4,0.0,0.0,0.0,0.28432512566366797,0.12891235848198138,0.0,0.0,0.11655195224638132,0.12081297317612914,0.30441302164868844,0.38754709578919366,0.09828437621533366,0.0,0.1236911430453513,0.3748378666671981,0.0,0.32182871356342196,0.0,0.3500062876731859,0.0,0.4668229647050042,0.14844564344833314,0.0,183,123,46,12,0,1
158503,5,12,4,490,14,2,1,1140542.0,0,0,0,0,0,1975885.589061,,0,4,0,False,6,675,0,0,0,0,0,0,0,0,0,0,0,0,0,0,0,0,0,0,0,0,0,1,1,0,0,0,0,1,0,0,0,0,0,0,0,0,0,0,0,0,0,0,0,0,0,0,0,0,0,0,0,0,0,0,0,0,0,0,0,0,0,0,0,0,0,0,0,0,0,0,0,0,0,0,0,0,0,0,0,0,0,0,0,0,0,0,0,0,0,0,0,0,0,0,0,0,0,0,0,0,0,0,0,0,0,0,0,0,0,0,0,0,0,0,0,0,0,0,0,0,0,0,0,0,0,0,0,0,0,0,0,0,0,0,0,0,0,0,0,0,0,0,0,0,0,0,0,0,0,0,0,0,0,3,513.6577777777778,4,0.19850885483476424,0.0,0.0,0.24758612213576012,0.11225497872349023,0.0,0.0,0.20298343888305362,0.10520215356469156,0.35343782055468576,0.33747028992761086,0.085584583905087,0.0,0.21541684279681927,0.32640328082560155,0.0,0.37365825711964634,0.0,0.3047803084087784,0.0,0.40650254628551763,0.19389641237403102,0.0,159,125,51,6,1,1
159137,6,0,7,13,1,2,2,7114.0,0,0,0,0,0,1976112.289086,,1,7,0,False,6,202,0,0,0,0,0,0,0,0,0,0,0,0,0,0,0,0,0,0,1,0,0,0,0,0,0,0,0,0,0,0,0,0,0,0,0,0,0,0,1,0,0,0,0,0,0,0,0,0,0,0,0,0,0,0,0,0,0,0,0,0,0,0,0,0,0,0,0,0,0,0,0,0,0,0,0,0,0,0,0,0,0,0,0,0,0,0,0,0,0,0,0,0,0,0,0,0,0,0,0,0,0,0,0,0,0,0,0,0,0,0,0,0,0,0,0,0,0,0,0,0,0,0,0,0,0,0,0,0,0,0,0,0,0,0,0,0,0,0,0,0,0,0,0,0,0,0,0,0,0,0,0,0,0,2,346.6038888888889,4,0.0,0.0,0.0,0.2746013987634372,0.1245036430544668,0.0,0.0,0.11256595434806976,0.11668125124537297,0.39200306973182864,0.3742932473590363,0.0949231170559587,0.0,0.11946098965267116,0.3620186652729166,0.0,0.3108223893349924,0.0,0.33803630947743707,0.0,0.45085793520241607,0.14336890289277598,0.0,178,123,46,4,1,1
159398,3,0,1,2,1,2,2,4.0,0,0,0,0,0,1976479.699194,,0,1,0,False,6,3,0,0,0,0,0,0,0,0,0,0,0,0,0,0,0,0,0,0,1,0,0,0,0,0,0,0,0,0,0,0,0,0,0,0,0,0,0,0,0,0,0,0,0,0,0,0,0,0,0,0,0,0,0,0,0,0,0,0,0,0,0,0,0,0,0,0,0,0,0,0,0,0,0,0,0,0,0,0,0,0,0,0,0,0,0,0,0,0,0,0,0,0,0,0,0,0,0,0,0,0,0,0,0,0,0,0,0,0,0,0,0,0,0,0,0,0,0,0,0,0,0,0,0,0,0,0,0,0,0,0,0,0,0,0,0,0,0,0,0,0,0,0,0,0,0,0,0,0,0,0,0,0,0,1,218.90666666666667,4,0.0,0.0,0.0,0.0,0.0,0.0,0.0,0.0,0.0,0.0,0.0,0.0,0.0,0.0,0.0,0.0,0.0,0.0,0.0,0.0,0.0,0.0,0.0,182,122,46,0,6,0
158540,1,0,1,1,1,1,1,2463.0,0,0,0,0,0,1978058.299146,,0,1,0,False,6,1,0,0,0,0,0,0,0,0,0,0,0,0,0,0,0,0,0,0,0,0,0,0,0,0,0,0,0,0,0,0,0,0,0,0,0,0,0,0,0,0,0,0,0,0,0,0,0,0,0,0,0,0,0,0,0,0,0,0,0,0,0,0,0,0,0,0,0,0,0,0,0,0,0,0,0,0,0,0,0,0,0,0,0,0,0,0,0,0,0,0,0,0,0,0,0,0,0,0,0,0,0,0,0,0,0,0,0,0,0,0,0,0,0,0,0,0,0,0,0,0,0,0,0,0,0,0,0,0,0,0,0,0,0,0,0,0,0,0,0,0,0,0,0,0,0,0,0,0,0,0,0,0,0,0,501.0736111111111,4,0.0,0.0,0.0,0.0,0.0,0.0,0.0,0.0,0.0,0.0,0.0,0.0,0.0,0.0,0.0,0.0,0.0,0.0,0.0,0.0,0.0,0.0,0.0,164,122,51,1,1,1
159303,2,0,2,2,1,2,2,337025.0,0,0,0,0,0,1982975.880157,,0,2,0,False,6,187,0,0,0,0,0,0,0,0,0,0,0,0,0,0,0,0,0,0,1,0,0,0,0,0,0,0,0,0,0,0,0,0,0,0,0,0,0,0,1,0,0,0,0,0,0,0,0,0,0,0,0,0,0,0,0,0,0,0,0,0,0,0,0,0,0,0,0,0,0,0,0,0,0,0,0,0,0,0,0,0,0,0,0,0,0,0,0,0,0,0,0,0,0,0,0,0,0,0,0,0,0,0,0,0,0,0,0,0,0,0,0,0,0,0,0,0,0,0,0,0,0,0,0,0,0,0,0,0,0,0,0,0,0,0,0,0,0,0,0,0,0,0,0,0,0,0,0,0,0,0,0,0,0,2,284.1125,4,0.0,0.0,0.0,0.28432512566366797,0.12891235848198138,0.0,0.0,0.11655195224638132,0.12081297317612914,0.30441302164868844,0.38754709578919366,0.09828437621533366,0.0,0.1236911430453513,0.3748378666671981,0.0,0.32182871356342196,0.0,0.3500062876731859,0.0,0.4668229647050042,0.14844564344833314,0.0,170,124,43,7,3,1
159502,0,0,1,26,2,1,1,,0,0,0,0,0,1983830.906398,,1,1,0,False,6,224,0,0,0,0,0,0,0,0,0,0,0,0,0,0,0,0,0,0,1,0,0,0,0,0,0,0,0,0,0,0,0,0,0,0,0,0,0,0,0,0,0,0,0,0,0,0,0,0,0,0,0,0,0,0,0,0,0,0,0,0,0,0,0,0,0,0,0,0,0,0,0,0,0,0,0,0,0,0,0,0,0,0,0,0,0,0,0,0,0,0,0,0,0,0,0,0,0,0,0,0,0,0,0,0,0,0,0,0,0,0,0,0,0,0,0,0,0,0,0,0,0,0,0,0,0,0,0,0,0,0,0,0,0,0,0,0,0,0,0,0,0,0,0,0,0,0,0,0,0,0,0,0,0,1,168.02277777777778,4,0.0,0.0,0.0,0.3328447733514321,0.11318329141940627,0.0,0.0,0.1023310234328446,0.21214428331400068,0.2672704785394286,0.3402610610648621,0.08629234098381297,0.0,0.10859913552243534,0.32910253134459566,0.0,0.2825612183604009,0.0,0.3073007438761264,0.0,0.4098641920577606,0.39099974711972374,0.10499191277287646,184,125,45,8,1,1
158302,4,0,2,32,6,2,2,675834.0,0,0,0,0,0,2049808.69929,,0,2,0,False,6,224,0,0,0,0,0,0,0,0,0,0,0,0,0,0,0,0,0,0,1,0,1,0,0,0,0,0,0,0,0,0,0,0,0,0,0,0,0,0,0,0,0,0,0,0,0,0,0,0,0,0,0,0,0,0,0,0,0,0,0,0,0,0,0,0,0,0,0,0,0,0,0,0,0,0,0,0,0,0,0,0,0,0,0,0,0,0,0,0,0,0,0,0,0,0,0,0,0,0,0,0,0,0,0,0,0,0,0,0,0,0,0,0,0,0,0,0,0,0,0,0,0,0,0,0,0,0,0,0,0,0,0,0,0,0,0,0,0,0,0,0,0,0,0,0,0,0,0,0,0,0,0,0,0,2,618.0138888888889,4,0.0,0.0,0.0,0.28517950600490016,0.12929973256498511,0.0,0.0,0.11690218403296404,0.12117600908091092,0.40710368658694607,0.3887116521018693,0.09857971500641885,0.0,0.12406282768192999,0.2506428216607467,0.0,0.3227957899885913,0.0,0.3510580360573557,0.0,0.4682257403582241,0.14889171390801473,0.0,146,129,50,0,3,1
154994,1,0,1,1,1,1,1,1755170.0,0,0,0,0,0,2054401.227371,,0,1,0,False,6,35,0,0,0,0,0,0,0,0,0,0,0,0,0,0,0,0,0,0,0,0,0,0,0,0,0,0,0,0,0,0,0,0,0,0,0,0,0,1,0,0,0,0,0,0,0,0,0,0,0,0,0,0,0,0,0,0,0,0,0,0,0,0,0,0,0,0,0,0,0,0,0,0,0,0,0,0,0,0,0,0,0,0,0,0,0,0,0,0,0,0,0,0,0,0,0,0,0,0,0,0,0,0,0,0,0,0,0,0,0,0,0,0,0,0,0,0,0,0,0,0,0,0,0,0,0,0,0,0,0,0,0,0,0,0,0,0,0,0,0,0,0,0,0,0,0,0,0,0,0,0,0,0,0,1,1982.2027777777778,4,0.0,0.0,0.0,0.0,0.0,0.0,0.0,0.0,0.0,0.0,0.0,0.0,0.0,0.0,0.0,0.0,0.0,0.0,0.0,0.0,0.7985655638018686,0.3174211315556199,0.5114067515703655,7,129,12,0,2,1
156313,7,6,1,4,1,4,2,283051.0,0,0,0,0,0,2060447.807803,,0,1,0,False,6,263,0,0,0,0,0,0,0,0,0,0,0,1,0,0,0,0,0,0,0,0,0,1,0,0,0,0,0,1,0,0,0,0,0,0,0,0,0,0,0,0,0,1,0,0,0,0,0,0,0,0,0,0,0,0,0,0,0,0,0,0,0,0,0,0,0,0,0,0,0,0,0,0,0,0,0,0,0,0,0,0,0,0,0,0,0,0,0,0,0,0,0,0,0,0,0,0,0,0,0,0,0,0,0,0,0,0,0,0,0,0,0,0,0,0,0,0,0,0,0,0,0,0,0,0,0,0,0,0,0,0,0,0,0,0,0,0,0,0,0,0,0,0,0,0,0,0,0,0,0,0,0,0,0,4,1356.0880555555555,4,0.0,0.0,0.0,0.2725676940938102,0.1235815660315323,0.0,0.0,0.11173228813941398,0.23163421409466198,0.29182491406356464,0.37152122242255853,0.09422011413142313,0.0,0.11857625864405676,0.2395583641275469,0.0,0.4113605748320888,0.0,0.33553280430891463,0.0,0.44751887031677273,0.21346066394170798,0.11463763633660704,7,129,19,0,0,1
159424,3,2,4,22,1,2,1,25.0,0,0,0,0,0,2071531.274414,,0,4,0,False,6,104,0,0,0,0,0,0,0,0,0,0,0,0,0,0,0,0,0,0,0,0,0,0,0,0,0,0,0,0,0,0,0,0,0,0,0,0,0,0,0,0,0,0,0,0,0,0,0,0,0,0,0,0,0,0,0,0,0,0,0,0,0,0,0,0,0,0,0,0,0,0,0,0,0,0,0,0,0,0,0,0,0,0,0,0,0,0,0,0,0,0,0,0,0,0,0,0,0,0,0,0,0,0,0,0,0,0,0,0,0,0,0,0,0,0,0,0,0,0,0,0,0,0,0,0,0,0,0,0,0,0,0,0,0,0,0,0,0,0,0,0,0,0,0,0,0,0,0,0,0,0,0,0,0,0,170.1888888888889,4,0.3226798262568263,0.0,0.0,0.5366077796436741,0.0,0.0,0.0,0.0,0.0,0.28725986713315266,0.0,0.0,0.0,0.0,0.3537163922624781,0.0,0.0,0.0,0.3302840303881613,0.0,0.0,0.420242953956243,0.33853304425549663,184,130,47,8,0,1
159314,5,1,23,334,20,2,1,278.0,0,0,0,0,0,2072155.127858,,0,23,0,False,6,217,0,0,0,0,0,0,0,0,0,0,0,0,0,0,0,0,0,0,1,0,0,0,0,0,0,0,0,0,0,0,0,0,0,0,0,0,0,0,0,0,0,0,0,0,0,0,0,0,0,0,0,0,0,0,0,0,0,0,0,0,0,0,0,0,0,0,0,0,0,0,0,0,0,0,0,0,0,0,0,0,0,0,0,0,0,0,0,0,0,0,0,0,0,0,0,0,0,0,0,0,0,0,0,0,0,0,0,0,0,0,0,0,0,0,0,0,0,0,0,0,0,0,0,0,0,0,0,0,0,0,0,0,0,0,0,0,0,0,0,0,0,0,0,0,0,0,0,0,0,0,0,0,0,1,256.5183333333333,4,0.0,0.0,0.0,0.2585621565589552,0.11723148750360857,0.0,0.0,0.10599106939155602,0.10986599517648896,0.27682986925052677,0.3524310861430789,0.08937873573772473,0.0,0.11248337134608359,0.34087345231696303,0.0,0.29266750881519393,0.0,0.31829188622965654,0.0,0.5943331708201285,0.134994843006544,0.0,172,129,47,0,4,1
157846,1,3,8,35,2,3,2,2587322.0,0,0,0,0,0,2368229.061156,,0,8,0,False,6,230,0,0,0,0,0,0,0,0,0,0,0,0,0,0,0,0,0,0,0,0,0,1,0,0,0,0,0,0,0,0,0,0,0,0,0,0,0,0,0,0,0,0,0,0,0,0,0,0,0,0,0,0,0,0,0,0,0,0,0,0,0,0,0,0,0,0,0,0,0,0,0,0,0,0,0,0,0,0,0,0,0,0,0,0,0,0,0,0,0,0,0,0,0,0,0,0,0,0,0,0,0,0,0,0,0,0,0,0,0,0,0,0,0,0,0,0,0,0,0,0,0,0,0,0,0,0,0,0,0,0,0,0,0,0,0,0,0,0,0,0,0,0,0,0,0,0,0,0,0,0,0,0,0,1,719.0730555555556,4,0.10765091233211042,0.0,0.0,0.2685308113924625,0.12175125269312745,0.0,0.0,0.1100774693514737,0.11410178976619131,0.2875028209728111,0.3660187816400313,0.09282466060887457,0.0,0.11682007675719684,0.35401555258900735,0.0,0.4052680905628982,0.0,0.33056337248408824,0.0,0.44089086110931813,0.21029919000199782,0.0,56,156,47,0,2,1
156399,8,7,5,77,2,3,2,3.0,0,1,0,0,0,2480819.019344,,0,5,0,False,6,179,0,0,0,0,0,0,0,0,0,0,0,0,0,0,0,0,0,0,0,0,0,1,0,0,0,0,0,0,0,0,0,0,0,0,0,0,0,0,0,0,0,0,0,0,0,0,0,0,0,0,0,0,0,0,0,0,0,0,0,0,0,0,0,0,0,0,0,0,0,0,0,0,0,0,0,0,0,0,0,0,0,0,0,0,0,0,0,0,0,0,0,0,0,0,0,0,0,0,0,0,0,0,0,0,0,0,0,0,0,0,0,0,0,0,0,0,0,0,0,0,0,0,0,0,0,0,0,0,0,0,0,0,0,0,0,0,0,0,0,0,0,0,0,0,0,0,0,0,0,0,0,0,0,1,1214.5961111111112,4,0.0,0.0,0.0,0.28711072140980143,0.1301753411908547,0.0,0.0,0.11769383733874957,0.12199660442704875,0.20493028195118515,0.39134397986314556,0.3969891594016467,0.12561522975464798,0.12490297235905429,0.25234015708677426,0.0,0.3249817402028838,0.10987605980886182,0.3534353761991705,0.10772471872353544,0.28283791913415723,0.29979999608623586,0.0,7,173,21,0,1,1
154629,4,30,7,140,2,4,1,544820.0,0,0,0,0,0,2585104.781685,,0,7,0,False,6,89,0,0,0,0,0,0,0,0,0,0,0,0,0,0,0,1,0,0,0,0,0,1,0,0,0,0,0,0,1,0,0,0,0,0,1,0,0,0,0,0,0,1,0,0,0,0,0,0,0,0,0,0,0,0,0,0,0,0,0,0,0,0,0,0,0,0,0,0,0,0,0,0,0,0,0,0,0,0,1,0,0,0,0,0,0,0,0,0,0,0,0,0,0,0,0,0,0,0,0,0,0,0,0,0,0,0,0,0,0,0,0,0,0,0,0,0,0,0,0,0,0,0,0,0,0,1,0,0,0,0,0,0,0,0,0,0,0,0,0,0,0,0,0,0,0,0,0,0,0,0,0,0,0,7,1682.9458333333334,4,0.2873184463433659,0.0,0.0,0.2389013830388507,0.0,0.0,0.2933252057347693,0.0,0.0,0.25578003954857753,0.0,0.0,0.0,0.0,0.31495382109864956,0.0,0.27041340293950783,0.0,0.0,0.0,0.47069207116466844,0.5612849462179544,0.0,4,167,10,2,2,1
157313,8,24,6,228,26,4,2,3.0,0,1,0,0,0,2585110.93827,,0,6,0,False,6,14,0,0,0,0,0,0,0,0,0,0,0,0,0,0,0,0,0,0,0,0,0,1,1,0,0,0,0,1,0,1,0,0,0,1,1,0,0,0,0,0,0,0,0,0,0,0,0,0,0,0,0,0,0,0,0,0,0,0,0,0,0,0,0,0,0,0,0,0,0,0,0,0,0,0,0,0,0,0,0,0,0,0,0,0,0,0,0,0,0,0,0,0,0,0,0,0,0,0,0,0,0,0,0,0,0,0,0,0,0,0,0,0,0,0,0,0,0,0,0,0,0,0,0,0,0,1,0,0,0,0,0,0,0,0,0,0,0,0,0,0,0,0,0,0,0,0,0,0,0,0,0,0,0,7,668.5719444444444,4,0.0,0.0,0.0,0.0,0.0,0.0,0.0,0.0,0.0,0.0,0.0,0.0,0.0,0.0,0.0,0.0,0.0,0.0,0.0,0.0,0.0,0.0,0.0,16,199,33,5,1,1
158019,1,6,3,385,3,4,1,15526.0,0,0,0,0,0,2585116.119597,,0,3,0,False,6,3,0,0,0,0,0,0,0,0,0,0,0,0,0,0,0,1,0,0,0,0,0,1,0,0,0,0,0,0,0,0,0,1,1,0,1,0,0,0,0,0,0,0,0,0,0,0,0,0,0,0,0,0,0,0,0,0,0,0,0,0,0,0,0,0,0,0,0,0,0,0,0,0,0,0,0,0,0,0,1,0,0,0,0,0,0,0,0,0,0,0,0,0,0,0,0,0,0,0,0,0,0,0,0,0,0,0,0,0,0,0,0,0,0,0,0,0,0,0,0,0,0,0,0,0,0,1,0,0,0,0,0,0,0,0,0,0,0,0,0,0,0,0,0,0,0,0,0,0,0,0,0,0,0,7,221.27444444444444,4,0.0,0.0,0.0,0.0,0.0,0.0,0.0,0.0,0.0,0.0,1.0,0.0,0.0,0.0,0.0,0.0,0.0,0.0,0.0,0.0,0.0,0.0,0.0,89,151,58,9,4,1
156708,10,30,18,77,4,3,3,476421.0,0,0,0,0,0,2586325.149933,,0,18,0,False,6,192,0,0,0,0,0,0,0,0,0,0,0,0,0,0,0,0,0,0,0,0,0,1,1,0,0,0,0,0,0,0,0,0,0,0,0,0,0,0,0,0,0,0,0,0,0,0,0,0,0,0,0,0,0,0,0,0,0,0,0,0,0,0,0,0,0,0,0,0,0,0,0,0,0,0,0,0,0,0,0,0,0,0,0,0,0,0,0,0,0,0,0,0,0,0,0,0,0,0,0,0,0,0,0,0,0,0,0,0,0,0,0,0,0,0,0,0,0,0,0,0,0,0,0,0,0,0,0,0,0,0,0,0,0,0,0,0,0,0,0,0,0,0,0,0,0,0,0,0,0,0,0,0,0,2,870.0138888888889,4,0.0,0.0,0.0,0.249194894531935,0.11298439243030746,0.0,0.0,0.1021511953251885,0.10588573921647627,0.4446679990429115,0.3396631143164794,0.1722813958699448,0.0,0.10840829235113741,0.328524193676788,0.0,0.376086224747522,0.0,0.3067607188729677,0.0,0.409143930502846,0.19515631819287832,0.0,11,185,25,0,0,1
158930,4,0,1,42,2,2,2,6865.0,0,0,0,0,0,2631518.901533,,0,1,0,False,6,108,0,0,0,0,0,0,0,0,0,0,0,0,0,0,0,0,0,0,0,0,0,1,1,0,0,0,0,0,0,0,0,0,0,0,0,0,0,0,0,1,0,0,0,0,0,0,0,0,0,0,0,0,0,0,0,0,0,0,0,0,0,0,0,0,0,0,0,0,0,0,0,0,0,0,0,0,0,0,0,0,0,0,0,0,0,0,0,0,0,0,0,0,0,0,0,0,0,0,0,0,0,0,0,0,0,0,0,0,0,0,0,0,0,0,0,0,0,0,0,0,0,0,0,0,0,0,0,0,0,0,0,0,0,0,0,0,0,0,0,0,0,0,0,0,0,0,0,0,0,0,0,0,0,3,212.24166666666667,4,0.0,0.13931790118951476,0.0,0.0,0.0,0.0,0.0,0.1342061803676629,0.0,0.46736364459214896,0.5949989332196511,0.22634319661664595,0.0,0.0,0.0,0.0,0.3705763957405229,0.0,0.0,0.0,0.0,0.42732709352878556,0.13769591185599364,178,187,50,5,3,1
154202,4,30,91,1698,14,4,0,1113464.0,0,0,0,0,0,2656621.285215,,1,91,0,False,6,265,0,0,0,0,0,0,0,0,0,0,0,0,0,0,0,1,0,0,0,0,0,1,1,0,0,0,0,1,0,0,0,1,1,0,0,0,0,0,0,0,0,0,0,0,0,0,0,0,0,0,0,0,0,0,0,0,0,0,0,0,0,0,0,0,0,0,0,0,0,0,0,0,0,0,0,0,0,0,1,0,0,0,0,0,0,0,0,0,0,0,0,0,0,0,0,0,0,0,0,0,0,0,0,0,0,0,0,0,0,0,0,0,0,0,0,0,0,0,0,0,0,0,0,0,0,0,0,0,0,0,0,0,0,0,0,0,0,0,0,0,0,0,0,0,0,0,0,0,0,0,0,0,0,7,2164.0275,4,0.1058125474226207,0.0,0.0,0.5278901701685693,0.11967209492485,0.0,0.0,0.10819766589605218,0.11215326260676498,0.28259310784539093,0.3597682439548016,0.0912394850158225,0.0,0.11482512915125567,0.23197999679498085,0.0,0.39834728868127306,0.0,0.3249183102066544,0.0,0.2600170354640703,0.20670789065284714,0.11101110414909644,2,195,6,0,1,1
158839,3,0,2,12,2,1,1,700831.0,0,0,0,0,0,2667504.990878,,0,2,0,False,6,189,0,0,0,0,0,0,0,0,0,0,0,0,0,0,0,0,0,0,1,0,0,0,0,0,0,0,0,0,0,0,0,0,0,0,0,0,0,0,0,0,0,0,0,0,0,0,0,0,0,0,0,0,0,0,0,0,0,0,0,0,0,0,0,0,0,0,0,0,0,0,0,0,0,0,0,0,0,0,0,0,0,0,0,0,0,0,0,0,0,0,0,0,0,0,0,0,0,0,0,0,0,0,0,0,0,0,0,0,0,0,0,0,0,0,0,0,0,0,0,0,0,0,0,0,0,0,0,0,0,0,0,0,0,0,0,0,0,0,0,0,0,0,0,0,0,0,0,0,0,0,0,0,0,1,290.50555555555553,4,0.0,0.0,0.0,0.28432512566366797,0.12891235848198138,0.0,0.0,0.11655195224638132,0.12081297317612914,0.30441302164868844,0.38754709578919366,0.09828437621533366,0.0,0.1236911430453513,0.3748378666671981,0.0,0.32182871356342196,0.0,0.3500062876731859,0.0,0.4668229647050042,0.14844564344833314,0.0,174,186,56,1,2,1
158985,9,1,2,136,2,1,1,1942.0,0,0,0,0,0,2669518.239031,,0,2,0,False,6,194,0,0,0,0,0,0,0,0,0,0,0,0,0,0,0,0,0,0,0,0,0,1,0,0,0,0,0,0,0,0,0,0,0,0,0,1,0,0,0,0,0,0,0,0,0,0,0,0,0,0,0,0,0,0,0,0,0,0,0,0,0,0,0,0,0,0,0,0,0,0,0,0,0,0,0,0,0,0,0,0,0,0,0,0,0,0,0,0,0,0,0,0,0,0,0,0,0,0,0,0,0,0,0,0,0,0,0,0,0,0,0,0,0,0,0,0,0,0,0,0,0,0,0,0,0,0,0,0,0,0,0,0,0,0,0,0,0,0,0,0,0,0,0,0,0,0,0,0,0,0,0,0,0,2,240.93444444444444,4,0.0,0.0,0.0,0.2716016895644565,0.12314358179819174,0.0,0.0,0.11133629881728772,0.1154066407580067,0.29079066020710204,0.37020451765017387,0.0938861895358845,0.0,0.11815601367223501,0.3580640214680706,0.0,0.30742700684700824,0.0,0.33434364574121733,0.0,0.5351193876183111,0.14180276004429868,0.0,181,187,47,9,4,1
157855,4,8,1,98,2,3,2,4.0,0,0,0,0,0,2671980.465447,,0,1,0,False,6,309,0,0,0,0,0,0,0,0,0,0,0,0,0,0,0,0,0,0,0,0,0,1,0,0,0,0,0,0,0,1,0,0,0,0,0,0,0,0,0,0,0,0,0,0,0,0,0,0,0,0,0,0,0,0,0,0,0,0,0,0,0,0,0,0,0,0,0,0,0,0,0,0,0,0,0,0,0,0,0,0,0,0,0,0,0,0,0,0,0,0,0,0,0,0,0,0,0,0,0,0,0,0,0,0,0,0,0,0,0,0,0,0,0,0,0,0,0,0,0,0,0,0,0,0,0,0,0,0,0,0,0,0,0,0,0,0,0,0,0,0,0,0,0,0,0,0,0,0,0,0,0,0,0,2,560.8144444444445,4,0.0,0.0,0.0,0.19384825720713608,0.08789035427616058,0.0,0.0,0.07946322986515232,0.08236832479556597,0.34590643123792536,0.2642233215550882,0.06700869293757068,0.08481150842101996,0.08433061431110736,0.25555837536014897,0.0,0.2925567932033842,0.0,0.3181714769602414,0.0,0.4455812517080537,0.506039155091955,0.1630589867818189,57,180,49,0,2,1
159035,5,0,1,2,1,1,1,4.0,0,0,0,0,0,2689616.553106,,1,1,0,False,6,6,0,0,0,0,0,0,0,0,0,0,0,0,0,0,0,0,0,0,1,0,0,0,0,0,0,0,0,0,0,0,0,0,0,0,0,0,0,0,0,0,0,0,0,0,0,0,0,0,0,0,0,0,0,0,0,0,0,0,0,0,0,0,0,0,0,0,0,0,0,0,0,0,0,0,0,0,0,0,0,0,0,0,0,0,0,0,0,0,0,0,0,0,0,0,0,0,0,0,0,0,0,0,0,0,0,0,0,0,0,0,0,0,0,0,0,0,0,0,0,0,0,0,0,0,0,0,0,0,0,0,0,0,0,0,0,0,0,0,0,0,0,0,0,0,0,0,0,0,0,0,0,0,0,1,210.985,4,0.0,0.0,0.0,0.0,0.0,0.0,0.0,0.0,0.0,0.5136502481817586,0.0,0.0,0.0,0.0,0.0,0.0,0.0,0.5508006415908729,0.0,0.5400161262729782,0.0,0.37571885650180936,0.0,177,189,45,0,5,0
158025,2,4,2,8,1,3,2,1026854.0,0,0,0,0,0,2769448.751978,,0,2,0,False,6,233,0,0,0,0,0,0,0,0,0,0,0,0,0,0,0,0,0,0,1,0,0,0,0,0,0,0,0,0,0,0,0,0,0,0,0,0,0,0,1,0,0,0,0,0,0,0,0,0,0,0,0,0,0,0,0,0,0,0,0,0,0,0,0,0,0,0,0,0,0,0,0,0,0,0,0,0,0,0,0,0,0,0,0,0,0,0,0,0,0,0,0,0,0,0,0,0,0,0,0,0,0,0,0,0,0,0,0,0,0,0,0,0,0,0,0,0,0,0,0,0,0,0,0,0,0,0,0,0,0,0,0,0,0,0,0,0,0,0,0,0,0,0,0,0,0,0,0,0,0,0,0,0,0,2,547.7958333333333,4,0.0,0.0,0.0,0.2804883229495736,0.12717276094993263,0.0,0.0,0.11497915122969982,0.119182672152616,0.3003051444255936,0.3823173724381793,0.09695808554532746,0.0,0.1220220027882668,0.3697796469941492,0.0,0.31748582167586403,0.0,0.3452831557608726,0.0,0.46052345946852197,0.21966368334211134,0.0,91,189,59,2,4,1
156297,5,6,17,234,7,3,2,79488.0,0,1,0,0,0,2848587.298003,,0,17,0,False,6,347,0,0,0,0,0,0,0,0,0,0,0,0,0,0,0,0,0,0,1,0,0,0,0,0,0,0,0,0,0,0,0,0,0,0,0,0,0,0,0,0,0,0,0,0,0,0,0,0,0,0,0,0,0,0,0,0,0,0,0,0,0,0,0,0,0,0,0,0,0,0,0,0,0,0,0,0,0,0,0,0,0,0,0,0,0,0,0,0,0,0,0,0,0,0,0,0,0,0,0,0,0,0,0,0,0,0,0,0,0,0,0,0,0,0,0,0,0,0,0,0,0,0,0,0,0,0,0,0,0,0,0,0,0,0,0,0,0,0,0,0,0,0,0,0,0,0,0,0,0,0,0,0,0,1,1149.2669444444443,4,0.08812783325470706,0.0,0.0,0.21983128667909352,0.09967100011925456,0.0,0.0,0.09011432094675516,0.09340880894308179,0.23536261902531228,0.29963928273037194,0.07599040300584232,0.0,0.0956341197880352,0.2898129046216268,0.0,0.5805984026144925,0.08412850444736665,0.2706139050686134,0.08248129295853525,0.3609329029325513,0.3443205737619724,0.0,6,187,18,0,6,0
157280,4,0,4,227,6,2,2,2098852.0,0,0,0,0,0,2915075.601954,,0,4,0,False,6,419,0,0,0,0,0,0,0,0,0,0,0,0,0,0,0,0,0,0,1,0,0,0,0,0,0,0,0,0,0,0,0,0,0,0,0,0,0,0,0,0,0,0,0,0,0,0,0,0,0,0,0,0,0,0,0,0,0,0,0,0,0,0,0,0,0,0,0,0,0,0,0,0,0,0,0,0,0,0,0,0,0,0,0,0,0,0,0,0,0,0,0,0,0,0,0,0,0,0,0,0,0,0,0,0,0,0,0,0,0,0,0,0,0,0,0,0,0,0,0,0,0,0,0,0,0,0,0,0,0,0,0,0,0,0,0,0,0,0,0,0,0,0,0,0,0,0,0,0,0,0,0,0,0,1,775.3308333333333,4,0.0,0.0,0.0,0.2570519926761275,0.11654678267010075,0.0,0.0,0.10537201559409545,0.10922430940129846,0.36695068074482895,0.35037266930218414,0.17771341661142578,0.0,0.11182639846541835,0.3388825392492709,0.0,0.3879441979378252,0.0,0.3164328635591385,0.0,0.4220442109162939,0.2013095836856599,0.10811197913228877,14,184,31,1,0,1
157884,11,2,3,49,3,1,1,833.0,0,0,0,0,0,2919379.567511,,0,3,0,False,6,186,0,0,0,0,0,0,0,0,0,0,0,0,0,0,0,0,0,0,0,0,0,1,0,0,0,0,0,0,0,0,1,0,0,0,0,0,0,0,0,0,0,0,0,0,0,0,0,0,0,0,0,0,0,0,0,0,0,0,0,0,0,0,0,0,0,0,0,0,0,0,0,0,0,0,0,0,0,0,0,0,0,0,0,0,0,0,0,0,0,0,0,0,0,0,0,0,0,0,0,0,0,0,0,0,0,0,0,0,0,0,0,0,0,0,0,0,0,0,0,0,0,0,0,0,0,0,0,0,0,0,0,0,0,0,0,0,0,0,0,0,0,0,0,0,0,0,0,0,0,0,0,0,0,2,553.0933333333334,4,0.0,0.0,0.0,0.2746013987634372,0.1245036430544668,0.0,0.0,0.11256595434806976,0.11668125124537297,0.39200306973182864,0.3742932473590363,0.0949231170559587,0.0,0.11946098965267116,0.3620186652729166,0.0,0.3108223893349924,0.0,0.33803630947743707,0.0,0.45085793520241607,0.14336890289277598,0.0,64,182,51,0,2,1
152237,30,30,2,1221,7,3,1,87427.0,0,0,0,0,0,3014443.000553,,0,2,0,False,6,238,0,0,0,0,0,0,0,0,0,0,0,0,0,0,0,0,0,0,0,0,0,1,1,0,0,0,0,0,0,0,0,0,0,0,0,1,0,0,0,0,0,0,0,0,0,0,0,0,0,0,0,0,0,0,0,0,0,0,0,0,0,0,0,0,0,0,0,0,0,0,0,0,0,0,0,0,0,0,0,0,0,0,0,0,0,0,0,0,0,0,0,0,0,0,0,0,0,0,0,0,0,0,0,0,0,0,0,0,0,0,0,0,0,0,0,0,0,0,0,0,0,0,0,0,0,0,0,0,0,0,0,0,0,0,0,0,0,0,0,0,0,0,0,0,0,0,0,0,0,0,0,0,0,3,2837.023888888889,4,0.0,0.0,0.0,0.23445048224231552,0.106299309786806,0.0,0.0,0.1922141868163373,0.09962067107560882,0.33468623667962294,0.319565860693105,0.08104390826095266,0.0,0.10199396929270924,0.51514334981637,0.0,0.3538338813977937,0.0,0.28861024062252566,0.0,0.38493562234926026,0.18360927096398252,0.0,1,185,1,0,2,1
158104,10,17,2,667,5,3,2,11941.0,0,0,0,0,0,3146072.691265,,0,2,0,False,6,319,0,0,0,0,0,0,0,0,0,0,0,0,0,0,0,0,0,0,0,0,0,1,1,0,0,0,0,0,0,0,0,0,0,0,0,1,0,0,0,0,0,0,0,0,0,0,0,0,0,0,0,0,0,0,0,0,0,0,0,0,0,0,0,0,0,0,0,0,0,0,0,0,0,0,0,0,0,0,0,0,0,0,0,0,0,0,0,0,0,0,0,0,0,0,0,0,0,0,0,0,0,0,0,0,0,0,0,0,0,0,0,0,0,0,0,0,0,0,0,0,0,0,0,0,0,0,0,0,0,0,0,0,0,0,0,0,0,0,0,0,0,0,0,0,0,0,0,0,0,0,0,0,0,3,368.50111111111113,4,0.0,0.0,0.0,0.24908222777656924,0.11293330958237832,0.0,0.0,0.10210501041535863,0.10583786583327782,0.4444669543916507,0.33950954479379974,0.17220350348005853,0.0,0.10835927846352593,0.43783421375581877,0.0,0.2819371406228411,0.0,0.30662202528161625,0.0,0.4089589471017457,0.13004538901558607,0.0,103,190,61,3,0,1
155146,0,0,1,2,1,2,2,,0,0,0,0,0,3152423.598662,,0,1,0,False,6,73,0,0,0,0,0,0,0,0,0,0,0,0,0,0,0,1,0,0,0,0,0,0,0,0,0,0,0,0,1,0,0,0,0,0,0,0,0,0,0,0,0,1,0,0,0,0,0,0,0,0,0,0,0,0,0,0,0,0,0,0,0,0,0,0,0,0,0,0,0,0,0,0,0,0,0,0,0,0,1,0,0,0,0,0,0,0,0,0,0,0,0,0,0,0,1,0,0,0,0,0,0,0,0,0,0,0,0,0,0,0,0,0,0,0,0,0,0,0,0,0,0,0,0,0,0,0,0,0,0,0,0,0,0,0,0,0,0,0,0,0,0,0,0,0,0,0,0,0,0,0,0,0,0,5,1631.3641666666667,4,0.0,0.0,0.0,0.0,0.2551581027940829,0.0,0.23032417030096444,0.0,0.0,0.0,0.5113850622721019,0.0,0.0,0.0,0.24730734389481124,0.0,0.21233341510589396,0.0,0.6927725268572519,0.0,0.18479789434848792,0.0,0.0,7,183,13,0,4,1
156196,3,16,11,120,3,2,2,1243121.0,0,1,0,0,0,3167938.032986,,0,11,0,False,6,233,0,0,0,0,0,0,0,0,0,0,0,0,0,0,0,1,0,0,0,0,0,1,1,0,0,0,0,0,0,0,0,1,1,0,1,0,0,0,0,0,0,0,0,0,0,0,0,0,0,0,0,0,0,0,0,0,0,0,0,0,0,0,0,0,0,0,0,0,0,0,0,0,0,0,0,0,0,0,1,0,0,0,0,0,0,0,0,0,0,0,0,0,0,0,0,0,0,0,0,0,0,0,0,0,0,0,0,0,0,0,0,0,0,0,0,0,0,0,0,0,0,0,0,0,0,1,0,0,0,0,0,0,0,0,0,0,0,0,0,0,0,0,0,0,0,0,0,0,0,0,0,0,0,8,443.9794444444444,4,0.0,0.0,0.0,0.2325013981057171,0.1054155995190545,0.0,0.0,0.0953081152641065,0.09879248310255072,0.3319038511267715,0.3169091770995452,0.0803701566250055,0.0,0.1011460511068483,0.40868859952569103,0.0,0.4386153919121228,0.0,0.2862109039426556,0.0,0.38173549280396407,0.3034714181861217,0.09778638958813121,5,4,16,0,4,1
153368,10,2,6,174,2,2,1,2510475.0,0,0,0,0,0,3187524.719351,,0,6,0,False,6,39,0,0,0,0,0,0,0,0,0,0,0,0,0,0,0,0,0,0,0,0,0,0,0,0,0,0,0,0,0,0,0,0,0,0,0,0,0,0,0,0,0,0,0,0,0,0,0,0,0,0,0,0,0,0,0,0,0,0,0,0,0,0,0,0,0,0,0,0,0,0,0,0,0,0,0,0,0,0,0,0,0,0,0,0,0,0,0,0,0,0,0,0,0,0,0,0,0,0,0,0,0,0,0,0,0,0,0,0,0,0,0,0,0,0,0,0,0,0,0,0,0,0,0,0,0,0,0,0,0,0,0,0,0,0,0,0,0,0,0,0,0,0,0,0,0,0,0,0,0,0,0,0,0,0,2356.8125,4,0.0,0.0,0.0,0.0,0.0,0.0,0.0,0.0,0.0,0.0,0.0,0.0,0.0,0.0,0.0,0.0,0.0,0.0,0.0,0.0,0.0,1.0,0.0,2,189,4,0,1,1
158022,4,0,10,4,1,2,2,840279.0,0,0,0,0,0,3188433.807595,,0,10,0,False,6,210,0,0,0,0,0,0,0,0,0,0,0,0,0,0,0,0,0,0,1,0,0,0,0,0,0,0,0,0,0,0,0,0,0,0,0,0,0,0,1,0,0,0,0,0,0,0,0,0,0,0,0,0,0,0,0,0,0,0,0,0,0,0,0,0,0,0,0,0,0,0,0,0,0,0,0,0,0,0,0,0,0,0,0,0,0,0,0,0,0,0,0,0,0,0,0,0,0,0,0,0,0,0,0,0,0,0,0,0,0,0,0,0,0,0,0,0,0,0,0,0,0,0,0,0,0,0,0,0,0,0,0,0,0,0,0,0,0,0,0,0,0,0,0,0,0,0,0,0,0,0,0,0,0,2,431.73777777777775,4,0.0,0.0,0.0,0.28432512566366797,0.12891235848198138,0.0,0.0,0.11655195224638132,0.12081297317612914,0.30441302164868844,0.38754709578919366,0.09828437621533366,0.0,0.1236911430453513,0.3748378666671981,0.0,0.32182871356342196,0.0,0.3500062876731859,0.0,0.4668229647050042,0.14844564344833314,0.0,90,188,58,1,4,1
158017,2,0,5,12,1,1,1,1477.0,0,0,0,0,0,3203239.721448,,0,5,0,False,6,174,0,0,0,0,0,0,0,0,0,0,0,0,0,0,0,0,0,0,0,0,0,0,0,0,0,0,0,0,0,0,0,0,0,0,0,0,0,0,0,0,0,0,0,0,0,0,0,0,0,0,0,0,0,0,0,0,0,0,0,0,0,0,0,0,0,0,0,0,0,0,0,0,0,0,0,0,0,0,0,0,0,0,0,0,0,0,0,0,0,0,0,0,0,0,0,0,0,0,0,0,0,0,0,0,0,0,0,0,0,0,0,0,0,0,0,0,0,0,0,0,0,0,0,0,0,0,0,0,0,0,0,0,0,0,0,0,0,0,0,0,0,0,0,0,0,0,0,0,0,0,0,0,0,0,428.54805555555555,4,0.0,0.0,0.0,0.11233356506981072,0.15279534064430603,0.0,0.0,0.13814498048093585,0.14319542057930965,0.1202700601842741,0.3062307406060846,0.11649305714885419,0.0,0.14660681534997816,0.2961882020634189,0.0,0.38145239523265023,0.0,0.41485029505645454,0.0,0.5533090446301611,0.2639211972181269,0.0,87,193,58,0,4,1
157473,4,0,3,6,3,1,1,2.0,0,0,0,0,0,3605301.669438,,0,3,0,False,6,715,0,0,0,0,0,0,0,0,0,0,0,0,0,0,0,0,0,0,0,0,0,0,0,0,0,0,0,0,0,0,0,0,0,0,0,0,0,0,0,0,0,0,0,0,0,0,0,0,0,0,0,0,0,0,0,0,0,0,0,0,0,0,0,0,0,0,0,0,0,0,0,0,0,0,0,0,0,0,0,0,0,0,0,0,0,0,0,0,0,0,0,0,0,0,0,0,0,0,0,0,0,0,0,0,0,0,0,0,0,0,0,0,0,0,0,0,0,0,0,0,0,0,0,0,0,0,0,0,0,0,0,0,0,0,0,0,0,0,0,0,0,0,0,0,0,0,0,0,0,0,0,0,0,0,530.7991666666667,4,0.16073575182527472,0.2843651458503852,0.0,0.044549864332944,0.0,0.3588492941011304,0.0,0.0,0.0,0.04769736330538992,0.0,0.0,0.0,0.0,0.0587319747697123,0.0,0.705966301498053,0.0,0.0,0.05014568854349536,0.13166061020397063,0.4884475069907003,0.0,19,192,39,0,2,1
153459,3,11,22,496,4,3,2,2433212.0,0,0,0,0,0,3605841.484355,,0,22,0,False,6,182,0,0,0,0,0,0,0,0,0,0,0,0,0,0,0,0,0,0,1,0,0,0,0,0,0,0,0,0,0,0,0,0,0,0,0,0,0,0,0,0,0,0,0,0,0,0,0,0,0,0,0,0,0,0,0,0,0,0,0,0,0,0,0,0,0,0,0,0,0,0,0,0,0,0,0,0,0,0,0,0,0,0,0,0,0,0,0,0,0,0,0,0,0,0,0,0,0,0,0,0,0,0,0,0,0,0,0,0,0,0,0,0,0,0,0,0,0,0,0,0,0,0,0,0,0,0,0,0,0,0,0,0,0,0,0,0,0,0,0,0,0,0,0,0,0,0,0,0,0,0,0,0,0,1,2210.7991666666667,4,0.0,0.0,0.0,0.2634513331503125,0.1194482289328283,0.0,0.0,0.10799526467774424,0.11194346180560327,0.4701074529523478,0.3590952393175767,0.09106880681521573,0.0,0.11461033019196104,0.3473190610860995,0.0,0.2982015867800172,0.0,0.32431049800209577,0.0,0.43255105263611277,0.13754747342688572,0.0,3,188,5,0,2,1
156947,5,3,5,2,1,3,2,3.0,0,0,0,0,0,3615744.057965,,0,5,0,False,6,204,0,0,0,0,0,0,0,0,0,0,0,0,0,0,0,0,0,0,1,0,0,0,0,0,0,0,0,0,0,0,0,0,0,0,0,0,0,0,0,0,0,0,0,0,0,0,0,0,0,0,0,0,0,0,0,0,0,0,0,0,0,0,0,0,0,0,0,0,0,0,0,0,0,0,0,0,0,0,0,0,0,0,0,0,0,0,0,0,0,0,0,0,0,0,0,0,0,0,0,0,0,0,0,0,0,0,0,0,0,0,0,0,0,0,0,0,0,0,0,0,0,0,0,0,0,0,0,0,0,0,0,0,0,0,0,0,0,0,0,0,0,0,0,0,0,0,0,0,0,0,0,0,0,1,708.7597222222222,4,0.11021610450337636,0.0,0.0,0.27492957866906986,0.12465243906939073,0.0,0.0,0.11270048346715565,0.1168206986123392,0.2943536684909547,0.37474057036303543,0.1900731219554467,0.0,0.11960375912321114,0.36245131875516956,0.0,0.3111938574442585,0.0,0.3384403013166785,0.0,0.4513967617171198,0.21531036755850966,0.0,13,187,26,0,2,1
156181,2,0,11,263,22,1,1,342058.0,0,0,0,0,0,3617158.742343,,0,11,0,False,6,333,0,0,0,0,0,0,0,0,0,0,0,0,0,0,0,0,0,1,1,0,0,0,0,0,0,0,0,0,0,0,0,0,0,0,0,0,0,0,0,0,0,0,0,0,0,0,0,0,0,0,0,0,0,0,0,0,0,0,0,0,0,0,0,0,0,0,0,0,0,0,0,0,0,0,0,0,0,0,0,0,0,0,0,0,0,0,0,0,0,0,0,0,0,0,0,0,0,0,0,0,0,0,0,0,0,0,0,0,0,0,0,0,0,0,0,0,0,0,0,0,0,0,0,0,0,1,0,0,0,0,0,0,0,0,0,0,0,0,0,0,0,0,0,0,0,0,0,0,0,0,0,0,0,3,1006.5219444444444,4,0.0,0.0,0.09767551876857163,0.2934022528900796,0.0997709303276501,0.0,0.0,0.09020466962250694,0.09350246067460341,0.23559859373751116,0.2999397012666654,0.07606659103244333,0.0,0.09573000261763163,0.3868046282999343,0.0,0.2490773618330896,0.0,0.2708852227427199,0.0,0.3612947744916176,0.5169986846837988,0.18510048051904096,4,185,15,0,3,1
157719,11,30,17,216,3,2,2,48186.0,0,0,0,0,0,3621262.856765,,0,17,0,False,6,233,0,0,0,0,0,0,0,0,0,0,0,0,0,0,0,1,0,0,0,0,0,1,0,0,0,0,0,0,0,1,0,1,1,0,0,0,0,0,0,0,0,0,0,0,0,0,0,0,0,0,0,0,0,0,0,0,0,0,0,0,0,0,0,0,0,0,0,0,0,0,0,0,0,0,0,0,0,0,1,0,0,0,0,0,0,0,0,0,0,0,0,0,0,0,0,0,0,0,0,0,0,0,0,0,0,0,0,0,0,0,0,0,0,0,0,0,0,0,0,0,0,0,0,0,0,0,0,0,0,0,0,0,0,0,0,0,0,0,0,0,0,0,0,0,0,0,0,0,0,0,0,0,0,6,414.37444444444446,4,0.0,0.0,0.0,0.2588463323472281,0.11736033215286082,0.0,0.0,0.10610756012668557,0.10998674469451267,0.3695121631785692,0.3528184296857282,0.2684309054747581,0.0,0.11260699752226216,0.34124809330581707,0.0,0.29298916849318496,0.0,0.3186417086819208,0.0,0.4249902712160855,0.1351432106812057,0.21773329970993008,38,184,43,0,0,1
157748,0,0,2,80,2,1,1,,0,0,0,0,0,3626857.889018,,0,2,0,False,6,26,0,0,0,0,0,0,0,0,0,0,0,0,0,0,0,0,0,0,0,0,0,1,1,0,0,0,0,1,0,0,0,0,0,0,1,0,0,0,0,0,0,0,1,0,0,0,0,0,0,0,0,0,0,0,0,0,0,0,0,0,0,0,0,0,0,0,0,0,0,0,0,0,0,0,0,0,0,0,0,0,0,0,0,0,0,0,0,0,0,0,0,0,0,0,0,0,0,0,0,0,0,0,0,0,0,0,0,0,0,0,0,0,0,0,0,0,0,0,0,0,0,0,0,0,0,1,0,0,0,0,0,0,0,0,0,0,0,0,0,0,0,0,0,0,0,0,0,0,0,0,0,0,0,6,195.05833333333334,4,0.0,0.0,0.0,0.0,0.0,0.0,0.0,0.0,0.0,0.0,0.0,0.0,0.0,0.0,0.0,0.0,0.0,0.0,0.0,0.0,0.0,0.0,0.0,41,110,44,7,0,1
158009,1,7,12,157,3,2,1,954381.0,0,1,0,0,0,3629246.547157,,0,12,0,False,6,182,0,0,0,0,0,0,0,0,0,0,0,0,0,0,0,0,0,0,1,0,0,0,0,0,0,0,0,0,0,0,0,0,0,0,0,0,0,0,0,0,0,0,0,0,0,0,0,0,0,0,0,0,0,0,0,0,0,0,0,0,0,0,0,0,0,0,0,0,0,0,0,0,0,0,0,0,0,0,0,0,0,0,0,0,0,0,0,0,0,0,0,0,0,0,0,0,0,0,0,0,0,0,0,0,0,0,0,0,0,0,0,0,0,0,0,0,0,0,0,0,0,0,0,0,0,0,0,0,0,0,0,0,0,0,0,0,0,0,0,0,0,0,0,0,0,0,0,0,0,0,0,0,0,1,312.8847222222222,4,0.11358529822554225,0.0,0.0,0.2833338950315772,0.1284629367916396,0.0,0.0,0.11614562211629897,0.1203917880294186,0.4044690125818925,0.38619600677858507,0.0979417315611436,0.0,0.12325992385704111,0.24902072353552668,0.0,0.32070673576274106,0.0,0.3487860755904295,0.0,0.46519549959336853,0.1479281236946956,0.0,82,180,54,0,4,1
158016,3,1,11,660,65,1,1,1052247.0,0,0,0,0,0,3685325.570277,,0,11,0,False,6,49,0,0,0,0,0,0,0,0,0,0,0,0,0,0,0,0,0,1,1,0,1,0,0,0,0,0,0,0,0,0,0,0,0,0,0,0,0,0,0,0,0,0,0,0,0,0,0,0,0,0,0,0,0,0,0,0,0,0,0,0,0,0,0,0,0,0,0,0,0,0,0,0,0,0,0,0,0,0,0,0,0,0,0,0,0,0,0,0,0,0,0,0,0,0,0,0,0,0,0,0,0,0,0,0,0,0,0,0,0,0,0,0,0,0,0,0,0,0,0,0,0,0,0,0,0,1,0,0,0,0,0,0,0,0,0,0,0,0,0,0,0,0,0,0,0,0,0,0,0,0,0,0,0,4,295.87888888888887,4,0.0,0.0,0.0,0.0,0.0,0.6982315975045473,0.0,0.0,0.0,0.0,0.0,0.0,0.0,0.0,0.0,0.0,0.5887007481758936,0.0,0.0,0.0,0.0,0.4073132275576022,0.0,86,175,57,4,4,1
157998,2,0,2,41,3,2,2,6371.0,0,0,0,0,0,3693931.182913,,0,2,0,False,6,214,0,0,0,0,0,0,0,0,0,0,1,0,0,0,0,0,0,0,0,0,0,1,1,0,0,0,0,0,0,0,0,0,0,0,0,0,0,0,0,0,0,0,0,0,0,0,0,0,0,0,0,0,0,0,0,0,0,0,0,0,0,0,0,0,0,0,0,0,0,0,0,0,0,0,0,0,0,0,0,0,0,0,0,0,0,0,0,0,0,0,0,0,0,0,0,0,0,0,0,0,0,0,0,0,0,0,0,0,0,0,0,0,0,0,0,0,0,0,0,0,0,0,0,0,0,0,0,0,0,0,0,0,0,0,0,0,0,0,0,0,0,0,0,0,0,0,0,0,0,0,0,0,0,3,297.12333333333333,4,0.0,0.0,0.0,0.2711402456494126,0.12293436418769522,0.0,0.0,0.11114714146081053,0.11521056800080537,0.38706215300081676,0.36957555020057736,0.09372667944249195,0.0,0.117955269804911,0.3574556803926982,0.0,0.3069046966881237,0.0,0.33377560494180886,0.0,0.44517519522572396,0.21234276149293574,0.0,80,175,54,1,4,1
158159,0,12,6,84,4,4,3,,0,0,0,0,0,3694043.756767,,0,6,0,False,6,246,0,0,0,0,0,0,0,0,0,0,0,0,0,0,0,0,0,0,0,0,0,1,1,0,0,0,0,0,0,1,0,0,0,0,0,0,0,0,0,0,0,0,0,0,0,0,0,0,0,0,0,0,0,0,0,0,0,0,0,0,0,0,0,0,0,0,0,0,0,0,0,0,0,0,0,0,0,0,0,0,0,0,0,0,0,0,0,0,0,0,0,0,0,0,0,0,0,0,0,0,0,0,0,0,0,0,0,0,0,0,0,0,0,0,0,0,0,0,0,0,0,0,0,0,0,0,0,0,0,0,0,0,0,0,0,0,0,0,0,0,0,0,0,0,0,0,0,0,0,0,0,0,0,3,207.6927777777778,4,0.18038152363478985,0.0,0.0,0.374961963106145,0.10200413535501385,0.0,0.0,0.09222374994010163,0.09559535651674568,0.4014534555327597,0.3066533486845553,0.07776921416074543,0.0,0.09787275825209517,0.2965969511220274,0.0,0.2546525410443232,0.0,0.27694853436345906,0.0,0.5171344533220636,0.17619027786171138,0.0,117,174,60,0,1,1
158213,1,1,1,501,14,2,2,604024.0,0,0,0,0,0,3702644.168496,,0,1,0,False,6,243,0,0,0,0,0,0,0,0,0,0,0,0,0,0,0,0,0,1,1,0,1,0,0,0,0,0,0,0,0,0,0,0,0,0,0,0,0,0,0,0,0,0,0,0,0,0,0,0,0,0,0,0,0,0,0,0,0,0,0,0,0,0,0,0,0,0,0,0,0,0,0,0,0,0,0,0,0,0,0,0,0,0,0,0,0,0,0,0,0,0,0,0,0,0,0,0,0,0,0,0,0,0,0,0,0,0,0,0,0,0,0,0,0,0,0,0,0,0,0,0,0,0,0,0,0,1,0,0,0,0,0,0,0,0,0,0,0,0,0,0,0,0,0,0,0,0,0,0,0,0,0,0,0,4,191.08138888888888,4,0.0,0.0,0.0,0.27536869853083445,0.12485153500544008,0.0,0.0,0.11288048963804667,0.1170072856259091,0.29482381267421565,0.37533910918978525,0.09518835418135442,0.0,0.11979479126470338,0.3630302290847116,0.0,0.31169089892056834,0.0,0.3389808610449158,0.0,0.4521177364647834,0.2875390174788427,0.0,131,171,58,5,1,1
154476,1,11,4,236,5,6,3,313767.0,0,0,0,0,0,3744408.965875,,0,4,0,False,6,268,0,0,0,0,0,0,0,0,0,0,0,0,0,0,0,0,0,0,1,0,0,0,0,0,0,0,0,0,0,0,0,0,0,0,1,0,0,0,0,0,0,0,0,0,0,0,0,0,0,0,0,0,0,0,0,0,0,0,0,0,0,0,0,0,0,0,0,0,0,0,0,0,0,0,0,0,0,0,0,0,0,0,0,0,0,0,0,0,0,0,0,0,0,0,0,0,0,0,0,0,0,0,0,0,0,0,0,0,0,0,0,0,0,0,0,0,0,0,0,0,0,0,0,0,0,1,0,0,0,0,0,0,0,0,0,0,0,0,0,0,0,0,0,0,0,0,0,0,0,0,0,0,0,3,742.0113888888889,4,0.0,0.0,0.0,0.38670908750593624,0.10519980687695242,0.0,0.0,0.09511301330480972,0.09859024841389183,0.33122442218755116,0.31626044324094443,0.16041126729242228,0.0,0.1009389985102106,0.3058889903800013,0.0,0.3501740139632645,0.0,0.2856250114614479,0.0,0.3809540552278165,0.363420230761018,0.0,3,2,8,0,5,0
154817,7,20,3,845,10,2,2,291835.0,0,0,0,0,0,3727215.215056,,0,3,0,False,6,400,0,0,0,0,0,0,0,0,0,0,0,0,0,0,0,1,0,0,0,0,0,1,1,0,0,0,0,0,0,0,0,1,1,0,1,0,0,0,0,0,0,0,0,0,0,0,0,0,0,0,0,0,0,0,0,0,0,0,0,0,0,0,0,0,0,0,0,0,0,0,0,0,0,0,0,0,0,0,1,0,0,0,0,0,0,0,0,0,0,0,0,0,0,0,0,0,0,0,0,0,0,0,0,0,0,0,0,0,0,0,0,0,0,0,0,0,0,0,0,0,0,0,0,0,0,1,0,0,0,0,0,0,0,0,0,0,0,0,0,0,0,0,0,0,0,0,0,0,0,0,0,0,0,8,1231.2772222222222,4,0.0,0.0,0.0,0.28432512566366797,0.12891235848198138,0.0,0.0,0.11655195224638132,0.12081297317612914,0.30441302164868844,0.38754709578919366,0.09828437621533366,0.0,0.1236911430453513,0.3748378666671981,0.0,0.32182871356342196,0.0,0.3500062876731859,0.0,0.4668229647050042,0.14844564344833314,0.0,7,38,12,1,0,1
157100,12,2,1,74,4,4,2,2.0,0,0,0,0,0,3777277.203477,,0,1,0,False,6,183,0,0,0,0,0,0,0,0,0,0,0,0,0,0,0,0,0,0,1,0,0,0,0,0,0,0,0,0,0,0,0,0,0,0,0,0,0,0,0,0,1,0,0,0,0,0,0,0,0,0,0,0,0,0,0,0,0,0,0,0,0,0,0,0,0,0,0,0,0,0,0,0,0,0,0,0,0,0,0,0,0,0,0,0,0,0,0,0,0,0,0,0,0,0,0,0,0,0,0,0,0,0,0,0,0,0,0,0,0,0,0,0,0,0,0,0,0,0,0,0,0,0,0,0,0,0,0,0,0,0,0,0,0,0,0,0,0,0,0,0,0,0,0,0,0,0,0,0,0,0,0,0,0,2,633.2763888888888,4,0.0,0.0,0.0,0.15157870039851862,0.0,0.0,0.0,0.3728153129452577,0.0,0.16228790930168066,0.0,0.1571913630365068,0.0,0.0,0.19983262666971333,0.16694075354816007,0.0,0.17402558430026582,0.0,0.3412364286097753,0.4479686860378591,0.47483382260779533,0.38250954113469526,16,161,29,1,3,1
158131,4,0,4,26,3,1,1,2.0,0,0,0,0,0,3790460.263431,,0,4,0,False,6,227,0,0,0,0,0,0,0,0,0,0,0,0,0,0,0,0,0,0,1,0,0,0,0,0,0,0,0,0,0,0,0,0,0,0,0,0,0,0,0,0,1,0,0,0,0,0,0,0,0,0,0,0,0,0,0,0,0,0,0,0,0,0,0,0,0,0,0,0,0,0,0,0,0,0,0,0,0,0,0,0,0,0,0,0,0,0,0,0,0,0,0,0,0,0,0,0,0,0,0,0,0,0,0,0,0,0,0,0,0,0,0,0,0,0,0,0,0,0,0,0,0,0,0,0,0,0,0,0,0,0,0,0,0,0,0,0,0,0,0,0,0,0,0,0,0,0,0,0,0,0,0,0,0,2,192.81333333333333,4,0.0,0.15443918905669143,0.0,0.0,0.0,0.0,0.0,0.29754530444990424,0.0,0.25904518245363695,0.0,0.3763650554111805,0.0,0.0,0.0,0.13323604373213435,0.0,0.13889047382101027,0.0,0.2723420780063351,0.3575254943745567,0.6631916567237788,0.0,107,157,62,5,0,1
158138,0,0,1,81,5,1,1,,0,0,0,0,0,3795279.645056,,1,1,0,False,6,244,0,0,0,0,0,0,0,0,0,0,0,0,0,0,0,0,0,0,1,0,0,0,0,0,0,0,0,0,0,0,0,0,0,0,0,0,0,0,0,0,0,0,0,0,0,0,0,0,0,0,0,0,0,0,0,0,0,0,0,0,0,0,0,0,0,0,0,0,0,0,0,0,0,0,0,0,0,0,0,0,0,0,0,0,0,0,0,0,0,0,0,0,0,0,0,0,0,0,0,0,0,0,0,0,0,0,0,0,0,0,0,0,0,0,0,0,0,0,0,0,0,0,0,0,0,0,0,0,0,0,0,0,0,0,0,0,0,0,0,0,0,0,0,0,0,0,0,0,0,0,0,0,0,1,190.1027777777778,4,0.0,0.0,0.0,0.26222187229842236,0.11889079420837873,0.0,0.0,0.10749127804566659,0.1114210499344266,0.2807481481012827,0.3574194325051315,0.09064381168815078,0.0,0.11407547271939393,0.3456982107240444,0.0,0.29680995526867326,0.0,0.43039603039256796,0.0,0.43053244609007363,0.27381114819667174,0.11028634826291912,111,156,64,4,0,1
157218,26,1,3,8,3,3,3,3.0,0,1,0,0,0,3802579.273682,,0,3,0,False,6,210,0,0,0,0,0,0,0,0,0,0,0,0,0,0,0,0,0,0,0,0,0,1,0,1,0,0,0,0,0,0,0,0,0,0,0,1,0,0,0,0,0,0,0,0,0,0,0,0,0,0,0,0,0,0,0,0,0,0,0,0,0,0,0,0,0,0,0,0,0,0,0,0,0,0,0,0,0,0,0,0,0,0,0,0,0,0,0,0,0,0,0,0,0,0,0,0,0,0,0,0,0,0,0,0,0,0,0,0,0,0,0,0,0,0,0,0,0,0,0,0,0,0,0,0,0,0,0,0,0,0,0,0,0,0,0,0,0,0,0,0,0,0,0,0,0,0,0,0,0,0,0,0,0,3,587.7616666666667,4,0.0,0.0,0.0,0.25856752866284977,0.11723392320316708,0.0,0.0,0.10599327155077469,0.10986827784441074,0.36911416119962437,0.3524384085464639,0.1787611854903752,0.0,0.11248570839480457,0.34088053458926887,0.0,0.3902314526939307,0.0,0.31829849932843474,0.0,0.42453251370271633,0.20249647165867826,0.0,16,155,32,1,5,0
155488,7,6,16,105,2,3,3,3.0,0,2,0,0,0,3943727.156556,,0,16,0,False,6,472,0,0,0,0,0,0,0,0,0,0,0,0,0,0,0,0,0,0,1,0,0,0,0,0,0,0,0,0,0,0,0,0,0,0,0,0,0,0,0,0,0,0,0,0,0,0,0,0,0,0,0,0,0,0,0,0,0,0,0,0,0,0,0,0,0,0,0,0,0,0,0,0,0,0,0,0,0,0,0,0,0,0,0,0,0,0,0,0,0,0,0,0,0,0,0,0,0,0,0,0,0,0,0,0,0,0,0,0,0,0,0,0,0,0,0,0,0,0,0,0,0,0,0,0,0,0,0,0,0,0,0,0,0,0,0,0,0,0,0,0,0,0,0,0,0,0,0,0,0,0,0,0,0,1,1217.8597222222222,4,0.0,0.08351753249620679,0.0,0.39252645372571576,0.08898529596748962,0.0,0.0,0.16090637217971018,0.08339447281381397,0.4202588975447627,0.2675150266912749,0.13568698004581164,0.0,0.08538120861380512,0.17249475482401846,0.0,0.3702518473856588,0.0,0.24160145284623033,0.0,0.32223737248979145,0.40987472955684706,0.16509038242521673,3,152,14,0,5,0
157462,7,3,25,1112,27,4,4,171065.0,0,0,0,0,0,4234040.750904,,1,25,0,False,6,194,0,0,0,0,0,0,0,0,0,0,0,0,0,0,0,0,0,1,1,0,1,0,0,0,0,0,0,0,0,0,0,0,0,0,1,0,0,0,0,0,0,0,0,0,0,0,0,0,0,0,0,0,0,0,0,0,0,0,0,0,0,0,0,0,0,0,0,0,0,0,0,0,0,0,0,0,0,0,0,0,0,0,0,0,0,0,0,0,0,0,0,0,0,0,0,0,0,0,0,0,0,0,0,0,0,0,0,0,0,0,0,0,0,0,0,0,0,0,0,0,0,0,0,0,0,1,0,0,0,0,0,0,0,0,0,0,0,0,0,0,0,0,0,0,0,0,0,0,0,0,0,0,0,5,358.44694444444445,4,0.0,0.15973045450039913,0.0,0.25024058615032363,0.0,0.0,0.0,0.0,0.0,0.0,0.6821768718805555,0.0,0.0,0.1632948058935517,0.0,0.0,0.42487243644471717,0.0,0.0,0.0,0.24651648786269648,0.39195049759951217,0.15787081484730317,18,138,37,0,2,1
157866,0,0,5,24,2,1,1,,0,0,0,0,0,4298021.634763,,0,5,0,False,6,2,0,0,0,0,0,0,0,0,0,0,0,0,0,0,0,1,0,0,0,0,0,1,0,0,0,0,0,0,1,0,0,0,0,0,1,0,0,0,0,0,0,1,0,0,0,0,0,0,0,0,0,0,0,0,0,0,0,0,0,0,0,0,0,0,0,0,0,0,0,0,0,0,0,0,0,0,0,0,1,0,0,0,0,0,0,0,0,0,0,0,0,0,0,0,0,0,0,0,0,0,0,0,0,0,0,0,0,0,0,0,0,0,0,0,0,0,0,0,0,0,0,0,0,0,0,1,0,0,0,0,0,0,0,0,0,0,0,0,0,0,0,0,0,0,0,0,0,0,0,0,0,0,0,7,176.17916666666667,4,0.0,0.0,0.0,0.0,0.0,0.0,0.0,0.0,0.0,0.0,0.0,0.0,0.0,0.0,0.0,0.0,0.0,0.0,0.0,0.0,0.0,0.0,0.0,59,134,50,0,2,1
154574,0,3,1,14,3,4,1,,0,0,0,0,0,4302685.006281,,0,1,0,False,6,60,0,0,0,0,0,0,0,0,0,0,0,0,0,0,0,0,0,0,0,0,0,0,0,0,0,0,0,0,0,0,0,0,0,0,1,0,0,0,0,0,0,0,0,0,0,0,0,0,0,0,0,0,0,0,0,0,0,0,0,0,0,0,0,0,0,0,0,0,0,0,0,0,0,0,0,0,0,0,0,0,0,0,0,0,0,0,0,0,0,0,0,0,0,0,0,0,0,0,0,0,0,0,0,0,0,0,0,0,0,0,0,0,0,0,0,0,0,0,0,0,0,0,0,0,0,1,0,0,0,0,0,0,0,0,0,0,0,0,0,0,0,0,0,0,0,0,0,0,0,0,0,0,0,2,1535.848611111111,4,0.0,0.0,0.0,0.0,0.0,0.0,0.0,0.0,0.0,0.6342450301298993,0.0,0.0,0.0,0.7731320985158506,0.0,0.0,0.0,0.0,0.0,0.0,0.0,0.0,0.0,3,126,9,0,1,1
157560,4,3,11,118,23,3,1,73210.0,0,0,0,0,0,4308148.438917,,0,11,0,False,6,184,0,0,0,0,0,0,0,0,0,0,0,0,0,0,0,0,0,0,1,0,0,0,0,0,0,0,0,0,0,0,0,0,1,0,1,0,0,0,0,0,0,0,0,0,0,0,0,0,0,0,0,0,0,0,0,0,0,0,0,0,0,0,0,0,0,0,0,0,0,0,0,0,0,0,0,0,0,0,0,0,0,0,0,0,0,0,0,0,0,0,0,0,0,0,0,0,0,0,0,0,0,0,0,0,0,0,0,0,0,0,0,0,0,0,0,0,0,0,0,0,0,0,0,0,0,1,0,0,0,0,0,0,0,0,0,0,0,0,0,0,0,0,0,0,0,0,0,0,0,0,0,0,0,4,312.3666666666667,4,0.0,0.0,0.0,0.2823137469356068,0.1280004039896388,0.0,0.0,0.11572743799736737,0.11995831552407296,0.3022595367083062,0.38480550204937636,0.0975890908332949,0.0,0.1228161245840378,0.3721861808208404,0.0,0.3195520261724297,0.0,0.3475302659003291,0.0,0.4635205559615405,0.1473955061844934,0.11873667112908212,19,130,39,0,3,1
152069,30,16,4,209,4,3,3,780647.0,0,1,0,0,0,4355061.779172,,0,4,0,False,6,169,0,0,0,0,0,0,0,0,0,0,0,0,0,0,0,0,0,0,0,0,0,1,1,0,0,0,0,0,0,0,0,0,0,0,0,0,0,0,0,0,0,0,0,0,0,0,0,0,0,0,0,0,0,0,0,0,0,0,0,0,0,0,0,0,0,0,0,0,0,0,0,0,0,0,0,0,0,0,0,0,0,0,0,0,0,0,0,0,0,0,0,0,0,0,0,0,0,0,0,0,0,0,0,0,0,0,0,0,0,0,0,0,0,0,0,0,0,0,0,0,0,0,0,0,0,0,0,0,0,0,0,0,0,0,0,0,0,0,0,0,0,0,0,0,0,0,0,0,0,0,0,0,0,2,2596.6730555555555,4,0.0,0.0,0.0,0.3075725204218125,0.13945267383342558,0.0,0.0,0.12608163850741608,0.13069105508244971,0.4390704953195588,0.4192342718773219,0.10632044297905204,0.0,0.13380455396445126,0.27032392847509207,0.0,0.34814252994265,0.0,0.3786239988880446,0.0,0.30299520419087955,0.16058306698877806,0.0,0,103,0,0,5,0
156338,4,10,6,36,2,3,2,3.0,0,0,0,0,0,4382516.960904,,0,6,0,False,6,310,0,0,0,0,0,0,0,0,0,0,0,0,0,0,0,0,0,0,0,0,0,1,0,0,0,0,0,0,0,1,0,0,0,0,1,0,0,0,0,0,0,0,0,0,0,0,0,0,0,0,0,0,0,0,0,0,0,0,0,0,0,0,0,0,0,0,0,0,0,0,0,0,0,0,0,0,0,0,0,0,0,0,0,0,0,0,0,0,0,0,0,0,0,0,0,0,0,0,0,0,0,0,0,0,0,0,0,0,0,0,0,0,0,0,0,0,0,0,0,0,0,0,0,0,0,1,0,0,0,0,0,0,0,0,0,0,0,0,0,0,0,0,0,0,0,0,0,0,0,0,0,0,0,4,704.3038888888889,4,0.0,0.0,0.0,0.24824652732693986,0.11255440491929337,0.22218072671848157,0.0,0.10176243598170587,0.10548276722646746,0.44297571498470395,0.3383704499584502,0.0858128701394216,0.0,0.10799572021795446,0.21818261399063066,0.0,0.4683186800658288,0.0,0.30559327197921693,0.0,0.24455210476523642,0.32402267823538644,0.0,7,115,20,0,0,1
157424,0,0,1,1,1,1,1,,0,0,0,0,0,4387342.030829,,0,1,0,False,6,22,0,0,0,0,0,0,0,0,0,0,0,0,0,0,0,0,0,0,0,0,0,0,0,0,0,0,0,0,0,0,0,0,0,0,1,0,0,1,0,0,0,0,0,0,0,0,0,0,0,0,0,0,0,0,0,0,0,0,0,0,0,0,0,0,0,0,0,0,0,0,0,0,0,0,0,0,0,0,0,0,0,0,0,0,0,0,0,0,0,0,0,0,0,0,0,0,0,0,0,0,0,0,0,0,0,0,0,0,0,0,0,0,0,0,0,0,0,0,0,0,0,0,0,0,0,1,0,0,0,0,0,0,0,0,0,0,0,0,0,0,0,0,0,0,0,0,0,0,0,0,0,0,0,3,326.06305555555554,4,0.0,0.0,0.0,0.0,0.0,0.0,0.0,0.0,0.0,0.0,0.0,0.6349546157432081,0.0,0.0,0.0,0.0,0.0,0.0,0.0,0.0,0.0,0.0,0.7725494391599769,15,109,34,2,2,1
157646,2,1,2,60,4,3,2,429343.0,1,0,0,0,0,4403730.842884,,0,2,0,False,6,255,0,0,0,0,0,0,0,0,0,0,0,0,0,0,0,0,0,0,1,0,1,0,0,0,0,0,0,0,0,0,0,0,0,0,1,0,0,0,0,0,0,0,0,0,0,0,0,0,0,0,0,0,0,0,0,0,0,0,0,0,0,0,0,0,0,0,0,0,0,0,0,0,0,0,0,0,0,0,0,0,0,0,0,0,0,0,0,0,0,0,0,0,0,0,0,0,0,0,0,0,0,0,0,0,0,0,0,0,0,0,0,0,0,0,0,0,0,0,0,0,0,0,0,0,0,1,0,0,0,0,0,0,0,0,0,0,0,0,0,0,0,0,0,0,0,0,0,0,0,0,0,0,0,4,260.3383333333333,4,0.10942350743032377,0.0,0.0,0.2729524775881474,0.12375602598347696,0.0,0.0,0.1118900204796442,0.11598060592162662,0.38964917727035486,0.37204569849687635,0.09435312455612835,0.0,0.11874365260942812,0.35984482258418027,0.0,0.3089559690551374,0.0,0.33600647557555535,0.0,0.4481506321815631,0.142508004073897,0.0,32,104,43,0,4,1
157306,3,0,2,102,2,2,2,137361.0,0,0,0,0,0,4406879.693254,,0,2,0,False,6,180,0,0,0,0,0,0,0,0,0,0,0,0,0,0,0,0,0,0,1,0,0,0,0,0,0,0,0,0,0,0,0,0,0,0,1,0,0,0,0,0,1,0,0,0,0,0,0,0,0,0,0,0,0,0,0,0,0,0,0,0,0,0,0,0,0,0,0,0,0,0,0,0,0,0,0,0,0,0,0,0,0,0,0,0,0,0,0,0,0,0,0,0,0,0,0,0,0,0,0,0,0,0,0,0,0,0,0,0,0,0,0,0,0,0,0,0,0,0,0,0,0,0,0,0,0,1,0,0,0,0,0,0,0,0,0,0,0,0,0,0,0,0,0,0,0,0,0,0,0,0,0,0,0,4,354.575,4,0.0,0.0,0.12390371182469796,0.27914078662544173,0.12656179107775373,0.0,0.0,0.11442676252000039,0.11861008867304769,0.39848320415438543,0.380480623794637,0.09649227455962699,0.0,0.12143577845146947,0.24533542182094584,0.0,0.3159605400790897,0.0,0.343624328792228,0.0,0.4583109891481077,0.21860836385756613,0.0,15,98,32,1,0,1
157022,1,0,1,59,2,1,1,1.0,0,0,0,0,0,4408099.618649,,0,1,0,False,6,309,0,0,0,0,0,0,0,0,0,0,0,0,0,0,0,0,0,0,1,0,1,0,0,0,0,0,0,0,0,0,0,0,0,0,1,0,0,0,0,0,1,0,0,0,0,0,0,0,0,0,0,0,0,0,0,0,0,0,0,0,0,0,0,0,0,0,0,0,0,0,0,0,0,0,0,0,0,0,0,0,0,0,0,0,0,0,0,0,0,0,0,0,0,0,0,0,0,0,0,0,0,0,0,0,0,0,0,0,0,0,0,0,0,0,0,0,0,0,0,0,0,0,0,0,0,1,0,0,0,0,0,0,0,0,0,0,0,0,0,0,0,0,0,0,0,0,0,0,0,0,0,0,0,5,478.82694444444445,4,0.22421220645046647,0.0,0.0,0.18642940227790059,0.0,0.0,0.0,0.22926616922331164,0.0,0.19960085321023213,0.12705555524484557,0.2899987773060908,0.0,0.0,0.0,0.1026617355142265,0.0,0.10701861665545073,0.0,0.20984644694112853,0.4591373664730205,0.6570076051881626,0.11761386153174888,15,97,28,0,2,1
156545,0,0,1,11,3,1,1,,0,0,0,0,0,4408223.892018,,0,1,0,False,6,7,0,0,0,0,0,0,0,0,0,0,0,0,0,0,0,0,0,0,1,0,0,0,0,0,0,0,0,0,0,0,0,0,0,0,1,0,0,0,0,0,1,0,0,0,0,0,0,0,0,0,0,0,0,0,0,0,0,0,0,0,0,0,0,0,0,0,0,0,0,0,0,0,0,0,0,0,0,0,0,0,0,0,0,0,0,0,0,0,0,0,0,0,0,0,0,0,0,0,0,0,0,0,0,0,0,0,0,0,0,0,0,0,0,0,0,0,0,0,0,0,0,0,0,0,0,1,0,0,0,0,0,0,0,0,0,0,0,0,0,0,0,0,0,0,0,0,0,0,0,0,0,0,0,4,621.5741666666667,4,0.0,0.0,0.0,0.0,0.0,0.0,0.0,0.0,0.0,0.0,0.0,0.0,0.0,0.0,0.0,0.0,0.0,0.0,0.0,1.0,0.0,0.0,0.0,10,96,25,0,3,1
157471,9,5,17,51,1,3,2,695018.0,0,1,0,0,0,4418877.015244,,0,17,0,False,6,207,0,0,0,0,0,0,0,0,0,0,0,0,0,0,0,0,0,0,1,0,0,0,0,0,0,0,0,0,0,0,0,0,0,0,1,0,0,0,0,0,0,0,0,0,0,0,0,0,0,0,0,0,0,0,0,0,0,0,0,0,0,0,0,0,0,0,0,0,0,0,0,0,0,0,0,0,0,0,0,0,0,0,0,0,0,0,0,0,0,0,0,0,0,0,0,0,0,0,0,0,0,0,0,0,0,0,0,0,0,0,0,0,0,0,0,0,0,0,0,0,0,0,0,0,0,1,0,0,0,0,0,0,0,0,0,0,0,0,0,0,0,0,0,0,0,0,0,0,0,0,0,0,0,3,305.4916666666667,4,0.11174035012472888,0.0,0.0,0.2787317472210693,0.12637633355194894,0.0,0.0,0.11425908707797244,0.11843628318725716,0.29842446460870936,0.3799230858955228,0.09635087944861667,0.0,0.12125783233657962,0.3674638787440692,0.0,0.31549754678928227,0.0,0.34312079832476655,0.0,0.4576394023969031,0.2182880257370638,0.0,19,92,38,0,2,1
156956,0,0,1,1,1,2,1,,0,0,0,0,0,4454509.001664,,0,1,0,False,6,22,0,0,0,0,0,0,0,0,0,0,0,0,0,0,0,0,0,0,0,0,0,0,0,0,0,0,0,0,0,0,0,0,0,0,1,0,0,1,0,0,0,0,0,0,0,0,0,0,0,0,0,0,0,0,0,0,0,0,0,0,0,0,0,0,0,0,0,0,0,0,0,0,0,0,0,0,0,0,0,0,0,0,0,0,0,0,0,0,0,0,0,0,0,0,0,0,0,0,0,0,0,0,0,0,0,0,0,0,0,0,0,0,0,0,0,0,0,0,0,0,0,0,0,0,0,1,0,0,0,0,0,0,0,0,0,0,0,0,0,0,0,0,0,0,0,0,0,0,0,0,0,0,0,3,474.8702777777778,4,0.0,0.0,0.0,0.0,0.0,0.0,0.0,0.0,0.0,0.0,0.0,0.6349546157432081,0.0,0.0,0.0,0.0,0.0,0.0,0.0,0.0,0.0,0.0,0.7725494391599769,14,86,27,1,2,1
154298,1,20,1,183,15,2,1,1031112.0,0,0,0,0,0,4477304.771411,,0,1,0,False,6,43,0,0,0,0,0,0,0,0,0,0,0,0,0,0,0,0,0,0,0,0,0,1,1,0,0,0,0,1,0,0,0,0,0,0,1,0,0,0,0,0,0,0,0,0,0,0,0,0,0,0,0,0,0,0,0,0,0,0,0,0,0,0,0,0,0,0,0,0,0,0,0,0,0,0,0,0,0,0,0,0,0,0,0,0,0,0,0,0,0,0,0,0,0,0,0,0,0,0,0,0,0,0,0,0,0,0,0,0,0,0,0,0,0,0,0,0,0,0,0,0,0,0,0,0,0,1,0,0,0,0,0,0,0,0,0,0,0,0,0,0,0,0,0,0,0,0,0,0,0,0,0,0,0,5,1632.9941666666666,4,0.0,0.0,0.0,0.6211277397986427,0.0,0.0,0.0,0.0,0.0,0.0,0.0,0.0,0.0,0.0,0.0,0.0,0.0,0.0,0.0,0.0,0.0,0.0,0.783709340797103,2,79,7,1,2,1
156257,4,0,1,12,11,1,1,859861.0,0,0,0,0,0,4484697.892238,,0,1,0,False,6,283,0,0,0,0,0,0,0,0,0,0,0,0,0,0,0,1,0,0,1,0,1,1,0,0,0,0,0,0,0,0,0,1,1,0,1,0,0,0,0,0,0,0,0,0,0,0,0,0,0,0,0,0,0,0,0,0,0,0,0,0,0,0,0,0,0,0,0,0,0,0,0,0,0,0,0,0,0,0,1,0,0,0,0,0,0,0,0,0,0,0,0,0,0,0,0,0,0,0,0,0,0,0,0,0,0,0,0,0,0,0,0,0,0,0,0,0,0,0,0,0,0,0,0,0,0,1,0,0,0,0,0,0,0,0,0,0,0,0,0,0,0,0,0,0,0,0,0,0,0,0,0,0,0,9,741.3752777777778,4,0.0,0.0,0.0,0.5436301896179988,0.10563457649620804,0.0,0.0,0.09550609623726372,0.09899770205889102,0.24944497952292813,0.3175674839720582,0.08053710738022005,0.0,0.10135615906642396,0.3071531679847906,0.0,0.26371590949011553,0.0,0.2868054421216318,0.0,0.3825284616308531,0.30410181116505536,0.09798951861359291,6,76,17,0,4,1
156501,5,17,38,167,3,4,2,171023.0,0,1,0,0,0,4510201.47248,,1,38,0,False,6,198,0,0,0,0,0,0,0,0,0,0,0,0,0,0,0,1,0,0,0,0,0,1,0,0,0,0,0,0,0,0,0,1,1,0,1,0,0,0,0,0,0,0,0,0,0,0,0,0,0,0,0,0,0,0,0,0,0,0,0,0,0,0,0,0,0,0,0,0,0,0,0,0,0,0,0,0,0,0,1,0,0,0,0,0,0,0,0,0,0,0,0,0,0,0,0,0,0,0,0,0,0,0,0,0,0,0,0,0,0,0,0,0,0,0,0,0,0,0,0,0,0,0,0,0,0,1,0,0,0,0,0,0,0,0,0,0,0,0,0,0,0,0,0,0,0,0,0,0,0,0,0,0,0,7,278.67055555555555,4,0.09893076534645821,0.0,0.0,0.2467787602970232,0.22377784544290072,0.0,0.10099903945627081,0.10116076171046323,0.10485909635531171,0.26421396253807633,0.33636982180991226,0.08530549828254448,0.0,0.10735719141670659,0.3253389014867927,0.0,0.279329836840078,0.0,0.3037864401415062,0.0,0.5672477560147052,0.19326412909955512,0.10379122101239258,9,2,24,0,2,1
157438,0,0,1,2,1,2,2,,0,0,0,0,0,4600689.267052,,0,1,0,False,6,188,0,0,0,0,0,0,0,0,0,0,0,0,0,0,0,0,0,0,0,0,0,0,0,0,0,0,0,0,0,0,0,0,0,0,1,0,0,0,0,0,0,0,0,0,0,0,0,0,0,0,0,0,0,0,0,0,0,0,0,0,0,0,0,0,0,0,0,0,0,0,0,0,0,0,0,0,0,0,0,0,0,0,0,0,0,0,0,0,0,0,0,0,0,0,0,0,0,0,0,0,0,0,0,0,0,0,0,0,0,0,0,0,0,0,0,0,0,0,0,0,0,0,0,0,0,1,0,0,0,0,0,0,0,0,0,0,0,0,0,0,0,0,0,0,0,0,0,0,0,0,0,0,0,2,263.15527777777777,4,0.0,0.0,0.0,0.25201569895745485,0.1142633386734908,0.0,0.0,0.10330751333237188,0.1070843310349094,0.4497014948612882,0.3435079893001721,0.08711578236601078,0.0,0.10963543864320542,0.33224297973440153,0.0,0.38034339738798684,0.0,0.31023314953812176,0.0,0.41377530552360964,0.19736542366857693,0.0,16,69,35,2,2,1
152477,8,6,1,31,2,2,2,5578563.0,0,0,0,0,0,4800464.547059,,0,1,0,False,6,236,0,0,0,0,0,0,0,0,0,0,0,0,0,0,0,0,0,0,0,0,0,1,0,0,0,0,0,0,0,0,0,0,0,0,1,0,0,0,0,0,0,0,0,0,0,0,0,0,0,0,0,0,0,0,0,0,0,0,0,0,0,0,0,0,0,0,0,0,0,0,0,0,0,0,0,0,0,0,0,0,0,0,0,0,0,0,0,0,0,0,0,0,0,0,0,0,0,0,0,0,0,0,0,0,0,0,0,0,0,0,0,0,0,0,0,0,0,0,0,0,0,0,0,0,0,1,0,0,0,0,0,0,0,0,0,0,0,0,0,0,0,0,0,0,0,0,0,0,0,0,0,0,0,3,2275.722777777778,4,0.19307106322292217,0.0,0.0,0.2408039474097057,0.10917995629087276,0.10775980757568762,0.0,0.09871153706069576,0.3069609916240226,0.257817022272708,0.3282259007373061,0.08324014877724618,0.0,0.10475794369356091,0.3174620523648934,0.0,0.2725669229371325,0.0,0.2964314022307672,0.0,0.5535140003265765,0.1257233135295159,0.0,2,51,2,0,0,1
160554,2,7,30,381,5,2,1,174223.0,0,0,0,0,0,52177.662644,,0,30,0,False,6,243,0,0,0,0,0,0,0,0,0,0,0,0,0,0,0,0,0,0,0,0,0,0,0,0,0,0,0,0,0,0,0,0,0,0,0,0,0,0,0,0,0,0,0,0,0,0,0,0,0,0,0,0,0,0,0,0,0,0,0,0,0,0,0,0,0,0,0,0,0,0,0,0,0,0,0,0,0,0,0,0,0,0,0,0,0,0,0,0,0,0,0,0,0,0,0,0,0,0,0,0,0,0,0,0,0,0,0,0,0,0,0,0,0,0,0,0,0,0,0,0,0,0,0,0,0,0,0,0,0,0,0,0,0,0,0,0,0,0,0,0,0,0,0,0,0,0,0,0,0,0,0,0,0,0,217.39583333333334,4,0.0,0.10570166247154439,0.0,0.24839514221012415,0.11262178656575213,0.0,0.0,0.10182335692468467,0.10554591537721146,0.35459272491443583,0.3385730182901609,0.08586424273991192,0.0,0.10806037276926067,0.3274698462867359,0.0,0.2811594258027355,0.0,0.3057762179761101,0.0,0.5709631852192514,0.12968666286088226,0.10447104553287063,150,96,12,4,2,1
160484,4,8,11,980,9,3,2,848515.0,0,0,0,0,0,-18217.009027,,3,11,0,False,6,274,0,0,0,0,0,1,0,0,0,0,0,0,0,0,0,0,0,0,1,0,0,1,0,0,0,1,1,0,0,0,0,0,0,0,0,0,0,0,0,0,0,0,0,0,0,0,0,0,0,0,0,0,0,0,0,0,0,0,0,0,0,0,0,0,0,1,0,0,0,0,0,0,0,0,0,0,0,0,0,0,0,0,0,0,0,0,0,0,0,0,0,0,0,0,0,0,0,0,0,0,0,0,0,0,0,0,0,0,0,0,0,0,0,0,0,0,0,0,0,0,0,0,0,0,0,0,0,0,0,0,0,0,0,0,0,0,0,0,0,0,0,0,0,0,0,0,0,0,0,0,0,0,0,6,258.2008333333333,4,0.0,0.0,0.0,0.0,0.0,0.0,0.0,0.0,0.0,0.0,0.0,0.0,0.0,0.11619610993706894,0.0,0.0,0.40310344687503774,0.0,0.0,0.10021533533851386,0.6139503255408685,0.34862654433303253,0.5616827325729492,153,94,7,62,2,1
160191,3,0,8,100,7,1,1,603238.0,0,0,0,0,0,64500.629822,,0,8,0,False,6,27,0,0,0,0,0,0,0,0,0,0,0,0,0,0,0,0,0,0,1,1,0,0,0,0,0,0,0,0,0,0,0,0,0,0,0,0,0,0,0,0,0,0,0,0,0,0,0,0,0,0,0,0,0,0,0,0,0,0,0,0,0,0,0,0,0,0,0,0,0,0,0,0,0,0,0,0,0,0,0,0,0,0,0,0,0,0,0,0,0,0,0,0,0,0,0,0,0,0,0,0,0,0,0,0,0,0,0,0,0,0,0,0,0,0,0,0,0,0,0,0,0,0,0,0,0,0,0,0,0,0,0,0,0,0,0,0,0,0,0,0,0,0,0,0,0,0,0,0,0,0,0,0,0,2,361.8886111111111,4,0.0,0.0,0.0,0.0,0.0,0.0,0.0,0.0,0.0,0.0,0.0,0.0,0.0,0.9578176148785985,0.0,0.0,0.0,0.0,0.0,0.0,0.0,0.28737678512411685,0.0,106,100,13,2,3,1
153256,1,21,15,82,2,4,3,1633639.0,0,0,0,0,0,141345.344123,,0,15,0,False,6,189,0,0,0,0,0,0,0,0,0,0,0,0,0,0,0,0,0,0,0,0,0,1,1,0,0,0,0,0,0,0,0,0,0,0,1,0,0,0,0,0,0,0,0,0,0,0,0,0,0,0,0,0,0,0,0,0,0,0,0,0,0,0,0,0,0,0,0,0,0,0,0,0,0,0,0,0,0,0,0,0,0,0,0,0,0,0,0,0,0,0,0,0,0,0,0,0,0,0,0,0,0,0,0,0,0,0,0,0,0,0,0,0,0,0,0,0,0,0,0,0,0,0,0,0,0,1,0,0,0,0,0,0,0,0,0,0,0,0,0,0,0,0,0,0,0,0,0,0,0,0,0,0,0,4,569.315,4,0.0,0.0,0.0,0.26172286189855376,0.11866454404000565,0.0,0.0,0.1072867212511864,0.11120901475141835,0.3736185093930158,0.35673926035788883,0.0904713157620114,0.0,0.11385838614778969,0.34504034415915713,0.0,0.3949934979463636,0.0,0.3221827373802873,0.0,0.4297131392710173,0.20496756248141862,0.0,3,1,3,0,0,1
57552,0,1,4,86,3,2,2,,0,0,0,0,0,141903.550491,,0,4,0,False,7,171,0,0,0,0,0,0,0,0,0,0,0,1,0,0,0,0,0,0,1,0,0,0,0,0,0,0,0,0,0,0,0,0,0,0,0,0,0,0,0,0,0,0,0,1,0,0,0,1,0,0,1,0,0,0,0,0,0,0,0,0,0,0,0,0,0,0,0,0,0,0,0,0,0,0,0,0,0,0,0,0,0,0,0,0,0,0,0,0,0,0,0,1,0,0,0,0,0,0,0,0,0,0,0,0,0,0,0,0,0,0,0,0,0,0,0,0,0,0,0,0,0,0,0,0,0,0,0,0,0,0,0,0,0,0,0,0,0,0,0,0,0,0,0,0,0,0,0,0,0,0,0,0,0,6,183.37972222222223,4,0.11681042919873906,0.12399288033462527,0.1293358875937421,0.1942525684939188,0.132110502126476,0.260784172690984,0.1192525005364243,0.11944345070098683,0.0,0.0,0.39716162224682405,0.20144536095521184,0.12748260097347114,0.0,0.0,0.10696974600580923,0.0,0.44603782253185237,0.23912631784066685,0.4373045325422808,0.19136168788648283,0.3042567636707733,0.0,96,219,19,89,1,1
57165,1,30,24,15805,154,4,3,3099109.0,1,2,0,0,0,262864.851185,,0,24,0,False,7,112,0,0,0,0,0,0,0,0,0,0,0,0,0,0,0,0,0,0,0,0,0,0,0,0,0,0,0,0,0,0,0,0,0,0,0,0,0,0,0,0,0,0,0,0,1,1,0,0,0,1,0,0,0,0,0,0,0,0,0,0,0,0,0,0,0,0,0,0,0,0,0,0,0,0,0,0,0,0,0,0,0,0,0,0,0,0,0,0,0,0,0,0,0,0,0,0,0,0,0,0,0,0,0,0,0,0,0,0,0,0,0,0,0,0,0,1,0,0,0,0,0,0,0,0,0,0,0,0,0,0,0,0,0,0,0,0,0,0,0,0,0,0,0,0,0,0,0,0,0,0,0,0,0,4,864.7775,4,0.12099445349988588,0.12843417233267626,0.13396856038173363,0.20121048717218967,0.13684255863140876,0.2701251820801124,0.12352399721389999,0.12372178700857361,0.0,0.0,0.41138752562173897,0.20866091774557244,0.1320488910222724,0.0,0.0,0.11080128758857605,0.0,0.462014418983944,0.24769156609591345,0.4529683119129186,0.09910802916085279,0.23636618598512865,0.0,97,168,50,2,3,1
57321,0,1,9,86,10,2,2,,0,0,0,0,0,270494.348676,,0,9,0,False,7,151,0,0,0,0,0,0,0,0,0,0,0,0,0,0,0,0,0,0,0,0,0,0,0,0,0,0,0,0,0,0,0,0,0,0,0,0,0,0,0,0,0,0,0,0,0,0,0,1,0,0,0,0,0,0,0,0,0,0,0,0,0,0,0,0,0,0,0,0,0,0,0,0,0,0,0,0,0,0,0,0,0,0,0,0,0,0,0,0,0,0,0,0,0,0,0,0,0,0,0,0,0,0,0,0,0,0,0,0,0,0,0,0,0,0,0,0,0,0,0,0,0,0,0,0,0,0,0,0,0,0,0,0,0,0,0,0,0,0,0,0,0,0,0,0,0,0,0,0,0,0,0,0,0,1,652.7411111111111,4,0.1121806939129917,0.11907847143120465,0.12420971070514054,0.1865534445640406,0.1268743544853084,0.2504480948719589,0.11452597471647592,0.22941871329317157,0.0,0.2996004888390739,0.38142027800835393,0.193461153533307,0.12242987836904035,0.0,0.0,0.10273004231678387,0.10558028407572113,0.4283592893741646,0.22964864055575426,0.4199721398885081,0.09188857143459032,0.21914825014192896,0.0,114,222,41,18,1,1
57142,6,9,7,49,6,3,2,71472.0,0,1,0,0,0,288423.920778,,0,7,0,False,7,173,0,0,0,0,0,0,0,0,0,0,0,1,0,0,0,0,0,0,0,0,0,0,0,0,0,0,0,0,0,0,0,0,0,0,0,0,0,0,0,0,0,0,0,1,1,0,0,0,0,1,0,0,0,0,0,0,0,0,0,0,0,0,0,0,0,0,0,0,0,0,0,0,0,0,0,0,0,0,0,0,0,0,0,0,0,0,0,0,0,0,0,0,0,0,0,0,0,0,0,0,0,0,0,0,0,0,0,0,0,0,0,0,0,0,0,1,0,0,0,0,0,0,0,0,0,0,0,0,0,0,0,0,0,0,0,0,0,0,0,0,0,0,0,0,0,0,0,0,0,0,0,0,0,5,876.5327777777778,4,0.10722730137851942,0.11382050421038158,0.11872517114441182,0.26747413114128554,0.12127215629592163,0.11969471934868059,0.10946902517929667,0.10964430979201724,0.0,0.0,0.3645784820479163,0.1849187831824378,0.11702392816177996,0.0,0.0,0.0981939478523241,0.10091833581451884,0.4094448787742129,0.2195083942976694,0.40142806791099334,0.08783118733514406,0.48876719191208573,0.11249536478329458,90,169,47,20,1,1
57320,2,1,1,10,2,3,2,975769.0,0,0,0,0,0,288454.155597,,0,1,0,False,7,200,0,0,0,0,0,0,0,0,0,0,0,1,0,0,0,0,0,0,0,0,0,0,0,0,0,0,0,0,0,0,0,0,0,0,0,0,0,0,0,0,0,0,0,1,0,1,0,1,0,0,0,0,0,0,0,0,0,0,0,0,0,0,0,0,0,0,0,0,0,0,0,0,0,0,0,0,0,0,0,0,0,0,0,0,0,0,0,0,0,0,0,0,0,0,0,0,0,0,0,0,0,0,0,0,0,0,0,0,0,0,0,0,0,0,0,0,0,0,0,0,0,0,0,0,0,0,0,0,0,0,0,0,0,0,0,0,0,0,0,0,0,0,0,0,0,0,0,0,0,0,0,0,0,4,514.8425,4,0.10273161778010573,0.218096779155206,0.11374742016335695,0.17083988780974785,0.11618761871085977,0.11467631844075293,0.10487935356855996,0.10504728908130011,0.0,0.0,0.3492929206190084,0.26574863178547825,0.11211750463255507,0.0,0.0,0.09407700267933278,0.09668716612855466,0.3922782187697631,0.3154577076817638,0.3845975260839668,0.08414871819477167,0.4682748115213388,0.0,113,131,40,25,0,1
57456,0,15,8,420,3,3,2,,0,1,0,0,0,288466.434954,,0,8,0,False,7,156,0,0,0,0,0,0,0,0,0,0,0,1,0,0,0,0,0,0,1,0,0,0,0,0,0,0,0,0,0,0,0,0,0,0,0,0,0,0,0,0,0,0,0,1,0,0,0,1,0,0,1,0,0,0,0,0,0,0,0,0,0,0,0,0,0,0,0,0,0,0,0,0,0,0,0,0,0,0,0,0,0,0,0,0,0,0,0,0,0,0,0,1,0,0,0,0,0,0,0,0,0,0,0,0,0,0,0,0,0,0,0,0,0,0,0,0,0,0,0,0,0,0,0,0,0,0,0,0,0,0,0,0,0,0,0,0,0,0,0,0,0,0,0,0,0,0,0,0,0,0,0,0,0,6,237.62,4,0.10513275700719266,0.11159717028916448,0.11640603100231782,0.26224937561116335,0.11890326414716175,0.23471328071397018,0.10733069168049375,0.10750255233873413,0.0,0.0,0.3574569206762963,0.2719599567710404,0.11473801956489618,0.0,0.0,0.09627585816687725,0.19789405758342654,0.4014469113239484,0.21522058638098834,0.39358669832203536,0.08611552055350642,0.4107598005873033,0.0,80,168,49,26,0,1
57174,3,30,26,291,5,4,2,1583408.0,1,2,0,0,0,469410.589718,,0,26,0,False,7,112,0,0,0,0,0,0,0,0,0,0,0,1,0,0,0,0,0,0,0,0,0,0,0,0,0,0,0,0,0,0,0,0,0,0,0,0,0,0,0,0,0,0,0,0,1,1,1,1,0,0,0,0,1,0,0,0,0,0,0,0,0,0,0,0,0,0,0,0,0,0,0,0,0,0,0,0,0,0,0,0,0,0,0,0,0,0,0,0,0,0,0,0,0,0,0,0,0,0,0,0,0,0,0,0,0,0,0,0,0,0,0,0,0,0,0,1,0,0,0,0,0,0,0,0,0,0,0,0,0,0,0,0,0,0,0,0,0,0,0,0,0,0,0,0,0,0,0,0,0,0,0,0,0,7,800.1072222222223,4,0.12099445349988588,0.12843417233267626,0.13396856038173363,0.20121048717218967,0.13684255863140876,0.2701251820801124,0.12352399721389999,0.12372178700857361,0.0,0.0,0.41138752562173897,0.20866091774557244,0.1320488910222724,0.0,0.0,0.11080128758857605,0.0,0.462014418983944,0.24769156609591345,0.4529683119129186,0.09910802916085279,0.23636618598512865,0.0,102,149,55,0,4,1
57297,9,1,10,284,10,2,2,53.0,0,1,0,0,0,615150.5555,,0,10,0,False,7,159,0,0,0,0,0,0,0,0,0,0,0,1,0,0,0,0,0,0,0,0,0,0,0,0,0,0,0,0,0,0,0,0,0,0,0,0,0,0,0,0,0,0,0,1,0,1,0,1,0,0,0,0,0,0,0,0,0,0,0,0,0,0,0,0,0,0,0,0,0,0,0,0,0,0,0,0,0,0,0,0,0,0,0,0,0,0,0,0,0,0,0,0,0,0,0,0,0,0,0,0,0,0,0,0,0,0,0,0,0,0,0,0,0,0,0,0,0,0,0,0,0,0,0,0,0,0,0,0,0,0,0,0,0,0,0,0,0,0,0,0,0,0,0,0,0,0,0,0,0,0,0,0,0,4,640.8372222222222,4,0.11769873350153681,0.12493580477958333,0.13031944382449795,0.19572979440265237,0.1331151583741134,0.1313836746150155,0.12015937597616491,0.12035177825295719,0.0,0.0,0.40018190374367346,0.20297728564843173,0.12845206357842326,0.0,0.1290194428048653,0.10778321519942442,0.0,0.44942979120865145,0.24094479362666574,0.440630087465372,0.1928169296136662,0.22992790105923808,0.24696251401584945,108,167,37,42,4,1
57361,8,7,5,76,2,3,2,311251.0,0,2,0,0,0,664877.40017,,0,5,0,False,7,149,0,0,0,0,0,0,0,0,0,0,0,0,0,0,0,0,0,0,0,0,0,0,0,0,0,0,0,0,0,0,0,0,0,0,0,0,0,0,0,0,0,0,0,0,1,0,0,0,0,0,0,0,0,0,0,0,0,0,0,0,0,0,0,0,0,0,0,0,0,0,0,0,0,0,0,0,0,0,0,0,0,0,0,0,0,0,0,0,0,0,0,0,0,0,0,0,0,0,0,0,0,0,0,0,0,0,0,0,0,0,0,0,0,0,0,1,0,0,0,0,0,0,0,0,0,0,0,0,0,0,0,0,0,0,0,0,0,0,0,0,0,0,0,0,0,0,0,0,0,0,0,0,0,2,482.73277777777776,4,0.11754420522873471,0.12477177485717572,0.13014834564894734,0.19547281808553202,0.1329403896667928,0.2624223583926846,0.120001617092291,0.12019376676150942,0.0,0.0,0.39965649946316467,0.2027107940011881,0.12828341711187158,0.0,0.0,0.10764170514586376,0.0,0.4488397287048746,0.24062845392026352,0.4400515782126809,0.09628188881823159,0.3061680341084995,0.12331913678112877,118,163,50,44,3,1
57328,7,17,20,124,62,5,2,1660.0,0,0,0,0,0,690858.204117,,0,20,0,False,7,208,0,0,0,0,0,0,0,0,0,0,0,1,0,0,0,0,0,0,0,0,0,0,0,0,0,0,0,0,0,0,0,0,0,0,0,0,0,0,0,0,0,0,0,1,1,0,1,0,0,0,0,0,0,0,0,0,0,0,0,0,0,0,0,0,0,0,0,0,0,0,0,0,0,0,0,0,0,0,0,0,0,0,0,0,0,0,0,0,0,0,0,0,0,0,0,0,0,0,0,0,0,0,0,0,0,0,0,0,0,0,0,0,0,0,0,1,0,0,0,0,0,0,0,0,0,0,0,0,0,0,0,0,0,0,0,0,0,0,0,0,0,0,0,0,0,0,0,0,0,0,0,0,0,5,526.7952777777778,4,0.11900554611298662,0.12632297081315377,0.1317663845658336,0.19790298825234254,0.13459314001897243,0.26568486308625744,0.12149350917571665,0.12168804770082955,0.0,0.0,0.4046251355706276,0.20523094861346064,0.1298782707401923,0.0,0.1304519495954114,0.10897993551012664,0.0,0.45441982382531554,0.24362001098548625,0.44552241670421183,0.09747889091858425,0.232480797525405,0.12485227315342577,117,154,45,49,1,1
57145,6,0,1,6,1,2,2,21139.0,0,0,0,0,0,692574.435261,,0,1,0,False,7,112,0,0,0,0,0,0,0,0,0,0,0,1,0,0,0,0,0,0,0,0,0,0,0,0,0,0,0,0,0,0,0,0,0,0,0,0,0,0,0,0,0,0,0,1,1,0,0,0,0,0,0,0,0,0,0,0,0,0,0,0,0,0,0,0,0,0,0,0,0,0,0,0,0,0,0,0,0,0,0,0,0,0,0,0,0,0,0,0,0,0,0,0,0,0,0,0,0,0,0,0,0,0,0,0,0,0,0,0,0,0,0,0,0,0,0,1,0,0,0,0,0,0,0,0,0,0,0,0,0,0,0,0,0,0,0,0,0,0,0,0,0,0,0,0,0,0,0,0,0,0,0,0,0,4,851.4036111111111,4,0.12099445349988588,0.12843417233267626,0.13396856038173363,0.20121048717218967,0.13684255863140876,0.2701251820801124,0.12352399721389999,0.12372178700857361,0.0,0.0,0.41138752562173897,0.20866091774557244,0.1320488910222724,0.0,0.0,0.11080128758857605,0.0,0.462014418983944,0.24769156609591345,0.4529683119129186,0.09910802916085279,0.23636618598512865,0.0,91,150,49,1,2,1
57116,2,0,1,2,1,3,2,117472.0,0,0,0,0,0,800001.090423,,0,1,0,False,7,112,0,0,0,0,0,0,0,0,0,0,0,1,0,0,0,0,0,0,0,0,0,0,0,0,0,0,0,0,0,0,0,0,0,0,0,0,0,0,0,0,0,0,0,1,1,0,0,0,0,0,0,0,0,0,0,0,0,0,0,0,0,0,0,0,0,0,0,0,0,0,0,0,0,0,0,0,0,0,0,0,0,0,0,0,0,0,0,0,0,0,0,0,0,0,0,0,0,0,0,0,0,0,0,0,0,0,0,0,0,0,0,0,0,0,0,1,0,0,0,0,0,0,0,0,0,0,0,0,0,0,0,0,0,0,0,0,0,0,0,0,0,0,0,0,0,0,0,0,0,0,0,0,0,4,886.4883333333333,4,0.12099445349988588,0.12843417233267626,0.13396856038173363,0.20121048717218967,0.13684255863140876,0.2701251820801124,0.12352399721389999,0.12372178700857361,0.0,0.0,0.41138752562173897,0.20866091774557244,0.1320488910222724,0.0,0.0,0.11080128758857605,0.0,0.462014418983944,0.24769156609591345,0.4529683119129186,0.09910802916085279,0.23636618598512865,0.0,90,130,49,0,6,0
56785,5,0,4,352,1,2,3,4394435.0,0,0,0,0,0,876100.489957,,0,4,0,False,7,94,0,0,0,0,0,0,0,0,0,0,0,1,0,0,0,0,0,0,0,0,0,0,0,0,0,0,0,0,0,0,0,0,0,0,0,0,0,0,0,0,0,0,0,1,1,0,0,0,0,0,0,0,0,0,1,0,0,0,0,0,0,0,0,0,0,0,0,0,0,0,0,0,0,0,0,0,0,0,0,0,0,0,0,0,0,0,0,0,0,0,0,0,0,0,0,0,0,0,0,0,0,0,0,0,0,0,0,0,0,0,0,0,0,0,0,1,0,0,0,0,0,0,0,0,0,0,0,0,0,0,0,0,0,1,0,0,0,0,0,0,0,0,0,0,0,0,0,0,0,0,0,0,0,6,1313.7525,4,0.20276555680680433,0.0,0.22450789234263394,0.16859680459185628,0.0,0.0,0.2070046299610106,0.0,0.0,0.0,0.4596090607637871,0.0,0.0,0.0,0.2222683148828494,0.0,0.0,0.38712770795786916,0.41508777355512944,0.37954786076598046,0.33217546979282436,0.0,0.0,93,132,55,10,1,1
57324,8,3,6,323,4,3,2,8621.0,0,1,0,0,0,890291.347571,,0,6,0,False,7,255,0,0,0,0,0,0,0,0,0,0,0,1,0,0,0,0,0,0,0,0,0,0,0,0,0,0,0,0,0,0,0,0,0,0,0,0,0,0,0,0,0,0,0,1,0,0,0,1,0,0,0,0,0,0,0,0,0,0,0,0,0,0,0,0,0,0,0,0,0,0,0,0,0,0,0,0,0,0,0,0,0,0,0,0,0,0,0,0,0,0,0,0,0,0,0,0,0,0,0,0,0,0,0,0,0,0,0,0,0,0,0,0,0,0,0,0,0,0,0,0,0,0,0,0,0,0,0,0,0,0,0,0,0,0,0,0,0,0,0,0,0,0,0,0,0,0,0,0,0,0,0,0,0,3,419.8263888888889,4,0.10529820264246614,0.22354557772379738,0.11658921719753504,0.17510804866825194,0.11909038019579324,0.11754132251000898,0.10749959616825686,0.1076717272806981,0.0,0.09373981649649137,0.3580194445652128,0.18159195702600509,0.11491858083882567,0.22853395012832792,0.0,0.09642736585077476,0.09910274005148505,0.4020786615145006,0.21555927536481573,0.3942060790287986,0.0862510390865542,0.4114062063136207,0.2209429793532507,115,122,43,65,1,1
57139,4,30,4,664,45,2,2,531000.0,0,0,0,0,0,930963.209489,,0,4,0,False,7,188,0,0,0,0,0,0,0,0,0,0,0,1,0,0,0,0,0,0,0,0,0,0,0,0,0,0,0,0,0,0,0,0,0,0,0,0,0,0,0,0,0,0,0,1,1,0,0,0,0,0,0,0,0,0,0,0,0,0,0,0,0,0,0,0,0,0,0,0,0,0,0,0,0,0,0,0,0,0,0,0,0,0,0,0,0,0,0,0,0,0,0,0,0,0,0,0,0,0,0,0,0,0,0,0,0,0,0,0,0,0,0,0,0,0,0,1,0,0,0,0,0,0,0,0,0,0,0,0,0,0,0,0,0,0,0,0,0,0,0,0,0,0,0,0,0,0,0,0,0,0,0,0,0,4,793.7305555555556,4,0.11089413892116168,0.11771280861975755,0.12278519978648457,0.1844139385851143,0.12541928384521336,0.2475758069994864,0.11321252264797686,0.11339380144492392,0.0,0.0,0.37704592315690827,0.1912424258349696,0.24205155925470628,0.0,0.0,0.1015518730245162,0.0,0.4234466099921978,0.22701489320968116,0.41515564933067506,0.2725042157567128,0.2888465700336114,0.11634235357866173,89,132,47,28,1,1
57253,0,0,1,445,28,2,2,,0,0,0,0,0,1047294.065848,,0,1,0,False,7,131,0,0,0,0,0,0,0,0,0,0,0,1,0,0,0,0,0,0,0,0,0,0,0,0,0,0,0,0,0,0,0,0,0,0,0,0,0,0,0,0,0,0,0,1,1,0,0,0,0,0,0,0,0,0,0,0,0,0,0,0,0,0,0,0,0,0,0,0,0,0,0,0,0,0,0,0,0,0,0,0,0,0,0,0,0,0,0,0,0,0,0,0,0,0,0,0,0,0,0,0,0,0,0,0,0,0,0,0,0,0,0,0,0,0,0,1,0,0,0,0,0,0,0,0,0,0,0,0,0,0,0,0,0,0,0,0,0,0,0,0,0,0,0,0,0,0,0,0,0,0,0,0,0,4,566.6944444444445,4,0.11844831357834507,0.125731475109728,0.1311494005776885,0.19697632569451276,0.1339629200081594,0.2644408181277738,0.12092462698264468,0.12111825459898927,0.0,0.0,0.4027305155530056,0.20426997355458235,0.1292701276715431,0.0,0.0,0.10846964697591223,0.0,0.45229204475541285,0.24247928266949698,0.44343629892559994,0.09702245496887615,0.30852297007052865,0.0,113,128,47,39,2,1
57430,0,0,1,2,1,2,2,,0,0,0,0,0,1048212.912766,,0,1,0,False,7,164,0,0,0,0,0,0,0,0,0,0,0,1,0,0,0,0,0,0,0,0,0,0,0,0,0,0,0,0,0,0,0,0,0,0,0,0,0,0,0,0,0,0,0,1,0,0,0,1,0,0,0,0,0,0,0,0,0,0,0,0,0,0,0,0,0,0,0,0,0,0,0,0,0,0,0,0,0,0,0,0,0,0,0,0,0,0,0,0,0,0,0,0,0,0,0,0,0,0,0,0,0,0,0,0,0,0,0,0,0,0,0,0,0,0,0,0,0,0,0,0,0,0,0,0,0,0,0,0,0,0,0,0,0,0,0,0,0,0,0,0,0,0,0,0,0,0,0,0,0,0,0,0,0,3,195.73305555555555,4,0.1011449567992878,0.3220925034919822,0.11199062320890607,0.2523019705933955,0.11439313357525849,0.225810349826643,0.10325952141175665,0.10342486320767313,0.0,0.0,0.343898189571276,0.26164421881242156,0.11038588126565821,0.0,0.0,0.09262400979779259,0.0,0.3862195918660284,0.20705703466269001,0.3786575253213709,0.24854719463516067,0.32931602756348405,0.10611419540402467,88,130,51,0,4,1
57426,4,4,4,64,1,3,2,376433.0,0,1,0,0,0,1098656.734198,,0,4,0,False,7,112,0,0,0,0,0,0,0,0,0,0,0,1,0,0,0,0,0,0,0,0,0,0,0,0,0,0,0,0,0,0,0,0,0,0,0,0,0,0,0,0,0,0,0,1,1,0,0,0,0,0,0,0,0,0,0,0,0,0,0,0,0,0,0,0,0,0,0,0,0,0,0,0,0,0,0,0,0,0,0,0,0,0,0,0,0,0,0,0,0,0,0,0,0,0,0,0,0,0,0,0,0,0,0,0,0,0,0,0,0,0,0,0,0,0,0,1,0,0,0,0,0,0,0,0,0,0,0,0,0,0,0,0,0,0,0,0,0,0,0,0,0,0,0,0,0,0,0,0,0,0,0,0,0,4,199.94944444444445,4,0.12099445349988588,0.12843417233267626,0.13396856038173363,0.20121048717218967,0.13684255863140876,0.2701251820801124,0.12352399721389999,0.12372178700857361,0.0,0.0,0.41138752562173897,0.20866091774557244,0.1320488910222724,0.0,0.0,0.11080128758857605,0.0,0.462014418983944,0.24769156609591345,0.4529683119129186,0.09910802916085279,0.23636618598512865,0.0,91,123,50,0,3,1
57425,3,0,2,73,4,2,2,2099.0,0,0,0,0,0,1101714.30666,,0,2,0,False,7,127,0,0,0,0,0,0,0,0,0,0,0,0,0,0,0,0,0,0,1,0,0,0,0,0,0,0,0,0,0,0,0,0,0,0,0,0,0,0,0,0,0,0,0,0,0,0,0,1,0,0,1,0,0,0,0,0,0,0,0,0,0,0,0,0,0,0,0,0,0,0,0,0,0,0,0,0,0,0,0,0,0,0,0,0,0,0,0,0,0,0,0,1,0,0,0,0,0,0,0,0,0,0,0,0,0,0,0,0,0,0,0,0,0,0,0,0,0,0,0,0,0,0,0,0,0,0,0,0,0,0,0,0,0,0,0,0,0,0,0,0,0,0,0,0,0,0,0,0,0,0,0,0,0,4,206.51416666666665,4,0.12286349475753304,0.13041813738262595,0.1360380169505117,0.2043186519774174,0.13895641079971782,0.27429789492300033,0.1254321131681779,0.25126591657418146,0.0,0.10937699945168823,0.13924745483640066,0.21188417181089506,0.2681773876497292,0.0,0.0,0.11251287164811868,0.1156345376959192,0.4691513082026691,0.12575886973421932,0.4599654629300338,0.10063898359808164,0.3200232166308276,0.0,91,121,51,9,3,1
55932,0,30,28,13583,134,3,2,,1,1,0,0,0,1116382.349008,,0,28,0,False,7,127,0,0,0,0,0,0,0,0,0,0,0,0,0,0,0,0,0,0,0,0,0,0,0,0,0,0,0,0,0,0,0,0,0,0,0,0,0,0,0,0,0,0,0,0,1,1,0,0,0,1,0,0,0,0,0,0,0,0,0,0,0,0,0,0,0,0,0,0,0,0,0,0,0,0,0,0,0,0,0,0,0,0,0,0,0,0,0,0,0,0,0,0,0,0,0,0,0,0,0,0,0,0,0,0,0,0,0,0,0,0,0,0,0,0,0,1,0,0,0,0,0,0,0,0,0,0,0,0,0,0,0,0,0,0,0,0,0,0,0,0,0,0,0,0,0,0,0,0,0,0,0,0,0,4,2440.2383333333332,4,0.24330715641238737,0.1291338253636207,0.134698362331012,0.20230659364176057,0.13758801686242114,0.1357983527884452,0.1241969017647326,0.12439576903144361,0.0,0.0,0.4136285843989034,0.20979761089264384,0.1327682354549774,0.0,0.0,0.11140488439841177,0.0,0.4645312708677624,0.24904088109371245,0.4554358845736491,0.09964792622822914,0.23765380528016264,0.0,70,92,47,1,4,1
57400,2,27,14,1117,11,4,2,836097.0,0,0,0,0,0,1116862.779231,,0,14,0,False,7,112,0,0,0,0,0,0,0,0,0,0,0,1,0,0,0,0,0,0,0,0,0,0,0,0,0,0,0,0,0,0,0,0,0,0,0,0,0,0,0,0,0,0,0,1,1,1,1,1,0,0,0,0,0,0,0,0,0,0,0,0,0,0,0,0,0,0,0,0,0,0,0,0,0,0,0,0,0,0,0,0,0,0,0,0,0,0,0,0,0,0,0,0,0,0,0,0,0,0,0,0,0,0,0,0,0,0,0,0,0,0,0,0,0,0,0,1,0,0,0,0,0,0,0,0,0,0,0,0,0,0,0,0,0,0,0,0,0,0,0,0,0,0,0,0,0,0,0,0,0,0,0,0,0,7,245.51388888888889,4,0.12099445349988588,0.12843417233267626,0.13396856038173363,0.20121048717218967,0.13684255863140876,0.2701251820801124,0.12352399721389999,0.12372178700857361,0.0,0.0,0.41138752562173897,0.20866091774557244,0.1320488910222724,0.0,0.0,0.11080128758857605,0.0,0.462014418983944,0.24769156609591345,0.4529683119129186,0.09910802916085279,0.23636618598512865,0.0,97,115,55,5,1,1
57211,9,2,17,885,5,3,2,341210.0,0,1,0,0,0,1117676.575646,,0,17,0,False,7,163,0,0,0,0,0,0,0,0,0,0,0,1,0,0,0,0,0,0,0,0,0,0,0,0,0,0,0,0,0,0,0,0,0,0,0,0,0,0,0,0,0,0,0,1,1,1,1,1,0,0,0,0,0,0,0,0,0,0,0,0,0,0,0,0,0,0,0,0,0,0,0,0,0,0,0,0,0,0,0,0,0,0,0,0,0,0,0,0,0,0,0,0,0,0,0,0,0,0,0,0,0,0,0,0,0,0,0,0,0,0,0,0,0,0,0,1,0,0,0,0,0,0,0,0,0,0,0,0,0,0,0,0,0,0,0,0,0,0,0,0,0,0,0,0,0,0,0,0,0,0,0,0,0,7,598.0627777777778,4,0.11594303814800538,0.12307215505782688,0.12837548712088157,0.19281012075488185,0.1311294983921478,0.2588476858625665,0.11836697556701493,0.1185565078062688,0.0,0.0,0.3942124469103851,0.19994950219925195,0.12653596232170738,0.0,0.0,0.10617542822938164,0.0,0.44272571060651544,0.2373506542332932,0.4340572707988358,0.18994070675778907,0.30199746545790385,0.12163930456946283,110,111,55,39,0,1
56800,10,17,28,632,5,5,2,611355.0,0,1,0,0,0,1136970.666513,,0,28,0,False,7,112,0,0,0,0,0,0,0,0,0,0,0,1,0,0,0,0,0,0,0,0,0,0,0,0,0,0,0,0,0,0,0,0,0,0,0,0,0,0,0,0,0,0,0,1,1,1,1,1,0,0,0,0,0,0,0,0,0,0,0,0,0,0,0,0,0,0,0,0,0,0,0,0,0,0,0,0,0,0,0,0,0,0,0,0,0,0,0,0,0,0,0,0,0,0,0,0,0,0,0,0,0,0,0,0,0,0,0,0,0,0,0,0,0,0,0,1,0,0,0,0,0,0,0,0,0,0,0,0,0,0,0,0,0,0,0,0,0,0,0,0,0,0,0,0,0,0,0,0,0,0,0,0,0,7,1220.6733333333334,4,0.12099445349988588,0.12843417233267626,0.13396856038173363,0.20121048717218967,0.13684255863140876,0.2701251820801124,0.12352399721389999,0.12372178700857361,0.0,0.0,0.41138752562173897,0.20866091774557244,0.1320488910222724,0.0,0.0,0.11080128758857605,0.0,0.462014418983944,0.24769156609591345,0.4529683119129186,0.09910802916085279,0.23636618598512865,0.0,94,108,58,31,2,1
56075,0,1,4,730,4,2,2,,1,0,0,0,0,1138812.740076,,0,4,0,False,7,112,0,0,0,0,0,0,0,0,0,0,0,1,0,0,0,0,0,0,0,0,0,0,0,0,0,0,0,0,0,0,0,0,0,0,0,0,0,0,0,0,0,0,0,1,1,1,1,1,0,0,0,0,0,0,0,0,0,0,0,0,0,0,0,0,0,0,0,0,0,0,0,0,0,0,0,0,0,0,0,0,0,0,0,0,0,0,0,0,0,0,0,0,0,0,0,0,0,0,0,0,0,0,0,0,0,0,0,0,0,0,0,0,0,0,0,1,0,0,0,0,0,0,0,0,0,0,0,0,0,0,0,0,0,0,0,0,0,0,0,0,0,0,0,0,0,0,0,0,0,0,0,0,0,7,284.04055555555556,4,0.12099445349988588,0.12843417233267626,0.13396856038173363,0.20121048717218967,0.13684255863140876,0.2701251820801124,0.12352399721389999,0.12372178700857361,0.0,0.0,0.41138752562173897,0.20866091774557244,0.1320488910222724,0.0,0.0,0.11080128758857605,0.0,0.462014418983944,0.24769156609591345,0.4529683119129186,0.09910802916085279,0.23636618598512865,0.0,53,96,41,9,2,1
56330,10,30,18,142,5,5,4,2340431.0,0,5,0,0,0,1142417.494618,,0,18,0,False,7,80,0,0,0,0,0,0,0,0,0,0,0,1,0,0,0,0,0,0,0,0,0,0,0,0,0,0,0,0,0,0,0,0,0,0,0,0,0,0,0,0,0,0,0,1,1,1,1,1,0,0,0,0,0,0,0,0,0,0,0,0,0,0,0,0,0,0,0,0,0,0,0,0,0,0,0,0,0,0,0,0,0,0,0,0,0,0,0,0,0,0,0,0,0,0,0,0,0,0,0,0,0,0,0,0,0,0,0,0,0,0,0,0,0,0,0,1,0,0,0,0,0,0,0,0,0,0,0,0,0,0,0,0,0,0,0,0,0,0,0,0,0,0,0,0,0,0,0,0,0,0,0,0,0,7,1846.5913888888888,4,0.0,0.0,0.17404468334144665,0.13070087274609854,0.177778425899128,0.0,0.16047567368719945,0.0,0.0,0.0,0.5344523478003974,0.0,0.17155075308769394,0.0,0.0,0.14394701978754468,0.0,0.45016804514871234,0.32178744075978105,0.44135388660940705,0.12875577301678154,0.20471608102272495,0.0,105,107,35,2,4,1
55678,2,0,8,665,4,2,2,243045.0,1,0,0,0,0,1147911.470867,,0,8,0,False,7,112,0,0,0,0,0,0,0,0,0,0,0,1,0,0,0,0,0,0,0,0,0,0,0,0,0,0,0,0,0,0,0,0,0,0,0,0,0,0,0,0,0,0,0,1,1,1,1,1,0,0,0,0,0,0,0,0,0,0,0,0,0,0,0,0,0,0,0,0,0,0,0,0,0,0,0,0,0,0,0,0,0,0,0,0,0,0,0,0,0,0,0,0,0,0,0,0,0,0,0,0,0,0,0,0,0,0,0,0,0,0,0,0,0,0,0,1,0,0,0,0,0,0,0,0,0,0,0,0,0,0,0,0,0,0,0,0,0,0,0,0,0,0,0,0,0,0,0,0,0,0,0,0,0,7,409.8591666666667,4,0.12099445349988588,0.12843417233267626,0.13396856038173363,0.20121048717218967,0.13684255863140876,0.2701251820801124,0.12352399721389999,0.12372178700857361,0.0,0.0,0.41138752562173897,0.20866091774557244,0.1320488910222724,0.0,0.0,0.11080128758857605,0.0,0.462014418983944,0.24769156609591345,0.4529683119129186,0.09910802916085279,0.23636618598512865,0.0,16,19,16,2,5,0
55988,4,30,9,558,4,3,1,14466.0,0,3,0,0,0,1147907.00525,,0,9,0,False,7,112,0,0,0,0,0,0,0,0,0,0,0,0,0,0,0,0,0,0,0,0,0,0,0,0,0,0,0,0,0,0,0,0,0,0,0,0,0,0,0,0,0,0,0,0,1,1,1,1,0,0,0,0,0,0,0,0,0,0,0,0,0,0,0,0,0,0,0,0,0,0,0,0,0,0,0,0,0,0,0,0,0,0,0,0,0,0,0,0,0,0,0,0,0,0,0,0,0,0,0,0,0,0,0,0,0,0,0,0,0,0,0,0,0,0,0,1,0,0,0,0,0,0,0,0,0,0,0,0,0,0,0,0,0,0,0,0,0,0,0,0,0,0,0,0,0,0,0,0,0,0,0,0,0,5,489.5419444444444,4,0.12099445349988588,0.12843417233267626,0.13396856038173363,0.20121048717218967,0.13684255863140876,0.2701251820801124,0.12352399721389999,0.12372178700857361,0.0,0.0,0.41138752562173897,0.20866091774557244,0.1320488910222724,0.0,0.0,0.11080128758857605,0.0,0.462014418983944,0.24769156609591345,0.4529683119129186,0.09910802916085279,0.23636618598512865,0.0,39,99,37,9,1,1
55639,1,5,9,264,4,2,2,492726.0,0,1,0,0,0,1147914.320715,,0,9,0,False,7,112,0,0,0,0,0,0,0,0,0,0,0,1,0,0,0,0,0,0,0,0,0,0,0,0,0,0,0,0,0,0,0,0,0,0,0,0,0,0,0,0,0,0,0,1,1,1,1,1,0,0,0,0,0,0,0,0,0,0,0,0,0,0,0,0,0,0,0,0,0,0,0,0,0,0,0,0,0,0,0,0,0,0,0,0,0,0,0,0,0,0,0,0,0,0,0,0,0,0,0,0,0,0,0,0,0,0,0,0,0,0,0,0,0,0,0,1,0,0,0,0,0,0,0,0,0,0,0,0,0,0,0,0,0,0,0,0,0,0,0,0,0,0,0,0,0,0,0,0,0,0,0,0,0,7,456.60555555555555,4,0.12099445349988588,0.12843417233267626,0.13396856038173363,0.20121048717218967,0.13684255863140876,0.2701251820801124,0.12352399721389999,0.12372178700857361,0.0,0.0,0.41138752562173897,0.20866091774557244,0.1320488910222724,0.0,0.0,0.11080128758857605,0.0,0.462014418983944,0.24769156609591345,0.4529683119129186,0.09910802916085279,0.23636618598512865,0.0,11,5,11,1,2,1
55633,2,4,8,305,4,2,2,607831.0,0,1,0,0,0,1147917.718464,,0,8,0,False,7,112,0,0,0,0,0,0,0,0,0,0,0,1,0,0,0,0,0,0,0,0,0,0,0,0,0,0,0,0,0,0,0,0,0,0,0,0,0,0,0,0,0,0,0,1,1,1,1,1,0,0,0,0,0,0,0,0,0,0,0,0,0,0,0,0,0,0,0,0,0,0,0,0,0,0,0,0,0,0,0,0,0,0,0,0,0,0,0,0,0,0,0,0,0,0,0,0,0,0,0,0,0,0,0,0,0,0,0,0,0,0,0,0,0,0,0,1,0,0,0,0,0,0,0,0,0,0,0,0,0,0,0,0,0,0,0,0,0,0,0,0,0,0,0,0,0,0,0,0,0,0,0,0,0,7,460.6022222222222,4,0.12099445349988588,0.12843417233267626,0.13396856038173363,0.20121048717218967,0.13684255863140876,0.2701251820801124,0.12352399721389999,0.12372178700857361,0.0,0.0,0.41138752562173897,0.20866091774557244,0.1320488910222724,0.0,0.0,0.11080128758857605,0.0,0.462014418983944,0.24769156609591345,0.4529683119129186,0.09910802916085279,0.23636618598512865,0.0,10,6,10,0,2,1
56290,4,21,10,238,5,4,2,3026639.0,0,0,0,0,0,1157022.141757,,0,10,0,False,7,112,0,0,0,0,0,0,0,0,0,0,0,1,0,0,0,0,0,0,0,0,0,0,0,0,0,0,0,0,0,0,0,0,0,0,0,0,0,0,0,0,0,0,0,1,1,1,1,1,0,0,0,0,0,0,0,0,0,0,0,0,0,0,0,0,0,0,0,0,0,0,0,0,0,0,0,0,0,0,0,0,0,0,0,0,0,0,0,0,0,0,0,0,0,0,0,0,0,0,0,0,0,0,0,0,0,0,0,0,0,0,0,0,0,0,0,1,0,0,0,0,0,0,0,0,0,0,0,0,0,0,0,0,0,0,0,0,0,0,0,0,0,0,0,0,0,0,0,0,0,0,0,0,0,7,1886.1486111111112,4,0.12099445349988588,0.12843417233267626,0.13396856038173363,0.20121048717218967,0.13684255863140876,0.2701251820801124,0.12352399721389999,0.12372178700857361,0.0,0.0,0.41138752562173897,0.20866091774557244,0.1320488910222724,0.0,0.0,0.11080128758857605,0.0,0.462014418983944,0.24769156609591345,0.4529683119129186,0.09910802916085279,0.23636618598512865,0.0,99,105,33,1,2,1
56693,1,0,2,25,1,2,2,3692992.0,0,0,0,0,0,1169121.334471,,0,2,0,False,7,141,0,0,0,0,0,0,0,0,0,0,0,1,0,0,0,0,0,0,0,0,0,0,0,0,0,0,0,0,0,0,0,0,0,0,0,0,0,0,0,0,0,0,0,1,1,0,0,0,0,0,0,0,0,0,0,0,0,0,0,0,0,0,0,0,0,0,0,0,0,0,0,0,0,0,0,0,0,0,0,0,0,0,0,0,0,0,0,0,0,0,0,0,0,0,0,0,0,0,0,0,0,0,0,0,0,0,0,0,0,0,0,0,0,0,0,1,0,0,0,0,0,0,0,0,0,0,0,0,0,0,0,0,0,0,0,0,0,0,0,0,0,0,0,0,0,0,0,0,0,0,0,0,0,4,1394.1463888888889,4,0.11844831357834507,0.125731475109728,0.1311494005776885,0.19697632569451276,0.1339629200081594,0.2644408181277738,0.12092462698264468,0.12111825459898927,0.0,0.0,0.4027305155530056,0.20426997355458235,0.1292701276715431,0.0,0.0,0.10846964697591223,0.0,0.45229204475541285,0.24247928266949698,0.44343629892559994,0.09702245496887615,0.30852297007052865,0.0,125,100,59,20,2,1
57117,9,30,30,12486,129,3,2,115951.0,0,2,0,0,0,1180652.790247,,0,30,0,False,7,110,0,0,0,0,0,0,0,0,0,0,0,0,0,0,0,0,0,0,0,0,0,0,0,0,0,0,0,0,0,0,0,0,0,0,0,0,0,0,0,0,0,0,0,0,1,1,0,0,0,1,0,0,0,0,0,0,0,0,0,0,0,0,0,0,0,0,0,0,0,0,0,0,0,0,0,0,0,0,0,0,0,0,0,0,0,0,0,0,0,0,0,0,0,0,0,0,0,0,0,0,0,0,0,0,0,0,0,0,0,0,0,0,0,0,0,1,0,0,0,0,0,0,0,0,0,0,0,0,0,0,0,0,0,0,0,0,0,0,0,0,0,0,0,0,0,0,0,0,0,0,0,0,0,4,292.03833333333336,4,0.12444760398328851,0.13209965047194,0.13779198852791202,0.20695298255893052,0.1407480099460721,0.13891724253893686,0.12704934022221734,0.12725277488659642,0.0,0.0,0.4231284194550903,0.21461604649848703,0.13581753230025273,0.0,0.0,0.11396352774695229,0.0,0.4752001912908944,0.25476061948189915,0.4658959106581754,0.1019365467408442,0.24311201594497348,0.0,91,115,50,1,6,0
57173,3,4,5,368,2,3,2,2380005.0,0,0,0,0,0,1195061.494447,,0,5,0,False,7,131,0,0,0,0,0,0,0,0,0,0,0,1,0,1,0,0,0,0,0,0,0,0,0,0,0,0,0,0,0,0,0,0,0,0,0,0,0,0,0,0,0,0,0,1,1,0,0,0,0,0,0,1,0,0,0,0,0,0,0,0,0,0,0,0,0,0,0,0,0,0,0,0,0,0,0,0,0,0,0,0,0,0,0,0,0,0,0,0,0,0,0,0,0,0,0,0,0,0,0,0,0,0,0,0,0,0,0,0,0,0,0,0,0,0,0,1,0,0,0,0,0,0,0,0,0,0,0,0,0,0,0,0,0,0,0,0,0,0,0,0,0,0,0,0,0,0,0,0,0,0,0,0,0,6,666.905,4,0.11844831357834507,0.125731475109728,0.1311494005776885,0.19697632569451276,0.1339629200081594,0.2644408181277738,0.12092462698264468,0.12111825459898927,0.0,0.0,0.4027305155530056,0.20426997355458235,0.1292701276715431,0.0,0.0,0.10846964697591223,0.0,0.45229204475541285,0.24247928266949698,0.44343629892559994,0.09702245496887615,0.30852297007052865,0.0,102,98,55,31,4,1
57208,2,16,17,380,5,4,2,1538806.0,0,1,0,0,0,1275688.017522,,0,17,0,False,7,112,0,0,0,0,0,0,0,0,0,0,0,1,0,0,0,0,0,0,0,0,0,0,0,0,0,0,0,0,0,0,0,0,0,0,0,0,0,0,0,0,0,0,0,1,1,1,1,1,0,0,0,0,0,0,0,0,0,0,0,0,0,0,0,0,0,0,0,0,0,0,0,0,0,0,0,0,0,0,0,0,0,0,0,0,0,0,0,0,0,0,0,0,0,0,0,0,0,0,0,0,0,0,0,0,0,0,0,0,0,0,0,0,0,0,0,1,0,0,0,0,0,0,0,0,0,0,0,0,0,0,0,0,0,0,0,0,0,0,0,0,0,0,0,0,0,0,0,0,0,0,0,0,0,7,512.6677777777778,4,0.12099445349988588,0.12843417233267626,0.13396856038173363,0.20121048717218967,0.13684255863140876,0.2701251820801124,0.12352399721389999,0.12372178700857361,0.0,0.0,0.41138752562173897,0.20866091774557244,0.1320488910222724,0.0,0.0,0.11080128758857605,0.0,0.462014418983944,0.24769156609591345,0.4529683119129186,0.09910802916085279,0.23636618598512865,0.0,108,76,57,31,0,1
57358,0,5,4,22,1,4,2,,0,1,0,0,0,1295228.239211,,0,4,0,False,7,127,0,0,0,0,0,0,0,0,0,0,0,1,0,0,0,0,0,0,0,0,0,0,0,0,0,0,0,0,0,0,0,0,0,0,0,0,0,0,0,0,0,0,0,0,0,0,0,1,0,0,0,0,1,0,0,0,0,0,0,0,0,0,0,0,0,0,0,0,0,0,0,0,0,0,0,0,0,0,0,0,0,0,0,0,0,0,0,0,0,0,0,0,0,0,0,0,0,0,0,0,0,0,0,0,0,0,0,0,0,0,0,0,0,0,0,0,0,0,0,0,0,0,0,0,0,0,0,0,0,0,0,0,0,0,0,0,0,0,0,0,0,0,0,0,0,0,0,0,0,0,0,0,0,3,319.8613888888889,4,0.2684987087176695,0.14250409183665075,0.1486447701972328,0.22325302699200625,0.1518336139688828,0.0,0.13705600871864937,0.1372754663174535,0.0,0.11951305460644543,0.45645488787673344,0.0,0.14651480171822026,0.0,0.0,0.1229395306199547,0.12635048398953092,0.3844709550247596,0.274826092160798,0.37694312627754845,0.10996527974427855,0.34968002739391363,0.0,122,87,48,2,3,1
57344,4,30,9,2139,15,5,2,43557.0,0,1,0,0,0,1328264.642874,,4,9,0,False,7,112,0,0,0,0,0,0,0,0,0,0,0,1,0,0,0,0,0,0,0,0,0,0,0,0,0,0,0,0,0,0,0,0,0,0,0,0,0,0,0,0,0,0,0,0,1,1,1,1,0,0,0,0,1,0,0,1,0,0,0,0,0,0,0,0,0,0,0,0,0,0,0,0,0,0,0,0,0,0,0,0,0,0,0,0,0,0,0,0,0,0,0,0,0,0,0,0,0,0,0,0,0,0,0,0,0,0,0,0,0,0,0,0,0,0,0,1,0,0,0,0,0,0,0,0,0,0,0,0,0,0,0,0,0,0,0,0,0,0,0,0,0,0,0,0,0,0,0,0,0,0,0,0,0,8,320.15055555555557,4,0.12099445349988588,0.12843417233267626,0.13396856038173363,0.20121048717218967,0.13684255863140876,0.2701251820801124,0.12352399721389999,0.12372178700857361,0.0,0.0,0.41138752562173897,0.20866091774557244,0.1320488910222724,0.0,0.0,0.11080128758857605,0.0,0.462014418983944,0.24769156609591345,0.4529683119129186,0.09910802916085279,0.23636618598512865,0.0,118,87,44,4,2,1
56782,4,18,24,1059,12,3,2,716465.0,0,0,0,0,0,1328273.200753,,2,24,0,False,7,112,0,0,0,0,0,0,0,0,0,0,0,1,0,0,0,0,0,0,0,0,0,0,0,0,0,0,0,0,0,0,0,0,0,0,0,0,0,0,0,0,0,0,0,1,1,1,1,1,0,0,0,0,0,0,0,0,0,0,0,0,0,0,0,0,0,0,0,0,0,0,0,0,0,0,0,0,0,0,0,0,0,0,0,0,0,0,0,0,0,0,0,0,0,0,0,0,0,0,0,0,0,0,0,0,0,0,0,0,0,0,0,0,0,0,0,1,0,0,0,0,0,0,0,0,0,0,0,0,0,0,0,0,0,0,0,0,0,0,0,0,0,0,0,0,0,0,0,0,0,0,0,0,0,7,541.6088888888889,4,0.12099445349988588,0.12843417233267626,0.13396856038173363,0.20121048717218967,0.13684255863140876,0.2701251820801124,0.12352399721389999,0.12372178700857361,0.0,0.0,0.41138752562173897,0.20866091774557244,0.1320488910222724,0.0,0.0,0.11080128758857605,0.0,0.462014418983944,0.24769156609591345,0.4529683119129186,0.09910802916085279,0.23636618598512865,0.0,96,82,59,3,1,1
57101,1,0,2,8,1,3,2,21103.0,0,0,0,0,0,1346561.276331,,0,2,0,False,7,261,0,0,0,0,0,0,0,0,0,0,0,1,0,0,0,0,0,0,0,0,0,0,0,0,0,0,0,0,0,0,0,0,0,0,0,0,0,0,0,0,0,0,0,1,1,0,0,0,0,0,0,0,0,0,0,0,0,0,0,0,0,0,0,0,0,0,0,0,0,0,0,0,0,0,0,0,0,0,0,0,0,0,0,0,0,0,0,0,0,0,0,0,0,0,0,0,0,0,0,0,0,0,0,0,0,0,0,0,0,0,0,0,0,0,0,1,0,0,0,0,0,0,0,0,0,0,0,0,0,0,0,0,0,0,0,0,0,0,0,0,0,0,0,0,0,0,0,0,0,0,0,0,0,4,780.5066666666667,4,0.08787571263809733,0.2798370692462057,0.0972985320740832,0.36533730346845167,0.09938585621998783,0.1961862068066456,0.08971286673969768,0.08985651728446836,0.0,0.07822976053222332,0.4979700988865016,0.15154601154199918,0.2877129504534748,0.0,0.0,0.08047263181426803,0.0,0.3355513012613331,0.17989314597090444,0.3289813050137973,0.07198006552156115,0.28611293653241476,0.0,101,87,41,1,4,1
57290,3,0,1,3,1,2,2,5065.0,0,0,0,0,0,1357755.775954,,0,1,0,False,7,140,0,0,0,0,0,0,0,0,0,0,0,0,0,0,0,0,0,0,1,0,0,0,0,0,0,0,0,0,0,0,0,0,0,0,0,0,0,0,0,0,0,0,0,0,0,0,0,0,0,0,1,0,0,0,0,0,0,0,0,0,0,0,0,0,0,0,0,0,0,0,0,0,0,0,0,0,0,0,0,0,0,0,0,0,0,0,0,0,0,0,0,1,0,0,0,0,0,0,0,0,0,0,0,0,0,0,0,0,0,0,0,0,0,0,0,0,0,0,0,0,0,0,0,0,0,0,0,0,0,0,0,0,0,0,0,0,0,0,0,0,0,0,0,0,0,0,0,0,0,0,0,0,0,3,437.6172222222222,4,0.12099445349988588,0.12843417233267626,0.13396856038173363,0.20121048717218967,0.13684255863140876,0.2701251820801124,0.12352399721389999,0.12372178700857361,0.0,0.0,0.41138752562173897,0.20866091774557244,0.1320488910222724,0.0,0.0,0.11080128758857605,0.0,0.462014418983944,0.24769156609591345,0.4529683119129186,0.09910802916085279,0.23636618598512865,0.0,107,91,39,41,4,1
57205,2,3,7,382,5,4,2,1890089.0,0,0,0,0,0,1365414.498754,,0,7,0,False,7,112,0,0,0,0,0,0,0,0,0,0,0,1,0,0,0,0,0,0,0,0,0,0,0,0,0,0,0,0,0,0,0,0,0,0,0,0,0,0,0,0,0,0,0,1,1,1,1,1,0,0,0,0,0,0,0,0,0,0,0,0,0,0,0,0,0,0,0,0,0,0,0,0,0,0,0,0,0,0,0,0,0,0,0,0,0,0,0,0,0,0,0,0,0,0,0,0,0,0,0,0,0,0,0,0,0,0,0,0,0,0,0,0,0,0,0,1,0,0,0,0,0,0,0,0,0,0,0,0,0,0,0,0,0,0,0,0,0,0,0,0,0,0,0,0,0,0,0,0,0,0,0,0,0,7,534.8169444444444,4,0.12099445349988588,0.12843417233267626,0.13396856038173363,0.20121048717218967,0.13684255863140876,0.2701251820801124,0.12352399721389999,0.12372178700857361,0.0,0.0,0.41138752562173897,0.20866091774557244,0.1320488910222724,0.0,0.0,0.11080128758857605,0.0,0.462014418983944,0.24769156609591345,0.4529683119129186,0.09910802916085279,0.23636618598512865,0.0,108,91,55,30,0,1
57170,2,0,2,18,1,2,2,32808.0,0,0,0,0,0,1370067.415518,,0,2,0,False,7,114,0,0,0,0,0,0,0,0,0,0,0,1,0,1,0,0,0,0,0,0,0,0,0,0,0,0,0,0,0,0,0,0,0,0,0,0,0,0,0,0,0,0,0,1,1,0,0,0,0,0,0,1,0,0,0,0,0,0,0,0,0,0,0,0,0,0,0,0,0,0,0,0,0,0,0,0,0,0,0,0,0,0,0,0,0,0,0,0,0,0,0,0,0,0,0,0,0,0,0,0,0,0,0,0,0,0,0,0,0,0,0,0,0,0,0,1,0,0,0,0,0,0,0,0,0,0,0,0,0,0,0,0,0,0,0,0,0,0,0,0,0,0,0,0,0,0,0,0,0,0,0,0,0,6,607.7155555555555,4,0.12099445349988588,0.12843417233267626,0.13396856038173363,0.20121048717218967,0.13684255863140876,0.2701251820801124,0.12352399721389999,0.12372178700857361,0.0,0.0,0.41138752562173897,0.20866091774557244,0.1320488910222724,0.0,0.0,0.11080128758857605,0.0,0.462014418983944,0.24769156609591345,0.4529683119129186,0.09910802916085279,0.23636618598512865,0.0,100,78,53,21,4,1
57336,2,18,15,1474,5,3,2,834683.0,0,0,0,0,0,1380990.901512,,0,15,0,False,7,112,0,0,0,0,0,0,0,0,0,0,0,1,0,0,0,0,0,0,0,0,0,0,0,0,0,0,0,0,0,0,0,0,0,0,0,0,0,0,0,0,0,0,0,1,1,1,1,1,0,0,0,0,0,0,0,0,0,0,0,0,0,0,0,0,0,0,0,0,0,0,0,0,0,0,0,0,0,0,0,0,0,0,0,0,0,0,0,0,0,0,0,0,0,0,0,0,0,0,0,0,0,0,0,0,0,0,0,0,0,0,0,0,0,0,0,1,0,0,0,0,0,0,0,0,0,0,0,0,0,0,0,0,0,0,0,0,0,0,0,0,0,0,0,0,0,0,0,0,0,0,0,0,0,7,325.03527777777776,4,0.12099445349988588,0.12843417233267626,0.13396856038173363,0.20121048717218967,0.13684255863140876,0.2701251820801124,0.12352399721389999,0.12372178700857361,0.0,0.0,0.41138752562173897,0.20866091774557244,0.1320488910222724,0.0,0.0,0.11080128758857605,0.0,0.462014418983944,0.24769156609591345,0.4529683119129186,0.09910802916085279,0.23636618598512865,0.0,118,83,46,40,1,1
56243,30,25,18,443,31,4,2,40294.0,1,4,0,0,0,1378220.089864,,0,18,0,False,7,144,0,0,0,0,0,0,0,0,0,0,0,1,0,0,0,0,0,0,1,0,0,0,0,0,0,0,0,0,0,0,0,0,0,0,0,0,0,0,0,0,0,0,0,1,0,0,0,1,0,0,1,0,0,0,0,0,0,0,0,0,0,0,0,0,0,0,0,0,0,0,0,0,0,0,0,0,0,0,0,0,0,0,0,0,0,0,0,0,0,0,0,1,0,0,0,0,0,0,0,0,0,0,0,0,0,0,0,0,0,0,0,0,0,0,0,0,0,0,0,0,0,0,0,0,0,0,0,0,0,0,0,0,0,0,0,0,0,0,0,0,0,0,0,0,0,0,0,0,0,0,0,0,0,6,1885.7922222222223,4,0.11996479197357064,0.12734119887736642,0.13282848934235295,0.19949818804326686,0.13567802989716038,0.26782641962256676,0.12247280929719154,0.12266891590279341,0.0,0.0,0.40788662210685905,0.20688521553085526,0.13092515634894414,0.13018279086459214,0.0,0.10985836979692494,0.0,0.4580826811391915,0.24558371347437183,0.4491135563441674,0.09826462087539817,0.23435471222917678,0.0,92,87,40,11,0,1
57189,3,19,17,3571,36,6,2,290034.0,1,1,0,0,0,1381019.312385,,0,17,0,False,7,112,0,0,0,0,0,0,0,0,0,0,0,1,0,0,0,0,0,0,0,0,0,0,0,0,0,0,0,0,0,0,0,0,0,0,0,0,0,0,0,0,0,0,0,1,1,1,1,1,0,0,0,0,0,0,0,0,0,0,0,0,0,0,0,0,0,0,0,0,0,0,0,0,0,0,0,0,0,0,0,0,0,0,0,0,0,0,0,0,0,0,0,0,0,0,0,0,0,0,0,0,0,0,0,0,0,0,0,0,0,0,0,0,0,0,0,1,0,0,0,0,0,0,0,0,0,0,0,0,0,0,0,0,0,0,0,0,0,0,0,0,0,0,0,0,0,0,0,0,0,0,0,0,0,7,574.2711111111112,4,0.12099445349988588,0.12843417233267626,0.13396856038173363,0.20121048717218967,0.13684255863140876,0.2701251820801124,0.12352399721389999,0.12372178700857361,0.0,0.0,0.41138752562173897,0.20866091774557244,0.1320488910222724,0.0,0.0,0.11080128758857605,0.0,0.462014418983944,0.24769156609591345,0.4529683119129186,0.09910802916085279,0.23636618598512865,0.0,105,85,50,38,5,0
57202,1,4,17,300,5,3,2,1897494.0,0,0,0,0,0,1388729.285547,,0,17,0,False,7,112,0,0,0,0,0,0,0,0,0,0,0,1,0,0,0,0,0,0,0,0,0,0,0,0,0,0,0,0,0,0,0,0,0,0,0,0,0,0,0,0,0,0,0,1,1,1,1,1,0,0,0,0,0,0,0,0,0,0,0,0,0,0,0,0,0,0,0,0,0,0,0,0,0,0,0,0,0,0,0,0,0,0,0,0,0,0,0,0,0,0,0,0,0,0,0,0,0,0,0,0,0,0,0,0,0,0,0,0,0,0,0,0,0,0,0,1,0,0,0,0,0,0,0,0,0,0,0,0,0,0,0,0,0,0,0,0,0,0,0,0,0,0,0,0,0,0,0,0,0,0,0,0,0,7,530.6169444444445,4,0.12099445349988588,0.12843417233267626,0.13396856038173363,0.20121048717218967,0.13684255863140876,0.2701251820801124,0.12352399721389999,0.12372178700857361,0.0,0.0,0.41138752562173897,0.20866091774557244,0.1320488910222724,0.0,0.0,0.11080128758857605,0.0,0.462014418983944,0.24769156609591345,0.4529683119129186,0.09910802916085279,0.23636618598512865,0.0,107,86,53,29,0,1
57349,1,0,2,60,5,2,2,1112639.0,1,0,0,0,0,1399051.251456,,0,2,0,False,7,242,0,0,0,0,0,0,0,0,0,0,0,0,0,0,0,0,0,0,0,0,0,0,0,0,0,0,0,0,0,0,0,0,0,0,0,0,0,0,0,0,0,0,0,0,0,1,0,1,0,0,0,0,0,0,0,0,0,0,0,0,0,0,0,0,0,0,0,0,0,0,0,0,0,0,0,0,0,0,0,0,0,0,0,0,0,0,0,0,0,0,0,0,0,0,0,0,0,0,0,0,0,0,0,0,0,0,0,0,0,0,0,0,0,0,0,0,0,0,0,0,0,0,0,0,0,0,0,0,0,0,0,0,0,0,0,0,0,0,0,0,0,0,0,0,0,0,0,0,0,0,0,0,0,2,309.06805555555553,4,0.10112986003046565,0.32204442837070635,0.11197390762957977,0.16817620821275528,0.11437605940026176,0.11288832282916002,0.10324410902568452,0.10340942614289286,0.0,0.0,0.34384685976076834,0.17440344408397324,0.22073881041618515,0.0,0.0,0.18522036970956915,0.19035930298017054,0.38616194521633374,0.20702612959056163,0.3786010073762015,0.16567339786268473,0.39512024912172716,0.10609835693290898,120,84,48,67,2,1
57390,3,1,5,682,7,2,2,153431.0,0,0,0,0,0,1390983.393769,,0,5,0,False,7,127,0,0,0,0,0,0,0,0,0,0,0,1,0,0,0,0,0,0,0,0,0,0,0,0,0,0,0,0,0,0,0,0,0,0,0,0,0,0,0,0,0,0,0,1,1,0,1,0,0,0,0,0,0,0,0,0,0,0,0,0,0,0,0,0,0,0,0,0,0,0,0,0,0,0,0,0,0,0,0,0,0,0,0,0,0,0,0,0,0,0,0,0,0,0,0,0,0,0,0,0,0,0,0,0,0,0,0,0,0,0,0,0,0,0,0,1,0,0,0,0,0,0,0,0,0,0,0,0,0,0,0,0,0,0,0,0,0,0,0,0,0,0,0,0,0,0,0,0,0,0,0,0,0,5,182.67361111111111,4,0.11844831357834507,0.125731475109728,0.1311494005776885,0.19697632569451276,0.1339629200081594,0.2644408181277738,0.12092462698264468,0.12111825459898927,0.0,0.0,0.4027305155530056,0.20426997355458235,0.1292701276715431,0.0,0.0,0.10846964697591223,0.0,0.45229204475541285,0.24247928266949698,0.44343629892559994,0.09702245496887615,0.30852297007052865,0.0,100,81,52,53,0,1
57353,1,3,3,118,58,3,2,1088082.0,0,0,0,0,0,1407916.458036,,0,3,0,False,7,143,0,0,0,0,0,0,0,0,0,0,0,1,0,0,0,0,0,0,0,0,0,0,0,0,0,0,0,0,0,0,0,0,0,0,0,0,0,0,0,0,0,0,0,1,1,0,0,0,0,0,0,0,0,0,0,0,0,0,0,0,0,0,0,0,0,0,0,0,0,0,0,0,0,0,0,0,0,0,0,0,0,0,0,0,0,0,0,0,0,0,0,0,0,0,0,0,0,0,0,0,0,0,0,0,0,0,0,0,0,0,0,0,0,0,0,1,0,0,0,0,0,0,0,0,0,0,0,0,0,0,0,0,0,0,0,0,0,0,0,0,0,0,0,0,0,0,0,0,0,0,0,0,0,4,302.9513888888889,4,0.11292233075409207,0.11986571011118463,0.1250308724778855,0.1877867664708402,0.12771313246211533,0.2521038301634923,0.11528311642375176,0.1154677107085959,0.11968909286956843,0.0,0.5119225098629209,0.19474014293671862,0.1232392735072122,0.0,0.0,0.1034092000346798,0.0,0.4311912118658713,0.23116686874996445,0.42274861416686,0.09249605519560924,0.2205970592934751,0.0,121,80,49,0,2,1
57369,5,0,6,346,7,2,2,162555.0,0,0,0,0,0,1430763.56999,,0,6,0,False,7,135,0,0,0,0,0,0,0,0,0,0,0,0,0,0,0,0,0,0,0,0,0,0,0,0,0,0,0,0,0,0,0,0,0,0,0,0,0,0,0,0,0,0,0,0,1,1,0,0,0,0,0,0,0,0,0,0,0,0,0,0,0,0,0,0,0,0,0,0,0,0,0,0,0,0,0,0,0,0,0,0,0,0,0,0,0,0,0,0,0,0,0,0,0,0,0,0,0,0,0,0,0,0,0,0,0,0,0,0,0,0,0,0,0,0,0,1,0,0,0,0,0,0,0,0,0,0,0,0,0,0,0,0,0,0,0,0,0,0,0,0,0,0,0,0,0,0,0,0,0,0,0,0,0,3,219.53694444444446,4,0.11925022423833763,0.1265826937310923,0.13203729926697902,0.1983098813237039,0.13486986659399847,0.26623111724295334,0.12174330261004286,0.12193824111081396,0.0,0.0,0.4054570541061497,0.20565290813896944,0.13014530343611697,0.0,0.0,0.10920400075071783,0.0,0.45535412137906445,0.24412089930147554,0.44643842098536984,0.19535861949676145,0.23295878336368364,0.0,104,75,53,0,5,0
56246,12,14,28,904,5,3,2,17871.0,2,0,0,0,0,1463933.291351,,0,28,0,False,7,119,0,0,0,0,0,0,0,0,0,0,0,0,0,0,0,0,0,0,0,0,0,0,0,0,0,0,0,0,0,0,0,0,0,0,0,0,0,0,0,0,0,0,0,0,1,1,1,1,0,0,0,0,0,0,0,0,0,0,0,0,0,0,0,0,0,0,0,0,0,0,0,0,0,0,0,0,0,0,0,0,0,0,0,0,0,0,0,0,0,0,0,0,0,0,0,0,0,0,0,0,0,0,0,0,0,0,0,0,0,0,0,0,0,0,0,1,0,0,0,0,0,0,0,0,0,0,0,0,0,0,0,0,0,0,0,0,0,0,0,0,0,0,0,0,0,0,0,0,0,0,0,0,0,5,1854.683888888889,4,0.23357021405523734,0.12396600115136157,0.12930785015307758,0.19421045841167942,0.13208186320472393,0.2607276398840106,0.11922664897294806,0.11941755774332366,0.0,0.0,0.39707552552900555,0.20140169161903607,0.1274549652883798,0.0,0.0,0.10694655709852036,0.0,0.44594113042870887,0.23907448002463202,0.4372097336422107,0.1913202044894969,0.22814310515489294,0.0,95,74,40,18,0,1
57360,0,27,11,270,5,4,3,,0,2,0,0,0,1471635.324611,,0,11,0,False,7,112,0,0,0,0,0,0,0,0,0,0,0,1,0,0,0,0,0,0,0,0,0,0,0,0,0,0,0,0,0,0,0,0,0,0,0,0,0,0,0,0,0,0,0,1,1,1,1,1,0,0,0,0,0,0,0,0,0,0,0,0,0,0,0,0,0,0,0,0,0,0,0,0,0,0,0,0,0,0,0,0,0,0,0,0,0,0,0,0,0,0,0,0,0,0,0,0,0,0,0,0,0,0,0,0,0,0,0,0,0,0,0,0,0,0,0,1,0,0,0,0,0,0,0,0,0,0,0,0,0,0,0,0,0,0,0,0,0,0,0,0,0,0,0,0,0,0,0,0,0,0,0,0,0,7,264.6275,4,0.12099445349988588,0.12843417233267626,0.13396856038173363,0.20121048717218967,0.13684255863140876,0.2701251820801124,0.12352399721389999,0.12372178700857361,0.0,0.0,0.41138752562173897,0.20866091774557244,0.1320488910222724,0.0,0.0,0.11080128758857605,0.0,0.462014418983944,0.24769156609591345,0.4529683119129186,0.09910802916085279,0.23636618598512865,0.0,123,73,49,52,3,1
57104,0,0,2,113,8,2,2,,0,0,0,0,0,1490318.584462,,0,2,0,False,7,137,0,0,0,0,0,0,0,0,0,0,0,1,0,0,0,0,0,0,1,0,0,0,0,0,0,0,0,0,0,0,0,0,0,0,0,0,0,0,0,0,0,0,0,1,0,1,0,1,0,0,1,0,0,0,0,0,0,0,0,0,0,0,0,0,0,0,0,0,0,0,0,0,0,0,0,0,0,0,0,0,0,0,0,0,0,0,0,0,0,0,0,1,0,0,0,0,0,0,0,0,0,0,0,0,0,0,0,0,0,0,0,0,0,0,0,0,0,0,0,0,0,0,0,0,0,0,0,0,0,0,0,0,0,0,0,0,0,0,0,0,0,0,0,0,0,0,0,0,0,0,0,0,0,7,737.3641666666666,4,0.2289812976452345,0.12153046107504267,0.12676735962901908,0.19039483678713115,0.12948687209262702,0.2556051658988555,0.11688422218623364,0.11707138020271823,0.0,0.0,0.38927424657534737,0.1974447849928583,0.12495087809509636,0.0,0.0,0.10484539530078084,0.0,0.43717979679891833,0.23437742218686133,0.4286199443600498,0.18756136721866526,0.2982144190401843,0.0,104,73,43,12,4,1
56439,4,18,5,200,1,4,2,6077.0,1,1,0,0,0,1644704.395336,,0,5,0,False,7,120,0,0,0,0,0,0,0,0,0,0,0,1,0,0,0,0,0,0,0,0,0,0,0,0,0,0,0,0,0,0,0,0,0,0,0,0,0,0,0,0,0,0,0,1,1,0,1,0,0,0,0,0,0,0,0,0,0,0,0,0,0,0,0,0,0,0,0,0,0,0,0,0,0,0,0,0,0,0,0,0,0,0,0,0,0,0,0,0,0,0,0,0,0,0,0,0,0,0,0,0,0,0,0,0,0,0,0,0,0,0,0,0,0,0,0,1,0,0,0,0,0,0,0,0,0,0,0,0,0,0,0,0,0,0,0,0,0,0,0,0,0,0,0,0,0,0,0,0,0,0,0,0,0,5,535.185,4,0.11547512654623793,0.12257547246156296,0.12785740185447922,0.19203199648040645,0.13060029875574267,0.25780305362556116,0.1178892816750951,0.11807804901862885,0.0,0.0,0.39262152277714796,0.29871384825850944,0.1260253008300225,0.0,0.0,0.10574693579477996,0.0,0.44093900137668585,0.2363927776192521,0.4323055448126751,0.09458708129218923,0.3007786935501699,0.0,103,100,36,0,2,1
56720,3,0,7,1861,13,2,2,435410.0,1,0,0,0,0,1713989.680418,,0,7,0,False,7,112,0,0,0,0,0,0,0,0,0,0,0,1,0,0,0,0,0,0,0,0,0,0,0,0,0,0,0,0,0,0,0,0,0,0,0,0,0,0,0,0,0,0,0,1,0,1,0,1,0,0,0,0,0,0,0,0,0,0,0,0,0,0,0,0,0,0,0,0,0,0,0,0,0,0,0,0,0,0,0,0,0,0,0,0,0,0,0,0,0,0,0,0,0,0,0,0,0,0,0,0,0,0,0,0,0,0,0,0,0,0,0,0,0,0,0,0,0,0,0,0,0,0,0,0,0,0,0,0,0,0,0,0,0,0,0,0,0,0,0,0,0,0,0,0,0,0,0,0,0,0,0,0,0,4,1208.3683333333333,4,0.12444760398328851,0.13209965047194,0.13779198852791202,0.20695298255893052,0.1407480099460721,0.13891724253893686,0.12704934022221734,0.12725277488659642,0.0,0.0,0.4231284194550903,0.21461604649848703,0.13581753230025273,0.0,0.0,0.11396352774695229,0.0,0.4752001912908944,0.25476061948189915,0.4658959106581754,0.1019365467408442,0.24311201594497348,0.0,111,73,63,6,3,1
57346,0,0,3,81,8,2,2,,0,0,0,0,0,1722247.763696,,0,3,0,False,7,161,0,0,0,0,0,0,0,0,0,0,0,1,0,0,0,0,0,0,1,0,0,0,0,0,0,0,0,0,0,0,0,0,0,0,0,0,0,0,0,0,0,0,0,1,0,0,0,1,0,0,1,0,0,0,0,0,0,0,0,0,0,0,0,0,0,0,0,0,0,0,0,0,0,0,0,0,0,0,0,0,0,0,0,0,0,0,0,0,0,0,0,1,0,0,0,0,0,0,0,0,0,0,0,0,0,0,0,0,0,0,0,0,0,0,0,0,0,0,0,0,0,0,0,0,0,0,0,0,0,0,0,0,0,0,0,0,0,0,0,0,0,0,0,0,0,0,0,0,0,0,0,0,0,6,221.79194444444445,4,0.12444760398328851,0.13209965047194,0.13779198852791202,0.20695298255893052,0.1407480099460721,0.13891724253893686,0.12704934022221734,0.12725277488659642,0.0,0.0,0.4231284194550903,0.21461604649848703,0.13581753230025273,0.0,0.0,0.11396352774695229,0.0,0.4752001912908944,0.25476061948189915,0.4658959106581754,0.1019365467408442,0.24311201594497348,0.0,119,71,45,66,2,1
57201,13,10,6,246,9,3,2,170825.0,0,1,0,0,0,1718048.945031,,0,6,0,False,7,121,0,0,0,0,0,0,0,0,0,0,0,1,0,0,0,0,0,0,0,0,0,0,0,0,0,0,0,0,0,0,0,0,0,0,0,0,0,0,0,0,0,0,0,1,0,0,0,0,0,0,0,0,0,1,0,0,0,0,0,0,0,0,0,0,0,0,0,0,0,0,0,0,0,0,0,0,0,0,0,0,0,0,0,0,0,0,0,0,0,0,0,0,0,0,0,0,0,0,0,0,0,0,0,0,0,0,0,0,0,0,0,0,0,0,0,0,0,0,0,0,0,0,0,0,0,0,0,0,0,0,0,0,0,0,0,0,0,0,0,0,0,0,0,0,0,0,0,0,0,0,0,0,0,3,440.21305555555557,4,0.23665171328170095,0.12560148852804123,0.13101381271270493,0.19677268313621216,0.13382442340633838,0.13208371394447913,0.12079960992633873,0.1209930373621641,0.0,0.0,0.40231415550464056,0.204058790510874,0.12913648267934388,0.0,0.0,0.10835750641115018,0.11136388198252394,0.4518244458763686,0.24222859720623838,0.4429778554957199,0.09692214900127928,0.30820400581582374,0.0,106,71,52,21,0,1
56165,4,30,20,418,5,6,2,1215609.0,0,6,0,0,0,1751452.594488,,1,20,0,False,7,112,0,0,0,0,0,0,0,0,0,0,0,1,0,0,0,0,0,0,0,0,0,0,0,0,0,0,0,0,0,0,0,0,0,0,0,0,0,0,0,0,0,0,0,1,1,1,1,1,0,0,0,0,0,0,0,0,0,0,0,0,0,0,0,0,0,0,0,0,0,0,0,0,0,0,0,0,0,0,0,0,0,0,0,0,0,0,0,0,0,0,0,0,0,0,0,0,0,0,0,0,0,0,0,0,0,0,0,0,0,0,0,0,0,0,0,1,0,0,0,0,0,0,0,0,0,0,0,0,0,0,0,0,0,0,0,0,0,0,0,0,0,0,0,0,0,0,0,0,0,0,0,0,0,7,1844.986388888889,4,0.12099445349988588,0.12843417233267626,0.13396856038173363,0.20121048717218967,0.13684255863140876,0.2701251820801124,0.12352399721389999,0.12372178700857361,0.0,0.0,0.41138752562173897,0.20866091774557244,0.1320488910222724,0.0,0.0,0.11080128758857605,0.0,0.462014418983944,0.24769156609591345,0.4529683119129186,0.09910802916085279,0.23636618598512865,0.0,90,74,37,0,4,1
57311,0,1,4,211,2,2,2,,0,0,0,0,0,1813965.021632,,0,4,0,False,7,122,0,0,0,0,0,0,0,0,0,0,0,1,0,0,0,0,0,0,0,0,0,0,0,0,0,0,0,0,0,0,0,0,0,0,0,0,0,0,0,0,0,0,0,1,1,1,1,1,0,0,0,0,0,0,0,0,0,0,0,0,0,0,0,0,0,0,0,0,0,0,0,0,0,0,0,0,0,0,0,0,0,0,0,0,0,0,0,0,0,0,0,0,0,0,0,0,0,0,0,0,0,0,0,0,0,0,0,0,0,0,0,0,0,0,0,1,0,0,0,0,0,0,0,0,0,0,0,0,0,0,0,0,0,0,0,0,0,0,0,0,0,0,0,0,0,0,0,0,0,0,0,0,0,7,246.28972222222222,4,0.12444760398328851,0.13209965047194,0.13779198852791202,0.20695298255893052,0.1407480099460721,0.13891724253893686,0.12704934022221734,0.12725277488659642,0.0,0.0,0.4231284194550903,0.21461604649848703,0.13581753230025273,0.0,0.0,0.11396352774695229,0.0,0.4752001912908944,0.25476061948189915,0.4658959106581754,0.1019365467408442,0.24311201594497348,0.0,110,84,40,35,0,1
57130,1,3,3,121,6,2,2,1449253.0,0,1,0,0,0,1917504.479878,,0,3,0,False,7,112,0,0,0,0,0,0,0,0,0,0,0,1,0,0,0,0,0,0,0,0,0,0,0,0,0,0,0,0,0,0,0,0,0,0,0,0,0,0,0,0,0,0,0,1,0,0,0,1,0,0,0,0,0,0,0,0,0,0,0,0,0,0,0,0,0,0,0,0,0,0,0,0,0,0,0,0,0,0,0,0,0,0,0,0,0,0,0,0,0,0,0,0,0,0,0,0,0,0,0,0,0,0,0,0,0,0,0,0,0,0,0,0,0,0,0,0,0,0,0,0,0,0,0,0,0,0,0,0,0,0,0,0,0,0,0,0,0,0,0,0,0,0,0,0,0,0,0,0,0,0,0,0,0,3,547.79,4,0.12099445349988588,0.12843417233267626,0.13396856038173363,0.20121048717218967,0.13684255863140876,0.2701251820801124,0.12352399721389999,0.12372178700857361,0.0,0.0,0.41138752562173897,0.20866091774557244,0.1320488910222724,0.0,0.0,0.11080128758857605,0.0,0.462014418983944,0.24769156609591345,0.4529683119129186,0.09910802916085279,0.23636618598512865,0.0,93,89,56,14,0,1
57188,6,30,9,240,1,4,3,28498.0,0,3,0,0,0,1981910.506444,,0,9,0,False,7,112,0,0,0,0,0,0,0,0,0,0,0,1,0,0,0,0,0,0,0,0,0,0,0,0,0,0,0,0,0,0,0,0,0,0,0,0,0,0,0,0,0,0,0,1,1,0,1,0,0,0,0,0,0,0,0,0,0,0,0,0,0,0,0,0,0,0,0,0,0,0,0,0,0,0,0,0,0,0,0,0,0,0,0,0,0,0,0,0,0,0,0,0,0,0,0,0,0,0,0,0,0,0,0,0,0,0,0,0,0,0,0,0,0,0,0,1,0,0,0,0,0,0,0,0,0,0,0,0,0,0,0,0,0,0,0,0,0,0,0,0,0,0,0,0,0,0,0,0,0,0,0,0,0,5,392.63055555555553,4,0.12099445349988588,0.12843417233267626,0.13396856038173363,0.20121048717218967,0.13684255863140876,0.2701251820801124,0.12352399721389999,0.12372178700857361,0.0,0.0,0.41138752562173897,0.20866091774557244,0.1320488910222724,0.0,0.0,0.11080128758857605,0.0,0.462014418983944,0.24769156609591345,0.4529683119129186,0.09910802916085279,0.23636618598512865,0.0,104,102,50,1,5,0
57307,3,5,8,162,11,2,2,33555.0,0,0,0,0,0,2083639.335545,,0,8,0,False,7,110,0,0,0,0,0,0,0,0,0,0,0,1,0,0,0,0,0,0,0,0,0,0,0,0,0,0,0,0,0,0,0,0,0,0,0,0,0,0,0,0,0,0,0,1,1,1,1,1,0,0,0,0,0,0,0,0,0,0,0,0,0,0,0,0,0,0,0,0,0,0,0,0,0,0,0,0,0,0,0,0,0,0,0,0,0,0,0,0,0,0,0,0,0,0,0,0,0,0,0,0,0,0,0,0,0,0,0,0,0,0,0,0,0,0,0,1,0,0,0,0,0,0,0,0,0,0,0,0,0,0,0,0,0,0,0,0,0,0,0,0,0,0,0,0,0,0,0,0,0,0,0,0,0,7,174.2436111111111,4,0.12444760398328851,0.13209965047194,0.13779198852791202,0.20695298255893052,0.1407480099460721,0.13891724253893686,0.12704934022221734,0.12725277488659642,0.0,0.0,0.4231284194550903,0.21461604649848703,0.13581753230025273,0.0,0.0,0.11396352774695229,0.0,0.4752001912908944,0.25476061948189915,0.4658959106581754,0.1019365467408442,0.24311201594497348,0.0,106,104,36,32,0,1
57016,8,26,11,376,1,5,2,160013.0,1,0,0,0,0,2483687.081099,,0,11,0,False,7,78,0,0,0,0,0,0,0,0,0,0,0,1,0,0,0,0,0,0,0,0,0,0,0,0,0,0,0,0,0,0,0,0,0,0,0,0,0,0,0,0,0,0,0,1,1,0,1,0,0,0,0,0,0,0,0,0,0,0,0,0,0,0,0,0,0,0,0,0,0,0,0,0,0,0,0,0,0,0,0,0,0,0,0,0,0,0,0,0,0,0,0,0,0,0,0,0,0,0,0,0,0,0,0,0,0,0,0,0,0,0,0,0,0,0,0,1,0,0,0,0,0,0,0,0,0,0,0,0,0,0,0,0,0,0,0,0,0,0,0,0,0,0,0,0,0,0,0,0,0,0,0,0,0,5,643.1413888888889,4,0.0,0.0,0.22676113421271527,0.1702889026972027,0.0,0.2286129390857229,0.20908220280115375,0.0,0.0,0.0,0.464221862428689,0.0,0.0,0.2222444707275528,0.0,0.0,0.19275067006915073,0.3910130607244794,0.4192537435857324,0.3833571394628403,0.16775465107682166,0.13336130076787145,0.0,105,119,35,0,4,1
57184,3,0,7,105,3,3,3,71.0,0,0,0,0,0,2533471.95375,,0,7,0,False,7,328,0,0,0,0,0,0,0,0,0,0,0,0,0,0,0,0,0,0,0,0,0,0,0,0,0,0,0,0,0,0,0,0,0,0,0,0,0,0,0,0,0,0,0,0,0,0,0,1,0,0,0,0,0,0,0,0,0,0,0,0,0,0,0,0,0,0,0,0,0,0,0,0,0,0,0,0,0,0,0,0,0,0,0,0,0,0,0,0,0,0,0,0,0,0,0,0,0,0,0,0,0,0,0,0,0,0,0,0,0,0,0,0,0,0,0,0,0,0,0,0,0,0,0,0,0,0,0,0,0,0,0,0,0,0,0,0,0,0,0,0,0,0,0,0,0,0,0,0,0,0,0,0,0,1,278.75555555555553,4,0.18802228720180011,0.19958342005224827,0.10409185878974932,0.15633797629880303,0.10632491868913718,0.10494190662540029,0.09597656672951611,0.09613024687147297,0.0,0.08369171674939498,0.31964284831354467,0.24319029841429604,0.20520060047622204,0.0,0.0,0.0860911839951744,0.08847978115882327,0.35897929725205907,0.19245318041786694,0.3519505877014672,0.07700567168107347,0.4897426796083881,0.29588969666627934,103,122,54,60,4,1
56780,11,30,26,196,5,4,2,735667.0,0,2,0,0,0,2890546.760712,,3,26,0,False,7,112,0,0,0,0,0,0,0,0,0,0,0,1,0,0,0,0,0,0,0,0,0,0,0,0,0,0,0,0,0,0,0,0,0,0,0,0,0,0,0,0,0,0,0,1,1,1,1,1,0,0,0,0,0,0,0,0,0,0,0,0,0,0,0,0,0,0,0,0,0,0,0,0,0,0,0,0,0,0,0,0,0,0,0,0,0,0,0,0,0,0,0,0,0,0,0,0,0,0,0,0,0,0,0,0,0,0,0,0,0,0,0,0,0,0,0,1,0,0,0,0,0,0,0,0,0,0,0,0,0,0,0,0,0,0,0,0,0,0,0,0,0,0,0,0,0,0,0,0,0,0,0,0,0,7,760.8838888888889,4,0.12099445349988588,0.12843417233267626,0.13396856038173363,0.20121048717218967,0.13684255863140876,0.2701251820801124,0.12352399721389999,0.12372178700857361,0.0,0.0,0.41138752562173897,0.20866091774557244,0.1320488910222724,0.0,0.0,0.11080128758857605,0.0,0.462014418983944,0.24769156609591345,0.4529683119129186,0.09910802916085279,0.23636618598512865,0.0,96,117,59,0,1,1
56799,3,27,23,334,5,5,2,614441.0,0,2,0,0,0,2940746.220497,,0,23,0,False,7,123,0,0,0,0,0,0,0,0,0,0,0,1,0,0,0,0,0,0,0,0,0,0,0,0,0,0,0,0,0,0,0,0,0,0,0,0,0,0,0,0,0,0,0,1,1,1,1,1,0,0,0,0,0,0,0,1,0,0,0,0,0,0,0,0,0,0,0,0,0,0,0,0,0,0,0,0,0,0,0,0,0,0,0,0,0,0,0,0,0,0,0,0,0,0,0,0,0,0,0,0,0,0,0,0,0,0,0,0,0,0,0,0,0,0,0,1,0,0,0,0,0,0,0,0,0,0,0,0,0,0,0,0,0,0,0,0,0,0,0,0,0,0,0,0,0,0,0,0,0,0,0,0,0,8,720.6588888888889,4,0.12099445349988588,0.12843417233267626,0.13396856038173363,0.20121048717218967,0.13684255863140876,0.2701251820801124,0.12352399721389999,0.12372178700857361,0.0,0.0,0.41138752562173897,0.20866091774557244,0.1320488910222724,0.0,0.0,0.11080128758857605,0.0,0.462014418983944,0.24769156609591345,0.4529683119129186,0.09910802916085279,0.23636618598512865,0.0,93,110,58,22,2,1
57045,0,1,3,6,1,3,2,,0,0,0,0,0,2947172.709698,,0,3,0,False,7,141,0,0,0,0,0,0,0,0,0,0,0,1,0,0,0,0,0,0,0,0,0,0,0,0,0,0,0,0,0,0,0,0,0,0,0,0,0,0,0,0,0,0,0,1,1,0,1,0,0,0,0,0,0,0,0,0,0,0,0,0,0,0,0,0,0,0,0,0,0,0,0,0,0,0,0,0,0,0,0,0,0,0,0,0,0,0,0,0,0,0,0,0,0,0,0,0,0,0,0,0,0,0,0,0,0,0,0,0,0,0,0,0,0,0,0,1,0,0,0,0,0,0,0,0,0,0,0,0,0,0,0,0,0,0,0,0,0,0,0,0,0,0,0,0,0,0,0,0,0,0,0,0,0,5,417.4794444444444,4,0.11830850615444619,0.12558307119322593,0.1309946017520512,0.19674382974896093,0.13380480031714392,0.26412869220179597,0.12078189670583754,0.24195059155759926,0.0,0.0,0.4022551629354465,0.20402886873915863,0.12911754699740052,0.0,0.0,0.1083416176147775,0.0,0.45175819346013557,0.24219307847768765,0.44291290028240154,0.09690793700673928,0.2311191096817586,0.0,103,114,35,24,0,1
57153,2,7,10,3949,23,4,2,380335.0,1,0,0,0,0,2995651.573566,,0,10,0,False,7,113,0,0,0,0,0,0,0,0,0,0,0,1,0,0,0,0,0,0,0,0,0,0,0,0,0,0,0,0,0,0,0,0,0,0,0,0,0,0,0,0,0,0,0,1,1,1,1,1,0,0,0,0,0,0,0,0,0,0,0,0,0,0,0,0,0,0,0,0,0,0,0,0,0,0,0,0,0,0,0,0,0,0,0,0,0,0,0,0,0,0,0,0,0,0,0,0,0,0,0,0,0,0,0,0,0,0,0,0,0,0,0,0,0,0,0,1,0,0,0,0,0,0,0,0,0,0,0,0,0,0,0,0,0,0,0,0,0,0,0,0,0,0,0,0,0,0,0,0,0,0,0,0,0,7,191.1927777777778,4,0.12099445349988588,0.12843417233267626,0.13396856038173363,0.20121048717218967,0.13684255863140876,0.2701251820801124,0.12352399721389999,0.12372178700857361,0.0,0.0,0.41138752562173897,0.20866091774557244,0.1320488910222724,0.0,0.0,0.11080128758857605,0.0,0.462014418983944,0.24769156609591345,0.4529683119129186,0.09910802916085279,0.23636618598512865,0.0,91,113,44,4,3,1
57050,3,30,10,261,1,6,2,816381.0,0,0,0,0,0,2981700.633668,,3,10,0,False,7,120,0,0,0,0,0,0,0,0,0,0,0,1,0,0,0,0,0,0,0,0,0,0,0,0,0,0,0,0,0,0,0,0,0,0,0,0,0,0,0,0,0,0,0,0,1,0,1,0,0,0,0,0,1,0,0,0,0,0,0,0,0,0,0,0,0,0,0,0,0,0,0,0,0,0,0,0,0,0,0,0,0,0,0,0,0,0,0,0,0,0,0,0,0,0,0,0,0,0,0,0,0,0,0,0,0,0,0,0,0,0,0,0,0,0,0,1,0,0,0,0,0,0,0,0,0,0,0,0,0,0,0,0,0,0,0,0,0,0,0,0,0,0,0,0,0,0,0,0,0,0,0,0,0,5,399.6086111111111,4,0.12099445349988588,0.12843417233267626,0.13396856038173363,0.20121048717218967,0.13684255863140876,0.2701251820801124,0.12352399721389999,0.12372178700857361,0.0,0.0,0.41138752562173897,0.20866091774557244,0.1320488910222724,0.0,0.0,0.11080128758857605,0.0,0.462014418983944,0.24769156609591345,0.4529683119129186,0.09910802916085279,0.23636618598512865,0.0,105,112,39,0,1,1
57112,1,5,2,971,23,3,2,38620.0,0,0,0,0,0,3008473.075297,,0,2,0,False,7,134,0,0,0,0,0,0,0,0,0,0,0,1,0,0,0,0,0,0,0,0,0,0,0,0,0,0,0,0,0,0,0,0,0,0,0,0,0,0,0,0,0,0,0,1,1,1,1,0,0,0,0,0,0,0,0,0,0,0,0,0,0,0,0,0,0,0,0,0,0,0,0,0,0,0,0,0,0,0,0,0,0,0,0,0,0,0,0,0,0,0,0,0,0,0,0,0,0,0,0,0,0,0,0,0,0,0,0,0,0,0,0,0,0,0,0,1,0,0,0,0,0,0,0,0,0,0,0,0,0,0,0,0,0,0,0,0,0,0,0,0,0,0,0,0,0,0,0,0,0,0,0,0,0,6,284.99083333333334,4,0.1131527233817648,0.2402205382867229,0.12528596986259255,0.18816990314788593,0.12797370239526995,0.2526181913486525,0.11551832570381,0.11570329661179019,0.0,0.0,0.38472522948689725,0.1951374664151213,0.12349071553702325,0.0,0.0,0.1036201832579486,0.0,0.43207096058933236,0.23163851277259945,0.42361113766785824,0.18536954520085389,0.22104713799631534,0.2374238040015592,93,111,48,26,5,0
56941,5,12,27,387,9,5,2,21967.0,0,0,0,0,0,3095537.664369,,0,27,0,False,7,1076,0,0,0,0,0,0,0,0,0,0,0,0,0,0,0,0,0,0,0,0,0,0,0,0,0,0,0,0,0,0,0,0,0,0,0,0,0,0,0,0,0,0,0,0,0,1,1,1,0,0,0,0,0,0,0,0,0,0,0,0,0,0,0,0,0,0,0,0,0,0,0,0,0,0,0,0,0,0,0,0,0,0,0,0,0,0,0,0,0,0,0,0,0,0,0,0,0,0,0,0,0,0,0,0,0,0,0,0,0,0,0,0,0,0,0,0,0,0,0,0,0,0,0,0,0,0,0,0,0,0,0,0,0,0,0,0,0,0,0,0,0,0,0,0,0,0,0,0,0,0,0,0,0,3,535.9941666666666,4,0.05738970720329699,0.12183698230559022,0.06354354462010242,0.23859380762969437,0.06490673039664548,0.06406246178809163,0.058589512391931914,0.058683327422917035,0.0,0.0,0.2601707098641808,0.24742846940089147,0.18789903932981772,0.18683362329189768,0.0,0.05255491692817706,0.16203915428387722,0.21914122062805907,0.11748428166572085,0.21485049968078596,0.047008607506479845,0.523191494587618,0.5418833046507336,122,107,45,17,0,1
56622,1,30,14,219,1,6,3,1640498.0,0,5,0,0,0,3097032.263277,,0,14,0,False,7,146,0,0,0,0,0,0,0,0,0,0,0,1,0,0,0,0,0,0,0,0,0,0,0,0,0,0,0,0,0,0,0,0,0,0,0,0,0,0,0,0,0,0,0,1,1,0,1,0,0,0,0,0,0,0,0,0,0,0,0,0,0,0,0,0,0,0,0,0,0,0,0,0,0,0,0,0,0,0,0,0,0,0,0,0,0,0,0,0,0,0,0,0,0,0,0,0,0,0,0,0,0,0,0,0,0,0,0,0,0,0,0,0,0,0,0,1,0,0,0,0,0,0,0,0,0,0,0,0,0,0,0,0,0,0,0,0,0,0,0,0,0,0,0,0,0,0,0,0,0,0,0,0,0,5,1006.8869444444445,4,0.11166527432269947,0.11853135967055448,0.12363902321900666,0.18569631579606047,0.12629142416524702,0.24929739906196066,0.11399977962080317,0.11418231899382064,0.0,0.0,0.37966782420758954,0.38514457392887935,0.12186736840812461,0.0,0.0,0.10225804419950812,0.0,0.42639117202949617,0.2285935088383643,0.41804255770529064,0.09146638497639202,0.29085515063068007,0.0,140,107,59,0,2,1
56482,2,2,7,194,5,3,2,3628370.0,0,1,0,0,0,3190419.466707,,0,7,0,False,7,127,0,0,0,0,0,0,0,0,0,0,0,1,0,0,0,0,0,0,0,0,0,0,0,0,0,0,0,0,0,0,0,0,0,0,0,0,0,0,0,0,0,0,0,1,1,1,1,1,0,0,0,0,0,0,0,0,0,0,0,0,0,0,0,0,0,0,0,0,0,0,0,0,0,0,0,0,0,0,0,0,0,0,0,0,0,0,0,0,0,0,0,0,0,0,0,0,0,0,0,0,0,0,0,0,0,0,0,0,0,0,0,0,0,0,0,1,0,0,0,0,0,0,0,0,0,0,0,0,0,0,0,0,0,0,0,0,0,0,0,0,0,0,0,0,0,0,0,0,0,0,0,0,0,7,1135.2758333333334,4,0.12444760398328851,0.13209965047194,0.13779198852791202,0.20695298255893052,0.1407480099460721,0.13891724253893686,0.12704934022221734,0.12725277488659642,0.0,0.0,0.4231284194550903,0.21461604649848703,0.13581753230025273,0.0,0.0,0.11396352774695229,0.0,0.4752001912908944,0.25476061948189915,0.4658959106581754,0.1019365467408442,0.24311201594497348,0.0,115,104,50,20,3,1
57082,0,0,1,416,1,2,2,,0,0,0,0,0,3199220.537156,,0,1,0,False,7,137,0,0,0,0,0,0,0,0,0,0,0,1,0,0,0,0,0,0,0,0,0,0,0,0,0,0,0,0,0,0,0,0,0,0,0,0,0,0,0,0,0,0,0,1,0,0,0,1,0,0,0,0,0,0,0,0,0,0,0,0,0,0,0,0,0,0,0,0,0,0,0,0,0,0,0,0,0,0,0,0,0,0,0,0,0,0,0,0,0,0,0,0,0,0,0,0,0,0,0,0,0,0,0,0,0,0,0,0,0,0,0,0,0,0,0,0,0,0,0,0,0,0,0,0,0,0,0,0,0,0,0,0,0,0,0,0,0,0,0,0,0,0,0,0,0,0,0,0,0,0,0,0,0,3,291.19444444444446,4,0.12444760398328851,0.13209965047194,0.13779198852791202,0.20695298255893052,0.1407480099460721,0.13891724253893686,0.12704934022221734,0.12725277488659642,0.0,0.0,0.4231284194550903,0.21461604649848703,0.13581753230025273,0.0,0.0,0.11396352774695229,0.0,0.4752001912908944,0.25476061948189915,0.4658959106581754,0.1019365467408442,0.24311201594497348,0.0,105,104,43,54,3,1
57124,0,0,1,8,3,2,2,,0,0,0,0,0,3203695.42843,,0,1,0,False,7,112,0,0,0,0,0,0,0,0,0,0,0,0,0,0,0,0,0,0,0,0,0,0,0,0,0,0,0,0,0,0,0,0,0,0,0,0,0,0,0,0,0,0,0,0,1,1,0,1,0,0,0,0,0,0,0,0,0,0,0,0,0,0,0,0,0,0,0,0,0,0,0,0,0,0,0,0,0,0,0,0,0,0,0,0,0,0,0,0,0,0,0,0,0,0,0,0,0,0,0,0,0,0,0,0,0,0,0,0,0,0,0,0,0,0,0,1,0,0,0,0,0,0,0,0,0,0,0,0,0,0,0,0,0,0,0,0,0,0,0,0,0,0,0,0,0,0,0,0,0,0,0,0,0,4,181.59833333333333,4,0.12099445349988588,0.12843417233267626,0.13396856038173363,0.20121048717218967,0.13684255863140876,0.2701251820801124,0.12352399721389999,0.12372178700857361,0.0,0.0,0.41138752562173897,0.20866091774557244,0.1320488910222724,0.0,0.0,0.11080128758857605,0.0,0.462014418983944,0.24769156609591345,0.4529683119129186,0.09910802916085279,0.23636618598512865,0.0,93,99,54,13,0,1
57084,2,8,6,98,2,3,2,439692.0,0,1,0,0,0,3203723.039584,,0,6,0,False,7,112,0,0,0,0,0,0,0,0,0,0,0,1,0,0,0,0,0,0,1,0,0,0,0,0,0,0,0,0,0,0,0,0,0,0,0,0,0,0,0,0,0,0,0,1,0,0,0,1,0,0,1,0,0,0,0,0,0,0,0,0,0,0,0,0,0,0,0,0,0,0,0,0,0,0,0,0,0,0,0,0,0,0,0,0,0,0,0,0,0,0,0,1,0,0,0,0,0,0,0,0,0,0,0,0,0,0,0,0,0,0,0,0,0,0,0,0,0,0,0,0,0,0,0,0,0,0,0,0,0,0,0,0,0,0,0,0,0,0,0,0,0,0,0,0,0,0,0,0,0,0,0,0,0,6,281.8152777777778,4,0.12099445349988588,0.12843417233267626,0.13396856038173363,0.20121048717218967,0.13684255863140876,0.2701251820801124,0.12352399721389999,0.12372178700857361,0.0,0.0,0.41138752562173897,0.20866091774557244,0.1320488910222724,0.0,0.0,0.11080128758857605,0.0,0.462014418983944,0.24769156609591345,0.4529683119129186,0.09910802916085279,0.23636618598512865,0.0,105,104,45,11,3,1
56976,2,30,34,3252,31,5,2,109476.0,0,1,0,0,0,3214549.834483,,2,34,0,False,7,112,0,0,0,0,0,0,0,0,0,0,0,1,0,0,0,0,0,0,0,0,0,0,0,0,0,0,0,0,0,0,0,0,0,0,0,0,0,0,0,0,0,0,0,1,1,1,1,1,0,0,0,0,0,0,0,0,0,0,0,0,0,0,0,0,0,0,0,0,0,0,0,0,0,0,0,0,0,0,0,0,0,0,0,0,0,0,0,0,0,0,0,0,0,0,0,0,0,0,0,0,0,0,0,0,0,0,0,0,0,0,0,0,0,0,0,1,0,0,0,0,0,0,0,0,0,0,0,0,0,0,0,0,0,0,0,0,0,0,0,0,0,0,0,0,0,0,0,0,0,0,0,0,0,7,491.7247222222222,4,0.12099445349988588,0.12843417233267626,0.13396856038173363,0.20121048717218967,0.13684255863140876,0.2701251820801124,0.12352399721389999,0.12372178700857361,0.0,0.0,0.41138752562173897,0.20866091774557244,0.1320488910222724,0.0,0.0,0.11080128758857605,0.0,0.462014418983944,0.24769156609591345,0.4529683119129186,0.09910802916085279,0.23636618598512865,0.0,123,94,37,34,1,1
57110,0,0,1,103,1,2,2,,0,0,0,0,0,3249799.40482,,0,1,0,False,7,144,0,0,0,0,0,0,0,0,0,0,0,0,0,0,0,0,0,0,0,0,0,0,0,0,0,0,0,0,0,0,0,0,0,0,0,0,0,0,0,0,0,0,0,0,1,0,0,0,0,0,0,0,0,0,0,0,0,0,0,0,0,0,0,0,0,0,0,0,0,0,0,0,0,0,0,0,0,0,0,0,0,0,0,0,0,0,0,0,0,0,0,0,0,0,0,0,0,0,0,0,0,0,0,0,0,0,0,0,0,0,0,0,0,0,0,1,0,0,0,0,0,0,0,0,0,0,0,0,0,0,0,0,0,0,0,0,0,0,0,0,0,0,0,0,0,0,0,0,0,0,0,0,0,2,221.50861111111112,4,0.11990849508458738,0.12728144039974762,0.13276615579769122,0.19940456784720875,0.13561435912458678,0.13385036723070526,0.12241533544978143,0.12261135002678374,0.0,0.0,0.4076952097140666,0.20678812876215077,0.13086371599739735,0.0,0.0,0.10980681563385264,0.0,0.4578677128187285,0.2454684663353895,0.4489027970404881,0.19643701481718695,0.3123263128243279,0.0,92,101,47,25,5,0
57119,0,0,2,192,1,2,2,,0,1,0,0,0,3251941.991797,,0,2,0,False,7,158,0,0,0,0,0,0,0,0,0,0,0,0,0,0,0,0,0,0,0,0,0,0,0,0,0,0,0,0,0,0,0,0,0,0,0,0,0,0,0,0,0,0,0,0,1,0,0,0,0,0,0,0,0,0,0,0,0,0,0,0,0,0,0,0,0,0,0,0,0,0,0,0,0,0,0,0,0,0,0,0,0,0,0,0,0,0,0,0,0,0,0,0,0,0,0,0,0,0,0,0,0,0,0,0,0,0,0,0,0,0,0,0,0,0,0,1,0,0,0,0,0,0,0,0,0,0,0,0,0,0,0,0,0,0,0,0,0,0,0,0,0,0,0,0,0,0,0,0,0,0,0,0,0,2,200.66972222222222,4,0.10799445430812372,0.11463482791461987,0.11957458506876013,0.1795918418959002,0.12213979251156627,0.24110213972454378,0.11025221642152304,0.11042875510016185,0.0,0.0,0.3671868424839067,0.1862417763421415,0.11786117061933468,0.0,0.0,0.09889647205834141,0.0,0.4123742338379415,0.22107885728231305,0.40430006706012983,0.35383828653897775,0.2812937456661243,0.22660041567359582,92,100,51,27,6,0
56978,4,30,31,2961,20,3,2,104389.0,0,1,0,0,0,3318750.726749,,0,31,0,False,7,112,0,0,0,0,0,0,0,0,0,0,0,1,0,0,0,0,0,0,0,0,0,0,0,0,0,0,0,0,0,0,0,0,0,0,0,0,0,0,0,0,0,0,0,1,1,1,1,1,0,0,0,0,0,0,0,0,0,0,0,0,0,0,0,0,0,0,0,0,0,0,0,0,0,0,0,0,0,0,0,0,0,0,0,0,0,0,0,0,0,0,0,0,0,0,0,0,0,0,0,0,0,0,0,0,0,0,0,0,0,0,0,0,0,0,0,1,0,0,0,0,0,0,0,0,0,0,0,0,0,0,0,0,0,0,0,0,0,0,0,0,0,0,0,0,0,0,0,0,0,0,0,0,0,7,474.01916666666665,4,0.12099445349988588,0.12843417233267626,0.13396856038173363,0.20121048717218967,0.13684255863140876,0.2701251820801124,0.12352399721389999,0.12372178700857361,0.0,0.0,0.41138752562173897,0.20866091774557244,0.1320488910222724,0.0,0.0,0.11080128758857605,0.0,0.462014418983944,0.24769156609591345,0.4529683119129186,0.09910802916085279,0.23636618598512865,0.0,125,95,36,23,1,1
57047,1,0,4,27666,113,2,2,125932.0,0,0,0,0,0,3528708.672147,,0,4,0,False,7,112,0,0,0,0,0,0,0,0,0,0,0,1,0,0,0,0,0,0,0,0,0,0,0,0,0,0,0,0,0,0,0,0,0,0,0,0,0,0,0,0,0,0,0,1,1,1,1,1,0,0,0,0,0,0,0,0,0,0,0,0,0,0,0,0,0,0,0,0,0,0,0,0,0,0,0,0,0,0,0,0,0,0,0,0,0,0,0,0,0,0,0,0,0,0,0,0,0,0,0,0,0,0,0,0,0,0,0,0,0,0,0,0,0,0,0,1,0,0,0,0,0,0,0,0,0,0,0,0,0,0,0,0,0,0,0,0,0,0,0,0,0,0,0,0,0,0,0,0,0,0,0,0,0,7,260.66527777777776,4,0.12099445349988588,0.12843417233267626,0.13396856038173363,0.20121048717218967,0.13684255863140876,0.2701251820801124,0.12352399721389999,0.12372178700857361,0.0,0.0,0.41138752562173897,0.20866091774557244,0.1320488910222724,0.0,0.0,0.11080128758857605,0.0,0.462014418983944,0.24769156609591345,0.4529683119129186,0.09910802916085279,0.23636618598512865,0.0,105,92,37,34,0,1
57025,4,3,7,3093,18,2,2,1010848.0,0,1,0,0,0,3528785.087436,,0,7,0,False,7,112,0,0,0,0,0,0,0,0,0,0,0,1,0,0,0,0,0,0,0,0,0,0,0,0,0,0,0,0,0,0,0,0,0,0,0,0,0,0,0,0,0,0,0,1,1,1,1,1,0,0,0,0,0,0,0,0,0,0,0,0,0,0,0,0,0,0,0,0,0,0,0,0,0,0,0,0,0,0,0,0,0,0,0,0,0,0,0,0,0,0,0,0,0,0,0,0,0,0,0,0,0,0,0,0,0,0,0,0,0,0,0,0,0,0,0,1,0,0,0,0,0,0,0,0,0,0,0,0,0,0,0,0,0,0,0,0,0,0,0,0,0,0,0,0,0,0,0,0,0,0,0,0,0,7,338.7572222222222,4,0.12099445349988588,0.12843417233267626,0.13396856038173363,0.20121048717218967,0.13684255863140876,0.2701251820801124,0.12352399721389999,0.12372178700857361,0.0,0.0,0.41138752562173897,0.20866091774557244,0.1320488910222724,0.0,0.0,0.11080128758857605,0.0,0.462014418983944,0.24769156609591345,0.4529683119129186,0.09910802916085279,0.23636618598512865,0.0,102,91,41,33,4,1
56974,1,21,4,200,1,3,3,1499276.0,0,3,0,0,0,3531802.425213,,0,4,0,False,7,112,0,0,0,0,0,0,0,0,0,0,0,1,0,0,0,0,0,0,0,0,0,0,0,0,0,0,0,0,0,0,0,0,0,0,0,0,0,0,0,0,0,0,0,1,1,0,1,0,0,0,0,0,0,0,0,0,0,0,0,0,0,0,0,0,0,0,0,0,0,0,0,0,0,0,0,0,0,0,0,0,0,0,0,0,0,0,0,0,0,0,0,0,0,0,0,0,0,0,0,0,0,0,0,0,0,0,0,0,0,0,0,0,0,0,0,1,0,0,0,0,0,0,0,0,0,0,0,0,0,0,0,0,0,0,0,0,0,0,0,0,0,0,0,0,0,0,0,0,0,0,0,0,0,5,417.73305555555555,4,0.12099445349988588,0.12843417233267626,0.13396856038173363,0.20121048717218967,0.13684255863140876,0.2701251820801124,0.12352399721389999,0.12372178700857361,0.0,0.0,0.41138752562173897,0.20866091774557244,0.1320488910222724,0.0,0.0,0.11080128758857605,0.0,0.462014418983944,0.24769156609591345,0.4529683119129186,0.09910802916085279,0.23636618598512865,0.0,121,90,37,0,1,1
57023,1,0,1,24,1,2,2,352031.0,0,0,0,0,0,3533148.98922,,0,1,0,False,7,224,0,0,0,0,0,0,0,0,0,0,0,0,0,0,0,0,0,0,1,0,0,0,0,0,0,0,0,0,0,0,0,0,0,0,0,0,0,0,0,0,0,0,0,0,0,0,0,0,0,0,1,0,0,0,0,0,0,0,0,0,0,0,0,0,0,0,0,0,0,0,0,0,0,0,0,0,0,0,0,0,0,0,0,0,0,0,0,0,0,0,0,1,0,0,0,0,0,0,0,0,0,0,0,0,0,0,0,0,0,0,0,0,0,0,0,0,0,0,0,0,0,0,0,0,0,0,0,0,0,0,0,0,0,0,0,0,0,0,0,0,0,0,0,0,0,0,0,0,0,0,0,0,0,3,339.41027777777776,4,0.0,0.0,0.23365827343055753,0.1754683893549756,0.0,0.2355664025764956,0.21544162178051,0.0,0.0,0.0,0.4783415784208185,0.0,0.0,0.0,0.0,0.0,0.0,0.40290606666297296,0.432005714716728,0.3950172838266831,0.1728570562439789,0.0,0.22139764003568313,102,89,40,16,4,1
57051,2,0,24,7908,60,2,3,202863.0,0,1,0,0,0,3692131.001005,,0,24,0,False,7,165,0,0,0,0,0,0,0,0,0,0,0,1,0,0,0,0,0,0,0,0,0,0,0,0,0,0,0,0,0,0,0,0,0,0,0,0,0,0,0,0,0,0,0,1,1,1,1,1,0,0,0,0,0,0,0,0,0,0,0,0,0,0,0,0,0,0,0,0,0,0,0,0,0,0,0,0,0,0,0,0,0,0,0,0,0,0,0,0,0,0,0,0,0,0,0,0,0,0,0,0,0,0,0,0,0,0,0,0,0,0,0,0,0,0,0,1,0,0,0,0,0,0,0,0,0,0,0,0,0,0,0,0,0,0,0,0,0,0,0,0,0,0,0,0,0,0,0,0,0,0,0,0,0,7,203.51333333333332,4,0.11771908948965637,0.12495741241869837,0.13034198256362725,0.19576364585755734,0.13313818063188781,0.26281279482557823,0.12018015753223656,0.12037259308498979,0.0,0.0,0.4002511151772711,0.20301239055646494,0.12847427935426337,0.0,0.0,0.10780185629931406,0.11079281537599556,0.4495075200611059,0.2409864650126749,0.4407062944096502,0.09642513864439997,0.3066235560992153,0.0,105,79,39,35,1,1
57052,0,0,2,20345,65,2,2,,0,0,0,0,0,3692161.160678,,0,2,0,False,7,112,0,0,0,0,0,0,0,0,0,0,0,1,0,0,0,0,0,0,0,0,0,0,0,0,0,0,0,0,0,0,0,0,0,0,0,0,0,0,0,0,0,0,0,1,1,1,1,1,0,0,0,0,0,0,0,0,0,0,0,0,0,0,0,0,0,0,0,0,0,0,0,0,0,0,0,0,0,0,0,0,0,0,0,0,0,0,0,0,0,0,0,0,0,0,0,0,0,0,0,0,0,0,0,0,0,0,0,0,0,0,0,0,0,0,0,1,0,0,0,0,0,0,0,0,0,0,0,0,0,0,0,0,0,0,0,0,0,0,0,0,0,0,0,0,0,0,0,0,0,0,0,0,0,7,203.3986111111111,4,0.12099445349988588,0.12843417233267626,0.13396856038173363,0.20121048717218967,0.13684255863140876,0.2701251820801124,0.12352399721389999,0.12372178700857361,0.0,0.0,0.41138752562173897,0.20866091774557244,0.1320488910222724,0.0,0.0,0.11080128758857605,0.0,0.462014418983944,0.24769156609591345,0.4529683119129186,0.09910802916085279,0.23636618598512865,0.0,105,81,39,36,1,1
56801,4,8,11,6779,37,5,2,4433.0,0,0,0,0,0,3692122.252353,,1,11,0,False,7,112,0,0,0,0,0,0,0,0,0,0,0,1,0,0,0,0,0,0,0,0,0,0,0,0,0,0,0,0,0,0,0,0,0,0,0,0,0,0,0,0,0,0,0,1,1,1,1,1,0,0,0,0,0,0,0,0,0,0,0,0,0,0,0,0,0,0,0,0,0,0,0,0,0,0,0,0,0,0,0,0,0,0,0,0,0,0,0,0,0,0,0,0,0,0,0,0,0,0,0,0,0,0,0,0,0,0,0,0,0,0,0,0,0,0,0,1,0,0,0,0,0,0,0,0,0,0,0,0,0,0,0,0,0,0,0,0,0,0,0,0,0,0,0,0,0,0,0,0,0,0,0,0,0,7,509.01722222222224,4,0.12099445349988588,0.12843417233267626,0.13396856038173363,0.20121048717218967,0.13684255863140876,0.2701251820801124,0.12352399721389999,0.12372178700857361,0.0,0.0,0.41138752562173897,0.20866091774557244,0.1320488910222724,0.0,0.0,0.11080128758857605,0.0,0.462014418983944,0.24769156609591345,0.4529683119129186,0.09910802916085279,0.23636618598512865,0.0,95,80,59,32,2,1
56742,4,4,19,3924,34,5,3,1064227.0,0,1,0,0,0,3704489.410373,,2,19,0,False,7,112,0,0,0,0,0,0,0,0,0,0,0,1,0,0,0,0,0,0,0,0,0,0,0,0,0,0,0,0,0,0,0,0,0,0,0,0,0,0,0,0,0,0,0,1,1,1,1,1,0,0,0,0,0,0,0,0,0,0,0,0,0,0,0,0,0,0,0,0,0,0,0,0,0,0,0,0,0,0,0,0,0,0,0,0,0,0,0,0,0,0,0,0,0,0,0,0,0,0,0,0,0,0,0,0,0,0,0,0,0,0,0,0,0,0,0,1,0,0,0,0,0,0,0,0,0,0,0,0,0,0,0,0,0,0,0,0,0,0,0,0,0,0,0,0,0,0,0,0,0,0,0,0,0,7,633.0133333333333,4,0.12099445349988588,0.12843417233267626,0.13396856038173363,0.20121048717218967,0.13684255863140876,0.2701251820801124,0.12352399721389999,0.12372178700857361,0.0,0.0,0.41138752562173897,0.20866091774557244,0.1320488910222724,0.0,0.0,0.11080128758857605,0.0,0.462014418983944,0.24769156609591345,0.4529683119129186,0.09910802916085279,0.23636618598512865,0.0,115,75,77,32,4,1
56808,1,10,9,105,6,3,2,1009526.0,0,1,0,0,0,3715827.062535,,0,9,0,False,7,208,0,0,0,0,0,0,0,0,0,0,0,1,0,0,0,0,0,0,0,0,0,0,0,0,0,0,0,0,0,0,0,0,0,0,0,0,0,0,0,0,0,0,0,1,0,0,1,1,0,0,0,0,0,0,0,0,0,0,0,0,0,0,0,0,0,0,0,0,0,0,0,0,0,0,0,0,0,0,0,0,0,0,0,0,0,0,0,0,0,0,0,0,0,0,0,0,0,0,0,0,0,0,0,0,0,0,0,0,0,0,0,0,0,0,0,0,0,0,0,0,0,0,0,0,0,0,0,0,0,0,0,0,0,0,0,0,0,0,0,0,0,0,0,0,0,0,0,0,0,0,0,0,0,4,488.92333333333335,4,0.12444760398328851,0.13209965047194,0.13779198852791202,0.20695298255893052,0.1407480099460721,0.13891724253893686,0.12704934022221734,0.12725277488659642,0.0,0.0,0.4231284194550903,0.21461604649848703,0.13581753230025273,0.0,0.0,0.11396352774695229,0.0,0.4752001912908944,0.25476061948189915,0.4658959106581754,0.1019365467408442,0.24311201594497348,0.0,95,79,58,16,2,1
57040,1,0,9,24118,102,2,2,60919.0,0,0,0,0,0,3796672.516954,,0,9,0,False,7,112,0,0,0,0,0,0,0,0,0,0,0,1,0,0,0,0,0,0,0,0,0,0,0,0,0,0,0,0,0,0,0,0,0,0,0,0,0,0,0,0,0,0,0,1,1,1,1,1,0,0,0,0,0,0,0,0,0,0,0,0,0,0,0,0,0,0,0,0,0,0,0,0,0,0,0,0,0,0,0,0,0,0,0,0,0,0,0,0,0,0,0,0,0,0,0,0,0,0,0,0,0,0,0,0,0,0,0,0,0,0,0,0,0,0,0,1,0,0,0,0,0,0,0,0,0,0,0,0,0,0,0,0,0,0,0,0,0,0,0,0,0,0,0,0,0,0,0,0,0,0,0,0,0,7,194.01527777777778,4,0.12099445349988588,0.12843417233267626,0.13396856038173363,0.20121048717218967,0.13684255863140876,0.2701251820801124,0.12352399721389999,0.12372178700857361,0.0,0.0,0.41138752562173897,0.20866091774557244,0.1320488910222724,0.0,0.0,0.11080128758857605,0.0,0.462014418983944,0.24769156609591345,0.4529683119129186,0.09910802916085279,0.23636618598512865,0.0,104,77,40,24,0,1
56333,13,11,19,938,5,4,2,410374.0,0,2,0,0,0,3828247.309516,,0,19,0,False,7,112,0,0,0,0,0,0,0,0,0,0,0,1,0,0,0,0,0,0,0,0,0,0,0,0,0,0,0,0,0,0,0,0,0,0,0,0,0,0,0,0,0,0,0,1,1,1,1,1,0,0,0,0,0,0,0,0,0,0,0,0,0,0,0,0,0,0,0,0,0,0,0,0,0,0,0,0,0,0,0,0,0,0,0,0,0,0,0,0,0,0,0,0,0,0,0,0,0,0,0,0,0,0,0,0,0,0,0,0,0,0,0,0,0,0,0,1,0,0,0,0,0,0,0,0,0,0,0,0,0,0,0,0,0,0,0,0,0,0,0,0,0,0,0,0,0,0,0,0,0,0,0,0,0,7,1098.9458333333334,4,0.12099445349988588,0.12843417233267626,0.13396856038173363,0.20121048717218967,0.13684255863140876,0.2701251820801124,0.12352399721389999,0.12372178700857361,0.0,0.0,0.41138752562173897,0.20866091774557244,0.1320488910222724,0.0,0.0,0.11080128758857605,0.0,0.462014418983944,0.24769156609591345,0.4529683119129186,0.09910802916085279,0.23636618598512865,0.0,108,82,38,19,4,1
57020,3,9,22,1233,13,3,2,8891.0,0,1,0,0,0,4155548.695115,,0,22,0,False,7,112,0,0,0,0,0,0,0,0,0,0,0,1,0,0,0,0,0,0,1,0,0,0,0,0,0,0,0,0,0,0,0,0,0,0,0,0,0,0,0,0,0,0,0,1,0,1,0,1,0,0,1,0,0,0,0,0,0,0,0,0,0,0,0,0,0,0,0,0,0,0,0,0,0,0,0,0,0,0,0,0,0,0,0,0,0,0,0,0,0,0,0,1,0,0,0,0,0,0,0,0,0,0,0,0,0,0,0,0,0,0,0,0,0,0,0,0,0,0,0,0,0,0,0,0,0,0,0,0,0,0,0,0,0,0,0,0,0,0,0,0,0,0,0,0,0,0,0,0,0,0,0,0,0,7,170.95833333333334,4,0.12099445349988588,0.12843417233267626,0.13396856038173363,0.20121048717218967,0.13684255863140876,0.2701251820801124,0.12352399721389999,0.12372178700857361,0.0,0.0,0.41138752562173897,0.20866091774557244,0.1320488910222724,0.0,0.0,0.11080128758857605,0.0,0.462014418983944,0.24769156609591345,0.4529683119129186,0.09910802916085279,0.23636618598512865,0.0,103,121,37,10,4,1
56644,6,19,15,504,11,3,2,600013.0,1,2,0,0,0,4217286.42546,,0,15,0,False,7,296,0,0,0,0,0,0,0,0,0,0,0,1,0,0,0,0,0,0,1,0,0,0,0,0,0,0,0,0,0,0,0,0,0,0,0,0,0,0,0,0,0,0,0,1,0,1,0,1,0,0,1,0,0,0,0,0,0,0,0,0,0,0,0,0,0,0,0,0,0,0,0,0,0,0,0,0,0,0,0,0,0,0,0,0,0,0,0,0,0,0,0,1,0,0,0,0,0,0,0,0,0,0,0,0,0,0,0,0,0,0,0,0,0,0,0,0,0,0,0,0,0,0,0,0,0,0,0,0,0,0,0,0,0,0,0,0,0,0,0,0,0,0,0,0,0,0,0,0,0,0,0,0,0,7,621.2441666666666,4,0.37127412007391714,0.19705152980537735,0.10277136251816804,0.30870938466022074,0.10497609409961016,0.31083188026061553,0.09475902003567248,0.09491075061061392,0.0,0.0,0.42078386561397557,0.16007014451674118,0.10129872569133305,0.0,0.0,0.0849990420274604,0.08735733774692736,0.3544253308890058,0.1900117434971461,0.347485786666649,0.1520575747672204,0.241764932684674,0.0,126,118,61,11,4,1
56819,0,0,1,18,1,2,2,,0,0,0,0,0,4226033.82484,,0,1,0,False,7,112,0,0,0,0,0,0,0,0,0,0,0,0,0,0,0,0,0,0,0,0,0,0,0,0,0,0,0,0,0,0,0,0,0,0,0,0,0,0,0,0,0,0,0,0,0,0,0,1,0,0,0,0,0,0,0,0,0,0,0,0,0,0,0,0,0,0,0,0,0,0,0,0,0,0,0,0,0,0,0,0,0,0,0,0,0,0,0,0,0,0,0,0,0,0,0,0,0,0,0,0,0,0,0,0,0,0,0,0,0,0,0,0,0,0,0,0,0,0,0,0,0,0,0,0,0,0,0,0,0,0,0,0,0,0,0,0,0,0,0,0,0,0,0,0,0,0,0,0,0,0,0,0,0,1,340.02472222222224,4,0.12099445349988588,0.12843417233267626,0.13396856038173363,0.20121048717218967,0.13684255863140876,0.2701251820801124,0.12352399721389999,0.12372178700857361,0.0,0.0,0.41138752562173897,0.20866091774557244,0.1320488910222724,0.0,0.0,0.11080128758857605,0.0,0.462014418983944,0.24769156609591345,0.4529683119129186,0.09910802916085279,0.23636618598512865,0.0,96,118,56,2,3,1
56825,2,0,2,569,7,2,2,5117.0,0,0,0,0,0,4247980.905826,,0,2,0,False,7,273,0,0,0,0,0,0,0,0,0,0,0,1,0,0,0,0,0,0,0,0,0,0,0,0,0,0,0,0,0,0,0,0,0,0,0,0,0,0,0,0,0,0,0,1,0,0,0,1,0,0,0,0,0,0,0,0,0,0,0,0,0,0,0,0,0,0,0,0,0,0,0,0,0,0,0,0,0,0,0,0,0,0,0,0,0,0,0,0,0,0,0,0,0,0,0,0,0,0,0,0,0,0,0,0,0,0,0,0,0,0,0,0,0,0,0,0,0,0,0,0,0,0,0,0,0,0,0,0,0,0,0,0,0,0,0,0,0,0,0,0,0,0,0,0,0,0,0,0,0,0,0,0,0,3,331.30333333333334,4,0.09920548739355511,0.10530544413974328,0.10984318655644275,0.16497602882788817,0.11219962843356991,0.11074020159757013,0.10127950491893127,0.40576670504648343,0.0,0.0,0.3373038912645013,0.17108476831919864,0.10826921577570772,0.0,0.0,0.09084793080261754,0.0,0.3788137744528561,0.20308668560448717,0.37139671164512816,0.081260421888069,0.3876016132265518,0.3122383203540606,96,120,57,48,3,1
56995,0,0,4,56,6,2,2,,0,0,0,0,0,4252187.437702,,0,4,0,False,7,6,0,0,0,0,0,0,0,0,0,0,0,0,0,0,0,0,0,0,0,0,0,0,0,0,0,0,0,0,0,0,0,0,0,0,0,0,0,0,0,0,0,0,0,0,1,1,0,1,0,0,0,0,0,0,0,0,0,0,0,0,0,0,0,0,0,0,0,0,0,0,0,0,0,0,0,0,0,0,0,0,0,0,0,0,0,0,0,0,0,0,0,0,0,0,0,0,0,0,0,0,0,0,0,0,0,0,0,0,0,0,0,0,0,0,0,1,0,0,0,0,0,0,0,0,0,0,0,0,0,0,0,0,0,0,0,0,0,0,0,0,0,0,0,0,0,0,0,0,0,0,0,0,0,4,192.51777777777778,4,1.0,0.0,0.0,0.0,0.0,0.0,0.0,0.0,0.0,0.0,0.0,0.0,0.0,0.0,0.0,0.0,0.0,0.0,0.0,0.0,0.0,0.0,0.0,124,118,37,10,2,1
56570,26,16,14,68,8,4,2,101.0,0,5,0,0,0,4433194.703776,,2,14,0,False,7,229,0,0,0,0,0,0,0,0,0,0,0,1,0,0,0,0,0,0,1,0,0,0,0,0,0,0,0,0,0,0,0,0,0,0,0,0,0,0,0,0,0,0,0,1,1,0,0,1,0,0,1,0,0,0,0,0,0,0,0,0,0,0,0,0,0,0,0,0,0,0,0,0,0,0,0,0,0,0,0,0,0,0,0,0,0,0,0,0,0,0,0,1,0,0,0,0,0,0,0,0,0,0,0,0,0,0,0,0,0,0,0,0,0,0,0,1,0,0,0,0,0,0,0,0,0,0,0,0,0,0,0,0,0,0,0,0,0,0,0,0,0,0,0,0,0,0,0,0,0,0,0,0,0,8,691.2733333333333,4,0.09397925826896365,0.09975786412576798,0.10405655442749755,0.3125699037170666,0.1062888569501171,0.20981262791258162,0.0959440147939575,0.09609764281291967,0.0,0.0,0.3195344365026763,0.243107816667009,0.1025655017609884,0.0,0.0,0.0860619848399111,0.0,0.44857192984592276,0.1923879069480973,0.43978902277699045,0.2309386620530804,0.36718243185861826,0.0,139,125,59,0,0,1
56253,5,0,16,720,16,2,2,67.0,0,0,0,0,0,4509877.006067,,0,16,0,False,7,270,0,0,0,0,0,0,0,0,0,0,0,1,0,0,0,0,0,0,1,0,0,0,0,0,0,0,0,0,0,0,0,0,0,0,0,0,0,0,0,0,0,0,0,1,0,0,0,1,0,0,1,0,0,0,0,0,0,0,0,0,0,0,0,0,0,0,0,0,0,0,0,0,0,0,0,0,0,0,0,0,0,0,0,0,0,0,0,0,0,0,0,1,0,0,0,0,0,0,0,0,0,0,0,0,0,0,0,0,0,0,0,0,0,0,0,0,0,0,0,0,0,0,0,0,0,0,0,0,0,0,0,0,0,0,0,0,0,0,0,0,0,0,0,0,0,0,0,0,0,0,0,0,0,6,844.4194444444445,4,0.10576766658252411,0.2245422384935646,0.11710902125781589,0.1758887544391072,0.11962133549898632,0.1180653714586177,0.10797887485208348,0.10815177339785431,0.0,0.0,0.3596156467305398,0.18240157080372293,0.23086187299071428,0.11477642558645135,0.0,0.09685727984707937,0.0,0.40387129831086416,0.21652032981958563,0.3959636165214759,0.08663558271244261,0.3443670243760602,0.3328920549574466,96,141,38,18,0,1
56795,3,6,20,1084,206,2,2,543038.0,0,0,0,0,0,4520212.355137,,0,20,0,False,7,402,0,0,0,0,0,0,0,0,0,0,0,1,0,0,0,0,0,0,1,0,0,0,0,0,0,0,0,0,0,0,0,0,0,0,0,0,0,0,0,0,0,0,0,1,1,1,1,1,0,0,1,0,0,0,0,0,0,0,0,0,0,0,0,0,0,0,0,0,0,0,0,0,0,0,0,0,0,0,0,0,0,0,0,0,0,0,0,0,0,0,0,1,0,0,0,0,0,0,0,0,0,0,0,0,0,0,0,0,0,0,0,0,0,0,0,1,0,0,0,0,0,0,0,0,0,0,0,0,0,0,0,0,0,0,0,0,0,0,0,0,0,0,0,0,0,0,0,0,0,0,0,0,0,10,193.83694444444444,4,0.4597722842159693,0.09760856151118977,0.10181463569302004,0.2293766431916308,0.1039988428229561,0.30793826096171845,0.09387688230613875,0.09402720037950694,0.0,0.0,0.31265000482561944,0.1585800076010473,0.20071141609331059,0.19957335193682438,0.10079898425736243,0.08420776261238816,0.0,0.35112588819149826,0.18824287201736278,0.3442509460912614,0.07532101453141596,0.2993928457001591,0.0,93,146,55,45,2,1
56745,2,2,8,20641,84,3,2,1059287.0,0,0,0,0,0,4611505.074224,,0,8,0,False,7,112,0,0,0,0,0,0,0,0,0,0,0,0,0,0,0,0,0,0,0,0,0,0,0,0,0,0,0,0,0,0,0,0,0,0,0,0,0,0,0,0,0,0,0,0,1,1,1,1,0,0,0,0,0,0,0,0,0,0,0,0,0,0,0,0,0,0,0,0,0,0,0,0,0,0,0,0,0,0,0,0,0,0,0,0,0,0,0,0,0,0,0,0,0,0,0,0,0,0,0,0,0,0,0,0,0,0,0,0,0,0,0,0,0,0,0,1,0,0,0,0,0,0,0,0,0,0,0,0,0,0,0,0,0,0,0,0,0,0,0,0,0,0,0,0,0,0,0,0,0,0,0,0,0,5,369.8519444444444,4,0.12099445349988588,0.12843417233267626,0.13396856038173363,0.20121048717218967,0.13684255863140876,0.2701251820801124,0.12352399721389999,0.12372178700857361,0.0,0.0,0.41138752562173897,0.20866091774557244,0.1320488910222724,0.0,0.0,0.11080128758857605,0.0,0.462014418983944,0.24769156609591345,0.4529683119129186,0.09910802916085279,0.23636618598512865,0.0,115,130,77,29,4,1
56732,0,0,4,13700,84,2,2,,0,0,0,0,0,4686349.996376,,0,4,0,False,7,112,0,0,0,0,0,0,0,0,0,0,0,1,0,0,0,0,0,0,0,0,0,0,0,0,0,0,0,0,0,0,0,0,0,0,0,0,0,0,0,0,0,0,0,1,1,1,1,1,0,0,0,0,0,0,0,0,0,0,0,0,0,0,0,0,0,0,0,0,0,0,0,0,0,0,0,0,0,0,0,0,0,0,0,0,0,0,0,0,0,0,0,0,0,0,0,0,0,0,0,0,0,0,0,0,0,0,0,0,0,0,0,0,0,0,0,1,0,0,0,0,0,0,0,0,0,0,0,0,0,0,0,0,0,0,0,0,0,0,0,0,0,0,0,0,0,0,0,0,0,0,0,0,0,7,310.4511111111111,4,0.12099445349988588,0.12843417233267626,0.13396856038173363,0.20121048717218967,0.13684255863140876,0.2701251820801124,0.12352399721389999,0.12372178700857361,0.0,0.0,0.41138752562173897,0.20866091774557244,0.1320488910222724,0.0,0.0,0.11080128758857605,0.0,0.462014418983944,0.24769156609591345,0.4529683119129186,0.09910802916085279,0.23636618598512865,0.0,118,149,71,26,3,1
56767,3,20,14,368,5,5,2,798777.0,0,1,0,0,0,4648366.037844,,0,14,0,False,7,112,0,0,0,0,0,0,0,0,0,0,0,1,0,0,0,0,0,0,0,0,0,0,0,0,0,0,0,0,0,0,0,0,0,0,0,0,0,0,0,0,0,0,0,1,1,1,1,1,0,0,0,0,0,0,0,0,0,0,0,0,0,0,0,0,0,0,0,0,0,0,0,0,0,0,0,0,0,0,0,0,0,0,0,0,0,0,0,0,0,0,0,0,0,0,0,0,0,0,0,0,0,0,0,0,0,0,0,0,0,0,0,0,0,0,0,1,0,0,0,0,0,0,0,0,0,0,0,0,0,0,0,0,0,0,0,0,0,0,0,0,0,0,0,0,0,0,0,0,0,0,0,0,0,7,297.5547222222222,4,0.12099445349988588,0.12843417233267626,0.13396856038173363,0.20121048717218967,0.13684255863140876,0.2701251820801124,0.12352399721389999,0.12372178700857361,0.0,0.0,0.41138752562173897,0.20866091774557244,0.1320488910222724,0.0,0.0,0.11080128758857605,0.0,0.462014418983944,0.24769156609591345,0.4529683119129186,0.09910802916085279,0.23636618598512865,0.0,101,131,62,21,0,1
56729,1,2,5,14871,71,4,2,1117669.0,0,0,0,0,0,4686372.29856,,0,5,0,False,7,112,0,0,0,0,0,0,0,0,0,0,0,1,0,0,0,0,0,0,0,0,0,0,0,0,0,0,0,0,0,0,0,0,0,0,0,0,0,0,0,0,0,0,0,1,1,1,1,1,0,0,0,0,0,0,0,0,0,0,0,0,0,0,0,0,0,0,0,0,0,0,0,0,0,0,0,0,0,0,0,0,0,0,0,0,0,0,0,0,0,0,0,0,0,0,0,0,0,0,0,0,0,0,0,0,0,0,0,0,0,0,0,0,0,0,0,1,0,0,0,0,0,0,0,0,0,0,0,0,0,0,0,0,0,0,0,0,0,0,0,0,0,0,0,0,0,0,0,0,0,0,0,0,0,7,311.1025,4,0.12099445349988588,0.12843417233267626,0.13396856038173363,0.20121048717218967,0.13684255863140876,0.2701251820801124,0.12352399721389999,0.12372178700857361,0.0,0.0,0.41138752562173897,0.20866091774557244,0.1320488910222724,0.0,0.0,0.11080128758857605,0.0,0.462014418983944,0.24769156609591345,0.4529683119129186,0.09910802916085279,0.23636618598512865,0.0,116,147,69,25,3,1
56426,5,30,7,200,1,4,2,1521538.0,1,2,0,0,0,4830081.472858,,2,7,0,False,7,112,0,0,0,0,0,0,0,0,0,0,0,0,0,0,0,0,0,0,0,0,0,0,0,0,0,0,0,0,0,0,0,0,0,0,0,0,0,0,0,0,0,0,0,0,1,0,1,0,0,0,0,0,0,0,0,0,0,0,0,0,0,0,0,0,0,0,0,0,0,0,0,0,0,0,0,0,0,0,0,0,0,0,0,0,0,0,0,0,0,0,0,0,0,0,0,0,0,0,0,0,0,0,0,0,0,0,0,0,0,0,0,0,0,0,0,1,0,0,0,0,0,0,0,0,0,0,0,0,0,0,0,0,0,0,0,0,0,0,0,0,0,0,0,0,0,0,0,0,0,0,0,0,0,3,646.01,4,0.12099445349988588,0.12843417233267626,0.13396856038173363,0.20121048717218967,0.13684255863140876,0.2701251820801124,0.12352399721389999,0.12372178700857361,0.0,0.0,0.41138752562173897,0.20866091774557244,0.1320488910222724,0.0,0.0,0.11080128758857605,0.0,0.462014418983944,0.24769156609591345,0.4529683119129186,0.09910802916085279,0.23636618598512865,0.0,99,140,31,0,1,1
56456,0,30,14,1551,16,4,2,,0,1,0,0,0,4859892.074121,,1,14,0,False,7,112,0,0,0,0,0,0,0,0,0,0,0,1,0,0,0,0,0,0,0,0,0,0,0,0,0,0,0,0,0,0,0,0,0,0,0,0,0,0,0,0,0,0,0,1,1,1,1,1,0,0,0,0,0,0,0,0,0,0,0,0,0,0,0,0,0,0,0,0,0,0,0,0,0,0,0,0,0,0,0,0,0,0,0,0,0,0,0,0,0,0,0,0,0,0,0,0,0,0,0,0,0,0,0,0,0,0,0,0,0,0,0,0,0,0,0,1,0,0,0,0,0,0,0,0,0,0,0,0,0,0,0,0,0,0,0,0,0,0,0,0,0,0,0,0,0,0,0,0,0,0,0,0,0,7,450.5372222222222,4,0.12099445349988588,0.12843417233267626,0.13396856038173363,0.20121048717218967,0.13684255863140876,0.2701251820801124,0.12352399721389999,0.12372178700857361,0.0,0.0,0.41138752562173897,0.20866091774557244,0.1320488910222724,0.0,0.0,0.11080128758857605,0.0,0.462014418983944,0.24769156609591345,0.4529683119129186,0.09910802916085279,0.23636618598512865,0.0,108,92,46,2,2,1
56694,8,8,12,951,409,4,2,143090.0,0,0,0,0,0,4921213.303922,,0,12,0,False,7,154,0,0,0,0,0,0,0,0,0,0,0,1,0,0,0,0,0,0,1,0,0,0,0,0,0,0,0,0,0,0,0,0,0,0,0,0,0,0,0,0,0,0,0,1,1,1,1,1,0,0,1,0,0,0,0,0,0,0,0,0,0,0,0,0,0,0,0,0,0,0,0,0,0,0,0,0,0,0,0,0,0,0,0,0,0,0,0,0,0,0,0,1,0,0,0,0,0,0,0,0,0,0,0,0,0,0,0,0,0,0,0,0,0,0,0,1,0,0,0,0,0,0,0,0,0,0,0,0,0,0,0,0,0,0,0,0,0,0,0,0,0,0,0,0,0,0,0,0,0,0,0,0,0,10,350.91833333333335,4,0.11771908948965637,0.12495741241869837,0.13034198256362725,0.19576364585755734,0.13313818063188781,0.26281279482557823,0.12018015753223656,0.12037259308498979,0.0,0.0,0.4002511151772711,0.20301239055646494,0.12847427935426337,0.0,0.0,0.10780185629931406,0.11079281537599556,0.4495075200611059,0.2409864650126749,0.4407062944096502,0.09642513864439997,0.3066235560992153,0.0,125,150,60,30,2,1
56779,0,0,3,25,1,2,2,,0,0,0,0,0,4995467.704504,,0,3,0,False,7,84,0,0,0,0,0,0,0,0,0,0,0,1,0,0,0,0,0,0,0,0,0,0,0,0,0,0,0,0,0,0,0,0,0,0,0,0,0,0,0,0,0,0,0,1,1,0,0,0,0,0,0,0,0,0,0,0,0,0,0,0,0,0,0,0,0,0,0,0,0,0,0,0,0,0,0,0,0,0,0,0,0,0,0,0,0,0,0,0,0,0,0,0,0,0,0,0,0,0,0,0,0,0,0,0,0,0,0,0,0,0,0,0,0,0,0,1,0,0,0,0,0,0,0,0,0,0,0,0,0,0,0,0,0,0,0,0,0,0,0,0,0,0,0,0,0,0,0,0,0,0,0,0,0,4,183.4638888888889,4,0.0,0.0,0.2339453908380582,0.17568400350084015,0.0,0.2358558646777472,0.21570635471294666,0.21605174926437615,0.0,0.0,0.478929360705946,0.0,0.0,0.0,0.0,0.0,0.0,0.4034011543978438,0.43253655986513145,0.3955026778886399,0.1730694616047149,0.0,0.0,95,147,58,9,1,1
56765,8,5,13,873,90,2,2,256906.0,0,0,0,0,0,5009423.640905,,0,13,0,False,7,53,0,0,0,0,0,0,0,0,0,0,0,1,0,0,0,0,0,0,0,0,0,0,0,0,0,0,0,0,0,0,0,0,0,0,0,0,0,0,0,0,0,0,0,1,0,0,0,1,0,0,0,0,0,0,0,0,0,0,0,0,0,0,0,0,0,0,0,0,0,0,0,0,0,0,0,0,0,0,0,0,0,0,0,0,0,0,0,0,0,0,0,0,0,0,0,0,0,0,0,0,0,0,0,0,0,0,0,0,0,0,0,0,0,0,0,0,0,0,0,0,0,0,0,0,0,0,0,0,0,0,0,0,0,0,0,0,0,0,0,0,0,0,0,0,0,0,0,0,0,0,0,0,0,3,193.61555555555555,4,0.0,0.0,0.23960438792045655,0.17993369296757353,0.0,0.24156107496334678,0.22092416057611208,0.0,0.0,0.0,0.4905143714009673,0.0,0.0,0.0,0.0,0.0,0.0,0.41315918360113657,0.44299935685180836,0.4050696477367522,0.1772559068890817,0.0,0.0,100,151,62,3,0,1
55770,5,30,31,15929,154,4,4,1467519.0,0,3,0,0,0,5010767.085514,,0,31,0,False,7,299,0,0,0,0,0,0,0,0,0,0,0,1,0,0,0,0,0,0,0,0,0,0,0,0,0,0,0,0,0,0,0,0,0,0,0,0,0,0,0,0,0,0,0,1,1,1,0,0,0,1,0,0,0,0,0,0,0,0,0,0,0,0,0,0,0,0,0,0,0,0,0,0,0,0,0,0,0,0,0,0,0,0,0,0,0,0,0,0,0,0,0,0,0,0,0,0,0,0,0,0,0,0,0,0,0,0,0,0,0,0,0,0,0,0,0,1,0,0,0,0,0,0,0,0,0,0,0,0,0,0,0,0,0,0,0,0,0,0,0,0,0,0,0,0,0,0,0,0,0,0,0,0,0,6,1993.9719444444445,4,0.09845526113287435,0.1045090878931087,0.10901251432976859,0.16372842294981302,0.111351135977144,0.10990274583242687,0.10051359421927913,0.10067453916609877,0.0,0.0,0.3347530823959096,0.1697909660370087,0.10745044646130461,0.0,0.10792506048848095,0.1803218145599088,0.0,0.37594905346847435,0.5038771843456189,0.36858808105898627,0.080645902428953,0.25644695704082376,0.3098770660154655,22,138,32,0,1,1
56612,2,2,3,200,1,2,2,4325.0,1,1,0,0,0,5020961.897545,,0,3,0,False,7,82,0,0,0,0,0,0,0,0,0,0,0,1,0,0,0,0,0,0,0,0,0,0,0,0,0,0,0,0,0,0,0,0,0,0,0,0,0,0,0,0,0,0,0,1,1,0,0,0,0,0,0,0,0,0,0,0,0,0,0,0,0,0,0,0,0,0,0,0,0,0,0,0,0,0,0,0,0,0,0,0,0,0,0,0,0,0,0,0,0,0,0,0,0,0,0,0,0,0,0,0,0,0,0,0,0,0,0,0,0,0,0,0,0,0,0,1,0,0,0,0,0,0,0,0,0,0,0,0,0,0,0,0,0,0,0,0,0,0,0,0,0,0,0,0,0,0,0,0,0,0,0,0,0,4,221.97,4,0.0,0.0,0.17142573418841747,0.12873414251678705,0.17510329300223873,0.17282565226093533,0.15806090512537926,0.0,0.0,0.0,0.526410139921744,0.0,0.16896933151896312,0.0,0.0,0.1417809672640437,0.0,0.44339411101910675,0.31694532246433205,0.4347125841270199,0.12681831180730363,0.2016356019370519,0.0,145,94,64,0,2,1
56519,14,30,39,216,1,5,2,2578.0,1,3,0,0,0,5027774.883716,,0,39,0,False,7,115,0,0,0,0,0,0,0,0,0,0,0,1,0,0,0,0,0,0,0,0,0,0,0,0,0,0,0,0,0,0,0,0,0,0,0,0,0,0,0,0,0,0,0,0,1,0,1,0,0,0,0,0,1,0,0,0,0,0,0,0,0,0,0,0,0,0,0,0,0,0,0,0,0,0,0,0,0,0,0,0,0,0,0,0,0,0,0,0,0,0,0,0,0,0,0,0,0,0,0,0,0,0,0,0,0,0,0,0,0,0,0,0,0,0,0,1,0,0,0,0,0,0,0,0,0,0,0,0,0,0,0,0,0,0,0,0,0,0,0,0,0,0,0,0,0,0,0,0,0,0,0,0,0,5,598.1855555555555,4,0.12099445349988588,0.12843417233267626,0.13396856038173363,0.20121048717218967,0.13684255863140876,0.2701251820801124,0.12352399721389999,0.12372178700857361,0.0,0.0,0.41138752562173897,0.20866091774557244,0.1320488910222724,0.0,0.0,0.11080128758857605,0.0,0.462014418983944,0.24769156609591345,0.4529683119129186,0.09910802916085279,0.23636618598512865,0.0,124,150,53,0,4,1
56523,6,0,4,164,76,2,2,4988.0,0,0,0,0,0,5036091.236024,,0,4,0,False,7,130,0,0,0,0,0,0,0,0,0,0,0,1,0,0,0,0,0,0,0,0,0,0,0,0,0,0,0,0,0,0,0,0,0,0,0,0,0,0,0,0,0,0,0,1,1,0,0,0,0,0,0,0,0,0,0,0,0,0,0,0,0,0,0,0,0,0,0,0,0,0,0,0,0,0,0,0,0,0,0,0,0,0,0,0,0,0,0,0,0,0,0,0,0,0,0,0,0,0,0,0,0,0,0,0,0,0,0,0,0,0,0,0,0,0,0,1,0,0,0,0,0,0,0,0,0,0,0,0,0,0,0,0,0,0,0,0,0,0,0,0,0,0,0,0,0,0,0,0,0,0,0,0,0,4,593.7127777777778,4,0.23684382292431655,0.1257034495776297,0.13112016739059387,0.19693241969298414,0.13393305968789038,0.2643818742982349,0.12089767289646998,0.12109125735323997,0.0,0.0,0.4026407469649829,0.20422444179974067,0.12924131337417444,0.0,0.0,0.10844546910342354,0.0,0.45219122890793273,0.24242523406381808,0.44333745702290006,0.09700082867423819,0.2313406502505947,0.0,126,144,53,1,4,1
56477,15,17,16,200,1,4,2,2266.0,1,4,0,0,0,5051123.004931,,1,16,0,False,7,177,0,0,0,0,0,0,0,0,0,0,0,1,0,0,0,0,0,0,0,0,0,0,0,0,0,0,0,0,0,0,0,0,0,0,0,0,0,0,0,0,0,0,0,1,1,0,1,0,0,0,0,0,0,0,0,0,0,0,0,0,0,0,0,0,0,0,0,0,0,0,0,0,0,0,0,0,0,0,0,0,0,0,0,0,0,0,0,0,0,0,0,0,0,0,0,0,0,0,0,0,0,0,0,0,0,0,0,0,0,0,0,0,0,0,0,1,0,0,0,0,0,0,0,0,0,0,0,0,0,0,0,0,0,0,0,0,0,0,0,0,0,0,0,0,0,0,0,0,0,0,0,0,0,5,599.8891666666667,4,0.1057859555391389,0.2245810655131131,0.11712927131984513,0.263878752715212,0.11964201998117104,0.2361715737784255,0.10799754616271452,0.10817047460546715,0.0,0.0,0.35967783014796373,0.18243311101371987,0.1154508963891298,0.11479627230460045,0.0,0.09687402805233138,0.09956179488162727,0.4039411342530895,0.21655776972013596,0.3960320850963966,0.2599516902580549,0.3444265710576868,0.0,112,124,47,0,3,1
56691,0,2,2,8,1,3,2,,0,1,0,0,0,5065732.366005,,0,2,0,False,7,118,0,0,0,0,0,0,0,0,0,0,0,1,0,0,0,0,0,0,0,0,0,0,0,0,0,0,0,0,0,0,0,0,0,0,0,0,0,0,0,0,0,0,0,1,1,0,0,0,0,0,0,0,0,0,0,0,0,0,0,0,0,0,0,0,0,0,0,0,0,0,0,0,0,0,0,0,0,0,0,0,0,0,0,0,0,0,0,0,0,0,0,0,0,0,0,0,0,0,0,0,0,0,0,0,0,0,0,0,0,0,0,0,0,0,0,1,0,0,0,0,0,0,0,0,0,0,0,0,0,0,0,0,0,0,0,0,0,0,0,0,0,0,0,0,0,0,0,0,0,0,0,0,0,4,313.9488888888889,4,0.12099445349988588,0.12843417233267626,0.13396856038173363,0.20121048717218967,0.13684255863140876,0.2701251820801124,0.12352399721389999,0.12372178700857361,0.0,0.0,0.41138752562173897,0.20866091774557244,0.1320488910222724,0.0,0.0,0.11080128758857605,0.0,0.462014418983944,0.24769156609591345,0.4529683119129186,0.09910802916085279,0.23636618598512865,0.0,124,146,58,11,1,1
56679,0,9,4,26,3,4,2,,0,2,0,0,0,5080204.562568,,0,4,0,False,7,197,0,0,0,0,0,0,0,0,0,0,0,0,0,0,0,0,0,0,1,0,0,0,0,0,0,0,0,0,0,0,0,0,0,0,0,0,0,0,0,0,0,0,0,0,1,0,0,0,0,0,1,0,0,0,0,0,0,0,0,0,0,0,0,0,0,0,0,0,0,0,0,0,0,0,0,0,0,0,0,0,0,0,0,0,0,0,0,0,0,0,0,1,0,0,0,0,0,0,0,0,0,0,0,0,0,0,0,0,0,0,0,0,0,0,0,1,0,0,0,0,0,0,0,0,0,0,0,0,0,0,0,0,0,0,0,0,0,0,0,0,0,0,0,0,0,0,0,0,0,0,0,0,0,5,334.84833333333336,4,0.11918828825052516,0.126516949417182,0.13196872194890333,0.1982068834595807,0.1347998181017043,0.13304642127880845,0.12168007177123424,0.12187490902516336,0.0,0.1061052134676159,0.40524646847981655,0.2055460964655034,0.13007770877976346,0.1293401484515992,0.0,0.10914728255414613,0.1121755704395053,0.4551176202949597,0.24399410818522835,0.44620655052325725,0.09762857722710667,0.31045038614544784,0.0,125,143,63,13,0,1
56557,18,30,22,200,1,5,1,699988.0,1,6,0,0,0,5079556.774938,,0,22,0,False,7,112,0,0,0,0,0,0,0,0,0,0,0,1,0,0,0,0,0,0,0,0,0,0,0,0,0,0,0,0,0,0,0,0,0,0,0,0,0,0,0,0,0,0,0,1,1,0,0,0,0,0,0,0,0,0,0,0,0,0,0,0,0,0,0,0,0,0,0,0,0,0,0,0,0,0,0,0,0,0,0,0,0,0,0,0,0,0,0,0,0,0,0,0,0,0,0,0,0,0,0,0,0,0,0,0,0,0,0,0,0,0,0,0,0,0,0,1,0,0,0,0,0,0,0,0,0,0,0,0,0,0,0,0,0,0,0,0,0,0,0,0,0,0,0,0,0,0,0,0,0,0,0,0,0,4,537.2213888888889,4,0.12099445349988588,0.12843417233267626,0.13396856038173363,0.20121048717218967,0.13684255863140876,0.2701251820801124,0.12352399721389999,0.12372178700857361,0.0,0.0,0.41138752562173897,0.20866091774557244,0.1320488910222724,0.0,0.0,0.11080128758857605,0.0,0.462014418983944,0.24769156609591345,0.4529683119129186,0.09910802916085279,0.23636618598512865,0.0,136,144,56,0,6,0
56625,0,6,4,12,1,3,2,,0,2,0,0,0,5080316.218499,,0,4,0,False,7,151,0,0,0,0,0,0,0,0,0,0,0,0,0,0,0,0,0,0,0,0,0,0,0,0,0,0,0,0,0,0,0,0,0,0,0,0,0,0,0,0,0,0,0,0,1,0,0,0,0,0,0,0,0,0,0,0,0,0,0,0,0,0,0,0,0,0,0,0,0,0,0,0,0,0,0,0,0,0,0,0,0,0,0,0,0,0,0,0,0,0,0,0,0,0,0,0,0,0,0,0,0,0,0,0,0,0,0,0,0,0,0,0,0,0,0,1,0,0,0,0,0,0,0,0,0,0,0,0,0,0,0,0,0,0,0,0,0,0,0,0,0,0,0,0,0,0,0,0,0,0,0,0,0,2,453.41777777777776,4,0.11366569084621655,0.12065477800161681,0.12585394228403363,0.18902295409724965,0.128553859404949,0.2537634126850697,0.11604201740881712,0.11622782686539632,0.0,0.0,0.3864693459304288,0.19602210417172908,0.12405054933809435,0.0,0.0,0.10408993582848569,0.10697790778968265,0.4340297145502862,0.3490329369986352,0.4255315397996732,0.09310495049251108,0.2960656464880604,0.0,143,142,62,17,2,1
56487,12,30,16,321,1,5,2,12654.0,1,3,0,0,0,5089312.730878,,0,16,0,False,7,112,0,0,0,0,0,0,0,0,0,0,0,1,0,0,0,0,0,0,0,0,0,0,0,0,0,0,0,0,0,0,0,0,0,0,0,0,0,0,0,0,0,0,0,1,1,0,0,0,0,0,0,0,0,0,0,0,0,0,0,0,0,0,0,0,0,0,0,0,0,0,0,0,0,0,0,0,0,0,0,0,0,0,0,0,0,0,0,0,0,0,0,0,0,0,0,0,0,0,0,0,0,0,0,0,0,0,0,0,0,0,0,0,0,0,0,1,0,0,0,0,0,0,0,0,0,0,0,0,0,0,0,0,0,0,0,0,0,0,0,0,0,0,0,0,0,0,0,0,0,0,0,0,0,4,602.2063888888889,4,0.12099445349988588,0.12843417233267626,0.13396856038173363,0.20121048717218967,0.13684255863140876,0.2701251820801124,0.12352399721389999,0.12372178700857361,0.0,0.0,0.41138752562173897,0.20866091774557244,0.1320488910222724,0.0,0.0,0.11080128758857605,0.0,0.462014418983944,0.24769156609591345,0.4529683119129186,0.09910802916085279,0.23636618598512865,0.0,115,137,51,0,3,1
56718,0,22,73,8238,93,3,2,,0,2,0,0,0,5091216.874107,,0,73,0,False,7,112,0,0,0,0,0,0,0,0,0,0,0,1,0,0,0,0,0,0,0,0,0,0,0,0,0,0,0,0,0,0,0,0,0,0,0,0,0,0,0,0,0,0,0,1,1,1,1,1,0,0,0,0,0,0,0,0,0,0,0,0,0,0,0,0,0,0,0,0,0,0,0,0,0,0,0,0,0,0,0,0,0,0,0,0,0,0,0,0,0,0,0,0,0,0,0,0,0,0,0,0,0,0,0,0,0,0,0,0,0,0,0,0,0,0,0,1,0,0,0,0,0,0,0,0,0,0,0,0,0,0,0,0,0,0,0,0,0,0,0,0,0,0,0,0,0,0,0,0,0,0,0,0,0,7,272.4658333333333,4,0.12099445349988588,0.12843417233267626,0.13396856038173363,0.20121048717218967,0.13684255863140876,0.2701251820801124,0.12352399721389999,0.12372178700857361,0.0,0.0,0.41138752562173897,0.20866091774557244,0.1320488910222724,0.0,0.0,0.11080128758857605,0.0,0.462014418983944,0.24769156609591345,0.4529683119129186,0.09910802916085279,0.23636618598512865,0.0,111,137,64,30,3,1
56541,1,2,2,3,1,4,2,1962221.0,0,0,0,0,0,5113820.720032,,1,2,0,False,7,53,0,0,0,0,0,0,0,0,0,0,0,1,0,0,0,0,0,0,0,0,0,0,0,0,0,0,0,0,0,0,0,0,0,0,0,0,0,0,0,0,0,0,0,1,1,0,0,0,0,0,0,0,0,0,0,0,0,0,0,0,0,0,0,0,0,0,0,0,0,0,0,0,0,0,0,0,0,0,0,0,0,0,0,0,0,0,0,0,0,0,0,0,0,0,0,0,0,0,0,0,0,0,0,0,0,0,0,0,0,0,0,0,0,0,0,1,0,0,0,0,0,0,0,0,0,0,0,0,0,0,0,0,0,0,0,0,0,0,0,0,0,0,0,0,0,0,0,0,0,0,0,0,0,4,545.0602777777777,4,0.0,0.0,0.23960438792045655,0.17993369296757353,0.0,0.24156107496334678,0.22092416057611208,0.0,0.0,0.0,0.4905143714009673,0.0,0.0,0.0,0.0,0.0,0.0,0.41315918360113657,0.44299935685180836,0.4050696477367522,0.1772559068890817,0.0,0.0,129,133,48,1,5,0
55846,17,12,5,313,26,4,2,688583.0,0,2,0,0,0,5124155.340406,,0,5,0,False,7,137,0,0,0,0,0,0,0,0,0,0,0,1,0,0,0,0,0,0,0,0,0,0,0,0,0,0,0,0,0,0,0,0,0,0,0,0,0,0,0,0,0,0,0,1,1,1,0,0,0,0,0,0,0,0,0,0,0,0,0,0,0,0,0,0,0,0,0,0,0,0,0,0,0,0,0,0,0,0,0,0,0,0,0,0,0,0,0,0,0,0,0,0,0,0,0,0,0,0,0,0,0,0,0,0,0,0,0,0,0,0,0,0,0,0,0,1,0,0,0,0,0,0,0,0,0,0,0,0,0,0,0,0,0,0,0,0,0,0,0,0,0,0,0,0,0,0,0,0,0,0,0,0,0,5,1812.4647222222222,4,0.12099445349988588,0.12843417233267626,0.13396856038173363,0.20121048717218967,0.13684255863140876,0.2701251820801124,0.12352399721389999,0.12372178700857361,0.0,0.0,0.41138752562173897,0.20866091774557244,0.1320488910222724,0.0,0.0,0.11080128758857605,0.0,0.462014418983944,0.24769156609591345,0.4529683119129186,0.09910802916085279,0.23636618598512865,0.0,37,130,37,2,1,1
55580,1,5,2,58,10,3,2,1931302.0,0,1,0,0,0,5124379.504322,,0,2,0,False,7,185,0,0,0,0,0,0,0,0,0,0,0,1,0,1,0,0,0,0,0,0,0,0,0,0,0,0,0,0,0,0,0,0,0,0,0,0,0,0,0,0,0,0,0,1,1,0,0,0,0,0,0,1,0,0,0,0,0,0,0,0,0,0,0,0,0,0,0,0,0,0,0,0,0,0,0,0,0,0,0,0,0,0,0,0,0,0,0,0,0,0,0,0,0,0,0,0,0,0,0,0,0,0,0,0,0,0,0,0,0,0,0,0,0,0,0,1,0,0,0,0,0,0,0,0,0,0,0,0,0,0,0,0,0,0,0,0,0,0,0,0,0,0,0,0,0,0,0,0,0,0,0,0,0,6,2399.369722222222,4,0.0,0.1833009209611298,0.19119958537359463,0.1435835453128716,0.0,0.0,0.17629313163991403,0.0,0.0,0.15372788734621445,0.3914208134735384,0.0,0.0,0.18739124234059049,0.0,0.0,0.0,0.32969289620879183,0.3535047671120023,0.3232376058171626,0.14144672472969935,0.11244707123303177,0.543500596268366,3,129,3,1,5,0
56562,1,30,12,200,1,3,2,1685601.0,1,5,0,0,0,5298821.139203,,0,12,0,False,7,112,0,0,0,0,0,0,0,0,0,0,0,1,0,0,0,0,0,0,0,0,0,0,0,0,0,0,0,0,0,0,0,0,0,0,0,0,0,0,0,0,0,0,0,1,1,0,1,0,0,0,0,0,0,0,0,0,0,0,0,0,0,0,0,0,0,0,0,0,0,0,0,0,0,0,0,0,0,0,0,0,0,0,0,0,0,0,0,0,0,0,0,0,0,0,0,0,0,0,0,0,0,0,0,0,0,0,0,0,0,0,0,0,0,0,0,1,0,0,0,0,0,0,0,0,0,0,0,0,0,0,0,0,0,0,0,0,0,0,0,0,0,0,0,0,0,0,0,0,0,0,0,0,0,5,468.615,4,0.12099445349988588,0.12843417233267626,0.13396856038173363,0.20121048717218967,0.13684255863140876,0.2701251820801124,0.12352399721389999,0.12372178700857361,0.0,0.0,0.41138752562173897,0.20866091774557244,0.1320488910222724,0.0,0.0,0.11080128758857605,0.0,0.462014418983944,0.24769156609591345,0.4529683119129186,0.09910802916085279,0.23636618598512865,0.0,139,118,59,0,6,0
56552,6,30,6,200,1,4,3,13105.0,1,2,0,0,0,5301155.293804,,0,6,0,False,7,112,0,0,0,0,0,0,0,0,0,0,0,1,0,0,0,0,0,0,0,0,0,0,0,0,0,0,0,0,0,0,0,0,0,0,0,0,0,0,0,0,0,0,0,0,1,0,1,0,0,0,0,0,1,0,0,0,0,0,0,0,0,0,0,0,0,0,0,0,0,0,0,0,0,0,0,0,0,0,0,0,0,0,0,0,0,0,0,0,0,0,0,0,0,0,0,0,0,0,0,0,0,0,0,0,0,0,0,0,0,0,0,0,0,0,0,1,0,0,0,0,0,0,0,0,0,0,0,0,0,0,0,0,0,0,0,0,0,0,0,0,0,0,0,0,0,0,0,0,0,0,0,0,0,5,478.62833333333333,4,0.12099445349988588,0.12843417233267626,0.13396856038173363,0.20121048717218967,0.13684255863140876,0.2701251820801124,0.12352399721389999,0.12372178700857361,0.0,0.0,0.41138752562173897,0.20866091774557244,0.1320488910222724,0.0,0.0,0.11080128758857605,0.0,0.462014418983944,0.24769156609591345,0.4529683119129186,0.09910802916085279,0.23636618598512865,0.0,132,115,52,0,6,0
56452,3,22,8,210,1,4,2,21.0,1,4,0,0,0,5329792.674698,,1,8,0,False,7,126,0,0,0,0,0,0,0,0,0,0,0,1,0,0,0,0,0,0,0,0,0,0,0,0,0,0,0,0,0,0,0,0,0,0,0,0,0,0,0,0,0,0,0,0,1,0,1,0,0,0,0,0,1,0,0,0,0,0,0,0,0,0,0,0,0,0,0,0,0,0,0,0,0,0,0,0,0,0,0,0,0,0,0,0,0,0,0,0,0,0,0,0,0,0,0,0,0,0,0,0,0,0,0,0,0,0,0,0,0,0,0,0,0,0,0,1,0,0,0,0,0,0,0,0,0,0,0,0,0,0,0,0,0,0,0,0,0,0,0,0,0,0,0,0,0,0,0,0,0,0,0,0,0,5,563.1680555555556,4,0.12099445349988588,0.12843417233267626,0.13396856038173363,0.20121048717218967,0.13684255863140876,0.2701251820801124,0.12352399721389999,0.12372178700857361,0.0,0.0,0.41138752562173897,0.20866091774557244,0.1320488910222724,0.0,0.0,0.11080128758857605,0.0,0.462014418983944,0.24769156609591345,0.4529683119129186,0.09910802916085279,0.23636618598512865,0.0,106,114,43,0,2,1
56724,0,6,8,6941,64,2,2,,1,2,0,0,0,5382129.80092,,0,8,0,False,7,112,0,0,0,0,0,0,0,0,0,0,0,1,0,0,0,0,0,0,0,0,0,0,0,0,0,0,0,0,0,0,0,0,0,0,0,0,0,0,0,0,0,0,0,1,1,1,1,1,0,0,0,0,0,0,0,0,0,0,0,0,0,0,0,0,0,0,0,0,0,0,0,0,0,0,0,0,0,0,0,0,0,0,0,0,0,0,0,0,0,0,0,0,0,0,0,0,0,0,0,0,0,0,0,0,0,0,0,0,0,0,0,0,0,0,0,1,0,0,0,0,0,0,0,0,0,0,0,0,0,0,0,0,0,0,0,0,0,0,0,0,0,0,0,0,0,0,0,0,0,0,0,0,0,7,187.00194444444443,4,0.12099445349988588,0.12843417233267626,0.13396856038173363,0.20121048717218967,0.13684255863140876,0.2701251820801124,0.12352399721389999,0.12372178700857361,0.0,0.0,0.41138752562173897,0.20866091774557244,0.1320488910222724,0.0,0.0,0.11080128758857605,0.0,0.462014418983944,0.24769156609591345,0.4529683119129186,0.09910802916085279,0.23636618598512865,0.0,111,109,64,19,3,1
56627,0,8,3,90,4,3,2,,0,1,0,0,0,5383347.55097,,0,3,0,False,7,131,0,0,0,0,0,0,0,0,0,0,0,0,0,0,0,0,0,0,0,0,0,0,0,0,0,0,0,0,0,0,0,0,0,0,0,0,0,0,0,0,0,0,0,0,0,0,0,0,0,0,0,0,0,1,0,0,0,0,0,0,0,0,0,0,0,0,0,0,0,0,0,0,0,0,0,0,0,0,0,0,0,0,0,0,0,0,0,0,0,0,0,0,0,0,0,0,0,0,0,0,0,0,0,0,0,0,0,0,0,0,0,0,0,0,0,0,0,0,0,0,0,0,0,0,0,0,0,0,0,0,0,0,0,0,0,0,0,0,0,0,0,0,0,0,0,0,0,0,0,0,0,0,0,1,358.6311111111111,4,0.0,0.0,0.14028916665049687,0.10535177614170947,0.1432987594852116,0.1414348134269408,0.12935183136325704,0.0,0.0,0.0,0.43079669569811085,0.21850549248005158,0.1382789277264095,0.0,0.0,0.11602886718578789,0.0,0.4838121543971484,0.2593775979598423,0.47433925404792315,0.10378392347974306,0.3300238519816306,0.0,145,108,62,5,3,1
56438,2,17,10,200,1,5,2,32433.0,1,2,0,0,0,5422289.882333,,0,10,0,False,7,83,0,0,0,0,0,0,0,0,0,0,0,1,0,0,0,0,0,0,0,0,0,0,0,0,0,0,0,0,0,0,0,0,0,0,0,0,0,0,0,0,0,0,0,0,1,0,1,0,0,0,0,0,1,0,0,0,0,0,0,0,0,0,0,0,0,0,0,0,0,0,0,0,0,0,0,0,0,0,0,0,0,0,0,0,0,0,0,0,0,0,0,0,0,0,0,0,0,0,0,0,0,0,0,0,0,0,0,0,0,0,0,0,0,0,0,1,0,0,0,0,0,0,0,0,0,0,0,0,0,0,0,0,0,0,0,0,0,0,0,0,0,0,0,0,0,0,0,0,0,0,0,0,0,5,545.4333333333333,4,0.15308115447864873,0.16249382353063274,0.1694958842646261,0.2545697986855173,0.0,0.34176008511512307,0.15628151169209614,0.1565317536596981,0.0,0.0,0.3469893345722655,0.26399602014068124,0.0,0.0,0.0,0.0,0.0,0.4384025378728062,0.31337726479026345,0.4298187445216629,0.12539063637376763,0.09968283003526995,0.0,102,104,35,0,2,1
56554,5,17,3,200,1,2,2,984567.0,1,1,0,0,0,5460091.275337,,0,3,0,False,7,112,0,0,0,0,0,0,0,0,0,0,0,1,0,0,0,0,0,0,0,0,0,0,0,0,0,0,0,0,0,0,0,0,0,0,0,0,0,0,0,0,0,0,0,1,1,0,1,0,0,0,0,0,0,0,0,0,0,0,0,0,0,0,0,0,0,0,0,0,0,0,0,0,0,0,0,0,0,0,0,0,0,0,0,0,0,0,0,0,0,0,0,0,0,0,0,0,0,0,0,0,0,0,0,0,0,0,0,0,0,0,0,0,0,0,0,1,0,0,0,0,0,0,0,0,0,0,0,0,0,0,0,0,0,0,0,0,0,0,0,0,0,0,0,0,0,0,0,0,0,0,0,0,0,5,415.5213888888889,4,0.12099445349988588,0.12843417233267626,0.13396856038173363,0.20121048717218967,0.13684255863140876,0.2701251820801124,0.12352399721389999,0.12372178700857361,0.0,0.0,0.41138752562173897,0.20866091774557244,0.1320488910222724,0.0,0.0,0.11080128758857605,0.0,0.462014418983944,0.24769156609591345,0.4529683119129186,0.09910802916085279,0.23636618598512865,0.0,133,98,53,0,6,0
56575,4,24,5,210,1,4,2,7074.0,1,1,0,0,0,5573397.246192,,0,5,0,False,7,87,0,0,0,0,0,0,0,0,0,0,0,1,0,0,0,0,0,0,0,0,0,0,0,0,0,0,0,0,0,0,0,0,0,0,0,0,0,0,0,0,0,0,0,0,1,0,1,0,0,0,0,0,1,0,0,0,0,0,0,0,0,0,0,0,0,0,0,0,0,0,0,0,0,0,0,0,0,0,0,0,0,0,0,0,0,0,0,0,0,0,0,0,0,0,0,0,0,0,0,0,0,0,0,0,0,0,0,0,0,0,0,0,0,0,0,1,0,0,0,0,0,0,0,0,0,0,0,0,0,0,0,0,0,0,0,0,0,0,0,0,0,0,0,0,0,0,0,0,0,0,0,0,0,5,372.56111111111113,4,0.0,0.0,0.237260337078522,0.17817340081201813,0.0,0.23919788184296695,0.21876285848520868,0.0,0.0,0.0,0.48571566702312796,0.0,0.0,0.0,0.0,0.0,0.0,0.40911724538548616,0.4386654920823966,0.4011068494881046,0.17552181152719223,0.13953602447469635,0.0,139,102,61,0,0,1
56470,6,30,39,208,1,6,2,64495.0,2,1,0,0,0,5606372.377744,,1,39,0,False,7,112,0,0,0,0,0,0,0,0,0,0,0,1,0,0,0,0,0,0,0,0,0,0,0,0,0,0,0,0,0,0,0,0,0,0,0,0,0,0,0,0,0,0,0,1,1,0,1,0,0,0,0,0,0,0,0,0,0,0,0,0,0,0,0,0,0,0,0,0,0,0,0,0,0,0,0,0,0,0,0,0,0,0,0,0,0,0,0,0,0,0,0,0,0,0,0,0,0,0,0,0,0,0,0,0,0,0,0,0,0,0,0,0,0,0,0,1,0,0,0,0,0,0,0,0,0,0,0,0,0,0,0,0,0,0,0,0,0,0,0,0,0,0,0,0,0,0,0,0,0,0,0,0,0,5,477.4144444444444,4,0.12099445349988588,0.12843417233267626,0.13396856038173363,0.20121048717218967,0.13684255863140876,0.2701251820801124,0.12352399721389999,0.12372178700857361,0.0,0.0,0.41138752562173897,0.20866091774557244,0.1320488910222724,0.0,0.0,0.11080128758857605,0.0,0.462014418983944,0.24769156609591345,0.4529683119129186,0.09910802916085279,0.23636618598512865,0.0,109,105,44,0,2,1
56653,5,30,27,249,1,5,1,7648.0,1,4,0,0,0,5621147.566993,,2,27,0,False,7,143,0,0,0,0,0,0,0,0,0,0,0,1,0,0,0,0,0,0,0,0,0,0,0,0,0,0,0,0,0,0,0,0,0,0,0,0,0,0,0,0,0,0,0,0,1,0,0,0,0,0,0,0,1,0,0,0,0,0,0,0,0,0,0,0,0,0,0,0,0,0,0,0,0,0,0,0,0,0,0,0,0,0,0,0,0,0,0,0,0,0,0,0,0,0,0,0,0,0,0,0,0,0,0,0,0,0,0,0,0,0,0,0,0,0,0,1,0,0,0,0,0,0,0,0,0,0,0,0,0,0,0,0,0,0,0,0,0,0,0,0,0,0,0,0,0,0,0,0,0,0,0,0,0,4,246.11277777777778,4,0.11582500807506367,0.12294686754017511,0.12824480080844025,0.19261383995199702,0.1309960084948046,0.25858417878416695,0.11824647792452406,0.1184358172198601,0.0,0.0,0.39381113843506327,0.2996189302535333,0.12640714864646527,0.0,0.0,0.21213468317680162,0.0,0.4422750156036007,0.2371090311442367,0.43361540027213924,0.09487367350992042,0.22626752391112992,0.0,127,106,63,0,5,0
56432,9,30,13,206,1,5,1,34657.0,1,0,0,0,0,5628593.60768,,2,13,0,False,7,112,0,0,0,0,0,0,0,0,0,0,0,1,0,0,0,0,0,0,0,0,0,0,0,0,0,0,0,0,0,0,0,0,0,0,0,0,0,0,0,0,0,0,0,1,1,0,1,0,0,0,0,0,0,0,0,0,0,0,0,0,0,0,0,0,0,0,0,0,0,0,0,0,0,0,0,0,0,0,0,0,0,0,0,0,0,0,0,0,0,0,0,0,0,0,0,0,0,0,0,0,0,0,0,0,0,0,0,0,0,0,0,0,0,0,0,1,0,0,0,0,0,0,0,0,0,0,0,0,0,0,0,0,0,0,0,0,0,0,0,0,0,0,0,0,0,0,0,0,0,0,0,0,0,5,489.1961111111111,4,0.12099445349988588,0.12843417233267626,0.13396856038173363,0.20121048717218967,0.13684255863140876,0.2701251820801124,0.12352399721389999,0.12372178700857361,0.0,0.0,0.41138752562173897,0.20866091774557244,0.1320488910222724,0.0,0.0,0.11080128758857605,0.0,0.462014418983944,0.24769156609591345,0.4529683119129186,0.09910802916085279,0.23636618598512865,0.0,100,102,33,0,2,1
56536,7,11,4,200,1,2,2,1149416.0,1,2,0,0,0,5696803.644242,,0,4,0,False,7,116,0,0,0,0,0,0,0,0,0,0,0,1,0,0,0,0,0,0,0,0,0,0,0,0,0,0,0,0,0,0,0,0,0,0,0,0,0,0,0,0,0,0,0,1,1,0,1,0,0,0,0,0,0,0,0,0,0,0,0,0,0,0,0,0,0,0,0,0,0,0,0,0,0,0,0,0,0,0,0,0,0,0,0,0,0,0,0,0,0,0,0,0,0,0,0,0,0,0,0,0,0,0,0,0,0,0,0,0,0,0,0,0,0,0,0,1,0,0,0,0,0,0,0,0,0,0,0,0,0,0,0,0,0,0,0,0,0,0,0,0,0,0,0,0,0,0,0,0,0,0,0,0,0,5,395.44083333333333,4,0.12099445349988588,0.12843417233267626,0.13396856038173363,0.20121048717218967,0.13684255863140876,0.2701251820801124,0.12352399721389999,0.12372178700857361,0.0,0.0,0.41138752562173897,0.20866091774557244,0.1320488910222724,0.0,0.0,0.11080128758857605,0.0,0.462014418983944,0.24769156609591345,0.4529683119129186,0.09910802916085279,0.23636618598512865,0.0,126,105,46,0,5,0
56561,0,30,13,200,1,4,0,,1,2,0,0,0,5699933.779583,,0,13,0,False,7,116,0,0,0,0,0,0,0,0,0,0,0,1,0,0,0,0,0,0,0,0,0,0,0,0,0,0,0,0,0,0,0,0,0,0,0,0,0,0,0,0,0,0,0,1,1,0,1,0,0,0,0,0,0,0,0,0,0,0,0,0,0,0,0,0,0,0,0,0,0,0,0,0,0,0,0,0,0,0,0,0,0,0,0,0,0,0,0,0,0,0,0,0,0,0,0,0,0,0,0,0,0,0,0,0,0,0,0,0,0,0,0,0,0,0,0,1,0,0,0,0,0,0,0,0,0,0,0,0,0,0,0,0,0,0,0,0,0,0,0,0,0,0,0,0,0,0,0,0,0,0,0,0,0,5,358.70916666666665,4,0.12099445349988588,0.12843417233267626,0.13396856038173363,0.20121048717218967,0.13684255863140876,0.2701251820801124,0.12352399721389999,0.12372178700857361,0.0,0.0,0.41138752562173897,0.20866091774557244,0.1320488910222724,0.0,0.0,0.11080128758857605,0.0,0.462014418983944,0.24769156609591345,0.4529683119129186,0.09910802916085279,0.23636618598512865,0.0,138,104,58,0,6,0
56495,3,4,4,200,1,4,2,70184.0,1,0,0,0,0,5701245.146709,,1,4,0,False,7,112,0,0,0,0,0,0,0,0,0,0,0,1,0,0,0,0,0,0,0,0,0,0,0,0,0,0,0,0,0,0,0,0,0,0,0,0,0,0,0,0,0,0,0,1,1,0,1,0,0,0,0,0,0,0,0,0,0,0,0,0,0,0,0,0,0,0,0,0,0,0,0,0,0,0,0,0,0,0,0,0,0,0,0,0,0,0,0,0,0,0,0,0,0,0,0,0,0,0,0,0,0,0,0,0,0,0,0,0,0,0,0,0,0,0,0,1,0,0,0,0,0,0,0,0,0,0,0,0,0,0,0,0,0,0,0,0,0,0,0,0,0,0,0,0,0,0,0,0,0,0,0,0,0,5,312.4683333333333,4,0.12099445349988588,0.12843417233267626,0.13396856038173363,0.20121048717218967,0.13684255863140876,0.2701251820801124,0.12352399721389999,0.12372178700857361,0.0,0.0,0.41138752562173897,0.20866091774557244,0.1320488910222724,0.0,0.0,0.11080128758857605,0.0,0.462014418983944,0.24769156609591345,0.4529683119129186,0.09910802916085279,0.23636618598512865,0.0,116,96,54,0,3,1
56670,8,7,9,79,7,2,2,2865.0,0,5,0,0,0,5712638.036621,,1,9,0,False,7,162,0,0,0,0,0,0,0,0,0,0,0,0,0,0,0,0,0,0,0,0,0,0,0,0,0,0,0,0,0,0,0,0,0,0,0,0,0,0,0,0,0,0,0,0,0,0,0,1,0,0,0,0,0,0,0,0,0,0,0,0,0,0,0,0,0,0,0,0,0,0,0,0,0,0,0,0,0,0,0,0,0,0,0,0,0,0,0,0,0,0,0,0,0,0,0,0,0,0,0,0,0,0,0,0,0,0,0,0,0,0,0,0,0,0,0,0,0,0,0,0,0,0,0,0,0,0,0,0,0,0,0,0,0,0,0,0,0,0,0,0,0,0,0,0,0,0,0,0,0,0,0,0,0,1,178.92333333333335,4,0.2104717804728051,0.2234132899689898,0.1165202230982785,0.26250663724621404,0.11901990598120264,0.23494352996517956,0.10743598104169241,0.10760801029196028,0.0,0.0,0.3578075790969658,0.18148449620065266,0.1148505753734542,0.0,0.0,0.09637030294727073,0.0,0.40184072308633134,0.21543171367088146,0.3939727993653975,0.2585999947095308,0.3426356234303414,0.0,130,101,61,19,0,1
56558,7,30,5,200,1,4,2,431336.0,1,3,0,0,0,5719549.361912,,1,5,0,False,7,112,0,0,0,0,0,0,0,0,0,0,0,1,0,0,0,0,0,0,0,0,0,0,0,0,0,0,0,0,0,0,0,0,0,0,0,0,0,0,0,0,0,0,0,0,1,0,1,0,0,0,0,0,1,0,0,0,0,0,0,0,0,0,0,0,0,0,0,0,0,0,0,0,0,0,0,0,0,0,0,0,0,0,0,0,0,0,0,0,0,0,0,0,0,0,0,0,0,0,0,0,0,0,0,0,0,0,0,0,0,0,0,0,0,0,0,1,0,0,0,0,0,0,0,0,0,0,0,0,0,0,0,0,0,0,0,0,0,0,0,0,0,0,0,0,0,0,0,0,0,0,0,0,0,5,356.9144444444444,4,0.12099445349988588,0.12843417233267626,0.13396856038173363,0.20121048717218967,0.13684255863140876,0.2701251820801124,0.12352399721389999,0.12372178700857361,0.0,0.0,0.41138752562173897,0.20866091774557244,0.1320488910222724,0.0,0.0,0.11080128758857605,0.0,0.462014418983944,0.24769156609591345,0.4529683119129186,0.09910802916085279,0.23636618598512865,0.0,137,99,57,0,6,0
56574,0,0,1,2,1,2,2,,1,0,0,0,0,5813516.269973,,0,1,0,False,7,7,0,0,0,0,0,0,0,0,0,0,0,0,0,0,0,0,0,0,0,0,0,0,0,0,0,0,0,0,0,0,0,0,0,0,0,0,0,0,0,0,0,0,0,0,0,0,0,0,0,0,0,0,0,0,0,0,0,0,0,0,0,0,0,0,0,0,0,0,0,0,0,0,0,0,0,0,0,0,0,0,0,0,0,0,0,0,0,0,0,0,0,0,0,0,0,0,0,0,0,0,0,0,0,0,0,0,0,0,0,0,0,0,0,0,0,0,0,0,0,0,0,0,0,0,0,0,0,0,0,0,0,0,0,0,0,0,0,0,0,0,0,0,0,0,0,0,0,0,0,0,0,0,0,0,306.8988888888889,4,0.0,0.0,0.0,0.0,0.0,0.0,0.0,0.0,0.0,0.0,0.0,0.0,0.0,0.0,0.0,0.0,0.8223548294979172,0.0,0.0,0.0,0.0,0.5689749857431797,0.0,139,95,60,35,0,1
56607,0,0,1,16,1,2,2,,0,0,0,0,0,5873307.443609,,0,1,0,False,7,218,0,0,0,0,0,0,0,0,0,0,0,0,0,0,0,0,0,0,0,0,0,0,0,0,0,0,0,0,0,0,0,0,0,0,0,0,0,0,0,0,0,0,0,0,1,0,0,0,0,0,0,0,0,0,0,0,0,0,0,0,0,0,0,0,0,0,0,0,0,0,0,0,0,0,0,0,0,0,0,0,0,0,0,0,0,0,0,0,0,0,0,0,0,0,0,0,0,0,0,0,0,0,0,0,0,0,0,0,0,0,0,0,0,0,0,1,0,0,0,0,0,0,0,0,0,0,0,0,0,0,0,0,0,0,0,0,0,0,0,0,0,0,0,0,0,0,0,0,0,0,0,0,0,2,236.69222222222223,4,0.0,0.0,0.12731036943784466,0.09560519790489924,0.13004153097221724,0.12835002715224053,0.11738489743363026,0.0,0.0,0.0,0.39094170841120324,0.2974358138551431,0.12548610697913692,0.124774581729255,0.1260403854260813,0.10529450206000601,0.0,0.439052462748394,0.3530720718703262,0.43045594405844934,0.18836478903366977,0.2994918247946778,0.0,143,89,63,8,1,1
56603,0,2,2,4,1,4,2,,0,0,0,0,0,5953972.515158,,0,2,0,False,7,131,0,0,0,0,0,0,0,0,0,0,0,1,0,1,0,0,0,0,0,0,0,0,0,0,0,0,0,0,0,0,0,0,0,0,0,0,0,0,0,0,0,0,0,1,1,0,0,0,0,0,0,1,0,0,0,0,0,0,0,0,0,0,0,0,0,0,0,0,0,0,0,0,0,0,0,0,0,0,0,0,0,0,0,0,0,0,0,0,0,0,0,0,0,0,0,0,0,0,0,0,0,0,0,0,0,0,0,0,0,0,0,0,0,0,0,1,0,0,0,0,0,0,0,0,0,0,0,0,0,0,0,0,0,0,0,0,0,0,0,0,0,0,0,0,0,0,0,0,0,0,0,0,0,6,244.0036111111111,4,0.11746231987999677,0.12468485453407728,0.13005767982113906,0.19533664497647424,0.1328477788047938,0.2622395459240325,0.11991801982566609,0.1201100356367956,0.0,0.0,0.3993780849571476,0.20256957866839112,0.12819405045762386,0.0,0.12876029002713232,0.10756671822032828,0.0,0.4485270514645043,0.24046082383737521,0.4397450231011422,0.0962148155326733,0.30595474689288055,0.0,144,89,68,15,1,1
56446,2,7,3,200,1,3,2,292087.0,1,2,0,0,0,5954753.305295,,0,3,0,False,7,156,0,0,0,0,0,0,0,0,0,0,0,1,0,0,0,0,0,0,0,0,0,0,0,0,0,0,0,0,0,0,0,0,0,0,0,0,0,0,0,0,0,0,0,1,1,0,1,0,0,0,0,0,0,0,0,0,0,0,0,0,0,0,0,0,0,0,0,0,0,0,0,0,0,0,0,0,0,0,0,0,0,0,0,0,0,0,0,0,0,0,0,0,0,0,0,0,0,0,0,0,0,0,0,0,0,0,0,0,0,0,0,0,0,0,0,1,0,0,0,0,0,0,0,0,0,0,0,0,0,0,0,0,0,0,0,0,0,0,0,0,0,0,0,0,0,0,0,0,0,0,0,0,0,5,392.34222222222223,4,0.10846867736314708,0.23027642008679403,0.120099658558855,0.2705706929183635,0.12267613028849968,0.2421608625451307,0.11073635371569684,0.11091366760739683,0.0,0.0,0.3687992258912091,0.28058939617340417,0.11837872019868866,0.11770749490930997,0.0,0.09933074423843623,0.10208667258023203,0.4141850432006666,0.22204965427159518,0.4060754213056393,0.08884801350961144,0.2825289570506659,0.11379772940898762,105,89,39,0,2,1
56568,1,9,11,200,1,4,2,949417.0,1,1,0,0,0,5970878.246399,,1,11,0,False,7,112,0,0,0,0,0,0,0,0,0,0,0,1,0,0,0,0,0,0,0,0,0,0,0,0,0,0,0,0,0,0,0,0,0,0,0,0,0,0,0,0,0,0,0,1,1,0,1,0,0,0,0,0,0,0,0,0,0,0,0,0,0,0,0,0,0,0,0,0,0,0,0,0,0,0,0,0,0,0,0,0,0,0,0,0,0,0,0,0,0,0,0,0,0,0,0,0,0,0,0,0,0,0,0,0,0,0,0,0,0,0,0,0,0,0,0,1,0,0,0,0,0,0,0,0,0,0,0,0,0,0,0,0,0,0,0,0,0,0,0,0,0,0,0,0,0,0,0,0,0,0,0,0,0,5,263.7241666666667,4,0.12099445349988588,0.12843417233267626,0.13396856038173363,0.20121048717218967,0.13684255863140876,0.2701251820801124,0.12352399721389999,0.12372178700857361,0.0,0.0,0.41138752562173897,0.20866091774557244,0.1320488910222724,0.0,0.0,0.11080128758857605,0.0,0.462014418983944,0.24769156609591345,0.4529683119129186,0.09910802916085279,0.23636618598512865,0.0,139,93,58,0,0,1
56540,8,30,8,201,1,4,2,57037.0,1,3,0,0,0,5974443.363341,,0,8,0,False,7,112,0,0,0,0,0,0,0,0,0,0,0,1,0,0,0,0,0,0,0,0,0,0,0,0,0,0,0,0,0,0,0,0,0,0,0,0,0,0,0,0,0,0,0,1,1,0,1,0,0,0,0,0,0,0,0,0,0,0,0,0,0,0,0,0,0,0,0,0,0,0,0,0,0,0,0,0,0,0,0,0,0,0,0,0,0,0,0,0,0,0,0,0,0,0,0,0,0,0,0,0,0,0,0,0,0,0,0,0,0,0,0,0,0,0,0,1,0,0,0,0,0,0,0,0,0,0,0,0,0,0,0,0,0,0,0,0,0,0,0,0,0,0,0,0,0,0,0,0,0,0,0,0,0,5,306.4166666666667,4,0.12099445349988588,0.12843417233267626,0.13396856038173363,0.20121048717218967,0.13684255863140876,0.2701251820801124,0.12352399721389999,0.12372178700857361,0.0,0.0,0.41138752562173897,0.20866091774557244,0.1320488910222724,0.0,0.0,0.11080128758857605,0.0,0.462014418983944,0.24769156609591345,0.4529683119129186,0.09910802916085279,0.23636618598512865,0.0,128,94,47,0,5,0
56631,0,21,10,380,10,4,2,,0,1,0,0,0,5979204.490065,,0,10,0,False,7,191,0,0,0,0,0,0,0,0,0,0,0,1,0,0,0,0,0,0,0,0,0,0,0,0,0,0,0,0,0,0,0,0,0,0,0,0,0,0,0,0,0,0,0,1,1,1,1,1,0,0,0,0,0,0,0,0,0,0,0,0,0,0,0,0,0,0,0,0,0,0,0,0,0,0,0,0,0,0,0,0,0,0,0,0,0,0,0,0,0,0,0,0,0,0,0,0,0,0,0,0,0,0,0,0,0,0,0,0,0,0,0,0,0,0,0,1,0,0,0,0,0,0,0,0,0,0,0,0,0,0,0,0,0,0,0,0,0,0,0,0,0,0,0,0,0,0,0,0,0,0,0,0,0,7,186.71583333333334,4,0.30687245110496475,0.10858048483300374,0.11325935282200034,0.1701068481529256,0.11568908096748655,0.22836853076679026,0.10442933732040335,0.10459655225557696,0.0,0.0,0.3477941748287621,0.17640557184288794,0.11163643093148157,0.0,0.11212953466263326,0.0936733371499119,0.0,0.39059503169587517,0.20940276133112726,0.38294729532023997,0.08378765294064189,0.46626553832678846,0.10731635160443816,144,92,64,27,3,1
56556,3,30,7,236,1,3,2,147790.0,1,2,0,0,0,5984233.368248,,0,7,0,False,7,95,0,0,0,0,0,0,0,0,0,0,0,1,0,0,0,0,0,0,0,0,0,0,0,0,0,0,0,0,0,0,0,0,0,0,0,0,0,0,0,0,0,0,0,0,1,0,1,0,0,0,0,0,1,0,0,0,0,0,0,0,0,0,0,0,0,0,0,0,0,0,0,0,0,0,0,0,0,0,0,0,0,0,0,0,0,0,0,0,0,0,0,0,0,0,0,0,0,0,0,0,0,0,0,0,0,0,0,0,0,0,0,0,0,0,0,1,0,0,0,0,0,0,0,0,0,0,0,0,0,0,0,0,0,0,0,0,0,0,0,0,0,0,0,0,0,0,0,0,0,0,0,0,0,5,287.1352777777778,4,0.0,0.0,0.14750091437222868,0.11076752170289877,0.1506652192548321,0.14870545461655182,0.13600133108877632,0.0,0.0,0.0,0.45294236213057626,0.0,0.14538733649241825,0.0,0.0,0.12199348254819062,0.0,0.508683149681569,0.27271124193119267,0.49872328252554876,0.1091190715284308,0.26024186913809977,0.0,135,92,55,0,6,0
55687,4,17,13,181,6,3,2,6642063.0,0,1,0,0,0,6039323.386877,,0,13,0,False,7,113,0,0,0,0,0,0,0,0,0,0,0,0,0,0,0,0,0,0,1,0,0,0,0,0,0,0,0,0,0,0,0,0,0,0,0,0,0,0,0,0,0,0,0,0,0,1,0,1,0,0,1,0,0,0,0,0,0,0,0,0,0,0,0,0,0,0,0,0,0,0,0,0,0,0,0,0,0,0,0,0,0,0,0,0,0,0,0,0,0,0,0,1,0,0,0,0,0,0,0,0,0,0,0,0,0,0,0,0,0,0,0,0,0,0,0,0,0,0,0,0,0,0,0,0,0,0,0,0,0,0,0,0,0,0,0,0,0,0,0,0,0,0,0,0,0,0,0,0,0,0,0,0,0,5,1919.1463888888889,4,0.12444760398328851,0.13209965047194,0.13779198852791202,0.20695298255893052,0.1407480099460721,0.13891724253893686,0.12704934022221734,0.12725277488659642,0.0,0.0,0.4231284194550903,0.21461604649848703,0.13581753230025273,0.0,0.0,0.11396352774695229,0.0,0.4752001912908944,0.25476061948189915,0.4658959106581754,0.1019365467408442,0.24311201594497348,0.0,18,96,18,0,0,1
56539,2,30,10,236,1,4,2,847608.0,1,3,0,0,0,6049239.499389,,0,10,0,False,7,112,0,0,0,0,0,0,0,0,0,0,0,1,0,0,0,0,0,0,0,0,0,0,0,0,0,0,0,0,0,0,0,0,0,0,0,0,0,0,0,0,0,0,0,0,1,0,1,0,0,0,0,0,1,0,0,0,0,0,0,0,0,0,0,0,0,0,0,0,0,0,0,0,0,0,0,0,0,0,0,0,0,0,0,0,0,0,0,0,0,0,0,0,0,0,0,0,0,0,0,0,0,0,0,0,0,0,0,0,0,0,0,0,0,0,0,1,0,0,0,0,0,0,0,0,0,0,0,0,0,0,0,0,0,0,0,0,0,0,0,0,0,0,0,0,0,0,0,0,0,0,0,0,0,5,241.2763888888889,4,0.12099445349988588,0.12843417233267626,0.13396856038173363,0.20121048717218967,0.13684255863140876,0.2701251820801124,0.12352399721389999,0.12372178700857361,0.0,0.0,0.41138752562173897,0.20866091774557244,0.1320488910222724,0.0,0.0,0.11080128758857605,0.0,0.462014418983944,0.24769156609591345,0.4529683119129186,0.09910802916085279,0.23636618598512865,0.0,127,98,46,0,5,0
56611,6,30,62,368,1,4,2,5451.0,1,3,0,0,0,6127912.628449,,0,62,0,False,7,112,0,0,0,0,0,0,0,0,0,0,0,1,0,0,0,0,0,0,0,0,0,0,0,0,0,0,0,0,0,0,0,0,0,0,0,0,0,0,0,0,0,0,0,1,1,0,1,0,0,0,0,0,0,0,0,0,0,0,0,0,0,0,0,0,0,0,0,0,0,0,0,0,0,0,0,0,0,0,0,0,0,0,0,0,0,0,0,0,0,0,0,0,0,0,0,0,0,0,0,0,0,0,0,0,0,0,0,0,0,0,0,0,0,0,0,1,0,0,0,0,0,0,0,0,0,0,0,0,0,0,0,0,0,0,0,0,0,0,0,0,0,0,0,0,0,0,0,0,0,0,0,0,0,5,178.55388888888888,4,0.12099445349988588,0.12843417233267626,0.13396856038173363,0.20121048717218967,0.13684255863140876,0.2701251820801124,0.12352399721389999,0.12372178700857361,0.0,0.0,0.41138752562173897,0.20866091774557244,0.1320488910222724,0.0,0.0,0.11080128758857605,0.0,0.462014418983944,0.24769156609591345,0.4529683119129186,0.09910802916085279,0.23636618598512865,0.0,144,94,63,0,2,1
56602,0,1,1,498,14,2,2,,0,0,0,0,0,6205981.474892,,0,1,0,False,7,151,0,0,0,0,0,0,0,0,0,0,0,0,0,0,0,0,0,0,1,0,0,0,0,0,0,0,0,0,0,0,0,0,0,0,0,0,0,0,0,0,0,0,0,0,0,1,0,1,0,0,1,0,0,0,0,0,0,0,0,0,0,0,0,0,0,0,0,0,0,0,0,0,0,0,0,0,0,0,0,0,0,0,0,0,0,0,0,0,0,0,0,1,0,0,0,0,0,0,0,0,0,0,0,0,0,0,0,0,0,0,0,0,0,0,0,0,0,0,0,0,0,0,0,0,0,0,0,0,0,0,0,0,0,0,0,0,0,0,0,0,0,0,0,0,0,0,0,0,0,0,0,0,0,5,174.73944444444444,4,0.11701116996936803,0.124205964273462,0.1295581535842332,0.19458639493872865,0.13233753634068923,0.13061616743205642,0.1194574380494642,0.23929743273046497,0.0,0.0,0.13261471715271214,0.20179154833997848,0.3831050461752343,0.0,0.0,0.10715357538983329,0.11012654793328601,0.4468043463503067,0.11976863030525287,0.4380560480487663,0.28753581945342394,0.30477963425371096,0.0,143,98,67,4,1,1
56582,0,21,12,803,12,3,2,,0,1,0,0,0,6218788.890481,,0,12,0,False,7,276,0,0,0,0,0,0,0,0,0,0,0,1,0,0,0,0,0,0,0,0,0,0,0,0,0,0,0,0,0,0,0,0,0,0,0,0,0,0,0,0,0,0,0,1,1,1,1,1,0,0,0,0,0,0,0,0,0,0,0,0,0,0,0,0,0,0,0,0,0,0,0,0,0,0,0,0,0,0,0,0,0,0,0,0,0,0,0,0,0,0,0,0,0,0,0,0,0,0,0,0,0,0,0,0,0,0,0,0,0,0,0,0,0,0,0,1,0,0,0,0,0,0,0,0,0,0,0,0,0,0,0,0,0,0,0,0,0,0,0,0,0,0,0,0,0,0,0,0,0,0,0,0,0,7,187.4275,4,0.35630420435520055,0.09455316806124524,0.09862758154337684,0.2962621032040818,0.10074341749710859,0.1988660126421599,0.09093829980006926,0.09108391253970785,0.0,0.0,0.3028632733946905,0.15361605455210445,0.09721432200138358,0.0,0.0,0.08157184786949054,0.0,0.3401347648486625,0.1823503967133941,0.3334750257258755,0.2188898320578987,0.34802531602816017,0.37380938368732897,141,97,62,25,0,1
56101,4,4,9,109,9,4,3,18998.0,0,0,0,0,0,6223634.40307,,0,9,0,False,7,165,0,0,0,0,0,0,0,0,0,0,0,1,0,0,0,0,0,0,0,0,0,0,0,0,0,0,0,0,0,0,0,0,0,0,0,0,0,0,0,0,0,0,0,1,0,0,0,1,0,0,0,0,0,0,0,1,0,0,0,0,0,0,0,0,0,0,0,0,0,0,0,0,0,0,0,0,0,0,0,0,0,0,0,0,0,0,0,0,0,0,0,0,0,0,0,0,0,0,0,0,0,0,0,0,0,0,0,0,0,0,0,0,0,0,0,0,0,0,0,0,0,0,0,0,0,0,0,0,0,0,0,0,0,0,0,0,0,0,0,0,0,0,0,0,0,0,0,0,0,0,0,0,0,4,760.5497222222223,4,0.22715838290488963,0.12056295992463065,0.12575816765203776,0.18887910795672447,0.12845603014070262,0.12678514958387138,0.11595370963464899,0.1161393776905537,0.0,0.0,0.3861752434278577,0.1958729316901255,0.1239561470850054,0.12325329693966043,0.0,0.10401072356768938,0.10689649778722822,0.433699418689609,0.2325115490255938,0.4252077110352554,0.09303409778652044,0.3698004263051395,0.11915932239244105,68,96,44,4,4,1
55781,0,3,3,112,4,3,2,,0,0,0,0,0,6331734.827873,,0,3,0,False,7,135,0,0,0,0,0,0,0,0,0,0,0,1,0,0,0,0,0,0,1,0,0,0,0,0,0,0,0,0,0,0,0,0,0,0,0,0,0,0,0,0,0,0,0,1,0,0,0,1,0,0,1,0,0,0,0,0,0,0,0,0,0,0,0,0,0,0,0,0,0,0,0,0,0,0,0,0,0,0,0,0,0,0,0,0,0,0,0,0,0,0,0,1,0,0,0,0,0,0,0,0,0,0,0,0,0,0,0,0,0,0,0,0,0,0,0,0,0,0,0,0,0,0,0,0,0,0,0,0,0,0,0,0,0,0,0,0,0,0,0,0,0,0,0,0,0,0,0,0,0,0,0,0,0,6,1141.7497222222223,4,0.12168220187086731,0.12916420904299727,0.1347300552808808,0.20235419401803434,0.1376203897142176,0.1358303045532084,0.124226123843705,0.12442503790155887,0.0,0.0,0.41372590636899115,0.20984697381769762,0.13279947426855782,0.0,0.0,0.11143109666525212,0.0,0.46464056964486206,0.24909947750144298,0.45554304331268985,0.09967137222026519,0.316946296589444,0.0,21,104,33,0,2,1
56450,4,25,9,243,1,4,2,113805.0,1,1,0,0,0,6348621.034874,,0,9,0,False,7,112,0,0,0,0,0,0,0,0,0,0,0,1,0,0,0,0,0,0,0,0,0,0,0,0,0,0,0,0,0,0,0,0,0,0,0,0,0,0,0,0,0,0,0,1,1,0,1,0,0,0,0,0,0,0,0,0,0,0,0,0,0,0,0,0,0,0,0,0,0,0,0,0,0,0,0,0,0,0,0,0,0,0,0,0,0,0,0,0,0,0,0,0,0,0,0,0,0,0,0,0,0,0,0,0,0,0,0,0,0,0,0,0,0,0,0,1,0,0,0,0,0,0,0,0,0,0,0,0,0,0,0,0,0,0,0,0,0,0,0,0,0,0,0,0,0,0,0,0,0,0,0,0,0,5,270.4219444444444,4,0.12099445349988588,0.12843417233267626,0.13396856038173363,0.20121048717218967,0.13684255863140876,0.2701251820801124,0.12352399721389999,0.12372178700857361,0.0,0.0,0.41138752562173897,0.20866091774557244,0.1320488910222724,0.0,0.0,0.11080128758857605,0.0,0.462014418983944,0.24769156609591345,0.4529683119129186,0.09910802916085279,0.23636618598512865,0.0,107,101,43,0,2,1
56545,4,21,23,200,1,3,3,152668.0,1,1,0,0,0,6386156.618682,,0,23,0,False,7,112,0,0,0,0,0,0,0,0,0,0,0,1,0,0,0,0,0,0,0,0,0,0,0,0,0,0,0,0,0,0,0,0,0,0,0,0,0,0,0,0,0,0,0,1,1,0,0,0,0,0,0,0,0,0,0,0,0,0,0,0,0,0,0,0,0,0,0,0,0,0,0,0,0,0,0,0,0,0,0,0,0,0,0,0,0,0,0,0,0,0,0,0,0,0,0,0,0,0,0,0,0,0,0,0,0,0,0,0,0,0,0,0,0,0,0,1,0,0,0,0,0,0,0,0,0,0,0,0,0,0,0,0,0,0,0,0,0,0,0,0,0,0,0,0,0,0,0,0,0,0,0,0,0,4,184.95416666666668,4,0.12099445349988588,0.12843417233267626,0.13396856038173363,0.20121048717218967,0.13684255863140876,0.2701251820801124,0.12352399721389999,0.12372178700857361,0.0,0.0,0.41138752562173897,0.20866091774557244,0.1320488910222724,0.0,0.0,0.11080128758857605,0.0,0.462014418983944,0.24769156609591345,0.4529683119129186,0.09910802916085279,0.23636618598512865,0.0,131,100,50,0,6,0
56303,3,30,8,26,11,3,2,339021.0,0,3,0,0,0,6564119.057712,,0,8,0,False,7,53,0,0,0,0,0,0,0,0,0,0,0,1,0,0,0,0,0,0,0,0,0,0,0,0,0,0,0,0,0,0,0,0,0,0,0,0,0,0,0,0,0,0,0,1,1,0,0,0,0,0,0,0,0,0,0,0,0,0,0,0,0,0,0,0,0,0,0,0,0,0,0,0,0,0,0,0,0,0,0,0,0,0,0,0,0,0,0,0,0,0,0,0,0,0,0,0,0,0,0,0,0,0,0,0,0,0,0,0,0,0,0,0,0,0,0,1,0,0,0,0,0,0,0,0,0,0,0,0,0,0,0,0,0,0,0,0,0,0,0,0,0,0,0,0,0,0,0,0,0,0,0,0,0,4,358.2680555555556,4,0.0,0.0,0.23960438792045655,0.17993369296757353,0.0,0.24156107496334678,0.22092416057611208,0.0,0.0,0.0,0.4905143714009673,0.0,0.0,0.0,0.0,0.0,0.0,0.41315918360113657,0.44299935685180836,0.4050696477367522,0.1772559068890817,0.0,0.0,97,109,25,0,3,1
56454,0,4,1,200,1,3,2,,1,0,0,0,0,6639141.096126,,0,1,0,False,7,112,0,0,0,0,0,0,0,0,0,0,0,1,0,0,0,0,0,0,0,0,0,0,0,0,0,0,0,0,0,0,0,0,0,0,0,0,0,0,0,0,0,0,0,1,1,0,1,0,0,0,0,0,0,0,0,0,0,0,0,0,0,0,0,0,0,0,0,0,0,0,0,0,0,0,0,0,0,0,0,0,0,0,0,0,0,0,0,0,0,0,0,0,0,0,0,0,0,0,0,0,0,0,0,0,0,0,0,0,0,0,0,0,0,0,0,1,0,0,0,0,0,0,0,0,0,0,0,0,0,0,0,0,0,0,0,0,0,0,0,0,0,0,0,0,0,0,0,0,0,0,0,0,0,5,198.37444444444444,4,0.12099445349988588,0.12843417233267626,0.13396856038173363,0.20121048717218967,0.13684255863140876,0.2701251820801124,0.12352399721389999,0.12372178700857361,0.0,0.0,0.41138752562173897,0.20866091774557244,0.1320488910222724,0.0,0.0,0.11080128758857605,0.0,0.462014418983944,0.24769156609591345,0.4529683119129186,0.09910802916085279,0.23636618598512865,0.0,107,105,45,0,2,1
56497,7,17,10,233,1,4,2,82.0,1,2,0,0,0,6581663.440768,,0,10,0,False,7,183,0,0,0,0,0,0,0,0,0,0,0,1,0,0,0,0,0,0,0,0,0,0,0,0,0,0,0,0,0,0,0,0,0,0,0,0,0,0,0,0,0,0,0,1,1,0,0,0,0,0,0,0,0,0,0,0,0,0,0,0,0,0,0,0,0,0,0,0,0,0,0,0,0,0,0,0,0,0,0,0,0,0,0,0,0,0,0,0,0,0,0,0,0,0,0,0,0,0,0,0,0,0,0,0,0,0,0,0,0,0,0,0,0,0,0,1,0,0,0,0,0,0,0,0,0,0,0,0,0,0,0,0,0,0,0,0,0,0,0,0,0,0,0,0,0,0,0,0,0,0,0,0,0,4,183.5413888888889,4,0.20448242202318131,0.1085278286295705,0.11320442759734246,0.3400487093689167,0.11563297744398693,0.22825778324312335,0.10437869421967674,0.10454582806381767,0.0,0.0,0.4635006823092988,0.17632002380272213,0.11158229274424902,0.0,0.11207515734430436,0.09362791018110785,0.0962256135732403,0.39040561228518983,0.20930121127434595,0.38276158468616417,0.16749404008651003,0.2663082413920537,0.0,117,104,55,0,3,1
56396,1,11,5,353,4,6,3,168116.0,0,0,0,0,0,6736031.261163,,2,5,0,False,7,112,0,0,0,0,0,0,0,0,0,0,0,1,0,0,0,0,0,0,0,0,0,0,0,0,0,0,0,0,0,0,0,0,0,0,0,0,0,0,0,0,0,0,0,1,1,1,1,1,0,0,0,0,0,0,0,0,0,0,0,0,0,0,0,0,0,0,0,0,0,0,0,0,0,0,0,0,0,0,0,0,0,0,0,0,0,0,0,0,0,0,0,0,0,0,0,0,0,0,0,0,0,0,0,0,0,0,0,0,0,0,0,0,0,0,0,1,0,0,0,0,0,0,0,0,0,0,0,0,0,0,0,0,0,0,0,0,0,0,0,0,0,0,0,0,0,0,0,0,0,0,0,0,0,7,200.20888888888888,4,0.12099445349988588,0.12843417233267626,0.13396856038173363,0.20121048717218967,0.13684255863140876,0.2701251820801124,0.12352399721389999,0.12372178700857361,0.0,0.0,0.41138752562173897,0.20866091774557244,0.1320488910222724,0.0,0.0,0.11080128758857605,0.0,0.462014418983944,0.24769156609591345,0.4529683119129186,0.09910802916085279,0.23636618598512865,0.0,99,111,33,25,1,1
55730,2,8,12,1173,3,3,3,3572569.0,1,3,0,0,0,6778812.706415,,0,12,0,False,7,112,0,0,0,0,0,0,0,0,0,0,0,1,0,0,0,0,0,0,0,0,0,0,0,0,0,0,0,0,0,0,0,0,0,0,0,0,0,0,0,0,0,0,0,1,1,1,0,0,0,0,0,0,0,0,0,0,0,0,0,0,0,0,0,0,0,0,0,0,0,0,0,0,0,0,0,0,0,0,0,0,0,0,0,0,0,0,0,0,0,0,0,0,0,0,0,0,0,0,0,0,0,0,0,0,0,0,0,0,0,0,0,0,0,0,0,1,0,0,0,0,0,0,0,0,0,0,0,0,0,0,0,0,0,0,0,0,0,0,0,0,0,0,0,0,0,0,0,0,0,0,0,0,0,5,1618.6244444444444,4,0.12099445349988588,0.12843417233267626,0.13396856038173363,0.20121048717218967,0.13684255863140876,0.2701251820801124,0.12352399721389999,0.12372178700857361,0.0,0.0,0.41138752562173897,0.20866091774557244,0.1320488910222724,0.0,0.0,0.11080128758857605,0.0,0.462014418983944,0.24769156609591345,0.4529683119129186,0.09910802916085279,0.23636618598512865,0.0,21,113,24,1,4,1
55869,6,0,5,4,1,2,2,412958.0,1,1,0,0,0,6808381.079122,,0,5,0,False,7,112,0,0,0,0,0,0,0,0,0,0,0,1,0,0,0,0,0,0,0,0,0,0,0,0,0,0,0,0,0,0,0,0,0,0,0,0,0,0,0,0,0,0,0,1,1,0,0,0,0,0,0,0,0,0,0,0,0,0,0,0,0,0,0,0,0,0,0,0,0,0,0,0,0,0,0,0,0,0,0,0,0,0,0,0,0,0,0,0,0,0,0,0,0,0,0,0,0,0,0,0,0,0,0,0,0,0,0,0,0,0,0,0,0,0,0,1,0,0,0,0,0,0,0,0,0,0,0,0,0,0,0,0,0,0,0,0,0,0,0,0,0,0,0,0,0,0,0,0,0,0,0,0,0,4,1316.3580555555557,4,0.12099445349988588,0.12843417233267626,0.13396856038173363,0.20121048717218967,0.13684255863140876,0.2701251820801124,0.12352399721389999,0.12372178700857361,0.0,0.0,0.41138752562173897,0.20866091774557244,0.1320488910222724,0.0,0.0,0.11080128758857605,0.0,0.462014418983944,0.24769156609591345,0.4529683119129186,0.09910802916085279,0.23636618598512865,0.0,48,110,42,5,3,1
56130,2,2,8,72,5,2,2,131198.0,0,2,0,0,0,6808654.013453,,0,8,0,False,7,112,0,0,0,0,0,0,0,0,0,0,0,1,0,0,0,0,0,0,1,0,0,0,0,0,0,0,0,0,0,0,0,0,0,0,0,0,0,0,0,0,0,0,0,1,0,1,0,1,0,0,1,0,0,0,0,0,0,0,0,0,0,0,0,0,0,0,0,0,0,0,0,0,0,0,0,0,0,0,0,0,0,0,0,0,0,0,0,0,0,0,0,1,0,0,0,0,0,0,0,0,0,0,0,0,0,0,0,0,0,0,0,0,0,0,0,0,0,0,0,0,0,0,0,0,0,0,0,0,0,0,0,0,0,0,0,0,0,0,0,0,0,0,0,0,0,0,0,0,0,0,0,0,0,7,532.3694444444444,4,0.12099445349988588,0.12843417233267626,0.13396856038173363,0.20121048717218967,0.13684255863140876,0.2701251820801124,0.12352399721389999,0.12372178700857361,0.0,0.0,0.41138752562173897,0.20866091774557244,0.1320488910222724,0.0,0.0,0.11080128758857605,0.0,0.462014418983944,0.24769156609591345,0.4529683119129186,0.09910802916085279,0.23636618598512865,0.0,85,109,49,14,0,1
55856,0,0,4,76,14,2,2,,0,0,0,0,0,6826433.997698,,0,4,0,False,7,127,0,0,0,0,0,0,0,0,0,0,0,1,0,0,0,0,0,0,0,0,0,0,0,0,0,0,0,0,0,0,0,0,0,0,0,0,0,0,0,0,0,0,0,1,1,0,0,0,0,0,0,0,0,0,0,0,0,0,0,0,0,0,0,0,0,0,0,0,0,0,0,0,0,0,0,0,0,0,0,0,0,0,0,0,0,0,0,0,0,0,0,0,0,0,0,0,0,0,0,0,0,0,0,0,0,0,0,0,0,0,0,0,0,0,0,1,0,0,0,0,0,0,0,0,0,0,0,0,0,0,0,0,0,0,0,0,0,0,0,0,0,0,0,0,0,0,0,0,0,0,0,0,0,4,1326.0533333333333,4,0.12369084012204362,0.13129635464011613,0.1369540776807012,0.20569450482882917,0.139892123580565,0.13807248904033695,0.12627675524510448,0.12647895282658925,0.0,0.11011352866778301,0.42055538239965384,0.21331096980086645,0.13499162808933604,0.0,0.0,0.1132705173832457,0.0,0.4723105066355442,0.25321142428712345,0.4630628051824346,0.10131667225355451,0.24163365571936196,0.0,41,110,39,8,2,1
56276,2,0,8,400,12,2,2,754662.0,0,0,0,0,0,6867215.793893,,0,8,0,False,7,417,0,0,0,0,0,0,0,0,0,0,0,0,0,0,0,0,0,0,1,0,0,0,0,0,0,0,0,0,0,0,0,0,0,0,0,0,0,0,0,0,0,0,0,0,0,1,0,1,0,0,1,0,0,0,0,1,0,0,0,0,0,0,0,0,0,0,0,0,0,0,0,0,0,0,0,0,0,0,0,0,0,0,0,0,0,0,0,0,0,0,0,1,0,0,0,0,0,0,0,0,0,0,0,0,0,0,0,0,0,0,0,0,0,0,0,0,0,0,0,0,0,0,0,0,0,0,0,0,0,0,0,0,0,0,0,0,0,0,0,0,0,0,0,0,0,0,0,0,0,0,0,0,0,6,226.07861111111112,4,0.11140134344567865,0.11825120018586174,0.12334679131405574,0.5557722177660622,0.12599292307310073,0.0,0.11373033093142326,0.1139124388562837,0.0,0.0,0.3787704453006062,0.1921171251167058,0.24315864793599046,0.0,0.0,0.10201634815343014,0.0,0.3190375187289137,0.22805320760653622,0.3127908575090258,0.09125019598342919,0.2901676884320906,0.11687447699566217,100,114,32,0,2,1
56326,0,0,1,38,3,2,2,,0,0,0,0,0,7171932.376649,,0,1,0,False,7,134,0,0,0,0,0,0,0,0,0,0,0,1,0,0,0,0,0,0,1,0,0,0,0,0,0,0,0,0,0,0,0,0,0,0,0,0,0,0,0,0,0,0,0,1,0,0,0,0,0,0,1,0,0,0,0,0,0,0,0,0,0,0,0,0,0,0,0,0,0,0,0,0,0,0,0,0,0,0,0,0,0,0,0,0,0,0,0,0,0,0,0,1,0,0,0,0,0,0,0,0,0,0,0,0,0,0,0,0,0,0,0,0,0,0,0,0,0,0,0,0,0,0,0,0,0,0,0,0,0,0,0,0,0,0,0,0,0,0,0,0,0,0,0,0,0,0,0,0,0,0,0,0,0,5,174.7488888888889,4,0.12063503411580717,0.12805265293423115,0.13357060083841985,0.2006127825065814,0.13643606174897852,0.13466138163020722,0.12315706370816204,0.12335426595948867,0.0,0.0,0.410165480752742,0.20804108124589785,0.13165663394183072,0.13091012086863732,0.0,0.11047214745538597,0.0,0.46064198468548384,0.24695578732628773,0.45162274947624814,0.09881362436982423,0.31421873301176967,0.0,105,110,35,24,4,1
55662,12,30,78,3456,26,3,0,1900588.0,0,1,0,0,0,7175869.722121,,0,78,0,False,7,36,0,0,0,0,0,0,0,0,0,0,0,0,0,0,0,0,0,0,0,0,0,0,0,0,0,0,0,0,0,0,0,0,0,0,0,0,0,0,0,0,0,0,0,0,0,0,0,0,0,0,0,0,0,1,0,0,0,0,0,0,0,0,0,0,0,0,0,0,0,0,0,0,0,0,0,0,0,0,0,0,0,0,0,0,0,0,0,0,0,0,0,0,0,0,0,0,0,0,0,0,0,0,0,0,0,0,0,0,0,0,0,0,0,0,0,0,0,0,0,0,0,0,0,0,0,0,0,0,0,0,0,0,0,0,0,0,0,0,0,0,0,0,0,0,0,0,0,0,0,0,0,0,0,1,1704.4525,4,0.9253960273651126,0.0,0.0,0.0,0.0,0.0,0.0,0.0,0.0,0.0,0.0,0.0,0.0,0.0,0.0,0.0,0.0,0.0,0.0,0.0,0.3790015732643704,0.0,0.0,13,109,13,0,3,1
56135,9,2,27,850,24,2,2,592487.0,0,0,0,0,0,7273859.496346,,0,27,0,False,7,112,0,0,0,0,0,0,0,0,0,0,0,0,0,0,0,0,0,0,1,0,0,0,0,0,0,0,0,0,0,0,0,0,0,0,0,0,0,0,0,0,0,0,0,0,0,1,0,1,0,0,1,0,0,0,0,0,0,0,0,0,0,0,0,0,0,0,0,0,0,0,0,0,0,0,0,0,0,0,0,0,0,0,0,0,0,0,0,0,0,0,0,1,0,0,0,0,0,0,0,0,0,0,0,0,0,0,0,0,0,0,0,0,0,0,0,0,0,0,0,0,0,0,0,0,0,0,0,0,0,0,0,0,0,0,0,0,0,0,0,0,0,0,0,0,0,0,0,0,0,0,0,0,0,5,386.8652777777778,4,0.12099445349988588,0.12843417233267626,0.13396856038173363,0.20121048717218967,0.13684255863140876,0.2701251820801124,0.12352399721389999,0.12372178700857361,0.0,0.0,0.41138752562173897,0.20866091774557244,0.1320488910222724,0.0,0.0,0.11080128758857605,0.0,0.462014418983944,0.24769156609591345,0.4529683119129186,0.09910802916085279,0.23636618598512865,0.0,88,99,43,4,1,1
56270,1,30,15,482,4,4,0,4187.0,0,1,0,0,0,7347317.746195,,1,15,0,False,7,130,0,0,0,0,0,0,0,0,0,0,0,1,0,0,0,0,0,0,0,0,0,0,0,0,0,0,0,0,0,0,0,0,0,0,0,0,0,0,0,0,0,0,0,1,1,1,1,1,0,0,0,0,0,0,0,0,0,0,0,0,0,0,0,0,0,0,0,0,0,0,0,0,0,0,0,0,0,0,0,0,0,0,0,0,0,0,0,0,0,0,0,0,0,0,0,0,0,0,0,0,0,0,0,0,0,0,0,0,0,0,0,0,0,0,0,1,0,0,0,0,0,0,0,0,0,0,0,0,0,0,0,0,0,0,0,0,0,0,0,0,0,0,0,0,0,0,0,0,0,0,0,0,0,7,194.80555555555554,4,0.12255209373076634,0.1300875888989604,0.13569322472202028,0.20380080053473365,0.13860422181889612,0.13680133954798795,0.12511420190489203,0.12531453797613065,0.0,0.0,0.4166835845885361,0.21134714534271803,0.13374884221135427,0.0,0.0,0.11222770457042129,0.0,0.4679622308500221,0.2508802605942207,0.45879966736385447,0.20076782245566008,0.23940908150521592,0.0,101,101,36,18,1,1
56054,10,30,21,287,4,5,2,865922.0,0,2,0,0,0,7352151.926798,,0,21,0,False,7,129,0,0,0,0,0,0,0,0,0,0,0,1,0,0,0,0,0,0,0,0,0,0,0,0,0,0,0,0,0,0,0,0,0,0,0,0,0,0,0,0,0,0,0,1,1,1,1,1,0,0,0,0,0,0,0,0,0,0,0,0,0,0,0,0,0,0,0,0,0,0,0,0,0,0,0,0,0,0,0,0,0,0,0,0,0,0,0,0,0,0,0,0,0,0,0,0,0,0,0,0,0,0,0,0,0,0,0,0,0,0,0,0,0,0,0,1,0,0,0,0,0,0,0,0,0,0,0,0,0,0,0,0,0,0,0,0,0,0,0,0,0,0,0,0,0,0,0,0,0,0,0,0,0,7,532.1997222222222,4,0.11925022423833763,0.1265826937310923,0.13203729926697902,0.1983098813237039,0.13486986659399847,0.26623111724295334,0.12174330261004286,0.12193824111081396,0.0,0.0,0.4054570541061497,0.20565290813896944,0.13014530343611697,0.0,0.0,0.10920400075071783,0.0,0.45535412137906445,0.24412089930147554,0.44643842098536984,0.19535861949676145,0.23295878336368364,0.0,43,101,39,13,1,1
56163,3,19,14,459,8,3,3,443137.0,1,1,0,0,0,7419463.641186,,0,14,0,False,7,208,0,0,0,0,0,0,0,0,0,0,0,1,0,0,0,0,0,0,0,0,0,0,0,0,0,0,0,0,0,0,0,0,0,0,0,0,0,0,0,0,0,0,0,1,0,1,0,1,0,0,0,0,0,0,0,0,0,0,0,0,0,0,0,0,0,0,0,0,0,0,0,0,0,0,0,0,0,0,0,0,0,0,0,0,0,0,0,0,0,0,0,0,0,0,0,0,0,0,0,0,0,0,0,0,0,0,0,0,0,0,0,0,0,0,0,0,0,0,0,0,0,0,0,0,0,0,0,0,0,0,0,0,0,0,0,0,0,0,0,0,0,0,0,0,0,0,0,0,0,0,0,0,0,4,277.26166666666666,4,0.18848072771521357,0.10003502460047393,0.10434565809139548,0.23507874503220136,0.10658416269173872,0.10519777853435276,0.0962105791286947,0.09636463397731122,0.0,0.0,0.42722961237348267,0.1625221672762335,0.10285046278542144,0.10226728506961234,0.0,0.08630109361375467,0.266086544139298,0.3598545693051024,0.19292242444288044,0.352808722183944,0.23158028634770136,0.4295696843554349,0.09887038070693886,92,105,35,7,4,1
56018,3,0,1,4,1,3,2,32211.0,0,0,0,0,0,7438017.71766,,0,1,0,False,7,53,0,0,0,0,0,0,0,0,0,0,0,1,0,0,0,0,0,0,0,0,0,0,0,0,0,0,0,0,0,0,0,0,0,0,0,0,0,0,0,0,0,0,0,1,0,0,0,1,0,0,0,0,0,0,0,0,0,0,0,0,0,0,0,0,0,0,0,0,0,0,0,0,0,0,0,0,0,0,0,0,0,0,0,0,0,0,0,0,0,0,0,0,0,0,0,0,0,0,0,0,0,0,0,0,0,0,0,0,0,0,0,0,0,0,0,0,0,0,0,0,0,0,0,0,0,0,0,0,0,0,0,0,0,0,0,0,0,0,0,0,0,0,0,0,0,0,0,0,0,0,0,0,0,3,616.16,4,0.0,0.0,0.23960438792045655,0.17993369296757353,0.0,0.24156107496334678,0.22092416057611208,0.0,0.0,0.0,0.4905143714009673,0.0,0.0,0.0,0.0,0.0,0.0,0.41315918360113657,0.44299935685180836,0.4050696477367522,0.1772559068890817,0.0,0.0,40,104,38,0,3,1
56257,0,0,1,10,1,2,2,,0,0,0,0,0,7491344.7529,,0,1,0,False,7,151,0,0,0,0,0,0,0,0,0,0,0,1,0,0,0,0,0,0,0,0,0,0,0,0,0,0,0,0,0,0,0,0,0,0,0,0,0,0,0,0,0,0,0,1,1,0,0,0,0,0,0,0,0,0,0,0,0,0,0,0,0,0,0,0,0,0,0,0,0,0,0,0,0,0,0,0,0,0,0,0,0,0,0,0,0,0,0,0,0,0,0,0,0,0,0,0,0,0,0,0,0,0,0,0,0,0,0,0,0,0,0,0,0,0,0,1,0,0,0,0,0,0,0,0,0,0,0,0,0,0,0,0,0,0,0,0,0,0,0,0,0,0,0,0,0,0,0,0,0,0,0,0,0,4,168.8372222222222,4,0.0,0.0,0.13001683309127768,0.09763764816289026,0.13280605579896296,0.13107859266452798,0.11988035762095764,0.0,0.0,0.0,0.3992526537732972,0.20250595839722083,0.12815378903087782,0.0,0.0,0.1075329351427948,0.0,0.44838618424826693,0.24038530320432197,0.4396069140237605,0.19236919540965705,0.38232332103496236,0.24638905003188016,97,110,40,7,0,1
55562,3,0,5,11497,110,2,2,1840.0,0,0,0,0,0,7858003.577705,,0,5,0,False,7,314,0,0,0,0,0,0,0,0,0,0,0,1,0,1,0,0,0,0,0,0,0,0,0,0,0,0,0,0,0,0,0,0,0,0,0,0,0,0,0,0,0,0,0,1,1,1,0,0,0,0,0,1,0,0,0,0,0,0,0,0,0,0,0,0,0,0,0,0,0,0,0,0,0,0,0,0,0,0,0,0,0,0,0,0,0,0,0,0,0,0,0,0,0,0,0,0,0,0,0,0,0,0,0,0,0,0,0,0,0,0,0,0,0,0,0,1,0,0,0,0,0,0,0,0,0,0,0,0,0,0,0,0,0,0,0,0,0,0,0,0,0,0,0,0,0,0,0,0,0,0,0,0,0,7,1675.5183333333334,4,0.0,0.0,0.11018983375537339,0.4964899988810575,0.11255371217910629,0.22217935925962198,0.10159912653397964,0.0,0.0,0.1771891954383235,0.3383683673850585,0.1716246839714733,0.2172217915586341,0.0,0.0,0.09113463206947481,0.09366315953964563,0.38000924900113814,0.20372759409332392,0.37256877915172476,0.16303373307796007,0.2592165471747425,0.10440789787233562,0,113,0,0,3,1
55715,2,4,1,26,1,5,2,14.0,0,0,0,0,0,7867433.165138,,0,1,0,False,7,236,0,0,0,0,0,0,0,0,0,0,0,1,0,0,0,0,0,0,0,0,0,0,0,0,0,0,0,0,0,0,0,0,0,0,0,0,0,0,0,0,0,0,0,1,1,0,0,0,0,0,0,0,0,0,0,0,0,0,0,0,0,0,0,0,0,0,0,0,0,0,0,0,0,0,0,0,0,0,0,0,0,0,0,0,0,0,0,0,0,0,0,0,0,0,0,0,0,0,0,0,0,0,0,0,0,0,0,0,0,0,0,0,0,0,0,1,0,0,0,0,0,0,0,0,0,0,0,0,0,0,0,0,0,0,0,0,0,0,0,0,0,0,0,0,0,0,0,0,0,0,0,0,0,4,1372.7477777777779,4,0.0996830404450138,0.3174370830603102,0.1103719471149578,0.3315403731422322,0.11273973237679658,0.22254656037215756,0.1017670418273725,0.10192999382667288,0.0,0.0,0.33892759683537593,0.17190833216950077,0.10879039959054665,0.0,0.0,0.0912852524439234,0.09381795887159602,0.3806372993271091,0.20406429953461494,0.3731845324361722,0.3266063656141466,0.25964496052883346,0.10458045528893804,21,115,21,0,2,1
55564,0,2,1,44,8,3,2,,0,0,0,0,0,7868154.987072,,0,1,0,False,7,124,0,0,0,0,0,0,0,0,0,0,0,1,0,1,0,0,0,0,0,0,0,0,0,0,0,0,0,0,0,0,0,0,0,0,0,0,0,0,0,0,0,0,0,1,1,0,0,0,0,0,0,1,0,0,0,0,0,0,0,0,0,0,0,0,0,0,0,0,0,0,0,0,0,0,0,0,0,0,0,0,0,0,0,0,0,0,0,0,0,0,0,0,0,0,0,0,0,0,0,0,0,0,0,0,0,0,0,0,0,0,0,0,0,0,0,1,0,0,0,0,0,0,0,0,0,0,0,0,0,0,0,0,0,0,0,0,0,0,0,0,0,0,0,0,0,0,0,0,0,0,0,0,0,6,1673.6183333333333,4,0.0,0.0,0.1980747290671214,0.14874651417665413,0.0,0.19969227146379193,0.1826322699274682,0.0,0.0,0.3185112517547079,0.40549550057084294,0.0,0.0,0.38825889170876626,0.0,0.0,0.0,0.3415479744075309,0.3662160711950779,0.3348605650552921,0.2930657158437138,0.0,0.0,1,114,1,0,3,1
56068,1,7,13,814,4,2,2,1282502.0,0,1,0,0,0,7870198.416745,,0,13,0,False,7,112,0,0,0,0,0,0,0,0,0,0,0,1,0,0,0,0,0,0,0,0,0,0,0,0,0,0,0,0,0,0,0,0,0,0,0,0,0,0,0,0,0,0,0,1,1,1,1,1,0,0,0,0,0,0,0,0,0,0,0,0,0,0,0,0,0,0,0,0,0,0,0,0,0,0,0,0,0,0,0,0,0,0,0,0,0,0,0,0,0,0,0,0,0,0,0,0,0,0,0,0,0,0,0,0,0,0,0,0,0,0,0,0,0,0,0,1,0,0,0,0,0,0,0,0,0,0,0,0,0,0,0,0,0,0,0,0,0,0,0,0,0,0,0,0,0,0,0,0,0,0,0,0,0,7,361.3263888888889,4,0.12099445349988588,0.12843417233267626,0.13396856038173363,0.20121048717218967,0.13684255863140876,0.2701251820801124,0.12352399721389999,0.12372178700857361,0.0,0.0,0.41138752562173897,0.20866091774557244,0.1320488910222724,0.0,0.0,0.11080128758857605,0.0,0.462014418983944,0.24769156609591345,0.4529683119129186,0.09910802916085279,0.23636618598512865,0.0,50,112,39,13,2,1
56093,0,10,15,801,11,2,2,,0,0,0,0,0,7938670.373064,,0,15,0,False,7,112,0,0,0,0,0,0,0,0,0,0,0,1,0,0,0,0,0,0,0,0,0,0,0,0,0,0,0,0,0,0,0,0,0,0,0,0,0,0,0,0,0,0,0,0,1,1,1,1,0,0,0,0,1,0,0,0,0,0,0,0,0,0,0,0,0,0,0,0,0,0,0,0,0,0,0,0,0,0,0,0,0,0,0,0,0,0,0,0,0,0,0,0,0,0,0,0,0,0,0,0,0,0,0,0,0,0,0,0,0,0,0,0,0,0,0,1,0,0,0,0,0,0,0,0,0,0,0,0,0,0,0,0,0,0,0,0,0,0,0,0,0,0,0,0,0,0,0,0,0,0,0,0,0,7,270.5286111111111,4,0.12099445349988588,0.12843417233267626,0.13396856038173363,0.20121048717218967,0.13684255863140876,0.2701251820801124,0.12352399721389999,0.12372178700857361,0.0,0.0,0.41138752562173897,0.20866091774557244,0.1320488910222724,0.0,0.0,0.11080128758857605,0.0,0.462014418983944,0.24769156609591345,0.4529683119129186,0.09910802916085279,0.23636618598512865,0.0,64,110,45,1,4,1
55751,2,0,2,226,3,2,2,366650.0,0,0,0,0,0,7972159.767749,,0,2,0,False,7,149,0,0,0,0,0,0,0,0,0,0,0,1,0,0,0,0,0,0,0,0,0,0,0,0,0,0,0,0,0,0,0,0,0,0,0,0,0,0,0,0,0,0,0,1,0,0,0,1,0,0,0,0,0,0,0,0,0,0,0,0,0,0,0,0,0,0,0,0,0,0,0,0,0,0,0,0,0,0,0,0,0,0,0,0,0,0,0,0,0,0,0,0,0,0,0,0,0,0,0,0,0,0,0,0,0,0,0,0,0,0,0,0,0,0,0,0,0,0,0,0,0,0,0,0,0,0,0,0,0,0,0,0,0,0,0,0,0,0,0,0,0,0,0,0,0,0,0,0,0,0,0,0,0,3,1224.4872222222223,4,0.11794923645533138,0.12520171068358849,0.1305968079442612,0.2942195610080681,0.13339847272572544,0.13166330378002275,0.12041511601441901,0.1206079277887243,0.0,0.0,0.4010336270032242,0.20340929037860558,0.12872545327761642,0.0,0.0,0.10801261455635616,0.1110094211141806,0.45038633073012024,0.24145760613287776,0.4415678982230332,0.09661365482448606,0.3072230211591869,0.0,18,110,28,2,0,1
56014,6,3,9,193,5,5,4,110575.0,0,2,0,0,0,7982283.082011,,0,9,0,False,7,112,0,0,0,0,0,0,0,0,0,0,0,1,0,0,0,0,0,0,0,0,0,0,0,0,0,0,0,0,0,0,0,0,0,0,0,0,0,0,0,0,0,0,0,1,1,1,1,1,0,0,0,0,0,0,0,0,0,0,0,0,0,0,0,0,0,0,0,0,0,0,0,0,0,0,0,0,0,0,0,0,0,0,0,0,0,0,0,0,0,0,0,0,0,0,0,0,0,0,0,0,0,0,0,0,0,0,0,0,0,0,0,0,0,0,0,1,0,0,0,0,0,0,0,0,0,0,0,0,0,0,0,0,0,0,0,0,0,0,0,0,0,0,0,0,0,0,0,0,0,0,0,0,0,7,455.5963888888889,4,0.12099445349988588,0.12843417233267626,0.13396856038173363,0.20121048717218967,0.13684255863140876,0.2701251820801124,0.12352399721389999,0.12372178700857361,0.0,0.0,0.41138752562173897,0.20866091774557244,0.1320488910222724,0.0,0.0,0.11080128758857605,0.0,0.462014418983944,0.24769156609591345,0.4529683119129186,0.09910802916085279,0.23636618598512865,0.0,44,106,37,11,3,1
56058,5,14,19,28717,80,4,2,792895.0,0,1,0,0,0,8035827.117154,,0,19,0,False,7,257,0,0,0,0,0,0,0,0,0,0,0,1,0,0,0,0,0,0,1,0,0,0,0,0,0,0,0,0,0,0,0,0,0,0,0,0,0,0,0,0,0,0,0,1,1,1,0,1,0,0,1,0,0,0,0,0,0,0,0,0,0,0,0,0,0,0,0,0,0,0,0,0,0,0,0,0,0,0,0,0,0,0,0,0,0,0,0,0,0,0,0,1,0,0,0,0,0,0,0,0,0,0,0,0,0,0,0,0,0,0,0,0,0,0,0,1,0,0,0,0,0,0,0,0,0,0,0,0,0,0,0,0,0,0,0,0,0,0,0,0,0,0,0,0,0,0,0,0,0,0,0,0,0,9,332.1513888888889,4,0.390323489919859,0.10358093474488497,0.10804436590927481,0.1622743383885737,0.11036221808015516,0.21785338239666968,0.09962092535387554,0.09978044093639687,0.0,0.0,0.3317801148428759,0.16828303957009338,0.2129923417684147,0.10589232145079992,0.0,0.08936018141366239,0.0,0.37261022136704613,0.19976088511851403,0.36531462231267564,0.07992968004351476,0.4447965062367799,0.0,45,108,41,8,1,1
55885,0,14,20,243,4,4,2,,0,2,0,0,0,8043739.782508,,0,20,0,False,7,112,0,0,0,0,0,0,0,0,0,0,0,1,0,0,0,0,0,0,0,0,0,0,0,0,0,0,0,0,0,0,0,0,0,0,0,0,0,0,0,0,0,0,0,1,1,1,1,1,0,0,0,0,0,0,0,0,0,0,0,0,0,0,0,0,0,0,0,0,0,0,0,0,0,0,0,0,0,0,0,0,0,0,0,0,0,0,0,0,0,0,0,0,0,0,0,0,0,0,0,0,0,0,0,0,0,0,0,0,0,0,0,0,0,0,0,1,0,0,0,0,0,0,0,0,0,0,0,0,0,0,0,0,0,0,0,0,0,0,0,0,0,0,0,0,0,0,0,0,0,0,0,0,0,7,917.5744444444445,4,0.12099445349988588,0.12843417233267626,0.13396856038173363,0.20121048717218967,0.13684255863140876,0.2701251820801124,0.12352399721389999,0.12372178700857361,0.0,0.0,0.41138752562173897,0.20866091774557244,0.1320488910222724,0.0,0.0,0.11080128758857605,0.0,0.462014418983944,0.24769156609591345,0.4529683119129186,0.09910802916085279,0.23636618598512865,0.0,53,105,38,3,5,0
56011,3,10,15,761,4,4,4,116288.0,0,3,0,0,0,8067149.118769,,0,15,0,False,7,112,0,0,0,0,0,0,0,0,0,0,0,1,0,0,0,0,0,0,0,0,0,0,0,0,0,0,0,0,0,0,0,0,0,0,0,0,0,0,0,0,0,0,0,1,1,1,1,1,0,0,0,0,0,0,0,0,0,0,0,0,0,0,0,0,0,0,0,0,0,0,0,0,0,0,0,0,0,0,0,0,0,0,0,0,0,0,0,0,0,0,0,0,0,0,0,0,0,0,0,0,0,0,0,0,0,0,0,0,0,0,0,0,0,0,0,1,0,0,0,0,0,0,0,0,0,0,0,0,0,0,0,0,0,0,0,0,0,0,0,0,0,0,0,0,0,0,0,0,0,0,0,0,0,7,450.5052777777778,4,0.12099445349988588,0.12843417233267626,0.13396856038173363,0.20121048717218967,0.13684255863140876,0.2701251820801124,0.12352399721389999,0.12372178700857361,0.0,0.0,0.41138752562173897,0.20866091774557244,0.1320488910222724,0.0,0.0,0.11080128758857605,0.0,0.462014418983944,0.24769156609591345,0.4529683119129186,0.09910802916085279,0.23636618598512865,0.0,41,103,34,11,3,1
55928,6,6,10,3400,1418,3,2,1028.0,0,1,0,0,0,8471404.675155,,0,10,0,False,7,345,0,0,0,0,0,0,0,0,0,0,0,1,0,0,0,0,0,0,1,0,0,0,0,0,0,0,0,0,0,0,0,0,0,0,0,0,0,0,0,0,0,0,0,1,1,0,0,1,0,0,1,0,0,0,0,0,0,0,0,0,0,0,0,0,0,0,0,0,0,0,0,0,0,0,0,0,0,0,0,0,0,0,0,0,0,0,0,0,0,0,0,1,0,0,0,0,0,0,0,0,0,0,0,0,0,0,0,0,0,0,0,0,0,0,0,1,0,0,0,0,0,0,0,0,0,0,0,0,0,0,0,0,0,0,0,0,0,0,0,0,0,0,0,0,0,0,0,0,0,0,0,0,0,8,647.2408333333333,4,0.20284752674528675,0.2153202353799291,0.11229932591532762,0.252997442222412,0.11470845881337999,0.2264327971720734,0.10354415679291835,0.10370995435431252,0.0,0.0,0.34484614663064594,0.17491029492988705,0.22138032098596255,0.22012506100539223,0.0,0.09287932833862128,0.09545626235132665,0.38728420808000963,0.20762778840217727,0.3797012966615441,0.16615487747045948,0.3302237888212029,0.1064066997081561,69,94,47,5,4,1
56012,2,4,9,687,4,4,2,110059.0,0,1,0,0,0,8562546.66874,,0,9,0,False,7,112,0,0,0,0,0,0,0,0,0,0,0,1,0,0,0,0,0,0,0,0,0,0,0,0,0,0,0,0,0,0,0,0,0,0,0,0,0,0,0,0,0,0,0,1,1,1,1,1,0,0,0,0,0,0,0,0,0,0,0,0,0,0,0,0,0,0,0,0,0,0,0,0,0,0,0,0,0,0,0,0,0,0,0,0,0,0,0,0,0,0,0,0,0,0,0,0,0,0,0,0,0,0,0,0,0,0,0,0,0,0,0,0,0,0,0,1,0,0,0,0,0,0,0,0,0,0,0,0,0,0,0,0,0,0,0,0,0,0,0,0,0,0,0,0,0,0,0,0,0,0,0,0,0,7,312.8833333333333,4,0.12099445349988588,0.12843417233267626,0.13396856038173363,0.20121048717218967,0.13684255863140876,0.2701251820801124,0.12352399721389999,0.12372178700857361,0.0,0.0,0.41138752562173897,0.20866091774557244,0.1320488910222724,0.0,0.0,0.11080128758857605,0.0,0.462014418983944,0.24769156609591345,0.4529683119129186,0.09910802916085279,0.23636618598512865,0.0,42,86,35,12,3,1
56010,6,0,10,934,4,2,2,110235.0,0,2,0,0,0,8564492.625429,,1,10,0,False,7,118,0,0,0,0,0,0,0,0,0,0,0,1,0,0,0,0,0,0,0,0,0,0,0,0,0,0,0,0,0,0,0,0,0,0,0,0,0,0,0,0,0,0,0,1,1,1,1,1,0,0,0,0,0,0,0,0,0,0,0,0,0,0,0,0,0,0,0,0,0,0,0,0,0,0,0,0,0,0,0,0,0,0,0,0,0,0,0,0,0,0,0,0,0,0,0,0,0,0,0,0,0,0,0,0,0,0,0,0,0,0,0,0,0,0,0,1,0,0,0,0,0,0,0,0,0,0,0,0,0,0,0,0,0,0,0,0,0,0,0,0,0,0,0,0,0,0,0,0,0,0,0,0,0,7,312.3852777777778,4,0.12444760398328851,0.13209965047194,0.13779198852791202,0.20695298255893052,0.1407480099460721,0.13891724253893686,0.12704934022221734,0.12725277488659642,0.0,0.0,0.4231284194550903,0.21461604649848703,0.13581753230025273,0.0,0.0,0.11396352774695229,0.0,0.4752001912908944,0.25476061948189915,0.4658959106581754,0.1019365467408442,0.24311201594497348,0.0,40,85,33,10,3,1
56046,2,9,4,294,4,2,2,249368.0,0,0,0,0,0,8583768.289492,,0,4,0,False,7,112,0,0,0,0,0,0,0,0,0,0,0,1,0,0,0,0,0,0,0,0,0,0,0,0,0,0,0,0,0,0,0,0,0,0,0,0,0,0,0,0,0,0,0,1,1,1,1,1,0,0,0,0,0,0,0,0,0,0,0,0,0,0,0,0,0,0,0,0,0,0,0,0,0,0,0,0,0,0,0,0,0,0,0,0,0,0,0,0,0,0,0,0,0,0,0,0,0,0,0,0,0,0,0,0,0,0,0,0,0,0,0,0,0,0,0,1,0,0,0,0,0,0,0,0,0,0,0,0,0,0,0,0,0,0,0,0,0,0,0,0,0,0,0,0,0,0,0,0,0,0,0,0,0,7,213.20416666666668,4,0.12099445349988588,0.12843417233267626,0.13396856038173363,0.20121048717218967,0.13684255863140876,0.2701251820801124,0.12352399721389999,0.12372178700857361,0.0,0.0,0.41138752562173897,0.20866091774557244,0.1320488910222724,0.0,0.0,0.11080128758857605,0.0,0.462014418983944,0.24769156609591345,0.4529683119129186,0.09910802916085279,0.23636618598512865,0.0,43,84,38,12,0,1
55936,5,3,2,4,1,3,2,66658.0,0,0,0,0,0,8751811.421924,,0,2,0,False,7,69,0,0,0,0,0,0,0,0,0,0,0,1,0,0,0,0,0,0,0,0,0,0,0,0,0,0,0,0,0,0,0,0,0,0,0,0,0,0,0,0,0,0,0,1,0,0,0,1,0,0,0,0,0,0,0,0,0,0,0,0,0,0,0,0,0,0,0,0,0,0,0,0,0,0,0,0,0,0,0,0,0,0,0,0,0,0,0,0,0,0,0,0,0,0,0,0,0,0,0,0,0,0,0,0,0,0,0,0,0,0,0,0,0,0,0,0,0,0,0,0,0,0,0,0,0,0,0,0,0,0,0,0,0,0,0,0,0,0,0,0,0,0,0,0,0,0,0,0,0,0,0,0,0,3,524.7466666666667,4,0.0,0.0,0.23960438792045655,0.17993369296757353,0.0,0.24156107496334678,0.22092416057611208,0.0,0.0,0.0,0.4905143714009673,0.0,0.0,0.0,0.0,0.0,0.0,0.41315918360113657,0.44299935685180836,0.4050696477367522,0.1772559068890817,0.0,0.0,68,70,48,8,6,0
55993,4,0,3,46,1,2,2,590013.0,0,0,0,0,0,8754996.425737,,0,3,0,False,7,162,0,0,0,0,0,0,0,0,0,0,0,1,0,0,0,0,0,0,0,0,0,0,0,0,0,0,0,0,0,0,0,0,0,0,0,0,0,0,0,0,0,0,0,1,0,0,0,1,0,0,0,0,0,0,0,0,0,0,0,0,0,0,0,0,0,0,0,0,0,0,0,0,0,0,0,0,0,0,0,0,0,0,0,0,0,0,0,0,0,0,0,0,0,0,0,0,0,0,0,0,0,0,0,0,0,0,0,0,0,0,0,0,0,0,0,0,0,0,0,0,0,0,0,0,0,0,0,0,0,0,0,0,0,0,0,0,0,0,0,0,0,0,0,0,0,0,0,0,0,0,0,0,0,3,300.7913888888889,4,0.11618393612509689,0.1233278653933787,0.1286422163324801,0.19321072754244362,0.13140194968723437,0.2593855006800419,0.11861290982425024,0.11880283585974888,0.0,0.10343064343829889,0.3950315127423826,0.20036494267217425,0.1267988695030227,0.0,0.0,0.10639603177993405,0.0,0.44364557375479147,0.23784380408842432,0.43495912329595454,0.1903353516865072,0.3026249337361001,0.0,38,70,36,7,1,1
55918,2,1,8,269,10,3,2,1319408.0,0,0,0,0,0,9008672.14927,,0,8,0,False,7,123,0,0,0,0,0,0,0,0,0,0,0,1,0,0,0,0,0,0,0,0,0,0,0,0,0,0,0,0,0,0,0,0,0,0,0,0,0,0,0,0,0,0,0,1,0,0,0,1,0,0,0,0,0,0,0,0,0,0,0,0,0,0,0,0,0,0,0,0,0,0,0,0,0,0,0,0,0,0,0,0,0,0,0,0,0,0,0,0,0,0,0,0,0,0,0,0,0,0,0,0,0,0,0,0,0,0,0,0,0,0,0,0,0,0,0,0,0,0,0,0,0,0,0,0,0,0,0,0,0,0,0,0,0,0,0,0,0,0,0,0,0,0,0,0,0,0,0,0,0,0,0,0,0,3,529.2977777777778,4,0.12360508347696485,0.13120532498202747,0.13685912544155263,0.2055518938591902,0.13979513435177993,0.27595352278089436,0.12618920574774017,0.25278252628544545,0.0,0.0,0.14008793509394218,0.2131630782261098,0.26979607288963886,0.0,0.0,0.1131919852983513,0.11633249333279277,0.47198304694293836,0.12651793457563082,0.4627417570547476,0.10124642794205628,0.32195483682344916,0.0,65,60,41,1,3,1
55587,0,2,5,4,2,3,2,,0,0,0,0,0,9057784.40879,,0,5,0,False,7,61,0,0,0,0,0,0,0,0,0,0,0,1,0,1,0,0,0,0,0,0,0,0,0,0,0,0,0,0,0,0,0,0,0,0,0,0,0,0,0,0,0,0,0,1,1,0,0,0,0,0,0,1,0,0,0,0,0,0,0,0,0,0,0,0,0,0,0,0,0,0,0,0,0,0,0,0,0,0,0,0,0,0,0,0,0,0,0,0,0,0,0,0,0,0,0,0,0,0,0,0,0,0,0,0,0,0,0,0,0,0,0,0,0,0,0,1,0,0,0,0,0,0,0,0,0,0,0,0,0,0,0,0,0,0,0,0,0,0,0,0,0,0,0,0,0,0,0,0,0,0,0,0,0,6,1279.975,4,0.0,0.0,0.24691667265779327,0.1854249379662094,0.0,0.0,0.2276663591706801,0.0,0.0,0.0,0.5054839668352143,0.0,0.0,0.0,0.0,0.0,0.0,0.42576804113733513,0.4565188815311012,0.4174316275335793,0.18266543078719202,0.0,0.0,7,58,7,4,6,0
55919,0,1,4,8,1,2,2,,0,1,0,0,0,9081675.907809,,0,4,0,False,7,112,0,0,0,0,0,0,0,0,0,0,0,1,0,0,0,0,0,0,0,0,0,0,0,0,0,0,0,0,0,0,0,0,0,0,0,0,0,0,0,0,0,0,0,1,0,0,0,1,0,0,0,0,0,0,0,0,0,0,0,0,0,0,0,0,0,0,0,0,0,0,0,0,0,0,0,0,0,0,0,0,0,0,0,0,0,0,0,0,0,0,0,0,0,0,0,0,0,0,0,0,0,0,0,0,0,0,0,0,0,0,0,0,0,0,0,0,0,0,0,0,0,0,0,0,0,0,0,0,0,0,0,0,0,0,0,0,0,0,0,0,0,0,0,0,0,0,0,0,0,0,0,0,0,3,504.73555555555555,4,0.12099445349988588,0.12843417233267626,0.13396856038173363,0.20121048717218967,0.13684255863140876,0.2701251820801124,0.12352399721389999,0.12372178700857361,0.0,0.0,0.41138752562173897,0.20866091774557244,0.1320488910222724,0.0,0.0,0.11080128758857605,0.0,0.462014418983944,0.24769156609591345,0.4529683119129186,0.09910802916085279,0.23636618598512865,0.0,66,54,42,1,3,1
55860,0,0,1,10,1,2,2,,0,0,0,0,0,9089548.412319,,0,1,0,False,7,318,0,0,0,0,0,0,0,0,0,0,0,1,0,0,0,0,0,0,0,0,0,0,0,0,0,0,0,0,0,0,0,0,0,0,0,0,0,0,0,0,0,0,0,1,0,0,0,1,0,0,0,0,0,0,0,0,0,0,0,0,0,0,0,0,0,0,0,0,0,0,0,0,0,0,0,0,0,0,0,0,0,0,0,0,0,0,0,0,0,0,0,0,0,0,0,0,0,0,0,0,0,0,0,0,0,0,0,0,0,0,0,0,0,0,0,0,0,0,0,0,0,0,0,0,0,0,0,0,0,0,0,0,0,0,0,0,0,0,0,0,0,0,0,0,0,0,0,0,0,0,0,0,0,3,692.2047222222222,4,0.09000583605149931,0.1910802474659844,0.09965706636118718,0.22451588808092957,0.10179498762774176,0.10047089824537672,0.09188752310593003,0.09203465576628847,0.0,0.08012606429502518,0.3060245913237431,0.15521951469437476,0.19645811014211753,0.0976720814375814,0.0,0.08242330318886731,0.0,0.34368512643050037,0.18425378886800722,0.3369558722672937,0.14744975105899946,0.4102677133251409,0.4721390554955804,44,56,41,7,2,1
55997,3,0,3,58,1,2,2,522147.0,0,0,0,0,0,9096353.554954,,0,3,0,False,7,255,0,0,0,0,0,0,0,0,0,0,0,1,0,0,0,0,0,0,0,0,0,0,0,0,0,0,0,0,0,0,0,0,0,0,0,0,0,0,0,0,0,0,0,1,0,0,0,1,0,0,0,0,0,0,0,0,0,0,0,0,0,0,0,0,0,0,0,0,0,0,0,0,0,0,0,0,0,0,0,0,0,0,0,0,0,0,0,0,0,0,0,0,0,0,0,0,0,0,0,0,0,0,0,0,0,0,0,0,0,0,0,0,0,0,0,0,0,0,0,0,0,0,0,0,0,0,0,0,0,0,0,0,0,0,0,0,0,0,0,0,0,0,0,0,0,0,0,0,0,0,0,0,0,3,192.43166666666667,4,0.09657243036778919,0.10251048544513416,0.10692778961929965,0.4817919797056702,0.10922168812303694,0.21560199316940287,0.09859140047028349,0.0987492675511377,0.0,0.08597185587331056,0.32835135845561675,0.24981589692641104,0.10539559429808253,0.1047979853007625,0.0,0.08843669540868035,0.09089036871194787,0.36875950934629903,0.29654470714447434,0.36153930610601587,0.15820730567677307,0.2515427374514075,0.0,39,55,31,11,2,1
55955,1,30,8,567,10,4,2,14393.0,0,1,0,0,0,9173233.89922,,0,8,0,False,7,112,0,0,0,0,0,0,0,0,0,0,0,1,0,0,0,0,0,0,0,0,0,0,0,0,0,0,0,0,0,0,0,0,0,0,0,0,0,0,0,0,0,0,0,0,1,1,1,1,0,0,0,0,1,0,0,0,0,0,0,0,0,0,0,0,0,0,0,0,0,0,0,0,0,0,0,0,0,0,0,0,0,0,0,0,0,0,0,0,0,0,0,0,0,0,0,0,0,0,0,0,0,0,0,0,0,0,0,0,0,0,0,0,0,0,0,1,0,0,0,0,0,0,0,0,0,0,0,0,0,0,0,0,0,0,0,0,0,0,0,0,0,0,0,0,0,0,0,0,0,0,0,0,0,7,332.71944444444443,4,0.12099445349988588,0.12843417233267626,0.13396856038173363,0.20121048717218967,0.13684255863140876,0.2701251820801124,0.12352399721389999,0.12372178700857361,0.0,0.0,0.41138752562173897,0.20866091774557244,0.1320488910222724,0.0,0.0,0.11080128758857605,0.0,0.462014418983944,0.24769156609591345,0.4529683119129186,0.09910802916085279,0.23636618598512865,0.0,56,52,43,0,2,1
55838,0,30,25,226,4,5,2,,0,1,0,0,0,9227370.7449,,1,25,0,False,7,116,0,0,0,0,0,0,0,0,0,0,0,1,0,0,0,0,0,0,0,0,0,0,0,0,0,0,0,0,0,0,0,0,0,0,0,0,0,0,0,0,0,0,0,1,1,1,1,1,0,0,0,0,0,0,0,0,0,0,0,0,0,0,0,0,0,0,0,0,0,0,0,0,0,0,0,0,0,0,0,0,0,0,0,0,0,0,0,0,0,0,0,0,0,0,0,0,0,0,0,0,0,0,0,0,0,0,0,0,0,0,0,0,0,0,0,1,0,0,0,0,0,0,0,0,0,0,0,0,0,0,0,0,0,0,0,0,0,0,0,0,0,0,0,0,0,0,0,0,0,0,0,0,0,7,681.7775,4,0.12099445349988588,0.12843417233267626,0.13396856038173363,0.20121048717218967,0.13684255863140876,0.2701251820801124,0.12352399721389999,0.12372178700857361,0.0,0.0,0.41138752562173897,0.20866091774557244,0.1320488910222724,0.0,0.0,0.11080128758857605,0.0,0.462014418983944,0.24769156609591345,0.4529683119129186,0.09910802916085279,0.23636618598512865,0.0,33,48,35,2,1,1
55957,4,6,8,3834,17,2,2,86464.0,2,2,0,0,0,9229451.937699,,1,8,0,False,7,80,0,0,0,0,0,0,0,0,0,0,0,1,0,0,0,0,0,0,0,0,0,0,0,0,0,0,0,0,0,0,0,0,0,0,0,0,0,0,0,0,0,0,0,1,1,1,1,1,0,0,0,0,0,0,0,0,0,0,0,0,0,0,0,0,0,0,0,0,0,0,0,0,0,0,0,0,0,0,0,0,0,0,0,0,0,0,0,0,0,0,0,0,0,0,0,0,0,0,0,0,0,0,0,0,0,0,0,0,0,0,0,0,0,0,0,1,0,0,0,0,0,0,0,0,0,0,0,0,0,0,0,0,0,0,0,0,0,0,0,0,0,0,0,0,0,0,0,0,0,0,0,0,0,7,291.96972222222223,4,0.0,0.0,0.17404468334144665,0.13070087274609854,0.177778425899128,0.0,0.16047567368719945,0.0,0.0,0.0,0.5344523478003974,0.0,0.17155075308769394,0.0,0.0,0.14394701978754468,0.0,0.45016804514871234,0.32178744075978105,0.44135388660940705,0.12875577301678154,0.20471608102272495,0.0,52,46,42,6,3,1
55886,0,24,15,353,4,4,2,,0,0,0,0,0,9227627.025415,,1,15,0,False,7,112,0,0,0,0,0,0,0,0,0,0,0,1,0,0,0,0,0,0,0,0,0,0,0,0,0,0,0,0,0,0,0,0,0,0,0,0,0,0,0,0,0,0,0,1,1,1,1,1,0,0,0,0,0,0,0,0,0,0,0,0,0,0,0,0,0,0,0,0,0,0,0,0,0,0,0,0,0,0,0,0,0,0,0,0,0,0,0,0,0,0,0,0,0,0,0,0,0,0,0,0,0,0,0,0,0,0,0,0,0,0,0,0,0,0,0,1,0,0,0,0,0,0,0,0,0,0,0,0,0,0,0,0,0,0,0,0,0,0,0,0,0,0,0,0,0,0,0,0,0,0,0,0,0,7,588.7255555555555,4,0.12099445349988588,0.12843417233267626,0.13396856038173363,0.20121048717218967,0.13684255863140876,0.2701251820801124,0.12352399721389999,0.12372178700857361,0.0,0.0,0.41138752562173897,0.20866091774557244,0.1320488910222724,0.0,0.0,0.11080128758857605,0.0,0.462014418983944,0.24769156609591345,0.4529683119129186,0.09910802916085279,0.23636618598512865,0.0,54,47,39,4,5,0
55920,2,1,5,19,4,3,2,1630030.0,0,1,0,0,0,9257258.215457,,0,5,0,False,7,161,0,0,0,0,0,0,0,0,0,0,0,1,0,0,0,0,0,0,0,0,0,0,0,0,0,0,0,0,0,0,0,0,0,0,0,0,0,0,0,0,0,0,0,0,0,0,0,1,0,0,0,0,1,0,0,0,0,0,0,0,0,0,0,0,0,0,0,0,0,0,0,0,0,0,0,0,0,0,0,0,0,0,0,0,0,0,0,0,0,0,0,0,0,0,0,0,0,0,0,0,0,0,0,0,0,0,0,0,0,0,0,0,0,0,0,0,0,0,0,0,0,0,0,0,0,0,0,0,0,0,0,0,0,0,0,0,0,0,0,0,0,0,0,0,0,0,0,0,0,0,0,0,0,3,452.78333333333336,4,0.1178305147984056,0.12507568905776872,0.13046535589001892,0.19594894311712774,0.13326420065928976,0.26306155649145285,0.12029391232949685,0.12048653002935104,0.0,0.0,0.4006299671058682,0.30480682351639893,0.12859588483308115,0.0,0.0,0.1079038945938164,0.0,0.449932994930348,0.24121456728041105,0.44112343860550846,0.09651640847065517,0.23018533965765348,0.0,67,46,42,0,3,1
55670,6,28,23,391,4,4,3,351255.0,0,1,0,0,0,9267726.568123,,2,23,0,False,7,126,0,0,0,0,0,0,0,0,0,0,0,1,0,0,0,0,0,0,0,0,0,0,0,0,0,0,0,0,0,0,0,0,0,0,0,0,0,0,0,0,0,0,0,1,1,1,1,1,0,0,0,0,0,0,0,0,0,0,0,0,0,0,0,0,0,0,0,0,0,0,0,0,0,0,0,0,0,0,0,0,0,0,0,0,0,0,0,0,0,0,0,0,0,0,0,0,0,0,0,0,0,0,0,0,0,0,0,0,0,0,0,0,0,0,0,1,0,0,0,0,0,0,0,0,0,0,0,0,0,0,0,0,0,0,0,0,0,0,0,0,0,0,0,0,0,0,0,0,0,0,0,0,0,7,690.7955555555556,4,0.24330715641238737,0.1291338253636207,0.134698362331012,0.20230659364176057,0.13758801686242114,0.1357983527884452,0.1241969017647326,0.12439576903144361,0.0,0.0,0.4136285843989034,0.20979761089264384,0.1327682354549774,0.0,0.0,0.11140488439841177,0.0,0.4645312708677624,0.24904088109371245,0.4554358845736491,0.09964792622822914,0.23765380528016264,0.0,14,61,14,0,4,1
55768,3,10,16,130,4,3,2,1381755.0,0,0,0,0,0,9267756.743962,,0,16,0,False,7,113,0,0,0,0,0,0,0,0,0,0,0,1,0,0,0,0,0,0,0,0,0,0,0,0,0,0,0,0,0,0,0,0,0,0,0,0,0,0,0,0,0,0,0,1,1,1,1,1,0,0,0,0,0,0,0,0,0,0,0,0,0,0,0,0,0,0,0,0,0,0,0,0,0,0,0,0,0,0,0,0,0,0,0,0,0,0,0,0,0,0,0,0,0,0,0,0,0,0,0,0,0,0,0,0,0,0,0,0,0,0,0,0,0,0,0,1,0,0,0,0,0,0,0,0,0,0,0,0,0,0,0,0,0,0,0,0,0,0,0,0,0,0,0,0,0,0,0,0,0,0,0,0,0,7,673.8888888888889,4,0.12444760398328851,0.13209965047194,0.13779198852791202,0.20695298255893052,0.1407480099460721,0.13891724253893686,0.12704934022221734,0.12725277488659642,0.0,0.0,0.4231284194550903,0.21461604649848703,0.13581753230025273,0.0,0.0,0.11396352774695229,0.0,0.4752001912908944,0.25476061948189915,0.4658959106581754,0.1019365467408442,0.24311201594497348,0.0,21,41,31,1,1,1
55887,0,2,9,253,4,4,3,,0,0,0,0,0,9267797.672161,,0,9,0,False,7,112,0,0,0,0,0,0,0,0,0,0,0,1,0,0,0,0,0,0,0,0,0,0,0,0,0,0,0,0,0,0,0,0,0,0,0,0,0,0,0,0,0,0,0,1,1,1,1,1,0,0,0,0,0,0,0,0,0,0,0,0,0,0,0,0,0,0,0,0,0,0,0,0,0,0,0,0,0,0,0,0,0,0,0,0,0,0,0,0,0,0,0,0,0,0,0,0,0,0,0,0,0,0,0,0,0,0,0,0,0,0,0,0,0,0,0,1,0,0,0,0,0,0,0,0,0,0,0,0,0,0,0,0,0,0,0,0,0,0,0,0,0,0,0,0,0,0,0,0,0,0,0,0,0,7,413.78527777777776,4,0.12099445349988588,0.12843417233267626,0.13396856038173363,0.20121048717218967,0.13684255863140876,0.2701251820801124,0.12352399721389999,0.12372178700857361,0.0,0.0,0.41138752562173897,0.20866091774557244,0.1320488910222724,0.0,0.0,0.11080128758857605,0.0,0.462014418983944,0.24769156609591345,0.4529683119129186,0.09910802916085279,0.23636618598512865,0.0,55,40,40,5,5,0
55888,0,15,9,171,4,5,3,,1,2,0,0,0,9267802.243934,,0,9,0,False,7,112,0,0,0,0,0,0,0,0,0,0,0,1,0,0,0,0,0,0,0,0,0,0,0,0,0,0,0,0,0,0,0,0,0,0,0,0,0,0,0,0,0,0,0,1,1,1,1,1,0,0,0,0,0,0,0,0,0,0,0,0,0,0,0,0,0,0,0,0,0,0,0,0,0,0,0,0,0,0,0,0,0,0,0,0,0,0,0,0,0,0,0,0,0,0,0,0,0,0,0,0,0,0,0,0,0,0,0,0,0,0,0,0,0,0,0,1,0,0,0,0,0,0,0,0,0,0,0,0,0,0,0,0,0,0,0,0,0,0,0,0,0,0,0,0,0,0,0,0,0,0,0,0,0,7,420.0602777777778,4,0.12099445349988588,0.12843417233267626,0.13396856038173363,0.20121048717218967,0.13684255863140876,0.2701251820801124,0.12352399721389999,0.12372178700857361,0.0,0.0,0.41138752562173897,0.20866091774557244,0.1320488910222724,0.0,0.0,0.11080128758857605,0.0,0.462014418983944,0.24769156609591345,0.4529683119129186,0.09910802916085279,0.23636618598512865,0.0,56,42,41,6,5,0
55889,1,21,17,158,4,4,2,781527.0,0,1,0,0,0,9267805.388633,,0,17,0,False,7,112,0,0,0,0,0,0,0,0,0,0,0,1,0,0,0,0,0,0,0,0,0,0,0,0,0,0,0,0,0,0,0,0,0,0,0,0,0,0,0,0,0,0,0,1,1,1,1,1,0,0,0,0,0,0,0,0,0,0,0,0,0,0,0,0,0,0,0,0,0,0,0,0,0,0,0,0,0,0,0,0,0,0,0,0,0,0,0,0,0,0,0,0,0,0,0,0,0,0,0,0,0,0,0,0,0,0,0,0,0,0,0,0,0,0,0,1,0,0,0,0,0,0,0,0,0,0,0,0,0,0,0,0,0,0,0,0,0,0,0,0,0,0,0,0,0,0,0,0,0,0,0,0,0,7,341.2238888888889,4,0.12099445349988588,0.12843417233267626,0.13396856038173363,0.20121048717218967,0.13684255863140876,0.2701251820801124,0.12352399721389999,0.12372178700857361,0.0,0.0,0.41138752562173897,0.20866091774557244,0.1320488910222724,0.0,0.0,0.11080128758857605,0.0,0.462014418983944,0.24769156609591345,0.4529683119129186,0.09910802916085279,0.23636618598512865,0.0,57,46,42,7,5,0
55890,1,9,19,136,4,4,3,1558091.0,0,1,0,0,0,9267811.248462,,0,19,0,False,7,112,0,0,0,0,0,0,0,0,0,0,0,1,0,0,0,0,0,0,0,0,0,0,0,0,0,0,0,0,0,0,0,0,0,0,0,0,0,0,0,0,0,0,0,1,1,1,1,1,0,0,0,0,0,0,0,0,0,0,0,0,0,0,0,0,0,0,0,0,0,0,0,0,0,0,0,0,0,0,0,0,0,0,0,0,0,0,0,0,0,0,0,0,0,0,0,0,0,0,0,0,0,0,0,0,0,0,0,0,0,0,0,0,0,0,0,1,0,0,0,0,0,0,0,0,0,0,0,0,0,0,0,0,0,0,0,0,0,0,0,0,0,0,0,0,0,0,0,0,0,0,0,0,0,7,456.42027777777776,4,0.12099445349988588,0.12843417233267626,0.13396856038173363,0.20121048717218967,0.13684255863140876,0.2701251820801124,0.12352399721389999,0.12372178700857361,0.0,0.0,0.41138752562173897,0.20866091774557244,0.1320488910222724,0.0,0.0,0.11080128758857605,0.0,0.462014418983944,0.24769156609591345,0.4529683119129186,0.09910802916085279,0.23636618598512865,0.0,58,49,43,8,5,0
55946,1,13,10,652,12,3,2,225904.0,0,1,0,0,0,9600675.03871,,0,10,0,False,7,224,0,0,0,0,0,0,0,0,0,0,0,1,0,0,0,0,0,0,0,0,0,0,0,0,0,0,0,0,0,0,0,0,0,0,0,0,0,0,0,0,0,0,0,1,0,1,0,1,0,0,0,0,0,0,0,0,0,0,0,0,0,0,0,0,0,0,0,0,0,0,0,0,0,0,0,0,0,0,0,0,0,0,0,0,0,0,0,0,0,0,0,0,0,0,0,0,0,0,0,0,0,0,0,0,0,0,0,0,0,0,0,0,0,0,0,0,0,0,0,0,0,0,0,0,0,0,0,0,0,0,0,0,0,0,0,0,0,0,0,0,0,0,0,0,0,0,0,0,0,0,0,0,0,4,254.75694444444446,4,0.31580281742008254,0.1117403106848856,0.11655533949552443,0.26258575044311766,0.11905577572284469,0.23501433630342058,0.10746835966652206,0.10764044076227501,0.0,0.0,0.3579154137092852,0.1815391912698269,0.11488518857896904,0.11423377214348289,0.0,0.19279869328488486,0.0,0.40196182823088283,0.21549663961622792,0.3940915333066716,0.08622597684606133,0.34273888557954646,0.0,65,49,41,6,0,1
55945,0,0,1,2,1,2,2,,0,0,0,0,0,9760324.434179,,0,1,0,False,7,116,0,0,0,0,0,0,0,0,0,0,0,1,0,0,0,0,0,0,0,0,0,0,0,0,0,0,0,0,0,0,0,0,0,0,0,0,0,0,0,0,0,0,0,1,1,0,0,0,0,0,0,0,0,0,0,0,0,0,0,0,0,0,0,0,0,0,0,0,0,0,0,0,0,0,0,0,0,0,0,0,0,0,0,0,0,0,0,0,0,0,0,0,0,0,0,0,0,0,0,0,0,0,0,0,0,0,0,0,0,0,0,0,0,0,0,1,0,0,0,0,0,0,0,0,0,0,0,0,0,0,0,0,0,0,0,0,0,0,0,0,0,0,0,0,0,0,0,0,0,0,0,0,0,4,197.1536111111111,4,0.0,0.0,0.1401258413036922,0.10522912507901054,0.14313193035543348,0.14127015431245082,0.129201239316689,0.0,0.0,0.0,0.4302951600385365,0.21825110729700367,0.1381179427097763,0.0,0.0,0.11589378580049688,0.0,0.48324889787640735,0.25907562926794975,0.47378702592496735,0.20732619543785002,0.24722972742660843,0.1327730883104047,65,45,41,6,0,1
55950,0,30,5,530,31,4,2,,0,0,0,0,0,9775764.381916,,0,5,0,False,7,143,0,0,0,0,0,0,0,0,0,0,0,0,0,0,0,0,0,0,0,0,0,0,0,0,0,0,0,0,0,0,0,0,0,0,0,0,0,0,0,0,0,0,0,0,1,0,0,0,0,0,0,0,0,0,0,0,0,0,0,0,0,0,0,0,0,0,0,0,0,0,0,0,0,0,0,0,0,0,0,0,0,0,0,0,0,0,0,0,0,0,0,0,0,0,0,0,0,0,0,0,0,0,0,0,0,0,0,0,0,0,0,0,0,0,0,1,0,0,0,0,0,0,0,0,0,0,0,0,0,0,0,0,0,0,0,0,0,0,0,0,0,0,0,0,0,0,0,0,0,0,0,0,0,2,178.14333333333335,4,0.11990849508458738,0.12728144039974762,0.13276615579769122,0.19940456784720875,0.13561435912458678,0.13385036723070526,0.12241533544978143,0.12261135002678374,0.0,0.0,0.4076952097140666,0.20678812876215077,0.13086371599739735,0.0,0.0,0.10980681563385264,0.0,0.4578677128187285,0.2454684663353895,0.4489027970404881,0.19643701481718695,0.3123263128243279,0.0,60,49,41,9,1,1
55863,0,2,1,164,2,3,2,,0,0,0,0,0,9796686.866352,,0,1,0,False,7,125,0,0,0,0,0,0,0,0,0,0,0,1,0,0,0,0,0,0,0,0,0,0,0,0,0,0,0,0,0,0,0,0,0,0,0,0,0,0,0,0,0,0,0,1,0,0,0,0,0,0,0,0,0,1,0,0,0,0,0,0,0,0,0,0,0,0,0,0,0,0,0,0,0,0,0,0,0,0,0,0,0,0,0,0,0,0,0,0,0,0,0,0,0,0,0,0,0,0,0,0,0,0,0,0,0,0,0,0,0,0,0,0,0,0,0,0,0,0,0,0,0,0,0,0,0,0,0,0,0,0,0,0,0,0,0,0,0,0,0,0,0,0,0,0,0,0,0,0,0,0,0,0,0,3,488.94388888888886,4,0.12099445349988588,0.12843417233267626,0.13396856038173363,0.20121048717218967,0.13684255863140876,0.2701251820801124,0.12352399721389999,0.12372178700857361,0.0,0.0,0.41138752562173897,0.20866091774557244,0.1320488910222724,0.0,0.0,0.11080128758857605,0.0,0.462014418983944,0.24769156609591345,0.4529683119129186,0.09910802916085279,0.23636618598512865,0.0,45,47,40,8,2,1
55686,0,12,11,2,1,2,3,,0,0,0,0,0,9812052.735013,,0,11,0,False,7,113,0,0,0,0,0,0,0,0,0,0,0,1,0,1,0,0,0,0,0,0,0,0,0,0,0,0,0,0,0,0,0,0,0,0,0,0,0,0,0,0,0,0,0,1,1,0,0,0,0,0,0,1,0,0,0,0,0,0,0,0,0,0,0,0,0,0,0,0,0,0,0,0,0,0,0,0,0,0,0,0,0,0,0,0,0,0,0,0,0,0,0,0,0,0,0,0,0,0,0,0,0,0,0,0,0,0,0,0,0,0,0,0,0,0,0,1,0,0,0,0,0,0,0,0,0,0,0,0,0,0,0,0,0,0,0,0,0,0,0,0,0,0,0,0,0,0,0,0,0,0,0,0,0,6,865.2605555555556,4,0.12444760398328851,0.13209965047194,0.13779198852791202,0.20695298255893052,0.1407480099460721,0.13891724253893686,0.12704934022221734,0.12725277488659642,0.0,0.0,0.4231284194550903,0.21461604649848703,0.13581753230025273,0.0,0.0,0.11396352774695229,0.0,0.4752001912908944,0.25476061948189915,0.4658959106581754,0.1019365467408442,0.24311201594497348,0.0,17,39,17,2,0,1
55921,0,30,5,461,51,2,2,,0,0,0,0,0,9824562.616379,,0,5,0,False,7,126,0,0,0,0,0,0,0,0,0,0,0,1,0,0,0,0,0,0,0,0,0,0,0,0,0,0,0,0,0,0,0,0,0,0,0,0,0,0,0,0,0,0,0,1,1,0,0,0,0,0,0,0,0,0,0,0,0,0,0,0,0,0,0,0,0,0,0,0,0,0,0,0,0,0,0,0,0,0,0,0,0,0,0,0,0,0,0,0,0,0,0,0,0,0,0,0,0,0,0,0,0,0,0,0,0,0,0,0,0,0,0,0,0,0,0,1,0,0,0,0,0,0,0,0,0,0,0,0,0,0,0,0,0,0,0,0,0,0,0,0,0,0,0,0,0,0,0,0,0,0,0,0,0,4,294.46444444444444,4,0.11844831357834507,0.125731475109728,0.1311494005776885,0.19697632569451276,0.1339629200081594,0.2644408181277738,0.12092462698264468,0.12111825459898927,0.0,0.0,0.4027305155530056,0.20426997355458235,0.1292701276715431,0.0,0.0,0.10846964697591223,0.0,0.45229204475541285,0.24247928266949698,0.44343629892559994,0.09702245496887615,0.30852297007052865,0.0,68,46,42,8,3,1
55916,0,30,4,192,22,3,2,,0,0,0,0,0,9826718.450202,,0,4,0,False,7,127,0,0,0,0,0,0,0,0,0,0,0,1,0,0,0,0,0,0,0,0,0,0,0,0,0,0,0,0,0,0,0,0,0,0,0,0,0,0,0,0,0,0,0,1,1,0,0,0,0,0,0,0,0,0,0,0,0,0,0,0,0,0,0,0,0,0,0,0,0,0,0,0,0,0,0,0,0,0,0,0,0,0,0,0,0,0,0,0,0,0,0,0,0,0,0,0,0,0,0,0,0,0,0,0,0,0,0,0,0,0,0,0,0,0,0,1,0,0,0,0,0,0,0,0,0,0,0,0,0,0,0,0,0,0,0,0,0,0,0,0,0,0,0,0,0,0,0,0,0,0,0,0,0,4,314.5838888888889,4,0.12168220187086731,0.12916420904299727,0.1347300552808808,0.20235419401803434,0.1376203897142176,0.1358303045532084,0.124226123843705,0.12442503790155887,0.0,0.0,0.41372590636899115,0.20984697381769762,0.13279947426855782,0.0,0.0,0.11143109666525212,0.0,0.46464056964486206,0.24909947750144298,0.45554304331268985,0.09967137222026519,0.316946296589444,0.0,65,44,43,7,2,1
55802,1,16,12,628,4,5,3,1443875.0,0,2,0,0,0,9862650.385177,,0,12,0,False,7,112,0,0,0,0,0,0,0,0,0,0,0,1,0,0,0,0,0,0,0,0,0,0,0,0,0,0,0,0,0,0,0,0,0,0,0,0,0,0,0,0,0,0,0,1,1,1,1,1,0,0,0,0,0,0,0,0,0,0,0,0,0,0,0,0,0,0,0,0,0,0,0,0,0,0,0,0,0,0,0,0,0,0,0,0,0,0,0,0,0,0,0,0,0,0,0,0,0,0,0,0,0,0,0,0,0,0,0,0,0,0,0,0,0,0,0,1,0,0,0,0,0,0,0,0,0,0,0,0,0,0,0,0,0,0,0,0,0,0,0,0,0,0,0,0,0,0,0,0,0,0,0,0,0,7,432.69944444444445,4,0.12099445349988588,0.12843417233267626,0.13396856038173363,0.20121048717218967,0.13684255863140876,0.2701251820801124,0.12352399721389999,0.12372178700857361,0.0,0.0,0.41138752562173897,0.20866091774557244,0.1320488910222724,0.0,0.0,0.11080128758857605,0.0,0.462014418983944,0.24769156609591345,0.4529683119129186,0.09910802916085279,0.23636618598512865,0.0,23,57,38,4,4,1
55933,1,0,3,269,4,2,2,629124.0,0,0,0,0,0,9888039.504017,,0,3,0,False,7,112,0,0,0,0,0,0,0,0,0,0,0,1,0,0,0,0,0,0,0,0,0,0,0,0,0,0,0,0,0,0,0,0,0,0,0,0,0,0,0,0,0,0,0,1,1,1,1,1,0,0,0,0,0,0,0,0,0,0,0,0,0,0,0,0,0,0,0,0,0,0,0,0,0,0,0,0,0,0,0,0,0,0,0,0,0,0,0,0,0,0,0,0,0,0,0,0,0,0,0,0,0,0,0,0,0,0,0,0,0,0,0,0,0,0,0,1,0,0,0,0,0,0,0,0,0,0,0,0,0,0,0,0,0,0,0,0,0,0,0,0,0,0,0,0,0,0,0,0,0,0,0,0,0,7,204.10222222222222,4,0.12099445349988588,0.12843417233267626,0.13396856038173363,0.20121048717218967,0.13684255863140876,0.2701251820801124,0.12352399721389999,0.12372178700857361,0.0,0.0,0.41138752562173897,0.20866091774557244,0.1320488910222724,0.0,0.0,0.11080128758857605,0.0,0.462014418983944,0.24769156609591345,0.4529683119129186,0.09910802916085279,0.23636618598512865,0.0,70,47,46,8,5,0
55873,3,8,9,377,4,3,2,348888.0,0,0,0,0,0,10180380.494478,,0,9,0,False,7,112,0,0,0,0,0,0,0,0,0,0,0,1,0,0,0,0,0,0,0,0,0,0,0,0,0,0,0,0,0,0,0,0,0,0,0,0,0,0,0,0,0,0,0,1,1,1,1,1,0,0,0,0,0,0,0,0,0,0,0,0,0,0,0,0,0,0,0,0,0,0,0,0,0,0,0,0,0,0,0,0,0,0,0,0,0,0,0,0,0,0,0,0,0,0,0,0,0,0,0,0,0,0,0,0,0,0,0,0,0,0,0,0,0,0,0,1,0,0,0,0,0,0,0,0,0,0,0,0,0,0,0,0,0,0,0,0,0,0,0,0,0,0,0,0,0,0,0,0,0,0,0,0,0,7,206.06916666666666,4,0.12099445349988588,0.12843417233267626,0.13396856038173363,0.20121048717218967,0.13684255863140876,0.2701251820801124,0.12352399721389999,0.12372178700857361,0.0,0.0,0.41138752562173897,0.20866091774557244,0.1320488910222724,0.0,0.0,0.11080128758857605,0.0,0.462014418983944,0.24769156609591345,0.4529683119129186,0.09910802916085279,0.23636618598512865,0.0,50,60,38,4,3,1
55844,1,11,6,353,4,2,2,587108.0,0,2,0,0,0,10180388.970169,,0,6,0,False,7,112,0,0,0,0,0,0,0,0,0,0,0,1,0,0,0,0,0,0,0,0,0,0,0,0,0,0,0,0,0,0,0,0,0,0,0,0,0,0,0,0,0,0,0,1,1,1,1,1,0,0,0,0,0,0,0,0,0,0,0,0,0,0,0,0,0,0,0,0,0,0,0,0,0,0,0,0,0,0,0,0,0,0,0,0,0,0,0,0,0,0,0,0,0,0,0,0,0,0,0,0,0,0,0,0,0,0,0,0,0,0,0,0,0,0,0,1,0,0,0,0,0,0,0,0,0,0,0,0,0,0,0,0,0,0,0,0,0,0,0,0,0,0,0,0,0,0,0,0,0,0,0,0,0,7,353.81416666666667,4,0.12099445349988588,0.12843417233267626,0.13396856038173363,0.20121048717218967,0.13684255863140876,0.2701251820801124,0.12352399721389999,0.12372178700857361,0.0,0.0,0.41138752562173897,0.20866091774557244,0.1320488910222724,0.0,0.0,0.11080128758857605,0.0,0.462014418983944,0.24769156609591345,0.4529683119129186,0.09910802916085279,0.23636618598512865,0.0,36,56,36,2,1,1
55874,2,0,1,15,4,2,2,999068.0,0,0,0,0,0,10260739.931851,,0,1,0,False,7,196,0,0,0,0,0,0,0,0,0,0,0,1,0,0,0,0,0,0,1,0,0,0,0,0,0,0,0,0,0,0,0,0,0,0,0,0,0,0,0,0,0,0,0,1,0,0,0,1,0,0,1,0,0,0,0,0,0,0,0,0,0,0,0,0,0,0,0,0,0,0,0,0,0,0,0,0,0,0,0,0,0,0,0,0,0,0,0,0,0,0,0,1,0,0,0,0,0,0,0,0,0,0,0,0,0,0,0,0,0,0,0,0,0,0,0,0,0,0,0,0,0,0,0,0,0,0,0,0,0,0,0,0,0,0,0,0,0,0,0,0,0,0,0,0,0,0,0,0,0,0,0,0,0,6,335.2394444444444,4,0.11117327680946988,0.23601822033188063,0.12309426933440962,0.18487813730555203,0.12573498379460896,0.2481989940194169,0.11349749627065378,0.11367923137467953,0.0,0.0,0.3779950067045975,0.1917238129255936,0.1213304204396151,0.0,0.0,0.10180749496870171,0.10463214068078841,0.42451249132438,0.22758632519446906,0.4162006610184052,0.2731901514795691,0.28957364201765534,0.0,50,46,37,0,3,1
55926,2,0,6,8,3,2,2,37965.0,0,0,0,0,0,10203809.061829,,0,6,0,False,7,106,0,0,0,0,0,0,0,0,0,0,0,1,0,0,0,0,0,0,0,0,0,0,0,0,0,0,0,0,0,0,0,0,0,0,0,0,0,0,0,0,0,0,0,1,1,0,0,0,0,0,0,0,0,0,0,0,0,0,0,0,0,0,0,0,0,0,0,0,0,0,0,0,0,0,0,0,0,0,0,0,0,0,0,0,0,0,0,0,0,0,0,0,0,0,0,0,0,0,0,0,0,0,0,0,0,0,0,0,0,0,0,0,0,0,0,1,0,0,0,0,0,0,0,0,0,0,0,0,0,0,0,0,0,0,0,0,0,0,0,0,0,0,0,0,0,0,0,0,0,0,0,0,0,4,171.76611111111112,4,0.0,0.0,0.23763410990021733,0.1784540898458136,0.0,0.0,0.2191074909337038,0.0,0.0,0.0,0.48648084892264104,0.0,0.0,0.23290087679683832,0.0,0.0,0.0,0.4097617564280602,0.43935655254692646,0.4017387411931428,0.1757983233267261,0.13975584534420304,0.0,69,44,46,0,4,1
55865,0,9,8,296,4,3,2,,0,2,0,0,0,10268508.902865,,0,8,0,False,7,112,0,0,0,0,0,0,0,0,0,0,0,1,0,0,0,0,0,0,0,0,0,0,0,0,0,0,0,0,0,0,0,0,0,0,0,0,0,0,0,0,0,0,0,1,1,1,1,1,0,0,0,0,0,0,0,0,0,0,0,0,0,0,0,0,0,0,0,0,0,0,0,0,0,0,0,0,0,0,0,0,0,0,0,0,0,0,0,0,0,0,0,0,0,0,0,0,0,0,0,0,0,0,0,0,0,0,0,0,0,0,0,0,0,0,0,1,0,0,0,0,0,0,0,0,0,0,0,0,0,0,0,0,0,0,0,0,0,0,0,0,0,0,0,0,0,0,0,0,0,0,0,0,0,7,348.49,4,0.12099445349988588,0.12843417233267626,0.13396856038173363,0.20121048717218967,0.13684255863140876,0.2701251820801124,0.12352399721389999,0.12372178700857361,0.0,0.0,0.41138752562173897,0.20866091774557244,0.1320488910222724,0.0,0.0,0.11080128758857605,0.0,0.462014418983944,0.24769156609591345,0.4529683119129186,0.09910802916085279,0.23636618598512865,0.0,46,51,41,3,2,1
55882,1,3,2,43,1,2,2,2006.0,0,1,0,0,0,10545338.000286,,0,2,0,False,7,124,0,0,0,0,0,0,0,0,0,0,0,1,0,0,0,0,0,0,0,0,0,0,0,0,0,0,0,0,0,0,0,0,0,0,0,0,0,0,0,0,0,0,0,1,1,0,0,0,0,0,0,0,0,0,0,0,0,0,0,0,0,0,0,0,0,0,0,0,0,0,0,0,0,0,0,0,0,0,0,0,0,0,0,0,0,0,0,0,0,0,0,0,0,0,0,0,0,0,0,0,0,0,0,0,0,0,0,0,0,0,0,0,0,0,0,1,0,0,0,0,0,0,0,0,0,0,0,0,0,0,0,0,0,0,0,0,0,0,0,0,0,0,0,0,0,0,0,0,0,0,0,0,0,4,229.00805555555556,4,0.11925022423833763,0.1265826937310923,0.13203729926697902,0.1983098813237039,0.13486986659399847,0.26623111724295334,0.12174330261004286,0.12193824111081396,0.0,0.0,0.4054570541061497,0.20565290813896944,0.13014530343611697,0.0,0.0,0.10920400075071783,0.0,0.45535412137906445,0.24412089930147554,0.44643842098536984,0.19535861949676145,0.23295878336368364,0.0,54,67,38,4,4,1
55586,2,1,2,15,4,2,2,1837730.0,0,1,0,0,0,10559391.976,,0,2,0,False,7,61,0,0,0,0,0,0,0,0,0,0,0,1,0,1,0,0,0,0,0,0,0,0,0,0,0,0,0,0,0,0,0,0,0,0,0,0,0,0,0,0,0,0,0,1,1,0,0,0,0,0,0,1,0,0,0,0,0,0,0,0,0,0,0,0,0,0,0,0,0,0,0,0,0,0,0,0,0,0,0,0,0,0,0,0,0,0,0,0,0,0,0,0,0,0,0,0,0,0,0,0,0,0,0,0,0,0,0,0,0,0,0,0,0,0,0,1,0,0,0,0,0,0,0,0,0,0,0,0,0,0,0,0,0,0,0,0,0,0,0,0,0,0,0,0,0,0,0,0,0,0,0,0,0,6,863.3005555555555,4,0.0,0.0,0.23130813292267344,0.1737035240941747,0.0,0.0,0.2132747047910241,0.0,0.0,0.18597587714806155,0.47353040737368635,0.0,0.0,0.0,0.0,0.0,0.0,0.3988536277990082,0.42766059089600034,0.39104419052934114,0.3422369116682461,0.0,0.0,6,69,6,3,6,0
55585,0,3,1,89,5,3,2,,0,0,0,0,0,10571806.154215,,0,1,0,False,7,98,0,0,0,0,0,0,0,0,0,0,0,1,0,1,0,0,0,0,0,0,0,0,0,0,0,0,0,0,0,0,0,0,0,0,0,0,0,0,0,0,0,0,0,1,1,0,0,0,0,0,0,1,0,0,0,0,0,0,0,0,0,0,0,0,0,0,0,0,0,0,0,0,0,0,0,0,0,0,0,0,0,0,0,0,0,0,0,0,0,0,0,0,0,0,0,0,0,0,0,0,0,0,0,0,0,0,0,0,0,0,0,0,0,0,0,1,0,0,0,0,0,0,0,0,0,0,0,0,0,0,0,0,0,0,0,0,0,0,0,0,0,0,0,0,0,0,0,0,0,0,0,0,0,6,861.6752777777778,4,0.0,0.0,0.1979940227167659,0.14868590680718385,0.0,0.0,0.1825578556696151,0.0,0.0,0.0,0.4053302797872994,0.0,0.0,0.0,0.0,0.0,0.0,0.34140880930244366,0.3660668549740744,0.3347241247622226,0.5858926100623626,0.0,0.18760478166287203,5,68,5,2,6,0
55843,0,2,4,263,4,2,2,,0,0,0,0,0,10828694.139626,,0,4,0,False,7,112,0,0,0,0,0,0,0,0,0,0,0,1,0,0,0,0,0,0,0,0,0,0,0,0,0,0,0,0,0,0,0,0,0,0,0,0,0,0,0,0,0,0,0,1,1,1,1,1,0,0,0,0,0,0,0,0,0,0,0,0,0,0,0,0,0,0,0,0,0,0,0,0,0,0,0,0,0,0,0,0,0,0,0,0,0,0,0,0,0,0,0,0,0,0,0,0,0,0,0,0,0,0,0,0,0,0,0,0,0,0,0,0,0,0,0,1,0,0,0,0,0,0,0,0,0,0,0,0,0,0,0,0,0,0,0,0,0,0,0,0,0,0,0,0,0,0,0,0,0,0,0,0,0,7,217.96,4,0.12099445349988588,0.12843417233267626,0.13396856038173363,0.20121048717218967,0.13684255863140876,0.2701251820801124,0.12352399721389999,0.12372178700857361,0.0,0.0,0.41138752562173897,0.20866091774557244,0.1320488910222724,0.0,0.0,0.11080128758857605,0.0,0.462014418983944,0.24769156609591345,0.4529683119129186,0.09910802916085279,0.23636618598512865,0.0,35,60,35,6,1,1
55870,0,6,8,1326,21,2,2,,1,1,0,0,0,10915436.401305,,0,8,0,False,7,80,0,0,0,0,0,0,0,0,0,0,0,1,0,0,0,0,0,0,0,0,0,0,0,0,0,0,0,0,0,0,0,0,0,0,0,0,0,0,0,0,0,0,0,1,1,1,1,1,0,0,0,0,0,0,0,0,0,0,0,0,0,0,0,0,0,0,0,0,0,0,0,0,0,0,0,0,0,0,0,0,0,0,0,0,0,0,0,0,0,0,0,0,0,0,0,0,0,0,0,0,0,0,0,0,0,0,0,0,0,0,0,0,0,0,0,1,0,0,0,0,0,0,0,0,0,0,0,0,0,0,0,0,0,0,0,0,0,0,0,0,0,0,0,0,0,0,0,0,0,0,0,0,0,7,170.18916666666667,4,0.0,0.0,0.17404468334144665,0.13070087274609854,0.177778425899128,0.0,0.16047567368719945,0.0,0.0,0.0,0.5344523478003974,0.0,0.17155075308769394,0.0,0.0,0.14394701978754468,0.0,0.45016804514871234,0.32178744075978105,0.44135388660940705,0.12875577301678154,0.20471608102272495,0.0,49,56,42,3,3,1
55808,2,0,1,2,1,2,2,13999.0,0,0,0,0,0,11091391.807242,,0,1,0,False,7,79,0,0,0,0,0,0,0,0,0,0,0,1,0,1,0,0,0,0,0,0,0,0,0,0,0,0,0,0,0,0,0,0,0,0,0,0,0,0,0,0,0,0,0,1,1,0,0,0,0,0,0,1,0,0,0,0,0,0,0,0,0,0,0,0,0,0,0,0,0,0,0,0,0,0,0,0,0,0,0,0,0,0,0,0,0,0,0,0,0,0,0,0,0,0,0,0,0,0,0,0,0,0,0,0,0,0,0,0,0,0,0,0,0,0,0,1,0,0,0,0,0,0,0,0,0,0,0,0,0,0,0,0,0,0,0,0,0,0,0,0,0,0,0,0,0,0,0,0,0,0,0,0,0,6,242.065,4,0.0,0.0,0.2339453908380582,0.17568400350084015,0.0,0.2358558646777472,0.21570635471294666,0.21605174926437615,0.0,0.0,0.478929360705946,0.0,0.0,0.0,0.0,0.0,0.0,0.4034011543978438,0.43253655986513145,0.3955026778886399,0.1730694616047149,0.0,0.0,24,51,37,0,5,0
55701,0,2,5,626,4,2,2,,0,0,0,0,0,11092926.43057,,0,5,0,False,7,112,0,0,0,0,0,0,0,0,0,0,0,1,0,0,0,0,0,0,0,0,0,0,0,0,0,0,0,0,0,0,0,0,0,0,0,0,0,0,0,0,0,0,0,1,1,1,1,1,0,0,0,0,0,0,0,0,0,0,0,0,0,0,0,0,0,0,0,0,0,0,0,0,0,0,0,0,0,0,0,0,0,0,0,0,0,0,0,0,0,0,0,0,0,0,0,0,0,0,0,0,0,0,0,0,0,0,0,0,0,0,0,0,0,0,0,1,0,0,0,0,0,0,0,0,0,0,0,0,0,0,0,0,0,0,0,0,0,0,0,0,0,0,0,0,0,0,0,0,0,0,0,0,0,7,367.02944444444444,4,0.12099445349988588,0.12843417233267626,0.13396856038173363,0.20121048717218967,0.13684255863140876,0.2701251820801124,0.12352399721389999,0.12372178700857361,0.0,0.0,0.41138752562173897,0.20866091774557244,0.1320488910222724,0.0,0.0,0.11080128758857605,0.0,0.462014418983944,0.24769156609591345,0.4529683119129186,0.09910802916085279,0.23636618598512865,0.0,20,27,20,3,1,1
55792,0,0,7,298,8,2,2,,0,0,0,0,0,11160725.561794,,0,7,0,False,7,334,0,0,0,0,0,0,0,0,0,0,0,1,0,0,0,0,0,0,0,0,0,0,0,0,0,0,0,0,0,0,0,0,0,0,0,0,0,0,0,0,0,0,0,1,0,0,0,1,0,0,0,0,0,0,0,0,0,0,0,0,0,0,0,0,0,0,0,0,0,0,0,0,0,0,0,0,0,0,0,0,0,0,0,0,0,0,0,0,0,0,0,0,0,0,0,0,0,0,0,0,0,0,0,0,0,0,0,0,0,0,0,0,0,0,0,0,0,0,0,0,0,0,0,0,0,0,0,0,0,0,0,0,0,0,0,0,0,0,0,0,0,0,0,0,0,0,0,0,0,0,0,0,0,3,258.885,4,0.08204121686685382,0.0870857752621686,0.09083840951129529,0.20464847027877803,0.09278714605959318,0.0915802253871653,0.08375639337629452,0.08389050626303841,0.0,0.0,0.3719259545053808,0.14148413509233632,0.08953676298390005,0.17805815192856356,0.0,0.07512966256911588,0.0,0.3132724190825075,0.16794916545645341,0.691061932858475,0.06720095903933039,0.16026990464001176,0.25821567362183867,20,45,34,4,3,1
55699,0,6,7,74,12,2,2,,0,0,0,0,0,11174790.731248,,0,7,0,False,7,113,0,0,0,0,0,0,0,0,0,0,0,1,0,1,0,0,0,0,0,0,0,0,0,0,0,0,0,0,0,0,0,0,0,0,0,0,0,0,0,0,0,0,0,1,1,0,0,0,0,0,0,1,0,0,0,0,0,0,0,0,0,0,0,0,0,0,0,0,0,0,0,0,0,0,0,0,0,0,0,0,0,0,0,0,0,0,0,0,0,0,0,0,0,0,0,0,0,0,0,0,0,0,0,0,0,0,0,0,0,0,0,0,0,0,0,1,0,0,0,0,0,0,0,0,0,0,0,0,0,0,0,0,0,0,0,0,0,0,0,0,0,0,0,0,0,0,0,0,0,0,0,0,0,6,477.27916666666664,4,0.12444760398328851,0.13209965047194,0.13779198852791202,0.20695298255893052,0.1407480099460721,0.13891724253893686,0.12704934022221734,0.12725277488659642,0.0,0.0,0.4231284194550903,0.21461604649848703,0.13581753230025273,0.0,0.0,0.11396352774695229,0.0,0.4752001912908944,0.25476061948189915,0.4658959106581754,0.1019365467408442,0.24311201594497348,0.0,19,42,19,3,1,1
55659,2,27,14,1643,10,5,2,1301409.0,0,2,0,0,0,11428511.69493,,1,14,0,False,7,135,0,0,0,0,0,0,0,0,0,0,0,1,0,0,0,0,0,0,1,0,0,0,0,0,0,0,0,0,0,0,0,0,0,0,0,0,0,0,0,0,0,0,0,1,0,1,0,1,0,0,1,0,0,0,0,0,0,0,0,0,0,0,0,0,0,0,0,0,0,0,0,0,0,0,0,0,0,0,0,0,0,0,0,0,0,0,0,0,0,0,0,1,0,0,0,0,0,0,0,0,0,0,0,0,0,0,0,0,0,0,0,0,0,0,0,0,0,0,0,0,0,0,0,0,0,0,0,0,0,0,0,0,0,0,0,0,0,0,0,0,0,0,0,0,0,0,0,0,0,0,0,0,0,7,525.6,4,0.2448376283377631,0.12994611423029265,0.1355456537341152,0.20357916024626405,0.13845348502283625,0.13665256344759538,0.12497813596339874,0.25035650832471923,0.0,0.0,0.13874347568207926,0.2111172981481139,0.2672067716108607,0.0,0.0,0.11210565313220318,0.11521602091522254,0.46745330603929347,0.12530370989742712,0.45830070715193444,0.20054948063380398,0.3188649546699874,0.0,12,39,12,0,3,1
55581,0,30,2,20,5,2,2,,0,0,0,0,0,11461466.039336,,0,2,0,False,7,113,0,0,0,0,0,0,0,0,0,0,0,1,0,0,0,0,0,0,0,0,0,0,0,0,0,0,0,0,0,0,0,0,0,0,0,0,0,0,0,0,0,0,0,1,1,0,0,0,0,0,0,0,0,0,0,0,0,0,0,0,0,0,0,0,0,0,0,0,0,0,0,0,0,0,0,0,0,0,0,0,0,0,0,0,0,0,0,0,0,0,0,0,0,0,0,0,0,0,0,0,0,0,0,0,0,0,0,0,0,0,0,0,0,0,0,1,0,0,0,0,0,0,0,0,0,0,0,0,0,0,0,0,0,0,0,0,0,0,0,0,0,0,0,0,0,0,0,0,0,0,0,0,0,4,626.4066666666666,4,0.12444760398328851,0.13209965047194,0.13779198852791202,0.20695298255893052,0.1407480099460721,0.13891724253893686,0.12704934022221734,0.12725277488659642,0.0,0.0,0.4231284194550903,0.21461604649848703,0.13581753230025273,0.0,0.0,0.11396352774695229,0.0,0.4752001912908944,0.25476061948189915,0.4658959106581754,0.1019365467408442,0.24311201594497348,0.0,4,29,4,0,5,0
55676,1,5,6,6,3,4,2,767164.0,0,0,0,0,0,11461634.612457,,0,6,0,False,7,113,0,0,0,0,0,0,0,0,0,0,0,1,0,1,0,0,0,0,0,0,0,0,0,0,0,0,0,0,0,0,0,0,0,0,0,0,0,0,0,0,0,0,0,1,1,0,0,0,0,0,0,1,0,0,0,0,0,0,0,0,0,0,0,0,0,0,0,0,0,0,0,0,0,0,0,0,0,0,0,0,0,0,0,0,0,0,0,0,0,0,0,0,0,0,0,0,0,0,0,0,0,0,0,0,0,0,0,0,0,0,0,0,0,0,0,1,0,0,0,0,0,0,0,0,0,0,0,0,0,0,0,0,0,0,0,0,0,0,0,0,0,0,0,0,0,0,0,0,0,0,0,0,0,6,459.4916666666667,4,0.12444760398328851,0.13209965047194,0.13779198852791202,0.20695298255893052,0.1407480099460721,0.13891724253893686,0.12704934022221734,0.12725277488659642,0.0,0.0,0.4231284194550903,0.21461604649848703,0.13581753230025273,0.0,0.0,0.11396352774695229,0.0,0.4752001912908944,0.25476061948189915,0.4658959106581754,0.1019365467408442,0.24311201594497348,0.0,15,30,15,1,5,0
55749,0,0,2,4,1,2,2,,0,0,0,0,0,11461686.721364,,0,2,0,False,7,114,0,0,0,0,0,0,0,0,0,0,0,1,0,1,0,0,0,0,0,0,0,0,0,0,0,0,0,0,0,0,0,0,0,0,0,0,0,0,0,0,0,0,0,1,1,0,0,0,0,0,0,1,0,0,0,0,0,0,0,0,0,0,0,0,0,0,0,0,0,0,0,0,0,0,0,0,0,0,0,0,0,0,0,0,0,0,0,0,0,0,0,0,0,0,0,0,0,0,0,0,0,0,0,0,0,0,0,0,0,0,0,0,0,0,0,1,0,0,0,0,0,0,0,0,0,0,0,0,0,0,0,0,0,0,0,0,0,0,0,0,0,0,0,0,0,0,0,0,0,0,0,0,0,6,253.28194444444443,4,0.12099445349988588,0.12843417233267626,0.13396856038173363,0.20121048717218967,0.13684255863140876,0.2701251820801124,0.12352399721389999,0.12372178700857361,0.0,0.0,0.41138752562173897,0.20866091774557244,0.1320488910222724,0.0,0.0,0.11080128758857605,0.0,0.462014418983944,0.24769156609591345,0.4529683119129186,0.09910802916085279,0.23636618598512865,0.0,17,36,27,5,0,1
55724,2,1,16,147,5,2,2,601741.0,0,1,0,0,0,11491267.882747,,0,16,0,False,7,112,0,0,0,0,0,0,0,0,0,0,0,0,0,0,0,0,0,0,1,0,0,0,0,0,0,0,0,0,0,0,0,0,0,0,0,0,0,0,0,0,0,0,0,0,0,1,0,1,0,0,1,0,0,0,0,0,0,0,0,0,0,0,0,0,0,0,0,0,0,0,0,0,0,0,0,0,0,0,0,0,0,0,0,0,0,0,0,0,0,0,0,1,0,0,0,0,0,0,0,0,0,0,0,0,0,0,0,0,0,0,0,0,0,0,0,0,0,0,0,0,0,0,0,0,0,0,0,0,0,0,0,0,0,0,0,0,0,0,0,0,0,0,0,0,0,0,0,0,0,0,0,0,0,5,334.11305555555555,4,0.12099445349988588,0.12843417233267626,0.13396856038173363,0.20121048717218967,0.13684255863140876,0.2701251820801124,0.12352399721389999,0.12372178700857361,0.0,0.0,0.41138752562173897,0.20866091774557244,0.1320488910222724,0.0,0.0,0.11080128758857605,0.0,0.462014418983944,0.24769156609591345,0.4529683119129186,0.09910802916085279,0.23636618598512865,0.0,23,33,23,0,3,1
55731,1,2,13,4084,38,2,2,1105275.0,1,0,0,0,0,11495790.955744,,1,13,0,False,7,80,0,0,0,0,0,0,0,0,0,0,0,1,0,0,0,0,0,0,0,0,0,0,0,0,0,0,0,0,0,0,0,0,0,0,0,0,0,0,0,0,0,0,0,1,1,1,1,1,0,0,0,0,0,0,0,0,0,0,0,0,0,0,0,0,0,0,0,0,0,0,0,0,0,0,0,0,0,0,0,0,0,0,0,0,0,0,0,0,0,0,0,0,0,0,0,0,0,0,0,0,0,0,0,0,0,0,0,0,0,0,0,0,0,0,0,1,0,0,0,0,0,0,0,0,0,0,0,0,0,0,0,0,0,0,0,0,0,0,0,0,0,0,0,0,0,0,0,0,0,0,0,0,0,7,307.3963888888889,4,0.0,0.0,0.17404468334144665,0.13070087274609854,0.177778425899128,0.0,0.16047567368719945,0.0,0.0,0.0,0.5344523478003974,0.0,0.17155075308769394,0.0,0.0,0.14394701978754468,0.0,0.45016804514871234,0.32178744075978105,0.44135388660940705,0.12875577301678154,0.20471608102272495,0.0,22,32,25,0,4,1
55720,3,0,2,97,15,2,2,1050461.0,0,0,0,0,0,11652034.36201,,0,2,0,False,7,166,0,0,0,0,0,0,0,0,0,0,0,0,0,0,0,0,0,0,0,0,0,0,0,0,0,0,0,0,0,0,0,0,0,0,0,0,0,0,0,0,0,0,0,0,0,0,0,1,0,0,0,0,0,0,0,0,0,0,0,0,0,0,0,0,0,0,0,0,0,0,0,0,0,0,0,0,0,0,0,0,0,0,0,0,0,0,0,0,0,0,0,0,0,0,0,0,0,0,0,0,0,0,0,0,0,0,0,0,0,0,0,0,0,0,0,0,0,0,0,0,0,0,0,0,0,0,0,0,0,0,0,0,0,0,0,0,0,0,0,0,0,0,0,0,0,0,0,0,0,0,0,0,0,1,293.3047222222222,4,0.11682309442747166,0.1240063243241853,0.12934991090151474,0.2914104456375324,0.13212482627320574,0.13040622417213824,0.11926543054795313,0.11945640141638199,0.0,0.0,0.39720468469273806,0.2014672027684054,0.1274964233377226,0.12677349928932968,0.0,0.10698134425358492,0.0,0.44608618440402853,0.23915224523030326,0.43735194750315753,0.09569121818621083,0.30428975286130844,0.12256259789975847,22,20,22,1,3,1
55569,9,1,18,152,51,2,2,350276.0,0,0,0,0,0,11671545.822696,,0,18,0,False,7,149,0,0,0,0,0,0,0,0,0,0,0,1,0,0,0,0,0,0,1,0,0,0,0,0,0,0,0,0,0,0,0,0,0,0,0,0,0,0,0,0,0,0,0,1,1,1,0,1,0,0,1,0,0,0,0,0,0,0,0,0,0,0,0,0,0,0,0,0,0,0,0,0,0,0,0,0,0,0,0,0,0,0,0,0,0,0,0,0,0,0,0,1,0,0,0,0,0,0,0,0,0,0,0,0,0,0,0,0,0,0,0,0,0,0,0,1,0,0,0,0,0,0,0,0,0,0,0,0,0,0,0,0,0,0,0,0,0,0,0,0,0,0,0,0,0,0,0,0,0,0,0,0,0,9,597.8161111111111,4,0.12444760398328851,0.13209965047194,0.13779198852791202,0.20695298255893052,0.1407480099460721,0.13891724253893686,0.12704934022221734,0.12725277488659642,0.0,0.0,0.4231284194550903,0.21461604649848703,0.13581753230025273,0.0,0.0,0.11396352774695229,0.0,0.4752001912908944,0.25476061948189915,0.4658959106581754,0.1019365467408442,0.24311201594497348,0.0,2,18,2,0,4,1
55591,0,0,2,20,4,2,2,,0,0,0,0,0,11696425.038459,,0,2,0,False,7,78,0,0,0,0,0,0,0,0,0,0,0,1,0,1,0,0,0,0,0,0,0,0,0,0,0,0,0,0,0,0,0,0,0,0,0,0,0,0,0,0,0,0,0,1,1,0,0,0,0,0,0,1,0,0,0,0,0,0,0,0,0,0,0,0,0,0,0,0,0,0,0,0,0,0,0,0,0,0,0,0,0,0,0,0,0,0,0,0,0,0,0,0,0,0,0,0,0,0,0,0,0,0,0,0,0,0,0,0,0,0,0,0,0,0,0,1,0,0,0,0,0,0,0,0,0,0,0,0,0,0,0,0,0,0,0,0,0,0,0,0,0,0,0,0,0,0,0,0,0,0,0,0,0,6,539.1527777777778,4,0.0,0.0,0.22558400392522274,0.1694049230607245,0.0,0.0,0.20799684487883,0.0,0.0,0.18137357502509457,0.46181205963652094,0.0,0.0,0.22109078670392404,0.0,0.0,0.0,0.38898328909636537,0.4170773729240103,0.38136711016899805,0.33376765377694195,0.0,0.0,9,14,9,6,6,0
55589,0,2,1,12,5,3,2,,0,0,0,0,0,11700775.373445,,0,1,0,False,7,51,0,0,0,0,0,0,0,0,0,0,0,1,0,1,0,0,0,0,0,0,0,0,0,0,0,0,0,0,0,0,0,0,0,0,0,0,0,0,0,0,0,0,0,1,1,0,0,0,0,0,0,1,0,0,0,0,0,0,0,0,0,0,0,0,0,0,0,0,0,0,0,0,0,0,0,0,0,0,0,0,0,0,0,0,0,0,0,0,0,0,0,0,0,0,0,0,0,0,0,0,0,0,0,0,0,0,0,0,0,0,0,0,0,0,0,1,0,0,0,0,0,0,0,0,0,0,0,0,0,0,0,0,0,0,0,0,0,0,0,0,0,0,0,0,0,0,0,0,0,0,0,0,0,6,533.5286111111111,4,0.0,0.0,0.24691667265779327,0.1854249379662094,0.0,0.0,0.2276663591706801,0.0,0.0,0.0,0.5054839668352143,0.0,0.0,0.0,0.0,0.0,0.0,0.42576804113733513,0.4565188815311012,0.4174316275335793,0.18266543078719202,0.0,0.0,8,11,8,5,6,0
55757,1,0,6,1276,15,2,2,617081.0,1,0,0,0,0,11737531.753529,,0,6,0,False,7,80,0,0,0,0,0,0,0,0,0,0,0,1,0,0,0,0,0,0,0,0,0,0,0,0,0,0,0,0,0,0,0,0,0,0,0,0,0,0,0,0,0,0,0,1,1,1,1,1,0,0,0,0,0,0,0,0,0,0,0,0,0,0,0,0,0,0,0,0,0,0,0,0,0,0,0,0,0,0,0,0,0,0,0,0,0,0,0,0,0,0,0,0,0,0,0,0,0,0,0,0,0,0,0,0,0,0,0,0,0,0,0,0,0,0,0,1,0,0,0,0,0,0,0,0,0,0,0,0,0,0,0,0,0,0,0,0,0,0,0,0,0,0,0,0,0,0,0,0,0,0,0,0,0,7,171.41194444444446,4,0.0,0.0,0.17404468334144665,0.13070087274609854,0.177778425899128,0.0,0.16047567368719945,0.0,0.0,0.0,0.5344523478003974,0.0,0.17155075308769394,0.0,0.0,0.14394701978754468,0.0,0.45016804514871234,0.32178744075978105,0.44135388660940705,0.12875577301678154,0.20471608102272495,0.0,19,9,29,1,0,1
26245,12,30,45,2990,4,3,0,4.0,1,2,0,0,0,474211.909695,,0,45,0,False,8,76,0,0,0,0,0,0,0,0,0,0,0,0,0,0,0,1,0,0,0,0,0,0,0,0,0,0,0,0,0,0,0,0,0,0,0,0,0,0,0,0,0,0,0,0,0,0,0,0,0,0,0,0,0,0,0,0,0,0,1,1,0,0,0,0,0,0,0,0,0,0,0,0,0,0,0,0,0,0,1,0,0,0,0,0,0,0,0,0,0,0,0,0,0,0,0,0,0,0,0,0,0,0,0,0,0,0,0,0,0,0,0,0,0,0,0,0,0,0,0,0,0,0,0,0,0,0,0,0,0,0,0,0,0,0,0,0,0,0,0,0,0,0,0,0,0,0,0,0,0,0,0,0,0,4,2346.9605555555554,4,0.0,0.0,0.0,0.0,0.0,0.0,0.0,0.3800777607860775,0.3939730174714193,0.0,0.42126573751800167,0.0,0.0,0.0,0.0,0.0,0.0,0.0,0.0,0.0,0.6089268302723084,0.0,0.38996083268482146,9,207,17,0,1,1
28337,5,2,15,304,4,3,1,4.0,1,0,0,0,0,541741.066302,,0,15,0,False,8,60,0,0,0,0,0,0,0,0,0,0,0,0,0,0,0,0,0,0,0,0,0,0,0,0,0,0,0,0,0,0,0,0,0,0,0,0,0,0,0,0,0,0,0,0,0,0,0,0,0,0,0,0,0,0,0,0,1,0,1,0,0,0,0,0,0,0,0,0,0,0,0,0,0,0,0,0,0,0,1,0,0,0,0,0,0,0,0,0,0,0,0,0,0,0,0,0,0,0,0,0,0,0,0,0,0,0,0,0,0,0,0,0,0,0,0,0,0,0,0,0,0,0,0,0,0,0,0,0,0,0,0,0,0,0,0,0,0,0,0,0,0,0,0,0,0,0,0,0,0,0,0,0,0,3,606.6366666666667,4,0.0,0.0,0.0,0.0,0.0,0.0,0.0,0.49987530295745447,0.0,0.0,0.0,0.42152818026391936,0.0,0.0,0.0,0.44767238285668576,0.46009303889035513,0.0,0.0,0.0,0.40042790603133144,0.0,0.0,157,226,88,0,0,1
28430,1,0,19,132,3,0,0,4.0,0,0,0,0,0,625264.732596,,0,19,0,False,8,117,0,0,0,0,0,0,0,0,0,0,0,0,0,0,0,0,0,0,0,0,0,0,0,0,0,0,0,0,0,0,0,0,0,0,0,0,0,0,0,0,0,0,0,0,0,0,0,0,0,0,0,0,0,0,0,0,0,0,1,0,0,0,0,0,0,0,0,0,0,0,0,0,0,0,0,0,0,0,1,0,0,0,0,0,0,0,0,0,0,0,0,0,0,0,0,0,0,0,0,0,0,0,0,0,0,0,0,0,0,0,0,0,0,0,0,0,0,0,0,0,0,0,0,0,0,0,0,0,0,0,0,0,0,0,0,0,0,0,0,0,0,0,0,0,0,0,0,0,0,0,0,0,0,2,471.2261111111111,4,0.330462182777028,0.0,0.0,0.0,0.0,0.0,0.1686854585639639,0.16895556204965356,0.3502648113986674,0.0,0.0,0.42742378066027303,0.0,0.0,0.18112364263212316,0.0,0.3110186781420937,0.15773273996815743,0.0,0.15464437909514372,0.40602839262283597,0.43037832724786984,0.0,132,229,87,0,5,0
26002,3,0,6,16,2,2,2,4.0,1,0,0,0,0,634280.043948,,0,6,0,False,8,104,1,0,0,0,0,0,0,0,0,0,0,0,0,0,0,0,0,0,0,0,0,0,0,0,0,0,0,0,0,0,0,0,0,0,0,0,0,0,0,0,0,0,0,0,0,0,0,0,0,0,0,0,0,0,0,0,1,1,0,0,0,0,0,0,0,0,0,0,0,0,0,0,0,0,0,0,0,0,0,0,0,0,0,0,0,0,0,0,0,0,0,0,0,0,0,0,0,0,0,0,0,0,0,0,0,0,0,0,0,0,0,0,0,0,0,0,0,0,0,0,0,0,0,0,0,0,0,0,0,0,0,0,0,0,0,0,0,0,0,0,0,0,0,0,0,0,0,0,0,0,0,0,0,3,2562.2091666666665,4,0.0,0.0,0.0,0.0,0.0,0.0,0.0,0.0,0.0,0.0,0.0,0.0,0.0,0.0,0.0,0.0,0.0,0.0,0.0,0.0,0.0,0.0,1.0,7,226,13,0,1,1
25911,5,0,26,2409,13,1,1,4.0,1,0,0,0,0,637364.042239,,0,26,0,False,8,230,0,0,0,0,0,0,0,0,0,0,0,0,0,0,0,1,0,0,0,0,0,0,0,0,0,0,0,0,0,0,0,0,0,0,0,0,0,0,0,0,0,0,0,0,0,0,0,0,0,0,0,0,0,0,0,0,1,0,0,1,0,0,0,0,0,0,0,0,0,0,0,0,0,0,0,0,0,0,1,0,0,0,0,0,0,0,0,0,0,0,0,0,0,0,0,0,0,0,0,0,0,0,0,0,0,0,0,0,0,0,0,0,0,0,0,0,0,0,0,0,0,0,0,0,0,0,0,0,0,0,0,0,0,0,0,0,0,0,0,0,0,0,0,0,0,0,0,0,0,0,0,0,0,4,2629.386111111111,4,0.0,0.0,0.0,0.0,0.0,0.0,0.0,0.22893765574305813,0.2373073837821598,0.0,0.0,0.19305549373675013,0.0,0.0,0.0,0.0,0.0,0.0,0.0,0.0,0.18339178902926737,0.8747549130148456,0.23489066732510652,5,227,11,0,6,0
28177,4,0,4,7,1,2,2,390.0,1,0,0,0,0,637546.30904,,0,4,0,False,8,24,0,0,0,0,0,0,0,0,0,0,0,1,0,0,0,0,0,0,0,0,0,0,0,0,0,0,0,0,0,0,0,0,0,0,0,0,0,0,0,0,0,0,0,0,0,0,0,0,0,0,0,0,0,0,0,0,1,0,0,0,0,0,1,0,0,0,0,0,0,0,0,0,0,0,0,0,0,0,0,0,0,0,0,0,0,0,0,0,0,0,0,0,0,0,0,0,0,0,0,0,0,0,0,0,0,0,0,0,0,0,0,0,0,0,0,0,0,0,0,0,0,0,0,0,0,0,0,0,0,0,0,0,0,0,0,0,0,0,0,0,0,0,0,0,0,0,0,0,0,0,0,0,0,3,750.8086111111111,4,0.7736044435987611,0.0,0.0,0.0,0.0,0.0,0.0,0.0,0.0,0.0,0.0,0.0,0.0,0.0,0.0,0.0,0.0,0.0,0.0,0.0,0.6336688132173235,0.0,0.0,133,226,75,0,0,1
27135,4,0,5,131,2,2,1,4.0,1,0,0,0,0,646859.17154,,0,5,0,False,8,64,0,0,0,0,0,0,0,0,0,0,0,0,0,0,0,0,0,0,0,0,0,0,0,0,0,0,0,0,0,0,0,0,0,0,0,0,0,0,0,0,0,0,0,0,0,0,0,0,0,0,0,0,0,0,0,0,1,0,1,0,0,0,0,0,0,0,0,0,0,0,0,0,0,0,0,0,0,0,0,0,0,0,0,0,0,0,0,0,0,0,0,0,0,0,0,0,0,0,0,0,0,0,0,0,0,0,0,0,0,0,0,0,0,0,0,0,0,0,0,0,0,0,0,0,0,0,0,0,0,0,0,0,0,0,0,0,0,0,0,0,0,0,0,0,0,0,0,0,0,0,0,0,0,2,1802.8622222222223,4,0.0,0.0,0.0,0.0,0.0,0.0,0.0,0.0,0.0,0.0,0.0,0.0,0.0,0.0,0.0,0.0,0.0,0.0,0.0,0.0,0.0,0.0,0.0,15,227,41,0,5,0
26993,8,3,5,129,1,2,0,4.0,1,0,0,0,0,671958.828185,,1,5,0,False,8,22,0,0,0,0,0,0,0,0,0,0,0,0,0,0,0,0,0,0,0,0,0,0,0,0,0,0,0,0,0,0,0,0,0,0,0,0,0,0,0,0,0,0,0,0,0,0,0,0,0,0,0,0,0,0,0,0,0,0,0,0,0,0,0,1,0,0,0,0,0,0,0,0,0,0,0,0,0,0,0,0,0,0,0,0,0,0,0,0,0,0,0,0,0,0,0,0,0,0,0,0,0,0,0,0,0,0,0,0,0,0,0,0,0,0,0,0,0,0,0,0,0,0,0,0,0,0,0,0,0,0,0,0,0,0,0,0,0,0,0,0,0,0,0,0,0,0,0,0,0,0,0,0,0,1,1905.111111111111,4,0.0,0.0,0.0,0.0,0.0,0.0,0.0,0.0,0.0,0.0,0.0,0.0,0.0,0.0,0.0,0.0,0.0,0.0,0.0,0.0,0.0,1.0,0.0,10,222,32,0,0,1
26562,9,0,25,19,1,3,1,4.0,1,1,0,0,0,654623.008322,,0,25,0,False,8,90,1,0,0,0,0,0,0,0,0,0,0,0,0,0,0,0,0,0,0,0,0,0,0,0,0,0,0,0,0,0,0,0,0,0,0,0,0,0,0,0,0,0,0,0,0,0,0,0,0,0,0,0,0,0,0,0,1,1,1,0,0,0,0,0,0,0,0,0,0,0,0,0,0,0,0,0,0,0,0,0,0,0,0,0,0,0,0,0,0,0,0,0,0,0,0,0,0,0,0,0,0,0,0,0,0,0,0,0,0,0,0,0,0,0,0,0,0,0,0,0,0,0,0,0,0,0,0,0,0,0,0,0,0,0,0,0,0,0,0,0,0,0,0,0,0,0,0,0,0,0,0,0,0,4,2222.4244444444444,4,0.2859773542666114,0.0,0.0,0.0,0.0,0.0,0.2919560764138723,0.2924235639766948,0.0,0.0,0.0,0.24659104392656364,0.0,0.0,0.0,0.0,0.8074536513237394,0.0,0.0,0.0,0.0,0.18622169460624807,0.0,10,213,23,0,1,1
28373,1,0,7,406,2,1,1,4.0,1,0,0,0,0,711869.689559,,0,7,0,False,8,133,1,0,0,0,0,0,0,0,0,0,0,0,0,0,0,0,0,0,0,0,0,0,0,0,0,0,0,0,0,0,0,0,0,0,0,0,0,0,0,0,0,0,0,0,0,0,0,0,0,0,0,0,0,0,0,0,1,1,0,0,0,0,0,0,0,0,0,0,0,0,0,0,0,0,0,0,0,0,0,0,0,0,0,0,0,0,0,0,0,0,0,0,0,0,0,0,0,0,0,0,0,0,0,0,0,0,0,0,0,0,0,0,0,0,0,0,0,0,0,0,0,0,0,0,0,0,0,0,0,0,0,0,0,0,0,0,0,0,0,0,0,0,0,0,0,0,0,0,0,0,0,0,0,3,523.0091666666667,4,0.0,0.0,0.0,0.35920869949131434,0.0,0.0,0.0,0.22087289203797358,0.2289477805117268,0.38458720578917704,0.0,0.37250949466619454,0.0,0.0,0.0,0.0,0.20329486074830522,0.0,0.0,0.0,0.3538629299530637,0.562626673289193,0.0,144,212,83,0,2,1
27749,6,8,8,67,1,4,0,5.0,1,0,0,0,0,721523.102219,,1,8,0,False,8,225,0,0,0,0,0,0,0,0,0,0,0,0,0,0,0,0,0,0,0,0,0,0,0,0,0,0,0,0,0,0,0,0,0,0,0,0,0,0,0,0,0,0,0,0,0,0,0,0,0,0,0,0,0,0,0,0,0,0,1,0,0,0,0,0,0,0,0,0,0,0,0,0,0,0,0,0,0,0,1,0,0,0,0,0,0,0,0,0,0,0,0,0,0,0,0,0,0,0,0,0,0,0,0,0,0,0,0,0,0,0,0,0,0,0,0,0,0,0,0,0,0,0,0,0,0,0,0,0,0,0,0,0,0,0,0,0,0,0,0,0,0,0,0,0,0,0,0,0,0,0,0,0,0,2,1177.1852777777779,4,0.0,0.31202929985691946,0.0,0.0,0.0,0.0,0.0,0.10019353851646302,0.830852099714133,0.0,0.0,0.0,0.0,0.10633072261768588,0.0,0.08973013843479628,0.18443939654742594,0.09353821304007925,0.0,0.09170676221165316,0.0,0.19141628271057318,0.308396542029011,91,212,66,1,2,1
28491,4,8,13,28,1,4,1,4.0,1,0,0,0,0,725205.450576,,0,13,0,False,8,19,1,0,0,0,0,0,0,0,0,0,0,0,0,0,0,0,0,0,0,0,0,0,0,0,0,0,0,0,0,0,0,0,0,0,0,0,0,0,0,0,0,0,0,0,0,0,0,0,0,0,0,0,0,0,0,0,1,1,1,0,0,0,0,0,0,0,0,0,0,0,0,0,0,0,0,0,0,0,0,0,0,0,0,0,0,0,0,0,0,0,0,0,0,0,0,0,0,0,0,0,0,0,0,0,0,0,0,0,0,0,0,0,0,0,0,0,0,0,0,0,0,0,0,0,0,0,0,0,0,0,0,0,0,0,0,0,0,0,0,0,0,0,0,0,0,0,0,0,0,0,0,0,0,4,355.26666666666665,4,0.0,0.0,0.0,0.0,0.0,0.0,0.0,0.5183530288476976,0.0,0.4512820499099978,0.0,0.4371098305752024,0.0,0.0,0.0,0.0,0.47710022649559786,0.0,0.0,0.0,0.0,0.33009849864217056,0.0,125,209,92,6,1,1
27024,4,0,4,46,2,1,1,20.0,1,0,0,0,0,730265.846265,,0,4,0,False,8,44,1,0,0,0,0,0,0,0,0,0,0,0,0,0,0,0,0,0,0,0,0,0,0,0,0,0,0,0,0,0,0,0,0,0,0,0,0,0,0,0,0,0,0,0,0,0,0,0,0,0,0,0,0,0,0,0,1,1,1,0,0,0,0,0,0,0,0,0,0,0,0,0,0,0,0,0,0,0,0,0,0,0,0,0,0,0,0,0,0,0,0,0,0,0,0,0,0,0,0,0,0,0,0,0,0,0,0,0,0,0,0,0,0,0,0,0,0,0,0,0,0,0,0,0,0,0,0,0,0,0,0,0,0,0,0,0,0,0,0,0,0,0,0,0,0,0,0,0,0,0,0,0,0,4,1872.1925,4,0.4312908037789993,0.0,0.0,0.0,0.0,0.0,0.0,0.4410125209909081,0.45713549058519437,0.38394882142615827,0.0,0.37189115834899195,0.0,0.0,0.0,0.0,0.0,0.0,0.0,0.0,0.35327554545942075,0.0,0.0,12,208,36,0,1,1
28514,1,2,5,7,1,2,1,6.0,1,0,0,0,0,777262.214923,,0,5,0,False,8,63,0,0,0,0,0,0,0,0,0,0,0,0,0,0,0,0,0,0,0,0,0,0,0,0,0,0,0,0,0,0,0,0,0,0,0,0,0,0,0,0,0,0,0,0,0,0,0,0,0,0,0,0,0,0,0,0,1,0,1,0,0,0,0,0,0,0,0,0,0,0,0,0,0,0,0,0,0,0,1,0,0,0,0,0,0,0,0,0,0,0,0,0,0,0,0,0,0,0,0,0,0,0,0,0,0,0,0,0,0,0,0,0,0,0,0,0,0,0,0,0,0,0,0,0,0,0,0,0,0,0,0,0,0,0,0,0,0,0,0,0,0,0,0,0,0,0,0,0,0,0,0,0,0,3,321.70222222222225,4,0.0,0.0,0.0,0.0,0.0,0.0,0.0,0.32455696522466476,0.0,0.0,0.0,0.5473761401442043,0.0,0.0,0.0,0.2906628695901517,0.5974546033371719,0.0,0.0,0.0,0.0,0.20668494439529858,0.33299634304019254,128,202,89,0,2,1
25497,1,0,9,129,8,1,1,4.0,1,0,0,0,0,804308.126469,,0,9,0,False,8,0,0,0,0,0,0,0,0,0,0,0,0,0,0,0,0,0,0,0,0,0,0,0,0,0,0,0,0,0,0,0,0,0,0,0,0,0,0,0,0,0,0,0,0,0,0,0,0,0,0,0,0,0,0,0,0,0,1,0,0,0,0,0,0,1,0,0,0,0,0,0,0,0,0,0,0,0,0,0,0,0,0,0,0,0,0,0,0,0,0,0,0,0,0,0,0,0,0,0,0,0,0,0,0,0,0,0,0,0,0,0,0,0,0,0,0,0,0,0,0,0,0,0,0,0,0,0,0,0,0,0,0,0,0,0,0,0,0,0,0,0,0,0,0,0,0,0,0,0,0,0,0,0,0,2,2952.673888888889,4,0.0,0.0,0.0,0.0,0.0,0.0,0.0,0.0,0.0,0.0,0.0,0.0,0.0,0.0,0.0,0.0,0.0,0.0,0.0,0.0,0.0,0.0,0.0,3,209,6,0,4,1
25199,6,0,19,118,3,1,1,4.0,1,0,0,0,0,817704.623126,,0,19,0,False,8,259,0,0,0,0,0,0,0,0,0,0,0,0,0,0,0,0,0,0,0,0,0,0,0,0,0,0,0,0,0,0,0,0,0,0,0,0,0,0,0,0,0,0,0,0,0,0,0,0,0,0,0,0,0,0,0,0,1,0,0,0,0,0,0,1,0,0,0,0,0,0,0,0,0,0,0,0,0,0,0,0,0,0,0,0,0,0,0,0,0,0,0,0,0,0,0,0,0,0,0,0,0,0,0,0,0,0,0,0,0,0,0,0,0,0,0,0,0,0,0,0,0,0,0,0,0,0,0,0,0,0,0,0,0,0,0,0,0,0,0,0,0,0,0,0,0,0,0,0,0,0,0,0,0,2,3138.6944444444443,4,0.2863305182287358,0.10131214574594427,0.0,0.47615986847796954,0.10794489498014988,0.0,0.1948777491467092,0.2927846886004866,0.0,0.08496685148318736,0.0,0.16459704552277876,0.1041635278980585,0.10357290490400409,0.10462362344059677,0.2622086317012713,0.4491393364230997,0.0,0.0,0.0,0.39089468607036054,0.12430111108804845,0.20026526629336042,2,208,4,0,3,1
24424,12,13,73,576,6,2,1,4.0,1,0,0,0,0,861345.505812,,0,73,0,False,8,13,0,0,0,0,0,0,0,0,0,0,0,0,0,0,0,0,0,0,0,0,0,0,0,0,0,0,0,0,0,0,0,0,0,0,0,0,0,0,0,0,0,0,0,0,0,0,0,0,0,0,0,0,0,0,0,0,1,0,1,0,0,0,0,0,0,0,0,0,0,0,0,0,0,0,0,0,0,0,0,0,0,0,0,0,0,0,0,0,0,0,0,0,0,0,0,0,0,0,0,0,0,0,0,0,0,0,0,0,0,0,0,0,0,0,0,0,0,0,0,0,0,0,0,0,0,0,0,0,0,0,0,0,0,0,0,0,0,0,0,0,0,0,0,0,0,0,0,0,0,0,0,0,0,2,3626.3530555555553,4,0.0,0.0,0.0,0.0,0.0,0.0,0.0,0.0,0.0,0.0,0.0,0.0,0.0,0.0,0.0,0.0,0.0,0.0,0.0,0.0,1.0,0.0,0.0,0,205,0,0,4,1
28163,3,4,7,186,3,2,1,4.0,1,0,0,0,0,874512.265676,,0,7,0,False,8,15,1,0,0,0,0,0,0,0,0,0,0,0,0,0,0,0,0,0,0,0,0,0,0,0,0,0,0,0,0,0,0,0,0,0,0,0,0,0,0,0,0,0,0,0,0,0,0,0,0,0,0,0,0,0,0,0,1,1,1,0,0,0,0,0,0,0,0,0,0,0,0,0,0,0,0,0,0,0,0,0,0,0,0,0,0,0,0,0,0,0,0,0,0,0,0,0,0,0,0,0,0,0,0,0,0,0,0,0,0,0,0,0,0,0,0,0,0,0,0,0,0,0,0,0,0,0,0,0,0,0,0,0,0,0,0,0,0,0,0,0,0,0,0,0,0,0,0,0,0,0,0,0,0,4,705.2861111111112,4,0.0,0.0,0.0,0.0,0.0,0.0,0.0,0.6364063693049591,0.0,0.5540601770074844,0.0,0.5366602774218668,0.0,0.0,0.0,0.0,0.0,0.0,0.0,0.0,0.0,0.0,0.0,131,207,71,0,6,0
25762,1,0,6,154,2,1,1,4.0,1,0,0,0,0,885147.297003,,0,6,0,False,8,95,0,0,0,0,0,0,0,0,0,0,0,0,0,0,0,0,0,0,0,0,0,0,0,0,0,0,0,0,0,0,0,0,0,0,0,0,0,0,0,0,0,0,0,0,0,0,0,0,0,0,0,0,0,0,0,0,1,0,1,0,0,0,0,0,0,0,0,0,0,0,0,0,0,0,0,0,0,0,1,0,0,0,0,0,0,0,0,0,0,0,0,0,0,0,0,0,0,0,0,0,0,0,0,0,0,0,0,0,0,0,0,0,0,0,0,0,0,0,0,0,0,0,0,0,0,0,0,0,0,0,0,0,0,0,0,0,0,0,0,0,0,0,0,0,0,0,0,0,0,0,0,0,0,3,2684.238611111111,4,0.49664048639722314,0.2635889826858273,0.0,0.2064749071690149,0.0,0.0,0.0,0.253917624736119,0.0,0.22106259599548264,0.0,0.21412026891247088,0.0,0.0,0.0,0.0,0.0,0.0,0.2541721052165429,0.0,0.20340213284389325,0.3234005476557417,0.5210403690584786,3,208,7,0,1,1
27782,1,12,19,1875,7,2,1,3.0,1,0,0,0,0,886778.190892,,0,19,0,False,8,140,1,0,0,0,0,0,0,0,0,0,0,0,0,0,0,0,0,0,0,0,0,0,0,0,0,0,0,0,0,0,0,0,0,0,0,0,0,0,0,0,0,0,0,0,0,0,0,0,0,0,0,0,0,0,0,0,1,1,0,0,0,0,0,0,0,0,0,0,0,0,0,0,0,0,0,0,0,0,0,0,0,0,0,0,0,0,0,0,0,0,0,0,0,0,0,0,0,0,0,0,0,0,0,0,0,0,0,0,0,0,0,0,0,0,0,0,0,0,0,0,0,0,0,0,0,0,0,0,0,0,0,0,0,0,0,0,0,0,0,0,0,0,0,0,0,0,0,0,0,0,0,0,0,3,1114.3452777777777,4,0.2143361172461313,0.0,0.0,0.0,0.0,0.23925717676600003,0.0,0.0,0.0,0.0,0.0,0.18481661612134376,0.0,0.0,0.2349517755829808,0.0,0.20172515748641542,0.0,0.0,0.0,0.0,0.5582824566127977,0.6745992686337101,105,208,65,0,3,1
24609,3,3,6,496,5,3,1,4.0,1,0,0,0,0,888167.388441,,0,6,0,False,8,30,0,0,0,0,0,0,0,0,0,0,0,0,0,0,0,0,0,0,0,0,0,0,0,0,0,0,0,0,0,0,0,0,0,0,0,0,0,0,0,0,0,0,0,0,0,0,0,0,0,0,0,0,0,0,0,0,1,0,1,0,0,0,0,0,0,1,0,0,0,0,0,0,0,0,0,0,0,0,0,0,0,0,0,0,0,0,0,0,0,0,0,0,0,0,0,0,0,0,0,0,0,0,0,0,0,0,0,0,0,0,0,0,0,0,0,0,0,0,0,0,0,0,0,0,0,0,0,0,0,0,0,0,0,0,0,0,0,0,0,0,0,0,0,0,0,0,0,0,0,0,0,0,0,3,3486.11,4,0.0,0.0,0.0,0.0,0.0,0.0,0.0,0.0,0.0,0.0,0.0,0.0,0.0,0.7189462004758207,0.0,0.0,0.0,0.0,0.0,0.0,0.0,0.0,0.6950657241019592,1,206,1,0,2,1
25934,3,0,14,88,5,3,3,3.0,1,0,0,0,0,890099.148742,,0,14,0,False,8,7,0,0,0,0,0,0,0,0,0,0,0,0,0,0,0,0,0,0,0,0,0,0,0,0,0,0,0,0,0,0,0,0,0,0,0,0,0,0,0,0,0,0,0,0,0,0,0,0,0,0,0,0,0,0,0,0,1,0,0,0,0,0,0,0,0,0,0,0,0,0,0,0,0,0,0,0,0,0,0,0,0,0,0,0,0,0,0,0,0,0,0,0,0,0,0,0,0,0,0,0,0,0,0,0,0,0,0,0,0,0,0,0,0,0,0,0,0,0,0,0,0,0,0,0,0,0,0,0,0,0,0,0,0,0,0,0,0,0,0,0,0,0,0,0,0,0,0,0,0,0,0,0,0,1,2520.958611111111,4,0.0,0.0,0.0,0.0,0.0,0.0,0.0,0.0,0.0,0.0,0.0,0.0,0.0,0.0,0.0,0.0,0.0,0.0,0.0,0.0,0.0,0.0,0.0,6,206,12,0,0,1
27885,2,0,3,20,1,1,1,7.0,1,0,0,0,0,891745.783376,,0,3,0,False,8,56,1,0,0,0,0,0,0,0,0,0,0,0,0,0,0,0,0,0,0,0,0,0,0,0,0,0,0,0,0,0,0,0,0,0,0,0,0,0,0,0,0,0,0,0,0,0,0,0,0,0,0,0,0,0,0,0,1,1,1,0,0,0,0,0,0,0,0,0,0,0,0,0,0,0,0,0,0,0,0,0,0,0,0,0,0,0,0,0,0,0,0,0,0,0,0,0,0,0,0,0,0,0,0,0,0,0,0,0,0,0,0,0,0,0,0,0,0,0,0,0,0,0,0,0,0,0,0,0,0,0,0,0,0,0,0,0,0,0,0,0,0,0,0,0,0,0,0,0,0,0,0,0,0,4,1010.5083333333333,4,0.0,0.0,0.0,0.3144057752991806,0.0,0.0,0.0,0.38664827974440774,0.0,0.0,0.0,0.3260476058700322,0.0,0.0,0.4144944623022837,0.0,0.0,0.36096528476604306,0.0,0.35389769016131645,0.0,0.24622604584742913,0.3967022032897804,145,204,78,2,0,1
27444,3,0,9,195,4,0,0,4.0,0,0,0,0,0,891774.127628,,0,9,0,False,8,183,0,0,0,0,0,0,0,0,0,0,0,0,0,0,0,0,0,0,0,0,0,0,0,0,0,0,0,0,0,0,0,0,0,0,0,0,0,0,0,0,0,0,0,0,0,0,0,0,0,0,0,0,0,0,0,0,0,0,1,0,0,0,0,0,0,0,0,0,0,0,0,0,0,0,0,0,0,0,0,0,0,0,0,0,0,0,0,0,0,0,0,0,0,0,0,0,0,0,0,0,0,0,0,0,0,0,0,0,0,0,0,0,0,0,0,0,0,0,0,0,0,0,0,0,0,0,0,0,0,0,0,0,0,0,0,0,0,0,0,0,0,0,0,0,0,0,0,0,0,0,0,0,0,1,1435.1602777777778,4,0.22319485231593078,0.11845933965120772,0.0,0.09279174307121384,0.0,0.0,0.11393051300345704,0.11411294146498904,0.0,0.0,0.0,0.0,0.0,0.0,0.48932515458782894,0.10219591189678183,0.3150940026725783,0.0,0.0,0.10444713843979601,0.6398756680334217,0.3633480326812417,0.0,27,203,67,0,3,1
25843,2,0,7,5,1,0,0,4.0,1,0,0,0,0,892235.910742,,0,7,0,False,8,104,1,0,0,0,0,0,0,0,0,0,0,0,0,0,0,0,0,0,0,0,0,0,0,0,0,0,0,0,0,0,0,0,0,0,0,0,0,0,0,0,0,0,0,0,0,0,0,0,0,0,0,0,0,0,0,0,0,1,1,0,0,0,0,0,0,0,0,0,0,0,0,0,0,0,0,0,0,0,0,0,0,0,0,0,0,0,0,0,0,0,0,0,0,0,0,0,0,0,0,0,0,0,0,0,0,0,0,0,0,0,0,0,0,0,0,0,0,0,0,0,0,0,0,0,0,0,0,0,0,0,0,0,0,0,0,0,0,0,0,0,0,0,0,0,0,0,0,0,0,0,0,0,0,3,2622.3308333333334,4,0.0,0.0,0.0,0.3286633862448431,0.0,0.0,0.0,0.0,0.0,0.351883831154734,0.0,0.5112497223705484,0.0,0.0,0.0,0.0,0.0,0.18866713357149797,0.0,0.18497308632763795,0.0,0.5147837117997428,0.4146917763833747,4,201,9,0,3,1
28097,2,0,4,16,1,2,1,5.0,1,0,0,0,0,893911.448574,,0,4,0,False,8,60,0,0,0,0,0,0,0,0,0,0,0,0,0,0,0,0,0,0,0,0,0,0,0,0,0,0,0,0,0,0,0,0,0,0,0,0,0,0,0,0,0,0,0,0,0,0,0,0,0,0,0,0,0,0,0,0,1,0,1,0,0,0,0,0,0,0,0,0,0,0,0,0,0,0,0,0,0,0,0,0,0,0,0,0,0,0,0,0,0,0,0,0,0,0,0,0,0,0,0,0,0,0,0,0,0,0,0,0,0,0,0,0,0,0,0,0,0,0,0,0,0,0,0,0,0,0,0,0,0,0,0,0,0,0,0,0,0,0,0,0,0,0,0,0,0,0,0,0,0,0,0,0,0,2,789.4880555555555,4,0.34874545589086287,0.0,0.0,0.0,0.0,0.0,0.3560364254371698,0.0,0.0,0.31046432150600156,0.0,0.3007143913661056,0.0,0.0,0.0,0.0,0.6564524254348539,0.0,0.0,0.0,0.0,0.0,0.36587927489163025,161,201,66,0,2,1
28151,2,0,2,40,2,1,1,4.0,0,0,0,0,0,899099.478698,,0,2,0,False,8,93,0,0,0,0,0,0,0,0,0,0,0,0,0,0,0,0,0,0,0,0,0,0,0,0,0,0,0,0,0,0,0,0,0,0,0,0,0,0,0,0,0,0,0,0,0,0,0,0,0,0,0,0,0,0,0,0,1,0,1,0,0,0,0,0,0,0,0,0,0,0,0,0,0,0,0,0,0,0,0,0,0,0,0,0,0,0,0,0,0,0,0,0,0,0,0,0,0,0,0,0,0,0,0,0,0,0,0,0,0,0,0,0,0,0,0,0,0,0,0,0,0,0,0,0,0,0,0,0,0,0,0,0,0,0,0,0,0,0,0,0,0,0,0,0,0,0,0,0,0,0,0,0,0,2,729.5844444444444,4,0.4248817441125452,0.45100691449802827,0.0,0.0,0.0,0.0,0.0,0.43445899484122363,0.0,0.0,0.0,0.0,0.0,0.0,0.0,0.0,0.0,0.0,0.0,0.0,0.34802580669914623,0.55334590110329,0.0,125,202,69,0,5,0
27316,3,0,4,10,2,0,0,8.0,0,0,0,0,0,899445.176129,,0,4,0,False,8,139,1,0,0,0,0,0,0,0,0,0,0,0,0,0,0,0,0,0,0,0,0,0,0,0,0,0,0,0,0,0,0,0,0,0,0,0,0,0,0,0,0,0,0,0,0,0,0,0,0,0,0,0,0,0,0,0,0,1,1,0,0,0,0,0,0,0,0,0,0,0,0,0,0,0,0,0,0,0,0,0,0,0,0,0,0,0,0,0,0,0,0,0,0,0,0,0,0,0,0,0,0,0,0,0,0,0,0,0,0,0,0,0,0,0,0,0,0,0,0,0,0,0,0,0,0,0,0,0,0,0,0,0,0,0,0,0,0,0,0,0,0,0,0,0,0,0,0,0,0,0,0,0,0,3,1537.651388888889,4,0.0,0.0,0.0,0.25368577190962577,0.0,0.0,0.0,0.311976353523251,0.0,0.2716089624370374,0.0,0.5261585191666172,0.0,0.0,0.0,0.0,0.5742958201984272,0.0,0.0,0.0,0.0,0.39734667370929017,0.0,22,203,53,0,6,0
26653,3,0,69,2,1,1,1,4.0,0,0,0,0,0,899789.741913,,0,69,0,False,8,166,0,0,0,0,0,0,0,0,0,0,0,0,0,0,0,0,0,0,0,0,0,0,0,0,0,0,0,0,0,0,0,0,0,0,0,0,0,0,0,0,0,0,0,0,0,0,0,0,0,0,0,0,0,0,0,0,1,0,1,0,0,0,0,0,0,0,0,0,0,0,0,0,0,0,0,0,0,0,0,0,0,0,0,0,0,0,0,0,0,0,0,0,0,0,0,0,0,0,0,0,0,0,0,0,0,0,0,0,0,0,0,0,0,0,0,0,0,0,0,0,0,0,0,0,0,0,0,0,0,0,0,0,0,0,0,0,0,0,0,0,0,0,0,0,0,0,0,0,0,0,0,0,0,2,2119.368611111111,4,0.0,0.0,0.0,0.30297298771860814,0.0,0.0,0.0,0.186294263200083,0.0,0.0,0.0,0.15709574226959228,0.0,0.1977054001575098,0.0,0.0,0.0,0.0,0.0,0.0,0.0,0.4745449773850195,0.7645537150256836,10,202,25,0,3,1
28232,4,0,4,112,3,1,0,6.0,1,0,0,0,0,902143.683889,,0,4,0,False,8,111,0,0,0,0,0,0,0,0,0,0,0,0,0,0,0,0,0,0,0,0,0,0,0,0,0,0,0,0,0,0,0,0,0,0,0,0,0,0,0,0,0,0,0,0,0,0,0,0,0,0,0,0,0,0,0,0,0,0,1,0,0,0,0,0,0,0,0,0,0,0,0,0,0,0,0,0,0,0,0,0,0,0,0,0,0,0,0,0,0,0,0,0,0,0,0,0,0,0,0,0,0,0,0,0,0,0,0,0,0,0,0,0,0,0,0,0,0,0,0,0,0,0,0,0,0,0,0,0,0,0,0,0,0,0,0,0,0,0,0,0,0,0,0,0,0,0,0,0,0,0,0,0,0,1,623.8197222222223,4,0.0,0.0,0.0,0.0,0.0,0.0,0.0,0.0,0.0,0.0,0.0,0.0,0.0,0.0,0.0,0.0,0.0,0.0,0.0,0.0,0.0,0.5273583657928256,0.8496429567932169,134,201,83,1,2,1
28025,4,0,64,741,3,1,1,6.0,0,0,0,0,0,935865.903766,,0,64,0,False,8,14,0,0,0,0,0,0,0,0,0,0,0,0,0,0,0,1,0,0,0,0,0,0,0,0,0,0,0,0,0,0,0,0,0,0,0,0,0,0,0,0,0,0,0,0,0,0,0,0,0,0,0,0,0,0,0,0,1,0,1,1,0,0,0,0,0,0,0,0,0,0,0,0,0,0,0,0,0,0,1,0,0,0,0,0,0,0,0,0,0,0,0,0,0,0,0,0,0,0,0,0,0,0,0,0,0,0,0,0,0,0,0,0,0,0,0,0,0,0,0,0,0,0,0,0,0,0,0,0,0,0,0,0,0,0,0,0,0,0,0,0,0,0,0,0,0,0,0,0,0,0,0,0,0,5,830.0677777777778,4,0.6991827390509684,0.0,0.0,0.0,0.0,0.0,0.0,0.7149430029122501,0.0,0.0,0.0,0.0,0.0,0.0,0.0,0.0,0.0,0.0,0.0,0.0,0.0,0.0,0.0,150,199,70,3,0,1
26995,7,0,6,21,1,1,0,5.0,0,0,0,0,0,936981.536063,,0,6,0,False,8,32,1,0,0,0,0,0,0,0,0,0,0,0,0,0,0,0,0,0,0,0,0,0,0,0,0,0,0,0,0,0,0,0,0,0,0,0,0,0,0,0,0,0,0,0,0,0,0,0,0,0,0,0,0,0,0,0,0,1,1,0,0,0,0,0,0,0,0,0,0,0,0,0,0,0,0,0,0,0,0,0,0,0,0,0,0,0,0,0,0,0,0,0,0,0,0,0,0,0,0,0,0,0,0,0,0,0,0,0,0,0,0,0,0,0,0,0,0,0,0,0,0,0,0,0,0,0,0,0,0,0,0,0,0,0,0,0,0,0,0,0,0,0,0,0,0,0,0,0,0,0,0,0,0,3,1839.4177777777777,4,0.0,0.0,0.0,0.0,0.0,0.0,0.0,0.3647130516734722,0.0,0.6350438578665847,0.0,0.615100718442593,0.0,0.0,0.0,0.0,0.0,0.0,0.0,0.0,0.29215542900373126,0.0,0.0,11,197,33,0,0,1
25876,1,0,4,17,1,1,1,5.0,1,0,0,0,0,938438.904819,,0,4,0,False,8,22,1,0,0,0,0,0,0,0,0,0,0,0,0,0,0,0,0,0,0,0,0,0,0,0,0,0,0,0,0,0,0,0,0,0,0,0,0,0,0,0,0,0,0,0,0,0,0,0,0,0,0,0,0,0,0,0,1,1,1,0,0,0,0,0,0,0,0,0,0,0,0,0,0,0,0,0,0,0,0,0,0,0,0,0,0,0,0,0,0,0,0,0,0,0,0,0,0,0,0,0,0,0,0,0,0,0,0,0,0,0,0,0,0,0,0,0,0,0,0,0,0,0,0,0,0,0,0,0,0,0,0,0,0,0,0,0,0,0,0,0,0,0,0,0,0,0,0,0,0,0,0,0,0,4,2589.8758333333335,4,0.0,0.0,0.0,0.0,0.0,0.0,0.0,0.6364063693049591,0.0,0.5540601770074844,0.0,0.5366602774218668,0.0,0.0,0.0,0.0,0.0,0.0,0.0,0.0,0.0,0.0,0.0,5,196,10,0,4,1
26398,7,0,1,12,1,1,1,3.0,0,0,0,0,0,966562.380698,,0,1,0,False,8,41,0,0,0,0,0,0,0,0,0,0,0,0,0,0,0,1,0,0,0,0,0,0,0,0,0,0,0,0,0,0,0,0,0,0,0,0,0,0,0,0,0,0,0,0,0,0,0,0,0,0,0,0,0,0,0,0,1,0,0,1,0,0,0,0,0,0,0,0,0,0,0,0,0,0,0,0,0,0,1,0,0,0,0,0,0,0,0,0,0,0,0,0,0,0,0,0,0,0,0,0,0,0,0,0,0,0,0,0,0,0,0,0,0,0,0,0,0,0,0,0,0,0,0,0,0,0,0,0,0,0,0,0,0,0,0,0,0,0,0,0,0,0,0,0,0,0,0,0,0,0,0,0,0,4,2259.1744444444444,4,0.0,0.0,0.0,0.0,0.0,0.0,0.0,0.0,0.0,1.0,0.0,0.0,0.0,0.0,0.0,0.0,0.0,0.0,0.0,0.0,0.0,0.0,0.0,11,193,21,0,3,1
28439,8,0,10,25,1,1,1,5.0,1,0,0,0,0,970721.979174,,0,10,0,False,8,21,1,0,0,0,0,0,0,0,0,0,0,0,0,0,0,0,0,0,0,0,0,0,0,0,0,0,0,0,0,0,0,0,0,0,0,0,0,0,0,0,0,0,0,0,0,0,0,0,0,0,0,0,0,0,0,0,1,1,1,0,0,0,0,0,0,0,0,0,0,0,0,0,0,0,0,0,0,0,0,0,0,0,0,0,0,0,0,0,0,0,0,0,0,0,0,0,0,0,0,0,0,0,0,0,0,0,0,0,0,0,0,0,0,0,1,0,0,0,0,0,0,0,0,0,0,0,0,0,0,0,0,0,0,0,0,0,0,0,0,0,0,0,0,0,0,0,0,0,0,0,0,0,0,5,336.0547222222222,4,0.0,0.0,0.0,0.0,0.0,0.0,0.0,0.7644735662308195,0.0,0.0,0.0,0.6446550756290782,0.0,0.0,0.0,0.0,0.0,0.0,0.0,0.0,0.0,0.0,0.0,125,191,91,5,6,0
28374,2,1,8,3,1,1,1,4.0,1,0,0,0,0,1077504.71102,,0,8,0,False,8,60,0,0,0,0,0,0,0,0,0,0,0,0,0,0,0,0,0,0,0,0,0,0,0,0,0,0,0,0,0,0,0,0,0,0,0,0,0,0,0,0,0,0,0,0,0,0,0,0,0,0,0,0,0,0,0,0,1,0,0,0,0,0,0,0,0,0,0,0,0,0,0,0,0,0,0,0,0,0,0,0,0,0,0,0,0,0,0,0,0,0,0,0,0,0,0,0,0,0,0,0,0,0,0,0,0,0,0,0,0,0,0,0,0,0,1,0,0,0,0,0,0,0,0,0,0,0,0,0,0,0,0,0,0,0,0,0,0,0,0,0,0,0,0,0,0,0,0,0,0,0,0,0,0,2,404.35055555555556,4,0.0,0.0,0.0,0.21927403950030486,0.0,0.0,0.0,0.26965767433732357,0.0,0.0,0.0,0.4547866561324682,0.0,0.0,0.0,0.0,0.7445914097691957,0.0,0.0,0.0,0.0,0.34344776047308034,0.0,145,177,84,1,2,1
25375,9,20,41,317,2,2,2,4.0,1,1,0,0,0,1098051.056504,,0,41,0,False,8,1126,0,0,0,0,0,0,0,0,0,0,0,0,0,0,0,0,0,0,0,0,0,0,0,0,0,0,0,0,0,0,0,0,0,0,0,0,0,0,0,0,0,0,0,0,0,0,0,0,0,0,0,0,0,0,0,0,1,0,1,0,0,0,0,0,0,0,0,0,0,0,0,0,0,0,0,0,0,0,0,0,0,0,0,0,0,0,0,0,0,0,0,0,0,0,0,0,0,0,0,0,0,0,0,0,0,0,0,0,0,0,0,0,0,0,0,0,0,0,0,0,0,0,0,0,0,0,0,0,0,0,0,0,0,0,0,0,0,0,0,0,0,0,0,0,0,0,0,0,0,0,0,0,0,2,2918.0233333333335,4,0.0553612781716822,0.05876533787778765,0.0,0.0,0.0,0.0,0.0,0.056609175613869946,0.17603624863796122,0.0,0.1254875111132077,0.0,0.0,0.06007667399455335,0.0606861352724949,0.0,0.0,0.0,0.0,0.0,0.09069419320822567,0.7209991198874595,0.6388928764409337,2,173,5,0,2,1
24830,3,1,19,236,3,2,1,4.0,0,0,0,0,0,1123870.359222,,0,19,0,False,8,24,0,0,0,0,0,0,0,0,0,0,0,0,0,0,0,0,0,0,0,0,0,0,0,0,0,0,0,0,0,0,0,0,0,0,0,0,0,0,0,0,0,0,0,0,0,0,0,0,0,0,0,0,0,0,0,0,1,0,1,0,0,0,0,0,0,0,0,0,0,0,0,0,0,0,0,0,0,0,0,0,0,0,0,0,0,0,0,0,0,0,0,0,0,0,0,0,0,0,0,0,0,0,0,0,0,0,0,0,0,0,0,0,0,0,0,0,0,0,0,0,0,0,0,0,0,0,0,0,0,0,0,0,0,0,0,0,0,0,0,0,0,0,0,0,0,0,0,0,0,0,0,0,0,2,3272.1930555555555,4,0.5275550496492529,0.0,0.0,0.0,0.0,0.0,0.0,0.5394466572640366,0.5591682788480795,0.0,0.0,0.0,0.0,0.0,0.0,0.0,0.0,0.0,0.0,0.0,0.0,0.3435313806427408,0.0,2,183,2,0,1,1
28103,7,3,5,217,2,2,1,9.0,1,0,0,0,0,1128123.875461,,0,5,0,False,8,57,0,0,0,0,0,0,0,0,0,0,0,0,0,0,0,0,0,0,0,0,0,0,0,0,0,0,0,0,0,0,0,0,0,0,0,0,0,0,0,0,0,0,0,0,0,0,0,0,0,0,0,0,0,0,0,0,1,0,0,0,0,0,0,0,0,0,0,0,0,0,0,0,0,0,0,0,0,0,0,0,0,0,0,0,0,0,0,0,0,0,0,0,0,0,0,0,0,0,0,0,0,0,0,0,0,0,0,0,0,0,0,0,0,0,0,0,0,0,0,0,0,0,0,0,0,0,0,0,0,0,0,0,0,0,0,0,0,0,0,0,0,0,0,0,0,0,0,0,0,0,0,0,0,1,705.9830555555556,4,0.0,0.0,0.0,0.0,0.0,0.0,0.0,0.0,0.0,0.0,0.0,0.0,0.0,0.0,0.0,0.0,0.0,0.0,0.0,0.0,0.0,0.0,0.0,150,172,69,0,3,1
28059,9,0,12,111,3,1,1,5.0,1,0,0,0,0,1128365.439484,,2,12,0,False,8,43,0,0,0,0,0,0,0,0,0,0,0,0,0,0,0,1,0,0,0,0,0,0,0,0,0,0,0,0,0,0,0,0,0,0,0,0,0,0,0,0,0,0,0,0,0,0,0,0,0,0,0,0,0,0,0,0,1,0,0,1,0,0,0,0,0,0,0,0,0,0,0,0,0,0,0,0,0,0,1,0,0,0,0,0,0,0,0,0,0,0,0,0,0,0,0,0,0,0,0,0,0,0,0,0,0,0,0,0,0,0,0,0,0,0,0,0,0,0,0,0,0,0,0,0,0,0,0,0,0,0,0,0,0,0,0,0,0,0,0,0,0,0,0,0,0,0,0,0,0,0,0,0,0,4,750.3319444444444,4,0.0,0.0,0.0,0.0,0.0,0.0,0.0,0.0,0.6499459445579967,0.54589062661554,0.0,0.528747286447795,0.0,0.0,0.0,0.0,0.0,0.0,0.0,0.0,0.0,0.0,0.0,157,182,72,0,1,1
28005,1,1,3,1,1,1,1,4.0,1,0,0,0,0,1129911.942048,,0,3,0,False,8,283,0,0,0,0,0,0,0,0,0,0,0,0,0,0,0,1,0,0,0,0,0,0,0,0,0,0,0,0,0,0,0,0,0,0,0,0,0,0,0,0,0,0,0,0,0,0,0,0,0,0,0,0,0,0,0,0,1,0,0,1,0,0,0,0,0,0,0,0,0,0,0,0,0,0,0,0,0,0,1,0,0,0,0,0,0,0,0,0,0,0,0,0,0,0,0,0,0,0,0,0,0,0,0,0,0,0,0,0,0,0,0,0,0,0,0,0,0,0,0,0,0,0,0,0,0,0,0,0,0,0,0,0,0,0,0,0,0,0,0,0,0,0,0,0,0,0,0,0,0,0,0,0,0,4,832.4286111111111,4,0.28630645352956563,0.10130363094869271,0.0,0.3967665412811679,0.10793582273231295,0.0,0.1948613706117309,0.29276008145942334,0.0,0.08495971042909009,0.0,0.16458321193490522,0.1041547734558884,0.10356420010084826,0.10461483032961523,0.26218659433033115,0.44910158842793896,0.0,0.0,0.0,0.3908618332571652,0.18643599626869325,0.3003726524453225,150,180,66,0,5,0
27866,1,0,14,149,2,1,1,4.0,1,0,0,0,0,1136462.572531,,0,14,0,False,8,229,0,0,0,0,0,0,0,0,0,0,0,0,0,0,0,0,0,0,0,0,0,0,0,0,0,0,0,0,0,0,0,0,0,0,0,0,0,0,0,0,0,0,0,0,0,0,0,0,0,0,0,0,0,0,0,0,1,0,1,0,0,0,0,0,0,0,0,0,0,0,0,0,0,0,0,0,0,0,0,0,0,0,0,0,0,0,0,0,0,0,0,0,0,0,0,0,0,0,0,0,0,0,0,0,0,0,0,0,0,0,0,0,0,0,0,0,0,0,0,0,0,0,0,0,0,0,0,0,0,0,0,0,0,0,0,0,0,0,0,0,0,0,0,0,0,0,0,0,0,0,0,0,0,2,980.0266666666666,4,0.0,0.0,0.0,0.0,0.0,0.0,0.0,0.247545918453739,0.0,0.10775767026479553,0.0,0.10437361069871304,0.0,0.0,0.13268701522794188,0.0,0.11392256550027899,0.0,0.0,0.0,0.8923411885716139,0.1576426324897308,0.25398279627910564,141,178,75,0,6,0
27154,1,1,4,32,1,1,1,4.0,1,0,0,0,0,1132974.602398,,0,4,0,False,8,157,1,0,0,0,0,0,0,0,0,0,0,0,0,0,0,0,0,0,0,0,0,0,0,0,0,0,0,0,0,0,0,0,0,0,0,0,0,0,0,0,0,0,0,0,0,0,0,0,0,0,0,0,0,0,0,0,1,1,1,0,0,0,0,0,0,0,0,0,0,0,0,0,0,0,0,0,0,0,1,0,0,0,0,0,0,0,0,0,0,0,0,0,0,0,0,0,0,0,0,0,0,0,0,0,0,0,0,0,0,0,0,0,0,0,0,0,0,0,0,0,0,0,0,0,0,0,0,0,0,0,0,0,0,0,0,0,0,0,0,0,0,0,0,0,0,0,0,0,0,0,0,0,0,5,1636.3933333333334,4,0.15892623163297254,0.0,0.0,0.13214500155307046,0.0,0.0,0.32449757531183754,0.16250858457894854,0.0,0.42444359208118804,0.0,0.2740761447086726,0.1734462368682264,0.17246277041126426,0.0,0.29107501355920007,0.5983017611179123,0.0,0.0,0.0,0.2603568203912743,0.0,0.0,16,179,42,0,6,0
27366,10,6,35,10,2,4,2,5.0,1,0,0,0,0,1138492.454638,,0,35,0,False,8,156,0,0,0,0,0,0,0,0,0,0,0,0,0,0,0,0,0,0,0,0,0,0,0,0,0,0,0,0,0,0,0,0,0,0,0,0,0,0,0,0,0,0,0,0,0,0,0,0,0,0,0,0,0,0,0,0,1,0,0,0,0,0,0,0,0,0,0,0,0,0,0,0,0,0,0,0,0,0,0,0,0,0,0,0,0,0,0,0,0,0,0,0,0,0,0,0,0,0,0,0,0,0,0,0,0,0,0,0,0,0,0,0,0,0,0,0,0,0,0,0,0,0,0,0,0,0,0,0,0,0,0,0,0,0,0,0,0,0,0,0,0,0,0,0,0,0,0,0,0,0,0,0,0,1,1423.558611111111,4,0.0,0.0,0.0,0.34650824445351297,0.0,0.0,0.2127229252511099,0.21306354265871316,0.6625587877659259,0.0,0.0,0.35933876663298747,0.0,0.0,0.0,0.0,0.19610701356641264,0.0,0.0,0.0,0.34135148399482845,0.1356835045478015,0.21860378344192052,21,175,57,0,1,1
28505,4,6,8,417,3,2,1,5.0,1,0,0,0,0,1143483.154641,,0,8,0,False,8,163,0,0,0,0,0,0,0,0,0,0,0,0,0,0,0,0,0,0,0,0,0,0,0,0,0,0,0,0,0,0,0,0,0,0,0,0,0,0,0,0,0,0,0,0,0,0,0,0,0,0,0,0,0,0,0,0,1,0,0,0,0,0,0,0,0,0,0,0,0,0,0,0,0,0,0,0,0,0,0,0,0,0,0,0,0,0,0,0,0,0,0,0,0,0,0,0,0,0,0,0,0,0,0,0,0,0,0,0,0,0,0,0,0,0,0,0,0,0,0,0,0,0,0,0,0,0,0,0,0,0,0,0,0,0,0,0,0,0,0,0,0,0,0,0,0,0,0,0,0,0,0,0,0,1,227.52166666666668,4,0.5296074920592333,0.0,0.0,0.44036143147413126,0.0,0.0,0.0,0.0,0.1871145706321385,0.0,0.0,0.0,0.3853294096304707,0.0,0.19351571450815488,0.0,0.16614893796138425,0.0,0.0,0.0,0.14460264705952577,0.34486788263482493,0.370418026287625,126,171,86,1,2,1
25767,4,2,21,1057,7,2,1,5.0,0,0,0,0,0,1148163.808382,,0,21,0,False,8,73,0,0,0,0,0,0,0,0,0,0,0,0,0,0,0,1,0,0,0,0,0,0,0,0,0,0,0,0,0,0,0,0,0,0,0,0,0,0,0,0,0,0,0,0,0,0,0,0,0,0,0,0,0,0,0,0,1,0,1,1,0,0,0,0,0,0,0,0,0,0,0,0,0,0,0,0,0,0,1,0,0,0,0,0,0,0,0,0,0,0,0,0,0,0,0,0,0,0,0,0,0,0,0,0,0,0,0,0,0,0,0,0,0,0,0,0,0,0,0,0,0,0,0,0,0,0,0,0,0,0,0,0,0,0,0,0,0,0,0,0,0,0,0,0,0,0,0,0,0,0,0,0,0,5,2604.6044444444447,4,0.5731160891822017,0.0,0.0,0.0,0.0,0.0,0.19503260454124952,0.19534489575329697,0.0,0.0,0.0,0.0,0.0,0.0,0.20941352068676725,0.3498893201699642,0.5393954823559486,0.0,0.0,0.0,0.31296424167232384,0.0,0.2004244027620459,4,167,8,0,1,1
27327,3,2,3,27,2,1,1,3.0,0,0,0,0,0,1233591.125033,,0,3,0,False,8,68,1,0,0,0,0,0,0,0,0,0,0,0,0,0,0,0,0,0,0,0,0,0,0,0,0,0,0,0,0,0,0,0,0,0,0,0,0,0,0,0,0,0,0,0,0,0,0,0,0,0,0,0,0,0,0,0,1,1,1,0,0,0,0,0,0,0,0,0,0,0,0,0,0,0,0,0,0,0,1,0,0,0,0,0,0,0,0,0,0,0,0,0,0,0,0,0,0,0,0,0,0,0,0,0,0,0,0,0,0,0,0,0,0,0,0,0,0,0,0,0,0,0,0,0,0,0,0,0,0,0,0,0,0,0,0,0,0,0,0,0,0,0,0,0,0,0,0,0,0,0,0,0,0,5,1431.4694444444444,4,0.0,0.0,0.0,0.0,0.0,0.0,0.0,0.0,0.0,0.31713733266201,0.4037463692382191,0.0,0.0,0.0,0.0,0.0,0.33528099172885506,0.0,0.0,0.0,0.0,0.6959276846663218,0.3737433556055133,23,159,55,0,0,1
27883,3,0,8,259,3,2,1,18.0,1,0,0,0,0,1234922.538085,,0,8,0,False,8,55,0,0,0,0,0,0,0,0,0,0,0,0,0,0,0,0,0,0,0,0,0,0,0,0,0,0,0,0,0,0,0,0,0,0,0,0,0,0,0,0,0,0,0,0,0,0,0,0,0,0,0,0,0,0,0,0,1,0,1,0,0,0,0,0,0,0,0,0,0,0,0,0,0,0,0,0,0,0,0,0,0,0,0,0,0,0,0,0,0,0,0,0,0,0,0,0,0,0,0,0,0,0,0,0,0,0,0,0,0,0,0,0,0,0,0,0,0,0,0,0,0,0,0,0,0,0,0,0,0,0,0,0,0,0,0,0,0,0,0,0,0,0,0,0,0,0,0,0,0,0,0,0,0,2,916.0522222222222,4,0.2854000997841405,0.0,0.6320064993875192,0.0,0.0,0.0,0.0,0.29183329761270743,0.0,0.0,0.0,0.24609329197760654,0.0,0.0,0.0,0.0,0.0,0.2724483591304739,0.0,0.2671139000167528,0.0,0.3716916002589934,0.29942176965797734,143,158,76,1,0,1
27753,7,0,9,292,3,1,1,4.0,1,0,0,0,0,1294678.766082,,0,9,0,False,8,73,0,0,0,0,0,0,0,0,0,0,0,0,0,0,0,1,0,0,0,0,0,0,0,0,0,0,0,0,0,0,0,0,0,0,0,0,0,0,0,0,0,0,0,0,0,0,0,0,0,0,0,0,0,0,0,0,1,0,1,1,0,0,0,0,0,0,0,0,0,0,0,0,0,0,0,0,0,0,1,0,0,0,0,0,0,0,0,0,0,0,0,0,0,0,0,0,0,0,0,0,0,0,0,0,0,0,0,0,0,0,0,0,0,0,0,0,0,0,0,0,0,0,0,0,0,0,0,0,0,0,0,0,0,0,0,0,0,0,0,0,0,0,0,0,0,0,0,0,0,0,0,0,0,5,1016.1375,4,0.3385527172631237,0.0,0.0,0.5630039659135777,0.0,0.0,0.0,0.34618402715824936,0.0,0.6027808413480906,0.0,0.2919254504895438,0.0,0.0,0.0,0.0,0.0,0.0,0.0,0.0,0.0,0.0,0.0,92,157,67,0,2,1
26075,6,0,7,27,2,1,1,3.0,1,0,0,0,0,1294746.656916,,0,7,0,False,8,26,1,0,0,0,0,0,0,0,0,0,0,0,0,0,0,0,0,0,0,0,0,0,0,0,0,0,0,0,0,0,0,0,0,0,0,0,0,0,0,0,0,0,0,0,0,0,0,0,0,0,0,0,0,0,0,0,1,1,0,0,0,0,0,1,0,0,0,0,0,0,0,0,0,0,0,0,0,0,0,0,0,0,0,0,0,0,0,0,0,0,0,0,0,0,0,0,0,0,0,0,0,0,0,0,0,0,0,0,0,0,0,0,0,0,0,0,0,0,0,0,0,0,0,0,0,0,0,0,0,0,0,0,0,0,0,0,0,0,0,0,0,0,0,0,0,0,0,0,0,0,0,0,0,4,2353.7658333333334,4,0.0,0.0,0.0,0.0,0.0,0.0,0.0,0.0,0.0,0.0,0.0,0.0,1.0,0.0,0.0,0.0,0.0,0.0,0.0,0.0,0.0,0.0,0.0,8,156,14,0,3,1
28167,1,3,4,16,1,2,1,4.0,1,0,0,0,0,1294789.851695,,0,4,0,False,8,115,0,0,0,0,0,0,0,0,0,0,0,0,0,0,0,0,0,0,0,0,0,0,0,0,0,0,0,0,0,0,0,0,0,0,0,0,0,0,0,0,0,0,0,0,0,0,0,0,0,0,0,0,0,0,0,0,1,0,1,0,0,0,0,0,0,0,0,0,0,0,0,0,0,0,0,0,0,0,0,0,0,0,0,0,0,0,0,0,0,0,0,0,0,0,0,0,0,0,0,0,0,0,0,0,0,0,0,0,0,0,0,0,0,0,0,0,0,0,0,0,0,0,0,0,0,0,0,0,0,0,0,0,0,0,0,0,0,0,0,0,0,0,0,0,0,0,0,0,0,0,0,0,0,2,583.3319444444444,4,0.0,0.0,0.0,0.27324448225856424,0.0,0.0,0.0,0.0,0.0,0.0,0.3724437131349171,0.0,0.0,0.35661205385039074,0.720459569440515,0.0,0.0,0.0,0.0,0.3075662049420461,0.0,0.2139906887910453,0.0,132,155,73,0,6,0
27329,10,0,18,762,3,1,1,3.0,1,0,0,0,0,1297177.240333,,0,18,0,False,8,122,0,0,0,0,0,0,0,0,0,0,0,0,0,0,0,0,0,0,0,0,0,0,0,0,0,0,0,0,0,0,0,0,0,0,0,0,0,0,0,0,0,0,0,0,0,0,0,0,0,0,0,0,0,0,0,0,1,0,1,0,0,0,0,0,0,0,0,0,0,0,0,0,0,0,0,0,0,0,0,0,0,0,0,0,0,0,0,0,0,0,0,0,0,0,0,0,0,0,0,0,0,0,0,0,0,0,0,0,0,0,0,0,0,0,0,0,0,0,0,0,0,0,0,0,0,0,0,0,0,0,0,0,0,0,0,0,0,0,0,0,0,0,0,0,0,0,0,0,0,0,0,0,0,2,1411.5733333333333,4,0.5549385347273302,0.0,0.0,0.0,0.0,0.0,0.0,0.5674473929207792,0.0,0.0,0.0,0.0,0.0,0.0,0.608314621673764,0.0,0.0,0.0,0.0,0.0,0.0,0.0,0.0,24,154,56,0,0,1
28325,2,4,5,28,1,1,1,4.0,1,0,0,0,0,1297700.234343,,0,5,0,False,8,53,0,0,0,0,0,0,0,0,0,0,0,0,0,0,0,0,0,0,0,0,0,0,0,0,0,0,0,0,0,0,0,0,0,0,0,0,0,0,0,0,0,0,0,0,0,0,0,0,0,0,0,0,0,0,0,0,1,0,1,0,0,0,0,0,0,0,0,0,0,0,0,0,0,0,0,0,0,0,0,0,0,0,0,0,0,0,0,0,0,0,0,0,0,0,0,0,0,0,0,0,0,0,0,0,0,0,0,0,0,0,0,0,0,0,0,0,0,0,0,0,0,0,0,0,0,0,0,0,0,0,0,0,0,0,0,0,0,0,0,0,0,0,0,0,0,0,0,0,0,0,0,0,0,2,426.4458333333333,4,0.0,0.0,0.0,0.0,0.0,0.0,0.0,0.43519529462864653,0.0,0.3788843003537383,0.0,0.0,0.0,0.0,0.0,0.0,0.40056054866451263,0.0,0.0,0.0,0.0,0.5542836845861767,0.44651157469174335,157,153,86,0,6,0
27818,10,6,10,23,1,2,1,12.0,1,1,0,0,0,1308007.828331,,0,10,0,False,8,42,1,0,0,0,0,0,0,0,0,0,0,0,0,0,0,0,0,0,0,0,0,0,0,0,0,0,0,0,0,0,0,0,0,0,0,0,0,0,0,0,0,0,0,0,0,0,0,0,0,0,0,0,0,0,0,0,1,1,0,0,0,0,0,0,0,0,0,0,0,0,0,0,0,0,0,0,0,0,0,0,0,0,0,0,0,0,0,0,0,0,0,0,0,0,0,0,0,0,0,0,0,0,0,0,0,0,0,0,0,0,0,0,0,0,1,0,0,0,0,0,0,0,0,0,0,0,0,0,0,0,0,0,0,0,0,0,0,0,0,0,0,0,0,0,0,0,0,0,0,0,0,0,0,4,980.4177777777778,4,0.0,0.0,0.0,0.0,0.0,0.0,0.0,0.5817880337343183,0.0,0.0,0.0,0.4906024556692769,0.0,0.0,0.0,0.0,0.0,0.0,0.0,0.5325083598928056,0.0,0.3704952913858756,0.0,122,143,63,0,4,1
28207,2,0,28,931,2,1,1,8.0,1,0,0,0,0,1308087.905222,,0,28,0,False,8,381,0,0,0,0,0,0,0,0,0,0,0,0,0,0,0,0,0,0,0,0,0,0,0,0,0,0,0,0,0,0,0,0,0,0,0,0,0,0,0,0,0,0,0,0,0,0,0,0,0,0,0,0,0,0,0,0,1,0,1,0,0,0,0,0,0,0,0,0,0,0,0,0,0,0,0,0,0,0,0,0,0,0,0,0,0,0,0,0,0,0,0,0,0,0,0,0,0,0,0,0,0,0,0,0,0,0,0,0,0,0,0,0,0,0,0,0,0,0,0,0,0,0,0,0,0,0,0,0,0,0,0,0,0,0,0,0,0,0,0,0,0,0,0,0,0,0,0,0,0,0,0,0,0,2,543.9883333333333,4,0.0,0.3425806858041869,0.0,0.0,0.0,0.3602610911459185,0.0,0.33001103890427114,0.0,0.0,0.3657734233267515,0.2782873086013669,0.0,0.0,0.0,0.0,0.0,0.3080901555097139,0.0,0.30205784045686573,0.2643571876702794,0.4203164346114024,0.0,137,142,79,0,1,1
28173,7,0,27,999,3,1,1,5.0,1,0,0,0,0,1393745.120296,,0,27,0,False,8,31,0,0,0,0,0,0,0,0,0,0,0,0,0,0,0,1,0,0,0,0,0,0,0,0,0,0,0,0,0,0,0,0,0,0,0,0,0,0,0,0,0,0,0,0,0,0,0,0,0,0,0,0,0,0,0,0,1,0,0,1,0,0,0,0,0,0,0,0,0,0,0,0,0,0,0,0,0,0,1,0,0,0,0,0,0,0,0,0,0,0,0,0,0,0,0,0,0,0,0,0,0,0,0,0,0,0,0,0,0,0,0,0,0,0,0,0,0,0,0,0,0,0,0,0,0,0,0,0,0,0,0,0,0,0,0,0,0,0,0,0,0,0,0,0,0,0,0,0,0,0,0,0,0,4,524.7777777777778,4,0.0,0.0,0.0,0.25027984274198445,0.0,0.0,0.0,0.30778782787563314,0.6380804761549145,0.0,0.0,0.0,0.0,0.0,0.6599090537934488,0.0,0.0,0.0,0.0,0.0,0.0,0.0,0.0,132,154,74,0,0,1
27017,8,4,21,1928,9,3,2,5.0,1,0,0,0,0,1407627.584874,,0,21,0,False,8,163,0,0,0,0,0,0,0,0,0,0,0,0,0,0,0,1,0,0,0,0,0,0,0,0,0,0,0,0,0,0,0,0,0,0,0,0,0,0,0,0,0,0,0,0,0,0,0,0,0,0,0,0,0,0,0,0,1,0,1,1,0,0,0,0,0,0,0,0,0,0,0,0,0,0,0,0,0,0,1,0,0,0,0,0,0,0,0,0,0,0,0,0,0,0,0,0,0,0,0,0,0,0,0,0,0,0,0,0,0,0,0,0,0,0,0,0,0,0,0,0,0,0,0,0,0,0,0,0,0,0,0,0,0,0,0,0,0,0,0,0,0,0,0,0,0,0,0,0,0,0,0,0,0,5,1684.5402777777779,4,0.0,0.0,0.0,0.0,0.0,0.21670597749082657,0.0,0.19850982114398533,0.20576713847202932,0.0,0.0,0.1673967150932884,0.423741078639228,0.0,0.0,0.0,0.0,0.0,0.0,0.0,0.0,0.0,0.8146864998291067,10,158,34,0,1,1
28382,1,4,2,2,1,2,1,4.0,1,0,0,0,0,1417860.594365,,0,2,0,False,8,155,0,0,0,0,0,0,0,0,0,0,0,0,0,0,0,0,0,0,0,0,0,0,0,0,0,0,0,0,0,0,0,0,0,0,0,0,0,0,0,0,0,0,0,0,0,0,0,0,0,0,0,0,0,0,0,0,1,0,1,0,0,0,0,0,0,0,0,0,0,0,0,0,0,0,0,0,0,0,1,0,0,0,0,0,0,0,0,0,0,0,0,0,0,0,0,0,0,0,0,0,0,0,0,0,0,0,0,0,0,0,0,0,0,0,0,0,0,0,0,0,0,0,0,0,0,0,0,0,0,0,0,0,0,0,0,0,0,0,0,0,0,0,0,0,0,0,0,0,0,0,0,0,0,3,317.97305555555556,4,0.0,0.0,0.0,0.3885852597113946,0.0,0.0,0.0,0.1592907785684222,0.33022857511147374,0.0,0.0,0.2686492076144232,0.17001185618646852,0.0,0.0,0.0,0.14661372135241052,0.0,0.0,0.0,0.0,0.40575934875787617,0.6537311156652218,147,159,85,0,2,1
27620,4,9,10,46,1,2,1,7.0,1,0,0,0,0,1418914.633443,,0,10,0,False,8,24,1,0,0,0,0,0,0,0,0,0,0,0,0,0,0,0,0,0,0,0,0,0,0,0,0,0,0,0,0,0,0,0,0,0,0,0,0,0,0,0,0,0,0,0,0,0,0,0,0,0,0,0,0,0,0,0,1,1,1,0,0,0,0,0,0,0,0,0,0,0,0,0,0,0,0,0,0,0,1,0,0,0,0,0,0,0,0,0,0,0,0,0,0,0,0,0,0,0,0,0,0,0,0,0,0,0,0,0,0,0,0,0,0,0,0,0,0,0,0,0,0,0,0,0,0,0,0,0,0,0,0,0,0,0,0,0,0,0,0,0,0,0,0,0,0,0,0,0,0,0,0,0,0,5,1128.0547222222222,4,0.0,0.0,0.0,0.0,0.0,0.0,0.0,0.0,0.0,0.5611377950276732,0.0,0.0,0.0,0.0,0.0,0.5772257881031352,0.5932408992476794,0.0,0.0,0.0,0.0,0.0,0.0,55,159,76,0,3,1
28366,2,3,1,615,4,3,2,4.0,0,0,0,0,0,1444815.337985,,0,1,0,False,8,425,0,0,0,0,0,0,0,0,0,0,0,0,0,0,0,1,0,0,0,0,0,0,0,0,0,0,0,0,0,0,0,0,0,0,0,0,0,0,0,0,0,0,0,0,0,0,0,0,0,0,0,0,0,0,0,0,1,0,0,1,0,0,0,0,0,0,0,0,0,0,0,0,0,0,0,0,0,0,1,0,0,0,0,0,0,0,0,0,0,0,0,0,0,0,0,0,0,0,0,0,0,0,0,0,0,0,0,0,0,0,0,0,0,0,0,0,0,0,0,0,0,0,0,0,0,0,0,0,0,0,0,0,0,0,0,0,0,0,0,0,0,0,0,0,0,0,0,0,0,0,0,0,0,4,315.8636111111111,4,0.20786283810664716,0.07354797623284852,0.0,0.3456702494257054,0.23508914489974303,0.07734374781526653,0.14147231762808612,0.2833976934681277,0.29375842514216494,0.06168204145173383,0.15705435922222546,0.1194899140964156,0.07561794904025852,0.07518918380575035,0.0759519573250332,0.1903514536230701,0.5216873297433778,0.0,0.0,0.064848205959764,0.39728028674706833,0.1804738236804431,0.1453834082494377,149,149,81,0,1,1
28058,3,0,32,301,2,1,0,6.0,1,0,0,0,0,1448556.127,,0,32,0,False,8,56,0,0,0,0,0,0,0,0,0,0,0,0,0,0,0,1,0,0,0,0,0,0,0,0,0,0,0,0,0,0,0,0,0,0,0,0,0,0,0,0,0,0,0,0,0,0,0,0,0,0,0,0,0,0,0,0,0,0,0,1,0,0,0,0,0,0,0,0,0,0,0,0,0,0,0,0,0,0,1,0,0,0,0,0,0,0,0,0,0,0,0,0,0,0,0,0,0,0,0,0,0,0,0,0,0,0,0,0,0,0,0,0,0,0,0,0,0,0,0,0,0,0,0,0,0,0,0,0,0,0,0,0,0,0,0,0,0,0,0,0,0,0,0,0,0,0,0,0,0,0,0,0,0,3,659.7466666666667,4,0.357147891533807,0.0,0.0,0.5939272352521964,0.0,0.0,0.36461452473781236,0.36519835487292396,0.0,0.0,0.0,0.0,0.0,0.0,0.0,0.0,0.3361342716816376,0.0,0.0,0.0,0.0,0.0,0.37469452110755813,156,158,72,0,1,1
28376,3,0,43,10,1,1,1,3.0,1,0,0,0,0,1463640.506791,,0,43,0,False,8,79,0,0,0,0,0,0,0,0,0,0,0,0,0,0,0,0,0,0,0,0,0,0,0,0,0,0,0,0,0,0,0,0,0,0,0,0,0,0,0,0,0,0,0,0,0,0,0,0,0,0,0,0,0,0,0,0,1,0,1,0,0,0,0,0,0,0,0,0,0,0,0,0,0,0,0,0,0,0,0,0,0,0,0,0,0,0,0,0,0,0,0,0,0,0,0,0,0,0,0,0,0,0,0,0,0,0,0,0,0,0,0,0,0,0,0,0,0,0,0,0,0,0,0,0,0,0,0,0,0,0,0,0,0,0,0,0,0,0,0,0,0,0,0,0,0,0,0,0,0,0,0,0,0,2,310.0263888888889,4,0.0,0.23594077110960546,0.0,0.5544524090026879,0.0,0.0,0.0,0.22728385522078412,0.0,0.0,0.0,0.3833217977673906,0.0,0.0,0.24365270530106783,0.0,0.20919561142660895,0.0,0.0,0.0,0.0,0.5789572372386343,0.0,146,156,85,0,2,1
27949,9,0,39,174,1,1,0,3.0,1,0,0,0,0,1465117.252329,,0,39,0,False,8,79,0,0,0,0,0,0,0,0,0,0,0,0,0,0,0,0,0,0,0,0,0,0,0,0,0,0,0,0,0,0,0,0,0,0,0,0,0,0,0,0,0,0,0,0,0,0,0,0,0,0,0,0,0,0,0,0,0,0,1,0,0,0,0,0,0,0,0,0,0,0,0,0,0,0,0,0,0,0,0,0,0,0,0,0,0,0,0,0,0,0,0,0,0,0,0,0,0,0,0,0,0,0,0,0,0,0,0,0,0,0,0,0,0,0,0,0,0,0,0,0,0,0,0,0,0,0,0,0,0,0,0,0,0,0,0,0,0,0,0,0,0,0,0,0,0,0,0,0,0,0,0,0,0,1,795.4319444444444,4,0.475648566126666,0.0,0.0,0.0,0.0,0.0,0.24279630370445549,0.0,0.2520756745996786,0.0,0.0,0.0,0.0,0.0,0.26069912201644163,0.0,0.44766268579879887,0.0,0.0,0.0,0.19480476417889642,0.30973110527682535,0.4990171184685758,149,155,65,0,2,1
28404,1,0,2,23,2,1,1,4.0,1,0,0,0,0,1475204.099446,,0,2,0,False,8,84,1,0,0,0,0,0,0,0,0,0,0,1,0,0,0,0,0,0,0,0,0,0,0,0,0,0,0,0,0,0,0,0,0,0,0,0,0,0,0,0,0,0,0,0,0,0,0,0,0,0,0,0,0,0,0,0,1,1,0,0,0,0,1,0,0,0,0,0,0,0,0,0,0,0,0,0,0,0,0,0,0,0,0,0,0,0,0,0,0,0,0,0,0,0,0,0,0,0,0,0,0,0,0,0,0,0,0,0,0,0,0,0,0,0,0,0,0,0,0,0,0,0,0,0,0,0,0,0,0,0,0,0,0,0,0,0,0,0,0,0,0,0,0,0,0,0,0,0,0,0,0,0,0,5,276.43333333333334,4,0.0,0.0,0.0,0.0,0.0,0.0,0.28951469980348354,0.28997827817141775,0.0,0.25245727239884386,0.0,0.24452901591752763,0.0,0.0,0.0,0.2596953000031016,0.8007016135428223,0.0,0.0,0.0,0.0,0.0,0.0,141,152,81,0,3,1
28421,2,2,2,9,1,1,1,4.0,1,0,0,0,0,1475330.130162,,0,2,0,False,8,199,0,0,0,0,0,0,0,0,0,0,0,0,0,0,0,0,0,0,0,0,0,0,0,0,0,0,0,0,0,0,0,0,0,0,0,0,0,0,0,0,0,0,0,0,0,0,0,0,0,0,0,0,0,0,0,0,1,0,1,0,0,0,0,0,0,0,0,0,0,0,0,0,0,0,0,0,0,0,0,0,0,0,0,0,0,0,0,0,0,0,0,0,0,0,0,0,0,0,0,0,0,0,0,0,0,0,0,0,0,0,0,0,0,0,0,0,0,0,0,0,0,0,0,0,0,0,0,0,0,0,0,0,0,0,0,0,0,0,0,0,0,0,0,0,0,0,0,0,0,0,0,0,0,2,250.48694444444445,4,0.34063515111453213,0.0,0.0,0.42485024760117684,0.0,0.0,0.17387828218616466,0.3483134011086317,0.0,0.1516221348342998,0.0,0.14686054028093748,0.0,0.1848243718392037,0.1866993640843815,0.3119383760963467,0.4808896446398713,0.0,0.0,0.0,0.2790183972350633,0.0,0.17868525594694531,140,151,84,0,4,1
28289,2,0,2,2,1,1,1,8.0,0,0,0,0,0,1487299.157207,,0,2,0,False,8,267,1,0,0,0,0,0,0,0,0,0,0,0,0,0,0,0,0,0,0,0,0,0,0,0,0,0,0,0,0,0,0,0,0,0,0,0,0,0,0,0,0,0,0,0,0,0,0,0,0,0,0,0,0,0,0,0,1,1,1,0,0,0,0,0,0,0,0,0,0,0,0,0,0,0,0,0,0,0,0,0,0,0,0,0,0,0,0,0,0,0,0,0,0,0,0,0,0,0,0,0,0,0,0,0,0,0,0,0,0,0,0,0,0,0,0,0,0,0,0,0,0,0,0,0,0,0,0,0,0,0,0,0,0,0,0,0,0,0,0,0,0,0,0,0,0,0,0,0,0,0,0,0,0,4,416.0316666666667,4,0.29679574141191284,0.10501504903043064,0.0,0.41130270846243466,0.11189022160631636,0.0,0.20200042384751177,0.30348580816599996,0.0,0.08807234323951171,0.0,0.17061297713685622,0.10797064763417215,0.10735843769406626,0.10844755941609711,0.27179221318006136,0.4655551324936286,0.0,0.0,0.0,0.40518167215954964,0.1288442484298184,0.20758485178694777,145,148,82,0,4,1
28260,1,0,2,24,1,1,1,6.0,0,0,0,0,0,1489153.286959,,0,2,0,False,8,106,1,0,0,0,0,0,0,0,0,0,0,0,0,0,0,0,0,0,0,0,0,0,0,0,0,0,0,0,0,0,0,0,0,0,0,0,0,0,0,0,0,0,0,0,0,0,0,0,0,0,0,0,0,0,0,0,1,1,1,0,0,0,0,0,0,0,0,0,0,0,0,0,0,0,0,0,0,0,1,0,0,0,0,0,0,0,0,0,0,0,0,0,0,0,0,0,0,0,0,0,0,0,0,0,0,0,0,0,0,0,0,0,0,0,0,0,0,0,0,0,0,0,0,0,0,0,0,0,0,0,0,0,0,0,0,0,0,0,0,0,0,0,0,0,0,0,0,0,0,0,0,0,0,5,437.975,4,0.0,0.0,0.0,0.0,0.0,0.22018878973991296,0.0,0.0,0.6272224381579758,0.17560170588557372,0.22355788449194763,0.0,0.0,0.0,0.0,0.18063626077273312,0.371296016173164,0.0,0.0,0.0,0.0,0.5137883014260586,0.2069449542784421,142,148,78,3,3,1
28253,1,0,2,5,1,1,1,4.0,1,0,0,0,0,1492819.478467,,0,2,0,False,8,19,0,0,0,0,0,0,0,0,0,0,0,0,0,0,0,0,0,0,0,0,0,0,0,0,0,0,0,0,0,0,0,0,0,0,0,0,0,0,0,0,0,0,0,0,0,0,0,0,0,0,0,0,0,0,0,0,1,0,1,0,0,0,0,0,0,0,0,0,0,0,0,0,0,0,0,0,0,0,0,0,0,0,0,0,0,0,0,0,0,0,0,0,0,0,0,0,0,0,0,0,0,0,0,0,0,0,0,0,0,0,0,0,0,0,0,0,0,0,0,0,0,0,0,0,0,0,0,0,0,0,0,0,0,0,0,0,0,0,0,0,0,0,0,0,0,0,0,0,0,0,0,0,0,2,442.06805555555553,4,0.0,0.0,0.0,0.0,0.0,0.0,0.0,0.5343687334200078,0.0,0.0,0.0,0.45061534037748413,0.0,0.0,0.572853656497568,0.0,0.0,0.0,0.0,0.0,0.4280590613419453,0.0,0.0,141,144,77,0,3,1
28259,1,3,4,81,2,2,1,4.0,0,0,0,0,0,1492753.644476,,0,4,0,False,8,152,0,0,0,0,0,0,0,0,0,0,0,0,0,0,0,0,0,0,0,0,0,0,0,0,0,0,0,0,0,0,0,0,0,0,0,0,0,0,0,0,0,0,0,0,0,0,0,0,0,0,0,0,0,0,0,0,1,0,1,0,0,0,0,0,0,0,0,0,0,0,0,0,0,0,0,0,0,0,1,0,0,0,0,0,0,0,0,0,0,0,0,0,0,0,0,0,0,0,0,0,0,0,0,0,0,0,0,0,0,0,0,0,0,0,0,0,0,0,0,0,0,0,0,0,0,0,0,0,0,0,0,0,0,0,0,0,0,0,0,0,0,0,0,0,0,0,0,0,0,0,0,0,0,3,439.32194444444445,4,0.19416334303736676,0.0,0.0,0.1614441807597668,0.0,0.0,0.19822257591676978,0.1985399749928567,0.0,0.0,0.22005520349096705,0.3348442856578014,0.0,0.0,0.21283870766106322,0.17780607117716277,0.18273929497063648,0.0,0.0,0.0,0.6361662276935416,0.126434580330874,0.40740512577906174,141,145,78,0,3,1
28159,1,0,2,139,1,1,1,5.0,1,0,0,0,0,1495671.021879,,0,2,0,False,8,4,0,0,0,0,0,0,0,0,0,0,0,0,0,0,0,1,0,0,0,0,0,0,0,0,0,0,0,0,0,0,0,0,0,0,0,0,0,0,0,0,0,0,0,0,0,0,0,0,0,0,0,0,0,0,0,0,1,0,1,1,0,0,0,0,0,0,0,0,0,0,0,0,0,0,0,0,0,0,1,0,0,0,0,0,0,0,0,0,0,0,0,0,0,0,0,0,0,0,0,0,0,0,0,0,0,0,0,0,0,0,0,0,0,0,0,0,0,0,0,0,0,0,0,0,0,0,0,0,0,0,0,0,0,0,0,0,0,0,0,0,0,0,0,0,0,0,0,0,0,0,0,0,0,5,545.5569444444444,4,0.6991827390509684,0.0,0.0,0.0,0.0,0.0,0.0,0.7149430029122501,0.0,0.0,0.0,0.0,0.0,0.0,0.0,0.0,0.0,0.0,0.0,0.0,0.0,0.0,0.0,130,140,70,0,6,0
28148,3,2,6,4,1,2,1,5.0,1,0,0,0,0,1541041.321028,,0,6,0,False,8,19,1,0,0,0,0,0,0,0,0,0,0,0,0,0,0,0,0,0,0,0,0,0,0,0,0,0,0,0,0,0,0,0,0,0,0,0,0,0,0,0,0,0,0,0,0,0,0,0,0,0,0,0,0,0,0,0,1,1,0,0,0,0,0,0,0,0,0,0,0,0,0,0,0,0,0,0,0,0,0,0,0,0,0,0,0,0,0,0,0,0,0,0,0,0,0,0,0,0,0,0,0,0,0,0,0,0,0,0,0,0,0,0,0,0,0,0,0,0,0,0,0,0,0,0,0,0,0,0,0,0,0,0,0,0,0,0,0,0,0,0,0,0,0,0,0,0,0,0,0,0,0,0,0,3,556.6658333333334,4,0.0,0.0,0.0,0.0,0.0,0.0,0.0,0.6364063693049591,0.0,0.5540601770074844,0.0,0.5366602774218668,0.0,0.0,0.0,0.0,0.0,0.0,0.0,0.0,0.0,0.0,0.0,124,139,66,1,5,0
28127,2,0,9,221,9,1,1,4.0,1,0,0,0,0,1541598.339666,,0,9,0,False,8,66,0,0,0,0,0,0,0,0,0,0,0,0,0,0,0,0,0,0,0,0,0,0,0,0,0,0,0,0,0,0,0,0,0,0,0,0,0,0,0,0,0,0,0,0,0,0,0,0,0,0,0,0,0,0,0,0,1,0,0,0,1,0,0,0,0,0,0,0,0,0,0,0,0,0,0,0,0,0,0,0,0,0,0,0,0,0,0,0,0,0,0,0,0,0,0,0,0,0,0,0,0,0,0,0,0,0,0,0,0,0,0,0,0,0,0,0,0,0,0,0,0,0,0,0,0,0,0,0,0,0,0,0,0,0,0,0,0,0,0,0,0,0,0,0,0,0,0,0,0,0,0,0,0,2,574.5277777777778,4,0.0,0.0,0.0,0.0,0.6740698148574267,0.0,0.0,0.0,0.0,0.5305817367168932,0.0,0.5139191622819292,0.0,0.0,0.0,0.0,0.0,0.0,0.0,0.0,0.0,0.0,0.0,133,137,68,0,4,1
28408,1,0,1,2,1,1,1,5.0,0,0,0,0,0,1546052.548779,,0,1,0,False,8,46,1,0,0,0,0,0,0,0,0,0,0,0,0,0,0,0,0,0,0,0,0,0,0,0,0,0,0,0,0,0,0,0,0,0,0,0,0,0,0,0,0,0,0,0,0,0,0,0,0,0,0,0,0,0,0,0,1,1,1,0,0,0,0,0,0,0,0,0,0,0,0,0,0,0,0,0,0,0,0,0,0,0,0,0,0,0,0,0,0,0,0,0,0,0,0,0,0,0,0,0,0,0,0,0,0,0,0,0,0,0,0,0,0,0,0,0,0,0,0,0,0,0,0,0,0,0,0,0,0,0,0,0,0,0,0,0,0,0,0,0,0,0,0,0,0,0,0,0,0,0,0,0,0,4,241.53833333333333,4,0.0,0.4184571166404734,0.0,0.0,0.0,0.0,0.0,0.4031034834180388,0.0,0.3509449278750199,0.0,0.3399237306143031,0.0,0.0,0.4321347601028714,0.0,0.0,0.0,0.0,0.0,0.0,0.2567050779456726,0.4135852877230713,141,135,82,0,4,1
28429,1,0,2,32,2,1,1,5.0,0,0,0,0,0,1546135.588425,,0,2,0,False,8,88,1,0,0,0,0,0,0,0,0,0,0,0,0,0,0,0,0,0,0,0,0,0,0,0,0,0,0,0,0,0,0,0,0,0,0,0,0,0,0,0,0,0,0,0,0,0,0,0,0,0,0,0,0,0,0,0,1,1,0,0,0,0,0,0,0,0,0,0,0,0,0,0,0,0,0,0,0,0,0,0,0,0,0,0,0,0,0,0,0,0,0,0,0,0,0,0,0,0,0,0,0,0,0,0,0,0,0,0,0,0,0,0,0,0,0,0,0,0,0,0,0,0,0,0,0,0,0,0,0,0,0,0,0,0,0,0,0,0,0,0,0,0,0,0,0,0,0,0,0,0,0,0,0,3,219.53972222222222,4,0.0,0.0,0.0,0.27006754818879003,0.0,0.0,0.0,0.1660611240722615,0.1721321500109225,0.2891481299850092,0.0,0.14003381048957153,0.0,0.5286987439336949,0.0,0.0,0.0,0.0,0.0,0.0,0.6651209590877146,0.2115026813326132,0.0,134,134,86,0,5,0
28419,1,0,2,6,1,1,1,5.0,0,0,0,0,0,1546266.439013,,0,2,0,False,8,114,0,0,0,0,0,0,0,0,0,0,0,0,0,0,0,1,0,0,0,0,0,0,0,0,0,0,0,0,0,0,0,0,0,0,0,0,0,0,0,0,0,0,0,0,0,0,0,0,0,0,0,0,0,0,0,0,1,0,0,1,0,0,0,0,0,0,0,0,0,0,0,0,0,0,0,0,0,0,1,0,0,0,0,0,0,0,0,0,0,0,0,0,0,0,0,0,0,0,0,0,0,0,0,0,0,0,0,0,0,0,0,0,0,0,0,0,0,0,0,0,0,0,0,0,0,0,0,0,0,0,0,0,0,0,0,0,0,0,0,0,0,0,0,0,0,0,0,0,0,0,0,0,0,4,233.63861111111112,4,0.2277477094680078,0.0,0.0,0.1893691249841109,0.0,0.0,0.2325090664575367,0.23288136594226563,0.241395272018507,0.0,0.0,0.0,0.0,0.24714611632132422,0.2496533454649539,0.4171222518795541,0.6430429432503892,0.0,0.0,0.0,0.18655092013200453,0.0,0.0,141,133,83,0,4,1
28425,1,0,1,2,1,0,0,5.0,0,0,0,0,0,1546344.639031,,0,1,0,False,8,10,0,0,0,0,0,0,0,0,0,0,0,0,0,0,0,1,0,0,0,0,0,0,0,0,0,0,0,0,0,0,0,0,0,0,0,0,0,0,0,0,0,0,0,0,0,0,0,0,0,0,0,0,0,0,0,0,0,0,0,1,0,0,0,0,0,0,0,0,0,0,0,0,0,0,0,0,0,0,1,0,0,0,0,0,0,0,0,0,0,0,0,0,0,0,0,0,0,0,0,0,0,0,0,0,0,0,0,0,0,0,0,0,0,0,0,0,0,0,0,0,0,0,0,0,0,0,0,0,0,0,0,0,0,0,0,0,0,0,0,0,0,0,0,0,0,0,0,0,0,0,0,0,0,3,228.51083333333332,4,0.0,0.0,0.0,0.0,0.0,0.0,0.0,0.0,0.0,1.0,0.0,0.0,0.0,0.0,0.0,0.0,0.0,0.0,0.0,0.0,0.0,0.0,0.0,141,132,85,0,4,1
28438,1,0,1,2,1,1,1,3.0,0,0,0,0,0,1547023.839629,,0,1,0,False,8,12,0,0,0,0,0,0,0,0,0,0,0,0,0,0,0,1,0,0,0,0,0,0,0,0,0,0,0,0,0,0,0,0,0,0,0,0,0,0,0,0,0,0,0,0,0,0,0,0,0,0,0,0,0,0,0,0,1,0,0,1,0,0,0,0,0,0,0,0,0,0,0,0,0,0,0,0,0,0,1,0,0,0,0,0,0,0,0,0,0,0,0,0,0,0,0,0,0,0,0,0,0,0,0,0,0,0,0,0,0,0,0,0,0,0,0,0,0,0,0,0,0,0,0,0,0,0,0,0,0,0,0,0,0,0,0,0,0,0,0,0,0,0,0,0,0,0,0,0,0,0,0,0,0,4,178.64916666666667,4,0.0,0.0,0.0,0.0,0.0,0.0,0.0,0.0,0.0,1.0,0.0,0.0,0.0,0.0,0.0,0.0,0.0,0.0,0.0,0.0,0.0,0.0,0.0,126,131,90,22,6,0
28437,2,0,1,2,1,1,1,4.0,0,0,0,0,0,1547118.5219,,0,1,0,False,8,16,0,0,0,0,0,0,0,0,0,0,0,0,0,0,0,1,0,0,0,0,0,0,0,0,0,0,0,0,0,0,0,0,0,0,0,0,0,0,0,0,0,0,0,0,0,0,0,0,0,0,0,0,0,0,0,0,1,0,0,1,0,0,0,0,0,0,0,0,0,0,0,0,0,0,0,0,0,0,1,0,0,0,0,0,0,0,0,0,0,0,0,0,0,0,0,0,0,0,0,0,0,0,0,0,0,0,0,0,0,0,0,0,0,0,0,0,0,0,0,0,0,0,0,0,0,0,0,0,0,0,0,0,0,0,0,0,0,0,0,0,0,0,0,0,0,0,0,0,0,0,0,0,0,4,178.855,4,0.0,0.0,0.0,0.0,0.0,0.0,0.0,0.0,0.0,1.0,0.0,0.0,0.0,0.0,0.0,0.0,0.0,0.0,0.0,0.0,0.0,0.0,0.0,125,130,89,21,6,0
28198,9,0,8,73,1,1,1,4.0,0,0,0,0,0,1665651.515993,,0,8,0,False,8,24,1,0,0,0,0,0,0,0,0,0,0,0,0,0,0,0,0,0,0,0,0,0,0,0,0,0,0,0,0,0,0,0,0,0,0,0,0,0,0,0,0,0,0,0,0,0,0,0,0,0,0,0,0,0,0,0,1,1,1,0,0,0,0,0,0,0,0,0,0,0,0,0,0,0,0,0,0,0,0,0,0,0,0,0,0,0,0,0,0,0,0,0,0,0,0,0,0,0,0,0,0,0,0,0,0,0,0,0,0,0,0,0,0,0,0,0,0,0,0,0,0,0,0,0,0,0,0,0,0,0,0,0,0,0,0,0,0,0,0,0,0,0,0,0,0,0,0,0,0,0,0,0,0,4,451.3202777777778,4,0.0,0.0,0.0,0.0,0.0,0.0,0.0,0.7644735662308195,0.0,0.0,0.0,0.6446550756290782,0.0,0.0,0.0,0.0,0.0,0.0,0.0,0.0,0.0,0.0,0.0,135,125,77,2,1,1
27884,3,0,8,739,3,1,1,16.0,1,0,0,0,0,1824343.751939,,0,8,0,False,8,84,0,0,0,0,0,0,0,0,0,0,0,0,0,0,0,0,0,0,0,0,0,0,0,0,0,0,0,0,0,0,0,0,0,0,0,0,0,0,0,0,0,0,0,0,0,0,0,0,0,0,0,0,0,0,0,0,1,0,1,0,0,0,0,0,0,0,0,0,0,0,0,0,0,0,0,0,0,0,0,0,0,0,0,0,0,0,0,0,0,0,0,0,0,0,0,0,0,0,0,0,0,0,0,0,0,0,0,0,0,0,0,0,0,0,0,0,0,0,0,0,0,0,0,0,0,0,0,0,0,0,0,0,0,0,0,0,0,0,0,0,0,0,0,0,0,0,0,0,0,0,0,0,0,2,751.7713888888889,4,0.0,0.0,0.0,0.458885650532096,0.0,0.0,0.0,0.0,0.29247858235834195,0.24565322382894417,0.0,0.47587728813737246,0.0,0.0,0.6049684068129474,0.0,0.0,0.0,0.0,0.0,0.22602824074230357,0.0,0.0,144,120,77,0,0,1
28233,4,0,3,2,1,1,1,5.0,1,0,0,0,0,1824400.178004,,0,3,0,False,8,56,1,0,0,0,0,0,0,0,0,0,0,0,0,0,0,0,0,0,0,0,0,0,0,0,0,0,0,0,0,0,0,0,0,0,0,0,0,0,0,0,0,0,0,0,0,0,0,0,0,0,0,0,0,0,0,0,1,1,0,0,0,0,0,0,0,0,0,0,0,0,0,0,0,0,0,0,0,0,0,0,0,0,0,0,0,0,0,0,0,0,0,0,0,0,0,0,0,0,0,0,0,0,0,0,0,0,0,0,0,0,0,0,0,0,0,0,0,0,0,0,0,0,0,0,0,0,0,0,0,0,0,0,0,0,0,0,0,0,0,0,0,0,0,0,0,0,0,0,0,0,0,0,0,3,366.7836111111111,4,0.0,0.0,0.0,0.24117281030899657,0.0,0.0,0.0,0.29658822945718616,0.0,0.0,0.0,0.7503089025069891,0.0,0.0,0.0,0.0,0.27298444028486235,0.0,0.0,0.27146607092967623,0.0,0.377747688583576,0.0,135,119,84,0,2,1
28066,1,2,4,24,1,2,2,4.0,1,0,0,0,0,1845957.382744,,0,4,0,False,8,41,0,0,0,0,0,0,0,0,0,0,0,0,0,0,0,1,0,0,0,0,0,0,0,0,0,0,0,0,0,0,0,0,0,0,0,0,0,0,0,0,0,0,0,0,0,0,0,0,0,0,0,0,0,0,0,0,1,0,0,1,0,0,0,0,0,0,0,0,0,0,0,0,0,0,0,0,0,0,1,0,0,0,0,0,0,0,0,0,0,0,0,0,0,0,0,0,0,0,0,0,0,0,0,0,0,0,0,0,0,0,0,0,0,0,0,0,0,0,0,0,0,0,0,0,0,0,0,0,0,0,0,0,0,0,0,0,0,0,0,0,0,0,0,0,0,0,0,0,0,0,0,0,0,4,548.5138888888889,4,0.45205740975446485,0.0,0.0,0.0,0.0,0.0,0.0,0.46224722660813655,0.4791465154603,0.0,0.0,0.0,0.0,0.0,0.0,0.4139738774455349,0.42545956951763547,0.0,0.0,0.0,0.0,0.0,0.0,160,118,69,0,1,1
28042,1,0,1,2,1,1,1,5.0,0,0,0,0,0,1846738.487774,,0,1,0,False,8,17,0,0,0,0,0,0,0,0,0,0,0,0,0,0,0,1,0,0,0,0,0,0,0,0,0,0,0,0,0,0,0,0,0,0,0,0,0,0,0,0,0,0,0,0,0,0,0,0,0,0,0,0,0,0,0,0,1,0,0,1,0,0,0,0,0,0,0,0,0,0,0,0,0,0,0,0,0,0,1,0,0,0,0,0,0,0,0,0,0,0,0,0,0,0,0,0,0,0,0,0,0,0,0,0,0,0,0,0,0,0,0,0,0,0,0,0,0,0,0,0,0,0,0,0,0,0,0,0,0,0,0,0,0,0,0,0,0,0,0,0,0,0,0,0,0,0,0,0,0,0,0,0,0,4,556.9936111111111,4,0.0,0.0,0.0,0.0,0.0,0.0,0.0,0.0,0.0,0.0,0.0,0.0,0.0,0.0,0.0,0.0,0.0,0.0,0.0,0.0,0.0,0.0,0.0,148,117,70,0,1,1
28036,1,0,2,31,1,0,0,6.0,0,0,0,0,0,1984332.214713,,0,2,0,False,8,12,0,0,0,0,0,0,0,0,0,0,0,0,0,0,0,0,0,0,0,0,0,0,0,0,0,0,0,0,0,0,0,0,0,0,0,0,0,0,0,0,0,0,0,0,0,0,0,0,0,0,0,0,0,0,0,0,0,0,1,0,0,0,0,0,0,0,0,0,0,0,0,0,0,0,0,0,0,0,0,0,0,0,0,0,0,0,0,0,0,0,0,0,0,0,0,0,0,0,0,0,0,0,0,0,0,0,0,0,0,0,0,0,0,0,0,0,0,0,0,0,0,0,0,0,0,0,0,0,0,0,0,0,0,0,0,0,0,0,0,0,0,0,0,0,0,0,0,0,0,0,0,0,0,1,523.9538888888889,4,0.0,0.0,0.0,0.0,0.0,0.0,0.0,0.0,0.0,0.6470032568936306,0.0,0.0,0.0,0.0,0.0,0.0,0.0,0.0,0.0,0.0,0.0,0.0,0.7624872363318843,146,121,68,0,1,1
27019,4,0,5,56,2,1,1,5.0,1,0,0,0,0,1993151.242276,,0,5,0,False,8,6,0,0,0,0,0,0,0,0,0,0,0,0,0,0,0,0,0,0,0,0,0,0,0,0,0,0,0,0,0,0,0,0,0,0,0,0,0,0,0,0,0,0,0,0,0,0,0,0,0,0,0,0,0,0,0,0,1,0,1,0,0,0,0,0,0,0,0,0,0,0,0,0,0,0,0,0,0,0,0,0,0,0,0,0,0,0,0,0,0,0,0,0,0,0,0,0,0,0,0,0,0,0,0,0,0,0,0,0,0,0,0,0,0,0,0,0,0,0,0,0,0,0,0,0,0,0,0,0,0,0,0,0,0,0,0,0,0,0,0,0,0,0,0,0,0,0,0,0,0,0,0,0,0,2,1522.7275,4,0.0,0.0,0.0,0.0,0.0,0.0,0.0,0.0,0.8520472416382425,0.0,0.0,0.0,0.0,0.0,0.0,0.0,0.0,0.0,0.0,0.0,0.0,0.5234648966422316,0.0,11,120,35,0,1,1
27974,1,0,5,6,2,1,1,5.0,1,0,0,0,0,1994180.416007,,0,5,0,False,8,90,0,0,0,0,0,0,0,0,0,0,0,0,0,0,0,0,0,0,0,0,0,0,0,0,0,0,0,0,0,0,0,0,0,0,0,0,0,0,0,0,0,0,0,0,0,0,0,0,0,0,0,0,0,0,0,0,1,0,1,0,0,0,0,0,0,0,0,0,0,0,0,0,0,0,0,0,0,0,0,0,0,0,0,0,0,0,0,0,0,0,0,0,0,0,0,0,0,0,0,0,0,0,0,0,0,0,0,0,0,0,0,0,0,0,0,0,0,0,0,0,0,0,0,0,0,0,0,0,0,0,0,0,0,0,0,0,0,0,0,0,0,0,0,0,0,0,0,0,0,0,0,0,0,2,624.4883333333333,4,0.0,0.0,0.0,0.30477986681155417,0.0,0.0,0.0,0.37481058066214296,0.0,0.3263129137012657,0.0,0.6321305376578017,0.0,0.0,0.0,0.3356684052446591,0.0,0.0,0.0,0.0,0.0,0.0,0.3845566913249524,149,116,59,0,3,1
27246,5,0,7,6,1,1,1,4.0,1,0,0,0,0,1993678.509155,,0,7,0,False,8,82,0,0,0,0,0,0,0,0,0,0,0,0,0,0,0,0,0,0,0,0,0,0,0,0,0,0,0,0,0,0,0,0,0,0,0,0,0,0,0,0,0,0,0,0,0,0,0,0,0,0,0,0,0,0,0,0,1,0,1,0,0,0,0,0,0,0,0,0,0,0,0,0,0,0,0,0,0,0,0,0,0,0,0,0,0,0,0,0,0,0,0,0,0,0,0,0,0,0,0,0,0,0,0,0,0,0,0,0,0,0,0,0,0,0,0,0,0,0,0,0,0,0,0,0,0,0,0,0,0,0,0,0,0,0,0,0,0,0,0,0,0,0,0,0,0,0,0,0,0,0,0,0,0,2,1312.245,4,0.0,0.3177955832909718,0.0,0.0,0.0,0.0,0.0,0.30613532795887904,0.0,0.0,0.0,0.0,0.0,0.0,0.0,0.0,0.0,0.0,0.0,0.8406134809111976,0.0,0.0,0.314095692308284,19,118,47,0,3,1
27995,1,0,4,200,2,2,2,5.0,1,0,0,0,0,1995047.808291,,0,4,0,False,8,48,0,0,0,0,0,0,0,0,0,0,0,0,0,0,0,0,0,0,0,0,0,0,0,0,0,0,0,0,0,0,0,0,0,0,0,0,0,0,0,0,0,0,0,0,0,0,0,0,0,0,0,0,0,0,0,0,1,0,0,0,0,0,0,0,0,0,0,0,0,0,0,0,0,0,0,0,0,0,0,0,0,0,0,0,0,0,0,0,0,0,0,0,0,0,0,0,0,0,0,0,0,0,0,0,0,0,0,0,0,0,0,0,0,0,0,0,0,0,0,0,0,0,0,0,0,0,0,0,0,0,0,0,0,0,0,0,0,0,0,0,0,0,0,0,0,0,0,0,0,0,0,0,0,1,605.8211111111111,4,0.0,0.0,0.0,0.2758582582382676,0.0,0.0,0.0,0.33924351707477285,0.0,0.0,0.0,0.0,0.0,0.0,0.0,0.0,0.3122450334540111,0.0,0.0,0.0,0.815258747771246,0.216037660490598,0.0,152,117,64,6,4,1
28157,11,0,31,906,11,0,0,3.0,0,0,0,0,0,2002130.766387,,0,31,0,False,8,322,0,0,0,0,0,0,0,0,0,0,0,0,0,0,0,0,0,0,0,0,0,0,0,0,0,0,0,0,0,0,0,0,0,0,0,0,0,0,0,0,0,0,0,0,0,0,0,0,0,0,0,0,0,0,0,0,0,0,1,0,0,0,0,0,0,0,0,0,0,0,0,0,0,0,0,0,0,0,1,0,0,0,0,0,0,0,0,0,0,0,0,0,0,0,0,0,0,0,0,0,0,0,0,0,0,0,0,0,0,0,0,0,0,0,0,0,0,0,0,0,0,0,0,0,0,0,0,0,0,0,0,0,0,0,0,0,0,0,0,0,0,0,0,0,0,0,0,0,0,0,0,0,0,2,417.0925,4,0.3719478447144312,0.0,0.0,0.23195218315639748,0.10516658672335068,0.0,0.09493097246450401,0.09508297837408777,0.3942364617465012,0.0,0.0,0.0,0.0,0.0,0.20386159752899927,0.17030656744192654,0.5250951532278846,0.0,0.0,0.0,0.45700050837837325,0.2422036462484674,0.09755539851694042,129,115,73,0,5,0
28076,2,1,5,42,3,2,0,5.0,1,0,0,0,0,1995220.852508,,2,5,0,False,8,13,0,0,0,0,0,0,0,0,0,0,0,0,0,0,0,1,0,0,0,0,0,0,0,0,0,0,0,0,0,0,0,0,0,0,0,0,0,0,0,0,0,0,0,0,0,0,0,0,0,0,0,0,0,0,0,0,0,0,0,1,0,0,0,0,0,0,0,0,0,0,0,0,0,0,0,0,0,0,1,0,0,0,0,0,0,0,0,0,0,0,0,0,0,0,0,0,0,0,0,0,0,0,0,0,0,0,0,0,0,0,0,0,0,0,0,0,0,0,0,0,0,0,0,0,0,0,0,0,0,0,0,0,0,0,0,0,0,0,0,0,0,0,0,0,0,0,0,0,0,0,0,0,0,3,492.63388888888886,4,0.0,0.0,0.0,0.0,0.0,0.0,1.0,0.0,0.0,0.0,0.0,0.0,0.0,0.0,0.0,0.0,0.0,0.0,0.0,0.0,0.0,0.0,0.0,157,115,73,0,2,1
28320,1,6,13,1890,7,3,2,5.0,0,0,0,0,0,2029767.803032,,0,13,0,False,8,84,0,0,0,0,0,0,0,0,0,0,0,0,0,0,0,0,0,0,0,0,0,0,0,0,0,0,0,0,0,0,0,0,0,0,0,0,0,0,0,0,0,0,0,0,0,0,0,0,0,0,0,0,0,0,0,0,1,0,0,0,0,0,0,0,0,0,0,0,0,0,0,0,0,0,0,0,0,0,0,0,0,0,0,0,0,0,0,0,0,0,0,0,0,0,0,0,0,0,0,0,0,0,0,0,0,0,0,0,0,0,0,0,0,0,0,0,0,0,0,0,0,0,0,0,0,0,0,0,0,0,0,0,0,0,0,0,0,0,0,0,0,0,0,0,0,0,0,0,0,0,0,0,0,1,229.84583333333333,4,0.0,0.0,0.0,0.0,0.0,0.0,0.0,0.0,0.0,0.0,0.0,0.0,0.3976879541770887,0.0,0.0,0.0,0.6859111147516614,0.0,0.0,0.0,0.0,0.474571623754176,0.3822983228970534,155,108,83,0,5,0
28194,7,0,2,24,12,1,1,5.0,1,0,0,0,0,2099500.028708,,2,2,0,False,8,74,0,0,0,0,0,0,0,0,0,0,0,0,0,0,0,0,0,0,0,0,0,0,0,0,0,0,0,0,0,0,0,0,0,0,0,0,0,0,0,0,0,0,0,0,0,0,0,0,0,0,0,0,0,0,0,0,1,0,0,0,1,0,0,0,0,0,0,0,0,0,0,0,0,0,0,0,0,0,0,0,0,0,0,0,0,0,0,0,0,0,0,0,0,0,0,0,0,0,0,0,0,0,0,0,0,0,0,0,0,0,0,0,0,0,0,0,0,0,0,0,0,0,0,0,0,0,0,0,0,0,0,0,0,0,0,0,0,0,0,0,0,0,0,0,0,0,0,0,0,0,0,0,0,2,333.97444444444443,4,0.0,0.0,0.0,0.0,0.0,0.0,0.0,0.0,0.0,0.0,0.0,0.0,0.0,0.0,0.0,0.5448348564911348,0.559951282267608,0.0,0.0,0.0,0.0,0.0,0.6241871038712239,134,108,76,0,0,1
28184,3,2,10,77,6,1,1,5.0,1,0,0,0,0,2106935.820114,,2,10,0,False,8,13,0,0,0,0,0,0,0,0,0,0,0,0,0,0,0,0,0,0,0,0,0,0,0,0,0,0,0,0,0,0,0,0,0,0,0,0,0,0,0,0,0,0,0,0,0,0,0,0,0,0,0,0,0,0,0,0,1,0,1,0,0,0,0,0,0,0,0,0,0,0,0,0,0,0,0,0,0,0,0,0,0,0,0,0,0,0,0,0,0,0,0,0,0,0,0,0,0,0,0,0,0,0,0,0,0,0,0,0,0,0,0,0,0,0,0,0,0,0,0,0,0,0,0,0,0,0,0,0,0,0,0,0,0,0,0,0,0,0,0,0,0,0,0,0,0,0,0,0,0,0,0,0,0,2,216.2513888888889,4,0.0,0.0,0.0,0.0,0.0,0.0,0.0,0.0,0.0,0.0,1.0,0.0,0.0,0.0,0.0,0.0,0.0,0.0,0.0,0.0,0.0,0.0,0.0,132,130,76,1,0,1
27449,15,18,44,2162,14,2,0,4.0,1,0,0,0,0,2486501.011105,,0,44,0,False,8,168,0,0,0,0,0,0,0,0,0,0,0,0,0,0,0,0,0,0,0,0,0,0,0,0,0,0,0,0,0,0,0,0,0,0,0,0,0,0,0,0,0,0,0,0,0,0,0,0,0,0,0,0,0,0,0,0,0,0,1,0,0,0,0,0,0,0,0,0,0,0,0,0,0,0,0,0,0,0,0,0,0,0,0,0,0,0,0,0,0,0,0,0,0,0,0,0,0,0,0,0,0,0,0,0,0,0,0,0,0,0,0,0,0,0,0,0,0,0,0,0,0,0,0,0,0,0,0,0,0,0,0,0,0,0,0,0,0,0,0,0,0,0,0,0,0,0,0,0,0,0,0,0,0,1,808.0327777777778,4,0.0,0.24575492400441978,0.0,0.0,0.0,0.0,0.0,0.0,0.24539281413370698,0.0,0.0,0.0,0.0,0.0,0.0,0.0,0.0,0.0,0.0,0.0,0.3792804630151607,0.45227958431130905,0.7286812692043871,28,126,68,0,4,1
28158,2,0,6,54,2,1,1,4.0,0,0,0,0,0,2542912.276364,,0,6,0,False,8,77,0,0,0,0,0,0,0,0,0,0,0,0,0,0,0,0,0,0,0,0,0,0,0,0,0,0,0,0,0,0,0,0,0,0,0,0,0,0,0,0,0,0,0,0,0,0,0,0,0,0,0,0,0,0,0,0,1,0,1,0,0,0,0,0,0,0,0,0,0,0,0,0,0,0,0,0,0,0,0,0,0,0,0,0,0,0,0,0,0,0,0,0,0,0,0,0,0,0,0,0,0,0,0,0,0,0,0,0,0,0,0,0,0,0,0,0,0,0,0,0,0,0,0,0,0,0,0,0,0,0,0,0,0,0,0,0,0,0,0,0,0,0,0,0,0,0,0,0,0,0,0,0,0,2,257.07444444444445,4,0.4000967217313959,0.0,0.0,0.0,0.0,0.0,0.0,0.4091152937760655,0.0,0.0,0.0,0.34499328989302275,0.0,0.0,0.0,0.0,0.3765561084060421,0.0,0.0,0.37446166208919246,0.0,0.5210670594411039,0.0,129,136,69,0,5,0
28225,3,6,4,115,3,2,1,5.0,1,0,0,0,0,2543200.699109,,0,4,0,False,8,119,1,0,0,0,0,0,0,0,0,0,0,0,0,0,0,0,0,0,0,0,0,0,0,0,0,0,0,0,0,0,0,0,0,0,0,0,0,0,0,0,0,0,0,0,0,0,0,0,0,0,0,0,0,0,0,0,1,1,0,0,0,0,0,0,0,0,0,0,0,0,0,0,0,0,0,0,0,0,0,0,0,0,0,0,0,0,0,0,0,0,0,0,0,0,0,0,0,0,0,0,0,0,0,0,0,0,0,0,0,0,0,0,0,0,0,0,0,0,0,0,0,0,0,0,0,0,0,0,0,0,0,0,0,0,0,0,0,0,0,0,0,0,0,0,0,0,0,0,0,0,0,0,0,3,181.2188888888889,4,0.37794930411865196,0.0,0.0,0.10475323648916375,0.0,0.0,0.0,0.12882288389153468,0.0,0.5607708635090348,0.1427830638644174,0.434528175341926,0.13749331760774922,0.0,0.0,0.0,0.11857059506162523,0.0,0.0,0.0,0.5159714566854189,0.08203721826007641,0.0,132,134,80,0,2,1
28130,3,0,21,330,19,1,1,5.0,0,0,0,0,0,2543647.429972,,0,21,0,False,8,44,0,0,0,0,0,0,0,0,0,0,0,0,0,0,0,1,0,0,0,0,0,0,0,0,0,0,0,0,0,0,0,0,0,0,0,0,0,0,0,0,0,0,0,0,0,0,0,0,0,0,0,0,0,0,0,0,1,0,1,1,0,0,0,0,0,0,0,0,0,0,0,0,0,0,0,0,0,0,1,0,0,0,0,0,0,0,0,0,0,0,0,0,0,0,0,0,0,0,0,0,0,0,0,0,0,0,0,0,0,0,0,0,0,0,0,0,0,0,0,0,0,0,0,0,0,0,0,0,0,0,0,0,0,0,0,0,0,0,0,0,0,0,0,0,0,0,0,0,0,0,0,0,0,5,246.72305555555556,4,0.6346835483213108,0.0,0.0,0.0,0.0,0.0,0.0,0.0,0.33635817490892417,0.0,0.0,0.0,0.0,0.0,0.6957298122563155,0.0,0.0,0.0,0.0,0.0,0.0,0.0,0.0,134,135,69,0,4,1
28101,1,1,5,104,1,1,1,4.0,0,0,0,0,0,2614599.104435,,0,5,0,False,8,36,0,0,0,0,0,0,0,0,0,0,0,0,0,0,0,1,0,0,0,0,0,0,0,0,0,0,0,0,0,0,0,0,0,0,0,0,0,0,0,0,0,0,0,0,0,0,0,0,0,0,0,0,0,0,0,0,1,0,0,1,0,0,0,0,0,0,0,0,0,0,0,0,0,0,0,0,0,0,1,0,0,0,0,0,0,0,0,0,0,0,0,0,0,0,0,0,0,0,0,0,0,0,0,0,0,0,0,0,0,0,0,0,0,0,0,0,0,0,0,0,0,0,0,0,0,0,0,0,0,0,0,0,0,0,0,0,0,0,0,0,0,0,0,0,0,0,0,0,0,0,0,0,0,4,297.78222222222223,4,0.3385358082640792,0.0,0.0,0.0,0.0,0.0,0.0,0.6923334740276046,0.0,0.0,0.0,0.0,0.0,0.0,0.0,0.0,0.6372345465084696,0.0,0.0,0.0,0.0,0.0,0.0,149,134,67,0,3,1
26917,3,1,14,104,3,2,1,4.0,1,0,0,0,0,2627137.530884,,0,14,0,False,8,4,0,0,0,0,0,0,0,0,0,0,0,0,0,0,0,0,0,0,0,0,0,0,0,0,0,0,0,0,0,0,0,0,0,0,0,0,0,0,0,0,0,0,0,0,0,0,0,0,0,0,0,0,0,0,0,0,1,0,0,0,0,0,0,1,0,0,0,0,0,0,0,0,0,0,0,0,0,0,0,0,0,0,0,0,0,0,0,0,0,0,0,0,0,0,0,0,0,0,0,0,0,0,0,0,0,0,0,0,0,0,0,0,0,0,0,0,0,0,0,0,0,0,0,0,0,0,0,0,0,0,0,0,0,0,0,0,0,0,0,0,0,0,0,0,0,0,0,0,0,0,0,0,0,2,1459.7116666666666,4,0.0,0.0,0.0,0.0,0.0,0.0,0.0,0.0,0.0,0.0,0.0,0.0,0.0,0.0,0.0,0.0,0.0,0.0,0.0,0.0,0.0,0.0,0.0,7,138,29,0,3,1
28183,1,0,6,1786,4,0,0,5.0,1,0,0,0,0,2627757.661446,,3,6,0,False,8,13,0,0,0,0,0,0,0,0,0,0,0,1,0,0,0,0,0,0,0,0,0,0,0,0,0,0,0,0,0,0,0,0,0,0,0,0,0,0,0,0,0,0,0,0,0,0,0,0,0,0,0,0,0,0,0,0,0,0,0,0,1,0,1,0,0,0,0,0,0,0,0,0,0,0,0,0,0,0,0,0,0,0,0,0,0,0,0,0,0,0,0,0,0,0,0,0,0,0,0,0,0,0,0,0,0,0,0,0,0,0,0,0,0,0,0,0,0,0,0,0,0,0,0,0,0,0,0,0,0,0,0,0,0,0,0,0,0,0,0,0,0,0,0,0,0,0,0,0,0,0,0,0,0,3,192.44222222222223,4,0.0,0.0,0.0,0.0,0.0,0.0,0.0,0.0,0.0,0.0,1.0,0.0,0.0,0.0,0.0,0.0,0.0,0.0,0.0,0.0,0.0,0.0,0.0,131,137,75,0,0,1
27879,1,17,16,1677,8,3,1,5.0,0,0,0,0,0,2711547.489916,,0,16,0,False,8,0,1,0,0,0,0,0,0,0,0,0,0,0,0,0,0,0,0,0,0,0,0,0,0,0,0,0,0,0,0,0,0,0,0,0,0,0,0,0,0,0,0,0,0,0,0,0,0,0,0,0,0,0,0,0,0,0,1,1,1,0,0,0,0,0,0,0,0,0,0,0,0,0,0,0,0,0,0,0,0,0,0,0,0,0,0,0,0,0,0,0,0,0,0,0,0,0,0,0,0,0,0,0,0,0,0,0,0,0,0,0,0,0,0,0,0,0,0,0,0,0,0,0,0,0,0,0,0,0,0,0,0,0,0,0,0,0,0,0,0,0,0,0,0,0,0,0,0,0,0,0,0,0,0,4,509.37194444444447,4,0.0,0.0,0.0,0.0,0.0,0.0,0.0,0.0,0.0,0.0,0.0,0.0,0.0,0.0,0.0,0.0,0.0,0.0,0.0,0.0,0.0,0.0,0.0,142,139,78,0,0,1
27716,7,15,13,363,5,2,1,5.0,1,0,0,0,0,2785804.297473,,0,13,0,False,8,213,0,0,0,0,0,0,0,0,0,0,0,0,0,0,0,0,0,0,0,0,0,0,0,0,0,0,0,0,0,0,0,0,0,0,0,0,0,0,0,0,0,0,0,0,0,0,0,0,0,0,0,0,0,0,0,0,1,0,1,0,0,0,0,0,0,0,0,0,0,0,0,0,0,0,0,0,0,0,1,0,0,0,0,0,0,0,0,0,0,0,0,0,0,0,0,0,0,0,0,0,0,0,0,0,0,0,0,0,0,0,0,0,0,0,0,0,0,0,0,0,0,0,0,0,0,0,0,0,0,0,0,0,0,0,0,0,0,0,0,0,0,0,0,0,0,0,0,0,0,0,0,0,0,3,197.70472222222222,4,0.0,0.0,0.0,0.0,0.0,0.0,0.0,0.0,0.0,0.0,0.0,0.0,0.0,0.0,0.0,0.3198339301030263,0.6574154246564515,0.0,0.0,0.0,0.0,0.6822838240634391,0.0,78,160,72,0,1,1
28022,1,0,3,47,5,1,1,5.0,1,0,0,0,0,3129170.491014,,0,3,0,False,8,24,0,0,0,0,0,0,0,0,0,0,0,0,0,0,0,1,0,0,0,0,0,0,0,0,0,0,0,0,0,0,0,0,0,0,0,0,0,0,0,0,0,0,0,0,0,0,0,0,0,0,0,0,0,0,0,0,1,0,1,1,0,0,0,0,0,0,0,0,0,0,0,0,0,0,0,0,0,0,1,0,0,0,0,0,0,0,0,0,0,0,0,0,0,0,0,0,0,0,0,0,0,0,0,0,0,0,0,0,0,0,0,0,0,0,0,0,0,0,0,0,0,0,0,0,0,0,0,0,0,0,0,0,0,0,0,0,0,0,0,0,0,0,0,0,0,0,0,0,0,0,0,0,0,5,222.6822222222222,4,0.0,0.0,0.0,0.0,0.0,0.0,0.0,0.542172083930273,0.0,0.0,0.0,0.0,0.0,0.0,0.5812189997393554,0.0,0.4990236569423539,0.0,0.0,0.0,0.0,0.3452669917043448,0.0,150,126,69,0,0,1
28003,2,0,3,6,1,1,1,4.0,0,0,0,0,0,3130054.798598,,0,3,0,False,8,93,0,0,0,0,0,0,0,0,0,0,0,0,0,0,0,0,0,0,0,0,0,0,0,0,0,0,0,0,0,0,0,0,0,0,0,0,0,0,0,0,0,0,0,0,0,0,0,0,0,0,0,0,0,0,0,0,1,0,1,0,1,0,0,0,0,0,0,0,0,0,0,0,0,0,0,0,0,0,0,0,0,0,0,0,0,0,0,0,0,0,0,0,0,0,0,0,0,0,0,0,0,0,0,0,0,0,0,0,0,0,0,0,0,0,0,0,0,0,0,0,0,0,0,0,0,0,0,0,0,0,0,0,0,0,0,0,0,0,0,0,0,0,0,0,0,0,0,0,0,0,0,0,0,3,279.9091666666667,4,0.0,0.0,0.0,0.2121438366826025,0.0,0.0,0.26047205649775645,0.2608891310398286,0.27042697254551606,0.0,0.0,0.21999910779191692,0.0,0.0,0.0,0.0,0.7203792970171711,0.0,0.26115059848019784,0.0,0.0,0.33227976176680707,0.0,149,125,65,0,5,0
27967,3,2,38,944,2,2,1,4.0,0,0,0,0,0,3135871.03451,,0,38,0,False,8,14,0,0,0,0,0,0,0,0,0,0,0,0,0,0,0,1,0,0,0,0,0,0,0,0,0,0,0,0,0,0,0,0,0,0,0,0,0,0,0,0,0,0,0,0,0,0,0,0,0,0,0,0,0,0,0,0,1,0,1,1,0,0,0,0,0,0,0,0,0,0,0,0,0,0,0,0,0,0,1,0,0,0,0,0,0,0,0,0,0,0,0,0,0,0,0,0,0,0,0,0,0,0,0,0,0,0,0,0,0,0,0,0,0,0,0,0,0,0,0,0,0,0,0,0,0,0,0,0,0,0,0,0,0,0,0,0,0,0,0,0,0,0,0,0,0,0,0,0,0,0,0,0,0,5,313.3386111111111,4,0.6991827390509684,0.0,0.0,0.0,0.0,0.0,0.0,0.7149430029122501,0.0,0.0,0.0,0.0,0.0,0.0,0.0,0.0,0.0,0.0,0.0,0.0,0.0,0.0,0.0,144,126,63,2,3,1
27953,2,0,2,2,1,1,1,4.0,1,0,0,0,0,3136064.911749,,0,2,0,False,8,103,1,0,0,0,0,0,0,0,0,0,0,0,0,0,0,0,0,0,0,0,0,0,0,0,0,0,0,0,0,0,0,0,0,0,0,0,0,0,0,0,0,0,0,0,0,0,0,0,0,0,0,0,0,0,0,0,1,1,0,0,0,0,0,0,0,0,0,0,0,0,0,0,0,0,0,0,0,0,0,0,0,0,0,0,0,0,0,0,0,0,0,0,0,0,0,0,0,0,0,0,0,0,0,0,0,0,0,0,0,0,0,0,0,0,1,0,0,0,0,0,0,0,0,0,0,0,0,0,0,0,0,0,0,0,0,0,0,0,0,0,0,0,0,0,0,0,0,0,0,0,0,0,0,4,328.2966666666667,4,0.0,0.0,0.0,0.3425691563257466,0.0,0.0,0.0,0.0,0.0,0.0,0.0,0.0,0.0,0.0,0.0,0.0,0.0,0.0,0.0,0.7711972404376415,0.0,0.5365642454316469,0.0,148,124,64,0,3,1
27968,1,0,1,37,1,1,0,4.0,0,0,0,0,0,3136299.227529,,0,1,0,False,8,84,1,0,0,0,0,0,0,0,0,0,0,0,0,0,0,0,0,0,0,0,0,0,0,0,0,0,0,0,0,0,0,0,0,0,0,0,0,0,0,0,0,0,0,0,0,0,0,0,0,0,0,0,0,0,0,0,0,1,0,0,0,0,0,0,0,0,0,0,0,0,0,0,0,0,0,0,0,0,0,0,0,0,0,0,0,0,0,0,0,0,0,0,0,0,0,0,0,0,0,0,0,0,0,0,0,0,0,0,0,0,0,0,0,0,0,0,0,0,0,0,0,0,0,0,0,0,0,0,0,0,0,0,0,0,0,0,0,0,0,0,0,0,0,0,0,0,0,0,0,0,0,0,0,2,312.8861111111111,4,0.23333303278561543,0.0,0.0,0.5820397362289313,0.0,0.0,0.0,0.2385925879188641,0.0,0.20772050355085836,0.0,0.2011971762054786,0.0,0.2532071694470399,0.0,0.0,0.2196043456894841,0.0,0.0,0.0,0.3822518528509045,0.4558228697973409,0.0,145,123,64,5,3,1
27978,1,0,4,78,1,0,0,2.0,0,0,0,0,0,3556122.412925,,0,4,0,False,8,0,0,0,0,0,0,0,0,0,0,0,0,0,0,0,0,1,0,0,0,0,0,0,0,0,0,0,0,0,0,0,0,0,0,0,0,0,0,0,0,0,0,0,0,0,0,0,0,0,0,0,0,0,0,0,0,0,0,0,0,1,0,0,0,0,0,0,0,0,0,0,0,0,0,0,0,0,0,0,1,0,0,0,0,0,0,0,0,0,0,0,0,0,0,0,0,0,0,0,0,0,0,0,0,0,0,0,0,0,0,0,0,0,0,0,0,0,0,0,0,0,0,0,0,0,0,0,0,0,0,0,0,0,0,0,0,0,0,0,0,0,0,0,0,0,0,0,0,0,0,0,0,0,0,3,188.16944444444445,4,0.0,0.0,0.0,0.0,0.0,0.0,0.0,0.0,0.0,0.0,0.0,0.0,0.0,0.0,0.0,0.0,0.0,0.0,0.0,0.0,0.0,0.0,0.0,152,133,63,38,4,1
27931,1,0,9,275,5,0,0,1.0,0,0,0,0,0,3569270.267972,,0,9,0,False,8,0,0,0,0,0,0,0,0,0,0,0,0,0,0,0,0,1,0,0,0,0,0,0,0,0,0,0,0,0,0,0,0,0,0,0,0,0,0,0,0,0,0,0,0,0,0,0,0,0,0,0,0,0,0,0,0,0,0,0,0,1,0,0,0,0,0,0,0,0,0,0,0,0,0,0,0,0,0,0,1,0,0,0,0,0,0,0,0,0,0,0,0,0,0,0,0,0,0,0,0,0,0,0,0,0,0,0,0,0,0,0,0,0,0,0,0,0,0,0,0,0,0,0,0,0,0,0,0,0,0,0,0,0,0,0,0,0,0,0,0,0,0,0,0,0,0,0,0,0,0,0,0,0,0,3,234.22,4,0.0,0.0,0.0,0.0,0.0,0.0,0.0,0.0,0.0,0.0,0.0,0.0,0.0,0.0,0.0,0.0,0.0,0.0,0.0,0.0,0.0,0.0,0.0,151,133,70,32,2,1
27379,13,12,48,1629,7,1,0,3.0,1,0,0,0,0,3569991.906954,,0,48,0,False,8,160,0,0,0,0,0,0,0,0,0,0,0,0,0,0,0,0,0,0,0,0,0,0,0,0,0,0,0,0,0,0,0,0,0,0,0,0,0,0,0,0,0,0,0,0,0,0,0,0,0,0,0,0,0,0,0,0,0,0,1,0,0,0,0,0,0,0,0,0,0,0,0,0,0,0,0,0,0,0,0,0,0,0,0,0,0,0,0,0,0,0,0,0,0,0,0,0,0,0,0,0,0,0,0,0,0,0,0,0,0,0,0,0,0,0,0,0,0,0,0,0,0,0,0,0,0,0,0,0,0,0,0,0,0,0,0,0,0,0,0,0,0,0,0,0,0,0,0,0,0,0,0,0,0,1,740.5480555555556,4,0.2768105544964691,0.0,0.0,0.0,0.0,0.0,0.0,0.14152506777994417,0.0,0.0,0.0,0.0,0.0,0.45058183237292665,0.0,0.0,0.13026188357135152,0.0,0.0,0.0,0.7935861272750668,0.18025249123456916,0.14520511056237637,24,132,61,0,1,1
27526,4,0,22,611,5,1,1,5.0,0,0,0,0,0,3575938.044683,,0,22,0,False,8,11,0,0,0,0,0,0,0,0,0,0,0,0,0,0,0,0,0,0,0,0,0,0,0,0,0,0,0,0,0,0,0,0,0,0,0,0,0,0,0,0,0,0,0,0,0,0,0,0,0,0,0,0,0,0,0,0,1,0,1,0,0,0,0,0,0,0,0,0,0,0,0,0,0,0,0,0,0,0,0,0,0,0,0,0,0,0,0,0,0,0,0,0,0,0,0,0,0,0,0,0,0,0,0,0,0,0,0,0,0,0,0,0,0,0,0,0,0,0,0,0,0,0,0,0,0,0,0,0,0,0,0,0,0,0,0,0,0,0,0,0,0,0,0,0,0,0,0,0,0,0,0,0,0,2,595.005,4,0.0,0.0,0.0,0.0,0.0,0.0,0.0,1.0,0.0,0.0,0.0,0.0,0.0,0.0,0.0,0.0,0.0,0.0,0.0,0.0,0.0,0.0,0.0,33,130,75,1,0,1
27689,2,6,7,78,1,3,1,4.0,1,0,0,0,0,3577241.130659,,0,7,0,False,8,84,1,0,0,0,0,0,0,0,0,0,0,0,0,0,0,0,0,0,0,0,0,0,0,0,0,0,0,0,0,0,0,0,0,0,0,0,0,0,0,0,0,0,0,0,0,0,0,0,0,0,0,0,0,0,0,0,1,1,0,0,0,0,0,0,0,0,0,0,0,0,0,0,0,0,0,0,0,0,0,0,0,0,0,0,0,0,0,0,0,0,0,0,0,0,0,0,0,0,0,0,0,0,0,0,0,0,0,0,0,0,0,0,0,0,0,0,0,0,0,0,0,0,0,0,0,0,0,0,0,0,0,0,0,0,0,0,0,0,0,0,0,0,0,0,0,0,0,0,0,0,0,0,0,3,429.01694444444445,4,0.0,0.0,0.0,0.4880161329747447,0.0,0.0,0.0,0.3000749558793091,0.0,0.0,0.0,0.5060864153368542,0.0,0.0,0.0,0.0,0.0,0.0,0.0,0.0,0.0,0.19109426761925916,0.6157554676208399,73,129,76,0,0,1
27220,1,0,1,3,1,1,1,4.0,0,0,0,0,0,3610778.492951,,0,1,0,False,8,283,1,0,0,0,0,0,0,0,0,0,0,0,0,0,0,0,0,0,0,0,0,0,0,0,0,0,0,0,0,0,0,0,0,0,0,0,0,0,0,0,0,0,0,0,0,0,0,0,0,0,0,0,0,0,0,0,1,1,1,0,0,0,0,0,0,0,0,0,0,0,0,0,0,0,0,0,0,0,1,0,0,0,0,0,0,0,0,0,0,0,0,0,0,0,0,0,0,0,0,0,0,0,0,0,0,0,0,0,0,0,0,0,0,0,0,0,0,0,0,0,0,0,0,0,0,0,0,0,0,0,0,0,0,0,0,0,0,0,0,0,0,0,0,0,0,0,0,0,0,0,0,0,0,5,539.67,4,0.2788335881695711,0.09865951173578094,0.0,0.4636926775789935,0.10511859713067098,0.0,0.18977530716994023,0.2851187703937565,0.0,0.16548436555828172,0.0,0.16028743666284004,0.10143623676542497,0.10086107792554161,0.20376857145167507,0.25534327978232796,0.437379618273553,0.0,0.0,0.0,0.3806599750095313,0.12104656196814248,0.19502176411982708,18,117,46,0,2,1
27773,1,0,5,67,11,0,0,2.0,1,0,0,0,0,3739666.523651,,0,5,0,False,8,0,0,0,0,0,0,0,0,0,0,0,0,0,0,0,0,1,0,0,0,0,0,0,0,0,0,0,0,0,0,0,0,0,0,0,0,0,0,0,0,0,0,0,0,0,0,0,0,0,0,0,0,0,0,0,0,0,0,0,0,1,0,0,0,0,0,0,0,0,0,0,0,0,0,0,0,0,0,0,1,0,0,0,0,0,0,0,0,0,0,0,0,0,0,0,0,0,0,0,0,0,0,0,0,0,0,0,0,0,0,0,0,0,0,0,0,0,0,0,0,0,0,0,0,0,0,0,0,0,0,0,0,0,0,0,0,0,0,0,0,0,0,0,0,0,0,0,0,0,0,0,0,0,0,3,328.0394444444444,4,0.0,0.0,0.0,0.0,0.0,0.0,0.0,0.0,0.0,0.0,0.0,0.0,0.0,0.0,0.0,0.0,0.0,0.0,0.0,0.0,0.0,0.0,0.0,104,161,64,14,3,1
27415,11,0,9,143,1,1,1,4.0,1,0,0,0,0,3746133.524006,,0,9,0,False,8,77,0,0,0,0,0,0,0,0,0,0,0,0,0,0,0,1,0,0,0,0,0,0,0,0,0,0,0,0,0,0,0,0,0,0,0,0,0,0,0,0,0,0,0,0,0,0,0,0,0,0,0,0,0,0,0,0,1,0,0,1,0,0,0,0,0,0,0,0,0,0,0,0,0,0,0,0,0,0,1,0,0,0,0,0,0,0,0,0,0,0,0,0,0,0,0,0,0,0,0,0,0,0,0,0,0,0,0,0,0,0,0,0,0,0,0,0,0,0,0,0,0,0,0,0,0,0,0,0,0,0,0,0,0,0,0,0,0,0,0,0,0,0,0,0,0,0,0,0,0,0,0,0,0,4,655.6,4,0.0,0.0,0.0,0.0,0.0,0.0,0.0,0.0,0.0,0.45229959302268247,0.0,0.0,0.0,0.0,0.0,0.0,0.4781759839949881,0.0,0.0,0.0,0.41616584429832026,0.33084279913865133,0.5330308047191166,23,160,63,0,3,1
27159,1,0,2,17,1,0,0,3.0,0,0,0,0,0,3750223.744673,,0,2,0,False,8,29,0,0,0,0,0,0,0,0,0,0,0,0,0,0,0,0,0,0,0,0,0,0,0,0,0,0,0,0,0,0,0,0,0,0,0,0,0,0,0,0,0,0,0,0,0,0,0,0,0,0,0,0,0,0,0,0,0,0,1,0,0,0,0,0,0,0,0,0,0,0,0,0,0,0,0,0,0,0,0,0,0,0,0,0,0,0,0,0,0,0,0,0,0,0,0,0,0,0,0,0,0,0,0,0,0,0,0,0,0,0,0,0,0,0,0,0,0,0,0,0,0,0,0,0,0,0,0,0,0,0,0,0,0,0,0,0,0,0,0,0,0,0,0,0,0,0,0,0,0,0,0,0,0,1,900.0138888888889,4,0.0,0.0,0.0,0.0,0.0,0.0,0.0,0.542172083930273,0.0,0.0,0.0,0.0,0.0,0.0,0.5812189997393554,0.0,0.4990236569423539,0.0,0.0,0.0,0.0,0.3452669917043448,0.0,17,160,43,0,0,1
27733,1,3,15,61,10,1,1,4.0,1,0,0,0,0,3752157.146301,,0,15,0,False,8,38,0,0,0,0,0,0,0,0,0,0,0,0,0,0,0,1,0,0,0,0,0,0,0,0,0,0,0,0,0,0,0,0,0,0,0,0,0,0,0,0,0,0,0,0,0,0,0,0,0,0,0,0,0,0,0,0,1,0,0,1,0,0,0,0,0,0,0,0,0,0,0,0,0,0,0,0,0,0,1,0,0,0,0,0,0,0,0,0,0,0,0,0,0,0,0,0,0,0,0,0,0,0,0,0,0,0,0,0,0,0,0,0,0,0,0,0,0,0,0,0,0,0,0,0,0,0,0,0,0,0,0,0,0,0,0,0,0,0,0,0,0,0,0,0,0,0,0,0,0,0,0,0,0,4,346.19944444444445,4,0.31304808727177696,0.0,0.0,0.0,0.0,0.0,0.0,0.0,0.6636143859217092,0.0,0.0,0.0,0.0,0.6794239043875588,0.0,0.0,0.0,0.0,0.0,0.0,0.0,0.0,0.0,85,154,75,2,2,1
27914,1,0,4,429,2,1,1,5.0,0,0,0,0,0,3820420.414538,,0,4,0,False,8,28,0,0,0,0,0,0,0,0,0,0,0,0,0,0,0,1,0,0,0,0,0,0,0,0,0,0,0,0,0,0,0,0,0,0,0,0,0,0,0,0,0,0,0,0,0,0,0,0,0,0,0,0,0,0,0,0,1,0,1,1,0,0,0,0,0,0,0,0,0,0,0,0,0,0,0,0,0,0,1,0,0,0,0,0,0,0,0,0,0,0,0,0,0,0,0,0,0,0,0,0,0,0,0,0,0,0,0,0,0,0,0,0,0,0,0,0,0,0,0,0,0,0,0,0,0,0,0,0,0,0,0,0,0,0,0,0,0,0,0,0,0,0,0,0,0,0,0,0,0,0,0,0,0,5,174.43777777777777,4,0.0,0.0,0.0,0.0,0.0,0.0,0.0,0.5262468963998986,0.0,0.0,0.0,0.44376646594973873,0.0,0.0,0.0,0.0,0.48436586552437627,0.0,0.0,0.0,0.0,0.0,0.5399307696758684,152,164,69,0,1,1
27916,2,6,22,1076,14,3,0,5.0,0,0,0,0,0,3825983.782421,,0,22,0,False,8,88,0,0,0,0,0,0,0,0,0,0,0,0,0,0,0,0,0,0,0,0,0,0,0,0,0,0,0,0,0,0,0,0,0,0,0,0,0,0,0,0,0,0,0,0,0,0,0,0,0,0,0,0,0,0,0,0,0,0,0,0,0,0,0,0,0,0,0,0,0,0,0,0,0,0,0,0,0,0,0,0,0,0,0,0,0,0,0,0,0,0,0,0,0,0,0,0,0,0,0,0,0,0,0,0,0,0,0,0,0,0,0,0,0,0,0,0,0,0,0,0,0,0,0,0,0,0,0,0,0,0,0,0,0,0,0,0,0,0,0,0,0,0,0,0,0,0,0,0,0,0,0,0,0,0,170.86305555555555,4,0.5065163654596886,0.0,0.0,0.0,0.0,0.0,0.0,0.0,0.0,0.0,0.0,0.0,0.0,0.0,0.5552350250421451,0.0,0.0,0.0,0.0,0.0,0.0,0.6596629734098738,0.0,153,160,70,7,1,1
27307,4,0,27,420,8,1,2,4.0,1,0,0,0,0,4236561.953768,,0,27,0,False,8,1539,0,0,0,0,0,0,0,0,0,0,0,0,0,0,0,0,0,0,0,0,0,0,0,0,0,0,0,0,0,0,0,0,0,0,0,0,0,0,0,0,0,0,0,0,0,0,0,0,0,0,0,0,0,0,0,0,1,0,1,0,0,0,0,0,0,0,0,0,0,0,0,0,0,0,0,0,0,0,0,0,0,0,0,0,0,0,0,0,0,0,0,0,0,0,0,0,0,0,0,0,0,0,0,0,0,0,0,0,0,0,0,0,0,0,0,0,0,0,0,0,0,0,0,0,0,0,0,0,0,0,0,0,0,0,0,0,0,0,0,0,0,0,0,0,0,0,0,0,0,0,0,0,0,2,631.1905555555555,4,0.0,0.0,0.0,0.0,0.0,0.6001804276868853,0.0,0.5497850623861432,0.0,0.0,0.0,0.4636154167105173,0.0,0.0,0.0,0.0,0.0,0.0,0.0,0.0,0.0,0.3501151021978137,0.0,21,161,52,0,5,0
27603,5,0,4,6,1,1,1,5.0,1,0,0,0,0,4249469.033755,,0,4,0,False,8,16,1,0,0,0,0,0,0,0,0,0,0,0,0,0,0,0,0,0,0,0,0,0,0,0,0,0,0,0,0,0,0,0,0,0,0,0,0,0,0,0,0,0,0,0,0,0,0,0,0,0,0,0,0,0,0,0,1,1,1,0,0,0,0,0,0,0,0,0,0,0,0,0,0,0,0,0,0,0,0,0,0,0,0,0,0,0,0,0,0,0,0,0,0,0,0,0,0,0,0,0,0,0,0,0,0,0,0,0,0,0,0,0,0,0,0,0,0,0,0,0,0,0,0,0,0,0,0,0,0,0,0,0,0,0,0,0,0,0,0,0,0,0,0,0,0,0,0,0,0,0,0,0,0,4,355.7627777777778,4,0.0,0.0,0.0,0.0,0.0,0.0,0.0,0.0,0.0,1.0,0.0,0.0,0.0,0.0,0.0,0.0,0.0,0.0,0.0,0.0,0.0,0.0,0.0,54,159,76,0,3,1
27645,5,0,20,589,4,2,2,4.0,1,0,0,0,0,4254213.509179,,0,20,0,False,8,192,0,0,0,0,0,0,0,0,0,0,0,0,0,0,0,0,0,0,0,0,0,0,0,0,0,0,0,0,0,0,0,0,0,0,0,0,0,0,0,0,0,0,0,0,0,0,0,0,0,0,0,0,0,0,0,0,1,0,1,0,0,0,0,0,0,0,0,0,0,0,0,0,0,0,0,0,0,0,0,0,0,0,0,0,0,0,0,0,0,0,0,0,0,0,0,0,0,0,0,0,0,0,0,0,0,0,0,0,0,0,0,0,0,0,0,0,0,0,0,0,0,0,0,0,0,0,0,0,0,0,0,0,0,0,0,0,0,0,0,0,0,0,0,0,0,0,0,0,0,0,0,0,0,2,317.9125,4,0.39778026459886345,0.0,0.0,0.110249627857935,0.0,0.0,0.2707309130006292,0.13558220714351743,0.0,0.0,0.0,0.0,0.0,0.1438870637082267,0.14534675826013918,0.36426930507951033,0.4991679271614816,0.0,0.0,0.0,0.5430444250834066,0.0,0.13910771912985004,61,161,72,0,4,1
26618,6,0,3,39,2,1,1,5.0,1,0,0,0,0,4289156.660902,,0,3,0,False,8,41,0,0,0,0,0,0,0,0,0,0,0,0,0,0,0,0,0,0,0,0,0,0,0,0,0,0,0,0,0,0,0,0,0,0,0,0,0,0,0,0,0,0,0,0,0,0,0,0,0,0,0,0,0,0,0,0,1,0,1,0,0,0,0,0,0,0,0,0,0,0,0,0,0,0,0,0,0,0,1,0,0,0,0,0,0,0,0,0,0,0,0,0,0,0,0,0,0,0,0,0,0,0,0,0,0,0,0,0,0,0,0,0,0,0,0,0,0,0,0,0,0,0,0,0,0,0,0,0,0,0,0,0,0,0,0,0,0,0,0,0,0,0,0,0,0,0,0,0,0,0,0,0,0,3,1190.9725,4,0.4061422424239726,0.0,0.0,0.3377017544833581,0.0,0.0,0.0,0.4152970864272767,0.0,0.0,0.0,0.3502061895734371,0.0,0.0,0.0,0.0,0.38224592694650295,0.0,0.0,0.0,0.0,0.5289404598439849,0.0,10,163,24,0,2,1
27323,1,0,10,285,4,1,1,4.0,1,0,0,0,0,4317002.683591,,0,10,0,False,8,188,0,0,0,0,0,0,0,0,0,0,0,0,0,0,0,0,0,0,0,0,0,0,0,0,0,0,0,0,0,0,0,0,0,0,0,0,0,0,0,0,0,0,0,0,0,0,0,0,0,0,0,0,0,0,0,0,1,0,1,0,0,0,0,0,0,0,0,0,0,0,0,0,0,0,0,0,0,0,0,0,0,0,0,0,0,0,0,0,0,0,0,0,0,0,0,0,0,0,0,0,0,0,0,0,0,0,0,0,0,0,0,0,0,0,0,0,0,0,0,0,0,0,0,0,0,0,0,0,0,0,0,0,0,0,0,0,0,0,0,0,0,0,0,0,0,0,0,0,0,0,0,0,0,2,582.1294444444444,4,0.2646127363338701,0.0,0.0,0.0,0.0,0.1476897525368195,0.0,0.13528868331342894,0.14023470009003292,0.0,0.0,0.11408443695860117,0.0,0.0,0.7251604750789625,0.0,0.3735654536134279,0.0,0.0,0.0,0.3251212683348537,0.258464340476501,0.13880656286920115,23,161,54,0,6,0
26778,3,4,19,112,1,3,3,22.0,1,0,0,0,0,4318221.112086,,0,19,0,False,8,35,0,0,0,0,0,0,0,0,0,0,0,0,0,0,0,1,0,0,0,0,0,0,0,0,0,0,0,0,0,0,0,0,0,0,0,0,0,0,0,0,0,0,0,0,0,0,0,0,0,0,0,0,0,0,0,0,1,0,1,1,0,0,0,0,0,0,0,0,0,0,0,0,0,0,0,0,0,0,1,0,0,0,0,0,0,0,0,0,0,0,0,0,0,0,0,0,0,0,0,0,0,0,0,0,0,0,0,0,0,0,0,0,0,0,0,0,0,0,0,0,0,0,0,0,0,0,0,0,0,0,0,0,0,0,0,0,0,0,0,0,0,0,0,0,0,0,0,0,0,0,0,0,0,5,1068.4475,4,0.0,0.0,0.0,0.0,0.0,0.0,0.0,0.45092409999490674,0.46740942684506814,0.0,0.0,0.0,0.0,0.0,0.48339938946601085,0.0,0.0,0.0,0.0,0.0,0.3612152712321363,0.0,0.4626493724547031,9,160,26,0,0,1
27251,4,0,4,10,2,1,2,5.0,1,0,0,0,0,4318521.530609,,0,4,0,False,8,15,0,0,0,0,0,0,0,0,0,0,0,0,0,0,0,0,0,0,0,0,0,0,0,0,0,0,0,0,0,0,0,0,0,0,0,0,0,0,0,0,0,0,0,0,0,0,0,0,0,0,0,0,0,0,0,0,1,0,0,0,0,0,0,0,0,0,0,0,0,0,0,0,0,0,0,0,0,0,0,0,0,0,0,0,0,0,0,0,0,0,0,0,0,0,0,0,0,0,0,0,0,0,0,0,0,0,0,0,0,0,0,0,0,0,0,0,0,0,0,0,0,0,0,0,0,0,0,0,0,0,0,0,0,0,0,0,0,0,0,0,0,0,0,0,0,0,0,0,0,0,0,0,0,1,662.6505555555556,4,0.9135837270523016,0.0,0.0,0.0,0.0,0.0,0.0,0.0,0.0,0.4066506776893722,0.0,0.0,0.0,0.0,0.0,0.0,0.0,0.0,0.0,0.0,0.0,0.0,0.0,20,159,48,0,3,1
27043,6,0,3,578,5,3,3,5.0,1,0,0,0,0,4323092.881938,,0,3,0,False,8,31,0,0,0,0,0,0,0,0,0,0,0,0,0,0,0,1,0,0,0,0,0,0,0,0,0,0,0,0,0,0,0,0,0,0,0,0,0,0,0,0,0,0,0,0,0,0,0,0,0,0,0,0,0,0,0,0,1,0,1,1,0,0,0,0,0,0,0,0,0,0,0,0,0,0,0,0,0,0,1,0,0,0,0,0,0,0,0,0,0,0,0,0,0,0,0,0,0,0,0,0,0,0,0,0,0,0,0,0,0,0,0,0,0,0,0,0,0,0,0,0,0,0,0,0,0,0,0,0,0,0,0,0,0,0,0,0,0,0,0,0,0,0,0,0,0,0,0,0,0,0,0,0,0,5,850.2144444444444,4,0.39986972198509274,0.0,0.0,0.0,0.0,0.0,0.0,0.4088831772331105,0.0,0.0,0.0,0.0,0.0,0.0,0.0,0.0,0.0,0.0,0.0,0.0,0.6550763100405763,0.2603857128504359,0.41951526954607316,12,159,37,1,2,1
26209,5,0,7,64,1,1,1,4.0,1,0,0,0,0,4477172.971858,,0,7,0,False,8,18,0,0,0,0,0,0,0,0,0,0,0,0,0,0,0,0,0,0,0,0,0,0,0,0,0,0,0,0,0,0,0,0,0,0,0,0,0,0,0,0,0,0,0,0,0,0,0,0,0,0,0,0,0,0,0,0,1,0,1,0,0,0,0,0,0,0,0,0,0,0,0,0,0,0,0,0,0,0,0,0,0,0,0,0,0,0,0,0,0,0,0,0,0,0,0,0,0,0,0,0,0,0,0,0,0,0,0,0,0,0,0,0,0,0,1,0,0,0,0,0,0,0,0,0,0,0,0,0,0,0,0,0,0,0,0,0,0,0,0,0,0,0,0,0,0,0,0,0,0,0,0,0,0,3,1356.5975,4,0.0,0.0,0.0,0.6308996451772447,0.0,0.0,0.0,0.7758644454511541,0.0,0.0,0.0,0.0,0.0,0.0,0.0,0.0,0.0,0.0,0.0,0.0,0.0,0.0,0.0,9,158,16,0,0,1
26308,2,0,3,4,1,1,1,4.0,1,0,0,0,0,4535047.305392,,0,3,0,False,8,130,0,0,0,0,0,0,0,0,0,0,0,0,0,0,0,0,0,0,0,0,0,0,0,0,0,0,0,0,0,0,0,0,0,0,0,0,0,0,0,0,0,0,0,0,0,0,0,0,0,0,0,0,0,0,0,0,1,0,1,0,0,0,0,0,0,0,0,0,0,0,0,0,0,0,0,0,0,0,0,0,0,0,0,0,0,0,0,0,0,0,0,0,0,0,0,0,0,0,0,0,0,0,0,0,0,0,0,0,0,0,0,0,0,0,0,0,0,0,0,0,0,0,0,0,0,0,0,0,0,0,0,0,0,0,0,0,0,0,0,0,0,0,0,0,0,0,0,0,0,0,0,0,0,2,1306.1627777777778,4,0.0,0.0,0.0,0.0,0.0,0.0,0.0,0.3284602542614922,0.3404684273639035,0.2859599705370636,0.364054584437255,0.2769795836055844,0.0,0.0,0.0,0.0,0.3023199498830432,0.0,0.0,0.0,0.0,0.6275119316059868,0.0,9,142,18,0,2,1
26208,1,0,2,13,1,1,1,4.0,1,0,0,0,0,4535102.036884,,0,2,0,False,8,12,0,0,0,0,0,0,0,0,0,0,0,0,0,0,0,0,0,0,0,0,0,0,0,0,0,0,0,0,0,0,0,0,0,0,0,0,0,0,0,0,0,0,0,0,0,0,0,0,0,0,0,0,0,0,0,0,1,0,1,0,0,0,0,0,0,0,0,0,0,0,0,0,0,0,0,0,0,0,0,0,0,0,0,0,0,0,0,0,0,0,0,0,0,0,0,0,0,0,0,0,0,0,0,0,0,0,0,0,0,0,0,0,0,0,0,0,0,0,0,0,0,0,0,0,0,0,0,0,0,0,0,0,0,0,0,0,0,0,0,0,0,0,0,0,0,0,0,0,0,0,0,0,0,2,1349.8011111111111,4,0.0,0.0,0.0,0.0,0.0,0.0,0.0,0.0,0.0,0.0,0.0,0.0,0.0,0.0,0.0,0.0,0.0,0.0,1.0,0.0,0.0,0.0,0.0,8,141,15,0,0,1
26365,5,0,6,30,2,1,0,3.0,1,0,0,0,0,4764975.334105,,0,6,0,False,8,81,1,0,0,0,0,0,0,0,0,0,0,0,0,0,0,0,0,0,0,0,0,0,0,0,0,0,0,0,0,0,0,0,0,0,0,0,0,0,0,0,0,0,0,0,0,0,0,0,0,0,0,0,0,0,0,0,0,1,0,0,0,0,0,0,0,0,0,0,0,0,0,0,0,0,0,0,0,0,0,0,0,0,0,0,0,0,0,0,0,0,0,0,0,0,0,0,0,0,0,0,0,0,0,0,0,0,0,0,0,0,0,0,0,0,0,0,0,0,0,0,0,0,0,0,0,0,0,0,0,0,0,0,0,0,0,0,0,0,0,0,0,0,0,0,0,0,0,0,0,0,0,0,0,2,1221.8755555555556,4,0.39903846458937414,0.4235745808669366,0.0,0.0,0.0,0.0,0.0,0.40803318248138837,0.0,0.0,0.0,0.0,0.0,0.0,0.0,0.0,0.0,0.0,0.0,0.0,0.6537145239449,0.25984441767941907,0.0,10,135,19,0,3,1
27050,11,3,14,45,6,2,1,4.0,1,0,0,0,0,4784511.794915,,0,14,0,False,8,25,1,0,0,0,0,0,0,0,0,0,0,0,0,0,0,0,0,0,0,0,0,0,0,0,0,0,0,0,0,0,0,0,0,0,0,0,0,0,0,0,0,0,0,0,0,0,0,0,0,0,0,0,0,0,0,0,1,1,1,0,0,0,0,0,0,0,0,0,0,0,0,0,0,0,0,0,0,0,0,0,0,0,0,0,0,0,0,0,0,0,0,0,0,0,0,0,0,0,0,0,0,0,0,0,0,0,0,0,0,0,0,0,0,0,0,0,0,0,0,0,0,0,0,0,0,0,0,0,0,0,0,0,0,0,0,0,0,0,0,0,0,0,0,0,0,0,0,0,0,0,0,0,0,4,676.5833333333334,4,0.4726512455166188,0.0,0.0,0.0,0.0,0.0,0.0,0.0,0.0,0.4207692050737577,0.0,0.0,0.0,0.0,0.0,0.0,0.0,0.0,0.0,0.0,0.7743087731475002,0.0,0.0,14,96,39,0,2,1
26980,1,0,3,9,2,1,1,4.0,0,0,0,0,0,4852152.927973,,0,3,0,False,8,0,0,0,0,0,0,0,0,0,0,0,0,1,0,0,0,0,0,0,0,0,0,0,0,0,0,0,0,0,0,0,0,0,0,0,0,0,0,0,0,0,0,0,0,0,0,0,0,0,0,0,0,0,0,0,0,0,1,0,0,0,0,0,1,0,0,0,0,0,0,0,0,0,0,0,0,0,0,0,0,0,0,0,0,0,0,0,0,0,0,0,0,0,0,0,0,0,0,0,0,0,0,0,0,0,0,0,0,0,0,0,0,0,0,0,0,0,0,0,0,0,0,0,0,0,0,0,0,0,0,0,0,0,0,0,0,0,0,0,0,0,0,0,0,0,0,0,0,0,0,0,0,0,0,3,765.8961111111112,4,0.0,0.0,0.0,0.0,0.0,0.0,0.0,0.0,0.0,0.0,0.0,0.0,0.0,0.0,0.0,0.0,0.0,0.0,0.0,0.0,0.0,0.0,0.0,9,126,31,0,0,1
26375,1,0,4,9,1,1,1,4.0,0,0,0,0,0,4864950.098367,,0,4,0,False,8,177,0,0,0,0,0,0,0,0,0,0,0,0,0,0,0,0,0,0,0,0,0,0,0,0,0,0,0,0,0,0,0,0,0,0,0,0,0,0,0,0,0,0,0,0,0,0,0,0,0,0,0,0,0,0,0,0,1,0,0,0,0,0,0,0,0,0,0,0,0,0,0,0,0,0,0,0,0,0,0,0,0,0,0,0,0,0,0,0,0,0,0,0,0,0,0,0,0,0,0,0,0,0,0,0,0,0,0,0,0,0,0,0,0,0,1,0,0,0,0,0,0,0,0,0,0,0,0,0,0,0,0,0,0,0,0,0,0,0,0,0,0,0,0,0,0,0,0,0,0,0,0,0,0,2,1187.3986111111112,4,0.2156821763820925,0.0,0.0,0.26900519731823846,0.0,0.0,0.0,0.1102719319605672,0.0,0.0,0.0,0.09298864444495446,0.0,0.35107935252397915,0.35464095566578346,0.09875602625480993,0.40598403625766677,0.0,0.0,0.504657385728806,0.3533357903281538,0.21067070407675786,0.11313930686228654,11,119,20,0,3,1
27377,3,2,1,6,1,2,1,4.0,0,0,0,0,0,4864545.299388,,0,1,0,False,8,23,1,0,0,0,0,0,0,0,0,0,0,0,0,0,0,0,0,0,0,0,0,0,0,0,0,0,0,0,0,0,0,0,0,0,0,0,0,0,0,0,0,0,0,0,0,0,0,0,0,0,0,0,0,0,0,0,1,1,1,0,0,0,0,0,0,0,0,0,0,0,0,0,0,0,0,0,0,0,0,0,0,0,0,0,0,0,0,0,0,0,0,0,0,0,0,0,0,0,0,0,0,0,0,0,0,0,0,0,0,0,0,0,0,0,0,0,0,0,0,0,0,0,0,0,0,0,0,0,0,0,0,0,0,0,0,0,0,0,0,0,0,0,0,0,0,0,0,0,0,0,0,0,0,4,382.1458333333333,4,0.0,0.0,0.0,0.388409031652533,0.0,0.0,0.0,0.47765561489046376,0.0,0.41585057488325,0.0,0.40279105798262976,0.0,0.0,0.0,0.0,0.4396416908332425,0.0,0.0,0.0,0.0,0.30418149903330155,0.0,23,116,60,0,1,1
27112,3,0,3,2,1,2,1,3.0,0,0,0,0,0,4865487.812594,,0,3,0,False,8,285,1,0,0,0,0,0,0,0,0,0,0,0,0,0,0,0,0,0,0,0,0,0,0,0,0,0,0,0,0,0,0,0,0,0,0,0,0,0,0,0,0,0,0,0,0,0,0,0,0,0,0,0,0,0,0,0,1,1,1,0,0,0,0,0,0,0,0,0,0,0,0,0,0,0,0,0,0,0,0,0,0,0,0,0,0,0,0,0,0,0,0,0,0,0,0,0,0,0,0,0,0,0,0,0,0,0,0,0,0,0,0,0,0,0,0,0,0,0,0,0,0,0,0,0,0,0,0,0,0,0,0,0,0,0,0,0,0,0,0,0,0,0,0,0,0,0,0,0,0,0,0,0,0,4,649.5069444444445,4,0.27140325617422395,0.09603044207631835,0.0,0.45133623744980755,0.10231740635342848,0.0,0.18471819211415252,0.3700279352485894,0.0,0.08053727664819502,0.0,0.15601611168758708,0.09873317319093412,0.09817334113129429,0.09916928258356401,0.24853891537982384,0.4257243661459136,0.0,0.0,0.0,0.3705161827561343,0.23564184847680417,0.18982484195832855,14,118,40,0,4,1
27552,1,0,4,8,1,1,1,4.0,0,0,0,0,0,4867489.993873,,0,4,0,False,8,84,0,0,0,0,0,0,0,0,0,0,0,0,0,0,0,0,0,0,0,0,0,0,0,0,0,0,0,0,0,0,0,0,0,0,0,0,0,0,0,0,0,0,0,0,0,0,0,0,0,0,0,0,0,0,0,0,1,0,1,0,0,0,0,0,0,0,0,0,0,0,0,0,0,0,0,0,0,0,0,0,0,0,0,0,0,0,0,0,0,0,0,0,0,0,0,0,0,0,0,0,0,0,0,0,0,0,0,0,0,0,0,0,0,0,0,0,0,0,0,0,0,0,0,0,0,0,0,0,0,0,0,0,0,0,0,0,0,0,0,0,0,0,0,0,0,0,0,0,0,0,0,0,0,2,216.41722222222222,4,0.0,0.0,0.0,0.0,0.0,0.0,0.0,0.6015174606578776,0.0,0.0,0.0,0.5072396237380619,0.0,0.0,0.0,0.0,0.0,0.0,0.0,0.0,0.0,0.0,0.6171585765698862,36,113,79,0,1,1
27492,1,0,1,6,1,1,1,4.0,0,0,0,0,0,4867898.239305,,0,1,0,False,8,30,1,0,0,0,0,0,0,0,0,0,0,0,0,0,0,0,0,0,0,0,0,0,0,0,0,0,0,0,0,0,0,0,0,0,0,0,0,0,0,0,0,0,0,0,0,0,0,0,0,0,0,0,0,0,0,0,1,1,1,0,0,0,0,0,0,0,0,0,0,0,0,0,0,0,0,0,0,0,0,0,0,0,0,0,0,0,0,0,0,0,0,0,0,0,0,0,0,0,0,0,0,0,0,0,0,0,0,0,0,0,0,0,0,0,0,0,0,0,0,0,0,0,0,0,0,0,0,0,0,0,0,0,0,0,0,0,0,0,0,0,0,0,0,0,0,0,0,0,0,0,0,0,0,4,272.24694444444447,4,0.5283968423276477,0.0,0.0,0.0,0.0,0.0,0.0,0.5403074247740269,0.0,0.4703957123114586,0.0,0.45562324083745503,0.0,0.0,0.0,0.0,0.0,0.0,0.0,0.0,0.0,0.0,0.0,32,112,74,0,6,0
26910,1,2,3,5,1,2,1,6.0,0,0,0,0,0,4923817.416017,,0,3,0,False,8,69,1,0,0,0,0,0,0,0,0,0,0,0,0,0,0,0,0,0,0,0,0,0,0,0,0,0,0,0,0,0,0,0,0,0,0,0,0,0,0,0,0,0,0,0,0,0,0,0,0,0,0,0,0,0,0,0,1,1,1,0,0,0,0,0,0,0,0,0,0,0,0,0,0,0,0,0,0,0,0,0,0,0,0,0,0,0,0,0,0,0,0,0,0,0,0,0,0,0,0,0,0,0,0,0,0,0,0,0,0,0,0,0,0,0,0,0,0,0,0,0,0,0,0,0,0,0,0,0,0,0,0,0,0,0,0,0,0,0,0,0,0,0,0,0,0,0,0,0,0,0,0,0,0,4,824.3319444444444,4,0.1808694189669988,0.0,0.0,0.0,0.0,0.0,0.0,0.184946392851145,0.0,0.3220314443801487,0.0,0.15595912813391075,0.0,0.5888249049363213,0.0,0.0,0.510682648744112,0.0,0.0,0.0,0.44445702585791813,0.0,0.0,7,100,28,0,3,1
27460,6,1,2,158,1,2,1,4.0,1,0,0,0,0,4958210.261688,,0,2,0,False,8,107,0,0,0,0,0,0,0,0,0,0,0,1,0,0,0,0,0,0,0,0,0,0,0,0,0,0,0,0,0,0,0,0,0,0,0,0,0,0,0,0,0,0,0,0,0,0,0,0,0,0,0,0,0,0,0,0,1,0,0,0,0,0,1,0,0,0,0,0,0,0,0,0,0,0,0,0,0,0,0,0,0,0,0,0,0,0,0,0,0,0,0,0,0,0,0,0,0,0,0,0,0,0,0,0,0,0,0,0,0,0,0,0,0,0,0,0,0,0,0,0,0,0,0,0,0,0,0,0,0,0,0,0,0,0,0,0,0,0,0,0,0,0,0,0,0,0,0,0,0,0,0,0,0,3,262.0388888888889,4,0.0,0.0,0.0,0.46040025406980334,0.0,0.0,0.0,0.5661886015312062,0.0,0.0,0.0,0.0,0.0,0.0,0.0,0.0,0.0,0.0,0.0,0.0,0.0,0.36056123319899736,0.5809110694956806,30,58,70,0,4,1
27402,1,4,2,158,1,3,1,6.0,0,0,0,0,0,4963403.574285,,0,2,0,False,8,11,0,0,0,0,0,0,0,0,0,0,0,0,0,0,0,1,0,0,0,0,0,0,0,0,0,0,0,0,0,0,0,0,0,0,0,0,0,0,0,0,0,0,0,0,0,0,0,0,0,0,0,0,0,0,0,0,1,0,1,1,0,0,0,0,0,0,0,0,0,0,0,0,0,0,0,0,0,0,1,0,0,0,0,0,0,0,0,0,0,0,0,0,0,0,0,0,0,0,0,0,0,0,0,0,0,0,0,0,0,0,0,0,0,0,0,0,0,0,0,0,0,0,0,0,0,0,0,0,0,0,0,0,0,0,0,0,0,0,0,0,0,0,0,0,0,0,0,0,0,0,0,0,0,5,333.2275,4,0.4463369202964622,0.0,0.0,0.0,0.0,0.0,0.0,0.45639779171392914,0.0,0.0,0.0,0.7697300886017893,0.0,0.0,0.0,0.0,0.0,0.0,0.0,0.0,0.0,0.0,0.0,23,81,62,0,2,1
27372,2,0,5,7,1,1,1,6.0,0,0,0,0,0,4966091.767772,,0,5,0,False,8,31,0,0,0,0,0,0,0,0,0,0,0,0,0,0,0,0,0,0,0,0,0,0,0,0,0,0,0,0,0,0,0,0,0,0,0,0,0,0,0,0,0,0,0,0,0,0,0,0,0,0,0,0,0,0,0,0,1,0,1,0,0,0,0,0,0,0,0,0,0,0,0,0,0,0,0,0,0,0,0,0,0,0,0,0,0,0,0,0,0,0,0,0,0,0,0,0,0,0,0,0,0,0,0,0,0,0,0,0,0,0,0,0,0,0,0,0,0,0,0,0,0,0,0,0,0,0,0,0,0,0,0,0,0,0,0,0,0,0,0,0,0,0,0,0,0,0,0,0,0,0,0,0,0,2,357.8,4,0.0,0.0,0.0,0.0,0.0,0.0,0.6067203044649851,0.6076918005884198,0.0,0.0,0.0,0.5124462387875631,0.0,0.0,0.0,0.0,0.0,0.0,0.0,0.0,0.0,0.0,0.0,22,80,59,0,1,1
27424,1,0,21,836,8,0,0,4.0,0,0,0,0,0,5044898.473775,,0,21,0,False,8,75,0,0,0,0,0,0,0,0,0,0,0,0,0,0,0,1,0,0,0,0,0,0,0,0,0,0,0,0,0,0,0,0,0,0,0,0,0,0,0,0,0,0,0,0,0,0,0,0,0,0,0,0,0,0,0,0,0,0,0,1,0,0,0,0,0,0,0,0,0,0,0,0,0,0,0,0,0,0,1,0,0,0,0,0,0,0,0,0,0,0,0,0,0,0,0,0,0,0,0,0,0,0,0,0,0,0,0,0,0,0,0,0,0,0,0,0,0,0,0,0,0,0,0,0,0,0,0,0,0,0,0,0,0,0,0,0,0,0,0,0,0,0,0,0,0,0,0,0,0,0,0,0,0,3,292.0911111111111,4,0.0,0.0,0.0,0.35323803385023295,0.0,0.0,0.43370874473177534,0.0,0.45028455021754044,0.0,0.0,0.0,0.0,0.0,0.0,0.0,0.0,0.0,0.0,0.0,0.6959622403695452,0.0,0.0,25,64,65,0,3,1
27306,1,0,2,17,2,1,1,4.0,1,0,0,0,0,5052634.202921,,0,2,0,False,8,118,1,0,0,0,0,0,0,0,0,0,0,0,0,0,0,0,0,0,0,0,0,0,0,0,0,0,0,0,0,0,0,0,0,0,0,0,0,0,0,0,0,0,0,0,0,0,0,0,0,0,0,0,0,0,0,0,1,1,0,0,0,0,0,0,0,0,0,0,0,0,0,0,0,0,0,0,0,0,0,0,0,0,0,0,0,0,0,0,0,0,0,0,0,0,0,0,0,0,0,0,0,0,0,0,0,0,0,0,0,0,0,0,0,0,0,0,0,0,0,0,0,0,0,0,0,0,0,0,0,0,0,0,0,0,0,0,0,0,0,0,0,0,0,0,0,0,0,0,0,0,0,0,0,3,408.28222222222223,4,0.0,0.0,0.0,0.3768267839606249,0.0,0.0,0.0,0.4634120592770578,0.0,0.4034500281178264,0.0,0.3907799423250155,0.0,0.0,0.0,0.0,0.21326584985272412,0.0,0.0,0.0,0.18560941041507428,0.14755544629505715,0.4754620531812208,20,62,51,0,5,0
27514,1,2,4,71,2,2,1,4.0,1,0,0,0,0,5053481.706781,,0,4,0,False,8,16,1,0,0,0,0,0,0,0,0,0,0,0,0,0,0,0,0,0,0,0,0,0,0,0,0,0,0,0,0,0,0,0,0,0,0,0,0,0,0,0,0,0,0,0,0,0,0,0,0,0,0,0,0,0,0,0,1,1,0,0,0,0,0,0,0,0,0,0,0,0,0,0,0,0,0,0,0,0,0,0,0,0,0,0,0,0,0,0,0,0,0,0,0,0,0,0,0,0,0,0,0,0,0,0,0,0,0,0,0,0,0,0,0,0,0,0,0,0,0,0,0,0,0,0,0,0,0,0,0,0,0,0,0,0,0,0,0,0,0,0,0,0,0,0,0,0,0,0,0,0,0,0,0,3,190.29472222222222,4,0.0,0.0,0.0,0.0,0.0,0.0,0.0,0.46613324366142056,0.0,0.40581911173230467,0.0,0.7861492528181185,0.0,0.0,0.0,0.0,0.0,0.0,0.0,0.0,0.0,0.0,0.0,32,61,75,1,0,1
26933,3,0,2,8,1,2,2,4.0,0,0,0,0,0,5222532.554669,,0,2,0,False,8,43,1,0,0,0,0,0,0,0,0,0,0,0,0,0,0,0,0,0,0,0,0,0,0,0,0,0,0,0,0,0,0,0,0,0,0,0,0,0,0,0,0,0,0,0,0,0,0,0,0,0,0,0,0,0,0,0,1,1,1,0,0,0,0,0,0,0,0,0,0,0,0,0,0,0,0,0,0,0,0,0,0,0,0,0,0,0,0,0,0,0,0,0,0,0,0,0,0,0,0,0,0,0,0,0,0,0,0,0,0,0,0,0,0,0,1,0,0,0,0,0,0,0,0,0,0,0,0,0,0,0,0,0,0,0,0,0,0,0,0,0,0,0,0,0,0,0,0,0,0,0,0,0,0,5,726.7319444444445,4,0.0,0.0,0.0,0.0,0.0,0.4104521665590328,0.0,0.3759877190062465,0.0,0.6546754784140655,0.0,0.317057910356044,0.4012936002074403,0.0,0.0,0.0,0.0,0.0,0.0,0.0,0.0,0.0,0.0,8,52,30,0,4,1
27215,3,0,22,1302,4,1,1,3.0,0,0,0,0,0,5224280.293639,,0,22,0,False,8,15,0,0,0,0,0,0,0,0,0,0,0,0,0,0,0,0,0,0,0,0,0,0,0,0,0,0,0,0,0,0,0,0,0,0,0,0,0,0,0,0,0,0,0,0,0,0,0,0,0,0,0,0,0,0,0,0,1,0,1,0,0,0,0,0,0,0,0,0,0,0,0,0,0,0,0,0,0,0,0,0,0,0,0,0,0,0,0,0,0,0,0,0,0,0,0,0,0,0,0,0,0,0,0,0,0,0,0,0,0,0,0,0,0,0,0,0,0,0,0,0,0,0,0,0,0,0,0,0,0,0,0,0,0,0,0,0,0,0,0,0,0,0,0,0,0,0,0,0,0,0,0,0,0,2,447.2894444444444,4,0.0,0.0,0.0,0.0,0.0,0.0,0.0,1.0,0.0,0.0,0.0,0.0,0.0,0.0,0.0,0.0,0.0,0.0,0.0,0.0,0.0,0.0,0.0,17,51,45,0,1,1
27197,1,6,42,8324,237,3,0,1.0,0,0,0,0,0,5379762.035699,,0,42,0,False,8,0,0,0,0,0,0,0,0,0,0,0,0,0,0,0,0,0,0,0,0,0,0,0,0,0,0,0,0,0,0,0,0,0,0,0,0,0,0,0,0,0,0,0,0,0,0,0,0,0,0,0,0,0,0,0,0,0,0,0,0,0,0,0,0,0,0,0,0,0,0,0,0,0,0,0,0,0,0,0,0,0,0,0,0,0,0,0,0,0,0,0,0,0,0,0,0,0,0,0,0,0,0,0,0,0,0,0,0,0,0,0,0,0,0,0,0,0,0,0,0,0,0,0,0,0,0,0,0,0,0,0,0,0,0,0,0,0,0,0,0,0,0,0,0,0,0,0,0,0,0,0,0,0,0,0,411.2763888888889,4,0.0,0.0,0.0,0.0,0.0,0.0,0.0,0.0,0.0,0.0,0.0,0.0,0.0,0.0,0.0,0.0,0.0,0.0,0.0,0.0,0.0,0.0,0.0,16,43,44,0,1,1
27254,3,2,7,7,3,3,1,8.0,1,0,0,0,0,5392701.284521,,0,7,0,False,8,13,0,0,0,0,0,0,0,0,0,0,0,0,0,0,0,1,0,0,0,0,0,0,0,0,0,0,0,0,0,0,0,0,0,0,0,0,0,0,0,0,0,0,0,0,0,0,0,0,0,0,0,0,0,0,0,0,1,0,0,1,0,0,0,0,0,0,0,0,0,0,0,0,0,0,0,0,0,0,1,0,0,0,0,0,0,0,0,0,0,0,0,0,0,0,0,0,0,0,0,0,0,0,0,0,0,0,0,0,0,0,0,0,0,0,0,0,0,0,0,0,0,0,0,0,0,0,0,0,0,0,0,0,0,0,0,0,0,0,0,0,0,0,0,0,0,0,0,0,0,0,0,0,0,4,363.165,4,1.0,0.0,0.0,0.0,0.0,0.0,0.0,0.0,0.0,0.0,0.0,0.0,0.0,0.0,0.0,0.0,0.0,0.0,0.0,0.0,0.0,0.0,0.0,22,40,50,0,3,1
27368,1,1,6,24,5,1,1,3.0,1,0,0,0,0,5456765.133556,,0,6,0,False,8,0,0,0,0,0,0,0,0,0,0,0,0,0,0,0,0,0,0,0,0,0,0,0,0,0,0,0,0,0,0,0,0,0,0,0,0,0,0,0,0,0,0,0,0,0,0,0,0,0,0,0,0,0,0,0,0,0,1,0,0,0,0,0,0,0,0,0,0,0,0,0,0,0,0,0,0,0,0,0,0,0,0,0,0,0,0,0,0,0,0,0,0,0,0,0,0,0,0,0,0,0,0,0,0,0,0,0,0,0,0,0,0,0,0,0,0,0,0,0,0,0,0,0,0,0,0,0,0,0,0,0,0,0,0,0,0,0,0,0,0,0,0,0,0,0,0,0,0,0,0,0,0,0,0,1,223.20138888888889,4,0.0,0.0,0.0,0.0,0.0,0.0,0.0,0.0,0.0,0.0,0.0,0.0,0.0,0.0,0.0,0.0,0.0,0.0,0.0,0.0,0.0,0.0,0.0,21,37,58,1,1,1
26531,4,0,3,5,1,1,1,4.0,1,0,0,0,0,5463007.442388,,0,3,0,False,8,803,1,0,0,0,0,0,0,0,0,0,0,0,0,0,0,0,0,0,0,0,0,0,0,0,0,0,0,0,0,0,0,0,0,0,0,0,0,0,0,0,0,0,0,0,0,0,0,0,0,0,0,0,0,0,0,0,1,1,0,0,0,0,0,1,0,0,0,0,0,0,0,0,0,0,0,0,0,0,0,0,0,0,0,0,0,0,0,0,0,0,0,0,0,0,0,0,0,0,0,0,0,0,0,0,0,0,0,0,0,0,0,0,0,0,0,0,0,0,0,0,0,0,0,0,0,0,0,0,0,0,0,0,0,0,0,0,0,0,0,0,0,0,0,0,0,0,0,0,0,0,0,0,0,4,916.6713888888889,4,0.0,0.0,0.0,0.12833996150774388,0.0,0.0,0.0,0.15782924245654595,0.0,0.13740732687501972,0.3498655227175282,0.2661842782451015,0.0,0.0,0.0,0.0,0.0,0.0,0.0,0.0,0.0,0.3015272974822997,0.8096661941371833,10,31,22,0,0,1
25162,19,28,63,1872,17,3,1,3.0,1,0,0,0,0,5462738.000244,,0,63,0,False,8,205,0,0,0,0,0,0,0,0,0,0,0,0,0,0,0,0,0,0,0,0,0,0,0,0,0,0,0,0,0,0,0,0,0,0,0,0,0,0,0,0,0,0,0,0,0,0,0,0,0,0,0,0,0,0,0,0,1,0,1,0,0,0,0,0,0,0,0,0,0,0,0,0,0,0,0,0,0,0,0,0,0,0,0,0,0,0,0,0,0,0,0,0,0,0,0,0,0,0,0,0,0,0,0,0,0,0,0,0,0,0,0,0,0,0,1,0,0,0,0,0,0,0,0,0,0,0,0,0,0,0,0,0,0,0,0,0,0,0,0,0,0,0,0,0,0,0,0,0,0,0,0,0,0,3,1864.7125,4,0.582832662507119,0.0,0.0,0.12115435932258709,0.0,0.0,0.0,0.1489925704164895,0.0,0.0,0.0,0.0,0.15902052637416147,0.1581188558825943,0.0,0.0,0.5485403586809517,0.0,0.0,0.0,0.35805399446496633,0.37952685576201595,0.0,1,32,3,0,3,1
26786,2,1,5,85,2,1,0,5.0,1,0,0,0,0,5481798.719059,,0,5,0,False,8,2,1,0,0,0,0,0,0,0,0,0,0,0,0,0,0,0,0,0,0,0,0,0,0,0,0,0,0,0,0,0,0,0,0,0,0,0,0,0,0,0,0,0,0,0,0,0,0,0,0,0,0,0,0,0,0,0,0,1,0,0,0,0,0,0,0,0,0,0,0,0,0,0,0,0,0,0,0,0,0,0,0,0,0,0,0,0,0,0,0,0,0,0,0,0,0,0,0,0,0,0,0,0,0,0,0,0,0,0,0,0,0,0,0,0,0,0,0,0,0,0,0,0,0,0,0,0,0,0,0,0,0,0,0,0,0,0,0,0,0,0,0,0,0,0,0,0,0,0,0,0,0,0,0,2,741.2430555555555,4,0.0,0.0,0.0,0.0,0.0,0.0,0.0,0.0,0.0,1.0,0.0,0.0,0.0,0.0,0.0,0.0,0.0,0.0,0.0,0.0,0.0,0.0,0.0,10,29,27,1,0,1
27253,3,0,12,4725,9,1,1,5.0,0,0,0,0,0,5597306.542113,,0,12,0,False,8,176,0,0,0,0,0,0,0,0,0,0,0,0,0,0,0,0,0,0,0,0,0,0,0,0,0,0,0,0,0,0,0,0,0,0,0,0,0,0,0,0,0,0,0,0,0,0,0,0,0,0,0,0,0,0,0,0,1,0,1,0,0,0,0,0,0,0,0,0,0,0,0,0,0,0,0,0,0,0,0,0,0,0,0,0,0,0,0,0,0,0,0,0,0,0,0,0,0,0,0,0,0,0,0,0,0,0,0,0,0,0,0,0,0,0,0,0,0,0,0,0,0,0,0,0,0,0,0,0,0,0,0,0,0,0,0,0,0,0,0,0,0,0,0,0,0,0,0,0,0,0,0,0,0,2,293.2919444444444,4,0.0,0.11107829012162501,0.0,0.34804003426336827,0.0,0.0,0.0,0.10700271043213465,0.33274386235633296,0.0,0.0,0.18046363781090333,0.0,0.0,0.0,0.0,0.29546089947405774,0.0,0.0,0.0,0.5142907163988861,0.4088499393104004,0.4391403061662801,21,2,49,1,3,1
27047,1,0,26,5015,52,0,0,5.0,0,0,0,0,0,5616703.73873,,0,26,0,False,8,4,0,0,0,0,0,0,0,0,0,0,0,0,0,0,0,1,0,0,0,0,0,0,0,0,0,0,0,0,0,0,0,0,0,0,0,0,0,0,0,0,0,0,0,0,0,0,0,0,0,0,0,0,0,0,0,0,0,0,0,1,0,0,0,0,0,0,0,0,0,0,0,0,0,0,0,0,0,0,1,0,0,0,0,0,0,0,0,0,0,0,0,0,0,0,0,0,0,0,0,0,0,0,0,0,0,0,0,0,0,0,0,0,0,0,0,0,0,0,0,0,0,0,0,0,0,0,0,0,0,0,0,0,0,0,0,0,0,0,0,0,0,0,0,0,0,0,0,0,0,0,0,0,0,3,488.2138888888889,4,0.0,0.0,0.0,0.0,0.0,0.0,0.0,0.0,1.0,0.0,0.0,0.0,0.0,0.0,0.0,0.0,0.0,0.0,0.0,0.0,0.0,0.0,0.0,13,14,38,0,2,1
29844,11,0,2,22,1,0,0,176.0,1,0,0,0,0,763955.671628,,0,2,1,False,9,125,0,0,0,0,0,0,0,0,0,0,0,0,0,0,0,0,0,0,0,0,0,0,0,0,0,0,0,0,0,0,0,0,0,0,0,0,0,0,0,0,0,0,0,0,0,0,0,0,0,0,0,0,0,0,0,0,0,0,0,0,0,0,0,0,0,0,0,0,0,0,0,0,0,0,0,0,0,0,0,0,0,0,0,0,0,0,0,0,0,0,0,0,0,0,0,0,0,0,0,0,0,0,0,0,0,0,0,0,0,0,0,0,0,0,0,0,0,0,0,0,0,0,0,0,0,0,0,0,0,0,0,0,0,0,0,0,0,0,0,0,0,0,0,0,0,0,0,0,0,0,0,0,0,0,951.4241666666667,4,0.0,0.0,0.0,0.0,0.0,0.0,0.0,0.444272476878794,0.0,0.3867869635683422,0.0,0.37464017048268033,0.4741742687526613,0.0,0.0,0.0,0.0,0.0,0.0,0.0,0.0,0.2829223896535156,0.4558247887597764,51,74,4,15,4,1
29849,2,8,16,786,9,1,0,186.0,0,0,0,0,0,913648.527291,,0,16,1,False,9,12,0,0,0,0,0,0,0,0,0,0,0,0,0,0,0,0,0,0,0,0,0,0,0,0,0,0,0,0,0,0,0,0,0,0,0,0,0,0,0,0,0,0,0,0,0,0,0,0,0,0,0,0,0,0,0,0,0,0,0,0,0,0,0,0,0,0,0,0,0,0,0,0,0,0,0,0,0,0,0,0,0,0,0,0,0,0,0,0,0,0,0,0,0,0,0,0,0,0,0,0,0,0,0,0,0,0,0,0,0,0,0,0,0,0,0,0,0,0,0,0,0,0,0,0,0,0,0,0,0,0,0,0,0,0,0,0,0,0,0,0,0,0,0,0,0,0,0,0,0,0,0,0,0,0,293.105,4,0.0,0.0,0.0,0.0,0.0,0.0,0.0,1.0,0.0,0.0,0.0,0.0,0.0,0.0,0.0,0.0,0.0,0.0,0.0,0.0,0.0,0.0,0.0,54,51,6,100,4,1
29881,5,8,7,395,23,3,0,184.0,0,0,0,0,0,2618889.658139,,0,7,1,False,9,292,0,0,0,0,0,0,0,0,0,0,0,0,0,0,0,0,0,0,0,0,0,0,0,0,0,0,0,0,0,0,0,0,0,0,0,0,0,0,0,0,0,0,0,0,0,0,0,0,0,0,0,0,0,0,0,0,0,0,0,0,0,0,0,0,0,0,0,0,0,0,0,0,0,0,0,0,0,0,0,0,0,0,0,0,0,0,0,0,0,0,0,0,0,0,0,0,0,0,0,0,0,0,0,0,0,0,0,0,0,0,0,0,0,0,0,0,0,0,0,0,0,0,0,0,0,0,0,0,0,0,0,0,0,0,0,0,0,0,0,0,0,0,0,0,0,0,0,0,0,0,0,0,0,0,219.0361111111111,4,0.0,0.0,0.0,0.0,0.0,0.0,0.0,0.5212133709974696,0.0,0.0,0.0,0.0,0.0,0.5531394059613395,0.5587508525814967,0.0,0.0,0.0,0.0,0.0,0.0,0.3319200268221864,0.0,57,50,5,104,3,1
29404,30,6,27,804,6,5,4,1373.0,0,0,0,0,0,2997639.813218,,0,27,1,False,9,128,0,0,0,0,0,0,0,0,0,0,0,0,0,0,0,0,0,0,0,0,0,0,0,0,0,0,0,0,0,0,0,0,0,0,0,0,0,0,0,0,0,0,0,0,0,0,0,0,0,0,0,0,0,0,0,0,0,0,0,0,0,0,0,0,0,0,0,0,0,0,0,0,0,0,0,0,0,0,0,0,0,0,0,0,0,0,0,0,0,0,0,0,0,0,0,0,0,0,0,0,0,0,0,0,0,0,0,0,0,0,0,0,0,0,0,0,0,0,0,0,0,0,0,0,0,0,0,0,0,0,0,0,0,0,0,0,0,0,0,0,0,0,0,0,0,0,0,0,0,0,0,0,0,0,1333.5583333333334,4,0.0,0.0,0.0,0.0,0.0,0.0,0.0,0.6364063693049591,0.0,0.5540601770074844,0.0,0.5366602774218668,0.0,0.0,0.0,0.0,0.0,0.0,0.0,0.0,0.0,0.0,0.0,90,52,10,0,4,1
29644,0,24,6,21,4,5,0,,0,0,0,0,0,3014312.514876,,0,6,1,False,9,35,0,0,0,0,0,0,0,0,0,0,0,0,0,0,0,0,0,0,0,0,0,0,0,0,0,0,0,0,0,0,0,0,0,0,0,0,0,0,0,0,0,0,0,0,0,0,0,0,0,0,0,0,0,0,0,0,0,0,0,0,0,0,0,0,0,0,0,0,0,0,0,0,0,0,0,0,0,0,0,0,0,0,0,0,0,0,0,0,0,0,0,0,0,0,0,0,0,0,0,0,0,0,0,0,0,0,0,0,0,0,0,0,0,0,0,0,0,0,0,0,0,0,0,0,0,0,0,0,0,0,0,0,0,0,0,0,0,0,0,0,0,0,0,0,0,0,0,0,0,0,0,0,0,0,703.1783333333333,4,0.0,0.0,0.0,0.0,0.0,0.0,0.4363224004610677,0.437021051087223,0.0,0.3804738176738057,0.4843798148473386,0.0,0.0,0.0,0.0,0.0,0.40224100343459285,0.0,0.0,0.0,0.0,0.27830452377138915,0.0,74,52,9,27,0,1
29146,9,4,5,226,12,3,0,398024.0,0,0,0,0,0,3069978.10051,,0,5,1,False,9,99,0,0,0,0,0,0,0,0,0,0,0,0,0,0,0,0,0,0,0,0,0,0,0,0,0,0,0,0,0,0,0,0,0,0,0,0,0,0,0,0,0,0,0,0,0,0,0,0,0,0,0,0,0,0,0,0,0,0,0,0,0,0,0,0,0,0,0,0,0,0,0,0,0,0,0,0,0,0,0,0,0,0,0,0,0,0,0,0,0,0,0,0,0,0,0,0,0,0,0,0,0,0,0,0,0,0,0,0,0,0,0,0,0,0,0,0,0,0,0,0,0,0,0,0,0,0,0,0,0,0,0,0,0,0,0,0,0,0,0,0,0,0,0,0,0,0,0,0,0,0,0,0,0,0,661.8966666666666,4,0.7024627431921144,0.0,0.0,0.29204411171238404,0.0,0.0,0.0,0.35914847077992335,0.0,0.0,0.0,0.3028579336421343,0.0,0.0,0.3850141332091751,0.0,0.0,0.0,0.0,0.0,0.0,0.22871356854542038,0.0,27,94,4,5,3,1
29681,1,0,2,31,2,1,1,2844077.0,0,0,0,0,0,3247453.560339,,0,2,1,False,9,59,0,0,0,0,0,0,0,0,0,0,0,0,0,0,0,0,0,0,0,0,0,0,0,0,0,0,0,0,0,0,0,0,0,0,0,0,0,0,0,0,0,0,0,0,0,0,0,0,0,0,0,0,0,0,0,0,0,0,0,0,0,0,0,0,0,0,0,0,0,0,0,0,0,0,0,0,0,0,0,0,0,0,0,0,0,0,0,0,0,0,0,0,0,0,0,0,0,0,0,0,0,0,0,0,0,0,0,0,0,0,0,0,0,0,0,0,0,0,0,0,0,0,0,0,0,0,0,0,0,0,0,0,0,0,0,0,0,0,0,0,0,0,0,0,0,0,0,0,0,0,0,0,0,0,789.975,4,0.0,0.0,0.0,0.0,0.0,0.0,0.0,0.5216512061920934,0.0,0.0,0.0,0.0,0.0,0.0,0.0,0.0,0.0,0.0,0.0,0.0,0.0,0.6643976996205883,0.5352155788252102,84,52,6,0,3,1
29447,8,14,6,83,4,3,0,184.0,0,0,0,0,0,3752787.679825,,0,6,1,False,9,534,0,0,0,0,0,0,0,0,0,0,0,0,0,0,0,0,0,0,0,0,0,0,0,0,0,0,0,0,0,0,0,0,0,0,0,0,0,0,0,0,0,0,0,0,0,0,0,0,0,0,0,0,0,0,0,0,0,0,0,0,0,0,0,0,0,0,0,0,0,0,0,0,0,0,0,0,0,0,0,0,0,0,0,0,0,0,0,0,0,0,0,0,0,0,0,0,0,0,0,0,0,0,0,0,0,0,0,0,0,0,0,0,0,0,0,0,0,0,0,0,0,0,0,0,0,0,0,0,0,0,0,0,0,0,0,0,0,0,0,0,0,0,0,0,0,0,0,0,0,0,0,0,0,0,194.9025,4,0.0,0.0,0.0,0.1905377944549662,0.0,0.12789854332057043,0.0,0.0,0.0,0.407999016006236,0.649277554232488,0.19759303610336676,0.0,0.0,0.2511940519722383,0.10492411830319187,0.0,0.21875402628556578,0.0,0.21447088649016924,0.0,0.14921916643704478,0.3606172443794993,68,74,4,0,3,1
29610,12,11,12,788,8,4,0,179.0,0,0,0,0,0,3842978.846311,,0,12,1,False,9,68,0,0,0,0,0,0,0,0,0,0,0,0,0,0,0,0,0,0,0,0,0,0,0,0,0,0,0,0,0,0,0,0,0,0,0,0,0,0,0,0,0,0,0,0,0,0,0,0,0,0,0,0,0,0,0,0,0,0,0,0,0,0,0,0,0,0,0,0,0,0,0,0,0,0,0,0,0,0,0,0,0,0,0,0,0,0,0,0,0,0,0,0,0,0,0,0,0,0,0,0,0,0,0,0,0,0,0,0,0,0,0,0,0,0,0,0,0,0,0,0,0,0,0,0,0,0,0,0,0,0,0,0,0,0,0,0,0,0,0,0,0,0,0,0,0,0,0,0,0,0,0,0,0,0,383.64972222222224,4,0.0,0.0,0.0,0.0,0.0,0.0,0.0,0.0,0.0,0.0,0.0,0.4517026882741321,0.0,0.0,0.0,0.0,0.0,0.0,0.0,0.0,0.0,0.3411187962432944,0.8243801600326441,72,71,6,39,3,1
29579,13,3,3,61,4,4,0,184.0,0,0,0,0,0,4991808.159468,,0,3,1,False,9,34,0,0,0,0,0,0,0,0,0,0,0,0,0,0,0,0,0,0,0,0,0,0,0,0,0,0,0,0,0,0,0,0,0,0,0,0,0,0,0,0,0,0,0,0,0,0,0,0,0,0,0,0,0,0,0,0,0,0,0,0,0,0,0,0,0,0,0,0,0,0,0,0,0,0,0,0,0,0,0,0,0,0,0,0,0,0,0,0,0,0,0,0,0,0,0,0,0,0,0,0,0,0,0,0,0,0,0,0,0,0,0,0,0,0,0,0,0,0,0,0,0,0,0,0,0,0,0,0,0,0,0,0,0,0,0,0,0,0,0,0,0,0,0,0,0,0,0,0,0,0,0,0,0,0,335.6813888888889,4,0.0,0.0,0.0,0.0,0.0,0.0,0.0,0.33964166036263865,0.0,0.8870837606409848,0.0,0.0,0.0,0.0,0.0,0.0,0.3126114907567508,0.0,0.0,0.0,0.0,0.0,0.0,68,82,3,0,0,1
29509,7,4,7,208,2,3,1,1644886.0,0,0,0,0,0,6087175.891347,,0,7,1,False,9,21,0,0,0,0,0,0,0,0,0,0,0,0,0,0,0,0,0,0,0,0,0,0,0,0,0,0,0,0,0,0,0,0,0,0,0,0,0,0,0,0,0,0,0,0,0,0,0,0,0,0,0,0,0,0,0,0,0,0,0,0,0,0,0,0,0,0,0,0,0,0,0,0,0,0,0,0,0,0,0,0,0,0,0,0,0,0,0,0,0,0,0,0,0,0,0,0,0,0,0,0,0,0,0,0,0,0,0,0,0,0,0,0,0,0,0,0,0,0,0,0,0,0,0,0,0,0,0,0,0,0,0,0,0,0,0,0,0,0,0,0,0,0,0,0,0,0,0,0,0,0,0,0,0,0,490.27805555555557,4,0.0,0.0,0.0,0.0,0.0,0.0,0.0,0.0,0.0,0.0,0.0,0.0,0.0,0.0,0.0,0.0,0.0,0.0,0.0,0.0,1.0,0.0,0.0,65,82,6,6,3,1
29450,4,7,12,498,12,3,1,187.0,0,0,0,0,0,7813913.843154,,0,12,1,False,9,163,0,0,0,0,0,0,0,0,0,0,0,0,0,0,0,0,0,0,0,0,0,0,0,0,0,0,0,0,0,0,0,0,0,0,0,0,0,0,0,0,0,0,0,0,0,0,0,0,0,0,0,0,0,0,0,0,0,0,0,0,0,0,0,0,0,0,0,0,0,0,0,0,0,0,0,0,0,0,0,0,0,0,0,0,0,0,0,0,0,0,0,0,0,0,0,0,0,0,0,0,0,0,0,0,0,0,0,0,0,0,0,0,0,0,0,0,0,0,0,0,0,0,0,0,0,0,0,0,0,0,0,0,0,0,0,0,0,0,0,0,0,0,0,0,0,0,0,0,0,0,0,0,0,0,176.66833333333332,4,0.6230017985472646,0.0,0.0,0.518017527947939,0.0,0.0,0.0,0.0,0.0,0.0,0.0,0.2685993516267609,0.0,0.0,0.0,0.0,0.0,0.0,0.0,0.0,0.0,0.4056840478356618,0.3268048980400016,70,71,6,3,4,1
29179,1,0,1,2,1,1,1,2386618.0,0,0,0,0,0,7903103.013092,,0,1,1,False,9,86,0,0,0,0,0,0,0,0,0,0,0,0,0,0,0,0,0,0,0,0,0,0,0,0,0,0,0,0,0,0,0,0,0,0,0,0,0,0,0,0,0,0,0,0,0,0,0,0,0,0,0,0,0,0,0,0,0,0,0,0,0,0,0,0,0,0,0,0,0,0,0,0,0,0,0,0,0,0,0,0,0,0,0,0,0,0,0,0,0,0,0,0,0,0,0,0,0,0,0,0,0,0,0,0,0,0,0,0,0,0,0,0,0,0,0,0,0,0,0,0,0,0,0,0,0,0,0,0,0,0,0,0,0,0,0,0,0,0,0,0,0,0,0,0,0,0,0,0,0,0,0,0,0,0,667.3402777777778,4,0.3345076687834422,0.0,0.0,0.0,0.0,0.0,0.0,0.34204779932328516,0.0,0.2977893895767506,0.0,0.0,0.0,0.0,0.0,0.0,0.0,0.0,0.0,0.0,0.0,0.4356469770089832,0.7018839743017397,47,85,5,0,0,1
29409,3,5,4,36,2,3,2,183.0,0,0,0,0,0,8051383.76636,,0,4,1,False,9,36,0,0,0,0,0,0,0,0,0,0,0,0,0,0,0,0,0,0,0,0,0,0,0,0,0,0,0,0,0,0,0,0,0,0,0,0,0,0,0,0,0,0,0,0,0,0,0,0,0,0,0,0,0,0,0,0,0,0,0,0,0,0,0,0,0,0,0,0,0,0,0,0,0,0,0,0,0,0,0,0,0,0,0,0,0,0,0,0,0,0,0,0,0,0,0,0,0,0,0,0,0,0,0,0,0,0,0,0,0,0,0,0,0,0,0,0,0,0,0,0,0,0,0,0,0,0,0,0,0,0,0,0,0,0,0,0,0,0,0,0,0,0,0,0,0,0,0,0,0,0,0,0,0,0,221.60916666666665,4,0.0,0.0,0.0,0.0,0.0,0.0,0.0,1.0,0.0,0.0,0.0,0.0,0.0,0.0,0.0,0.0,0.0,0.0,0.0,0.0,0.0,0.0,0.0,88,67,10,0,6,0
29394,4,8,22,35,1,4,0,189.0,0,0,0,0,0,8140012.924001,,0,22,1,False,9,29,0,0,0,0,0,0,0,0,0,0,0,0,0,0,0,0,0,0,0,0,0,0,0,0,0,0,0,0,0,0,0,0,0,0,0,0,0,0,0,0,0,0,0,0,0,0,0,0,0,0,0,0,0,0,0,0,0,0,0,0,0,0,0,0,0,0,0,0,0,0,0,0,0,0,0,0,0,0,0,0,0,0,0,0,0,0,0,0,0,0,0,0,0,0,0,0,0,0,0,0,0,0,0,0,0,0,0,0,0,0,0,0,0,0,0,0,0,0,0,0,0,0,0,0,0,0,0,0,0,0,0,0,0,0,0,0,0,0,0,0,0,0,0,0,0,0,0,0,0,0,0,0,0,0,271.6361111111111,4,0.0,0.0,0.0,0.0,0.0,0.0,0.3249942261317624,0.32551461522786174,0.0,0.5667909500297544,0.3607897346407351,0.27449562439772907,0.0,0.0,0.0,0.0,0.29960873769384555,0.0,0.0,0.0,0.0,0.4145895935504313,0.0,90,66,8,15,3,1
29340,1,6,7,71,5,3,1,318.0,0,0,0,0,0,8525570.260942,,1,7,1,False,9,237,0,0,0,0,0,0,0,0,0,0,0,0,0,0,0,0,0,0,0,0,0,0,0,0,0,0,0,0,0,0,0,0,0,0,0,0,0,0,0,0,0,0,0,0,0,0,0,0,0,0,0,0,0,0,0,0,0,0,0,0,0,0,0,0,0,0,0,0,0,0,0,0,0,0,0,0,0,0,0,0,0,0,0,0,0,0,0,0,0,0,0,0,0,0,0,0,0,0,0,0,0,0,0,0,0,0,0,0,0,0,0,0,0,0,0,0,0,0,0,0,0,0,0,0,0,0,0,0,0,0,0,0,0,0,0,0,0,0,0,0,0,0,0,0,0,0,0,0,0,0,0,0,0,0,300.17555555555555,4,0.3041256368877362,0.0,0.0,0.0,0.0,0.0,0.3104837720815997,0.3109809266662524,0.0,0.0,0.0,0.2622398492961151,0.0,0.33002953226676307,0.0,0.0,0.2862317036674897,0.0,0.0,0.0,0.0,0.5941182820543105,0.31906728996997236,89,78,8,1,4,1
29209,5,0,2,4,2,0,0,107.0,0,0,0,0,0,8667787.488233,,0,2,1,False,9,9,0,0,0,0,0,0,0,0,0,0,0,0,0,0,0,0,0,0,0,0,0,0,0,0,0,0,0,0,0,0,0,0,0,0,0,0,0,0,0,0,0,0,0,0,0,0,0,0,0,0,0,0,0,0,0,0,0,0,0,0,0,0,0,0,0,0,0,0,0,0,0,0,0,0,0,0,0,0,0,0,0,0,0,0,0,0,0,0,0,0,0,0,0,0,0,0,0,0,0,0,0,0,0,0,0,0,0,0,0,0,0,0,0,0,0,0,0,0,0,0,0,0,0,0,0,0,0,0,0,0,0,0,0,0,0,0,0,0,0,0,0,0,0,0,0,0,0,0,0,0,0,0,0,0,625.1563888888888,4,0.0,0.0,0.0,0.0,0.0,0.0,0.0,0.0,0.0,0.0,0.0,0.0,0.0,0.0,0.0,0.0,0.0,0.0,0.0,0.0,0.0,0.0,0.0,66,91,15,4,3,1
29060,1,0,1,2,1,1,1,299178.0,0,0,0,0,0,8827234.218398,,0,1,1,False,9,91,0,0,0,0,0,0,0,0,0,0,0,0,0,0,0,0,0,0,0,0,0,0,0,0,0,0,0,0,0,0,0,0,0,0,0,0,0,0,0,0,0,0,0,0,0,0,0,0,0,0,0,0,0,0,0,0,0,0,0,0,0,0,0,0,0,0,0,0,0,0,0,0,0,0,0,0,0,0,0,0,0,0,0,0,0,0,0,0,0,0,0,0,0,0,0,0,0,0,0,0,0,0,0,0,0,0,0,0,0,0,0,0,0,0,0,0,0,0,0,0,0,0,0,0,0,0,0,0,0,0,0,0,0,0,0,0,0,0,0,0,0,0,0,0,0,0,0,0,0,0,0,0,0,0,1015.1425,4,0.0,0.0,0.0,0.0,0.0,0.0,0.0,0.4173762577080776,0.0,0.36337091264032534,0.0,0.3519594854079537,0.0,0.0,0.0,0.37378886840481557,0.38415962867831005,0.0,0.0,0.0,0.0,0.531588582957061,0.0,2,88,0,0,6,0
29192,18,8,19,764,10,1,0,151.0,0,0,0,0,0,9265070.79077,,0,19,1,False,9,132,0,0,0,0,0,0,0,0,0,0,0,0,0,0,0,0,0,0,0,0,0,0,0,0,0,0,0,0,0,0,0,0,0,0,0,0,0,0,0,0,0,0,0,0,0,0,0,0,0,0,0,0,0,0,0,0,0,0,0,0,0,0,0,0,0,0,0,0,0,0,0,0,0,0,0,0,0,0,0,0,0,0,0,0,0,0,0,0,0,0,0,0,0,0,0,0,0,0,0,0,0,0,0,0,0,0,0,0,0,0,0,0,0,0,0,0,0,0,0,0,0,0,0,0,0,0,0,0,0,0,0,0,0,0,0,0,0,0,0,0,0,0,0,0,0,0,0,0,0,0,0,0,0,0,498.7319444444444,4,0.15289074777568087,0.0,0.0,0.0,0.0,0.0,0.0,0.15633705500312195,0.0,0.13610821724248195,0.0,0.0,0.3337186640768399,0.0,0.0,0.0,0.0,0.0,0.0,0.1430947079055969,0.0,0.39823536676068727,0.802011251887266,56,99,12,4,1,1
29147,5,16,21,507,4,3,0,28251.0,0,0,0,0,0,9424156.788569,,0,21,1,False,9,43,0,0,0,0,0,0,0,0,0,0,0,0,0,0,0,0,0,0,0,0,0,0,0,0,0,0,0,0,0,0,0,0,0,0,0,0,0,0,0,0,0,0,0,0,0,0,0,0,0,0,0,0,0,0,0,0,0,0,0,0,0,0,0,0,0,0,0,0,0,0,0,0,0,0,0,0,0,0,0,0,0,0,0,0,0,0,0,0,0,0,0,0,0,0,0,0,0,0,0,0,0,0,0,0,0,0,0,0,0,0,0,0,0,0,0,0,0,0,0,0,0,0,0,0,0,0,0,0,0,0,0,0,0,0,0,0,0,0,0,0,0,0,0,0,0,0,0,0,0,0,0,0,0,0,578.8533333333334,4,0.0,0.0,0.0,0.0,0.0,0.0,0.0,0.6015174606578776,0.0,0.0,0.0,0.5072396237380619,0.0,0.0,0.0,0.0,0.0,0.0,0.0,0.0,0.0,0.0,0.6171585765698862,28,91,5,2,3,1
29225,8,0,8,450,5,0,0,136.0,0,0,0,0,0,9731783.400111,,0,8,1,False,9,138,0,0,0,0,0,0,0,0,0,0,0,0,0,0,0,0,0,0,0,0,0,0,0,0,0,0,0,0,0,0,0,0,0,0,0,0,0,0,0,0,0,0,0,0,0,0,0,0,0,0,0,0,0,0,0,0,0,0,0,0,0,0,0,0,0,0,0,0,0,0,0,0,0,0,0,0,0,0,0,0,0,0,0,0,0,0,0,0,0,0,0,0,0,0,0,0,0,0,0,0,0,0,0,0,0,0,0,0,0,0,0,0,0,0,0,0,0,0,0,0,0,0,0,0,0,0,0,0,0,0,0,0,0,0,0,0,0,0,0,0,0,0,0,0,0,0,0,0,0,0,0,0,0,0,280.3666666666667,4,0.2318876027892232,0.0,0.0,0.0,0.0,0.0,0.0,0.23711457651440243,0.0,0.0,0.0,0.3999016369115277,0.0,0.0,0.508382858764251,0.0,0.21824396090037748,0.0,0.0,0.0,0.0,0.6039989069810253,0.2432802106285516,74,93,12,14,5,0
29189,2,0,2,44,1,2,2,138.0,0,0,0,0,0,9992995.998349,,0,2,1,False,9,390,0,0,0,0,0,0,0,0,0,0,0,0,0,0,0,0,0,0,0,0,0,0,0,0,0,0,0,0,0,0,0,0,0,0,0,0,0,0,0,0,0,0,0,0,0,0,0,0,0,0,0,0,0,0,0,0,0,0,0,0,0,0,0,0,0,0,0,0,0,0,0,0,0,0,0,0,0,0,0,0,0,0,0,0,0,0,0,0,0,0,0,0,0,0,0,0,0,0,0,0,0,0,0,0,0,0,0,0,0,0,0,0,0,0,0,0,0,0,0,0,0,0,0,0,0,0,0,0,0,0,0,0,0,0,0,0,0,0,0,0,0,0,0,0,0,0,0,0,0,0,0,0,0,0,302.22583333333336,4,0.10537289572326776,0.0,0.0,0.26284839184685904,0.0,0.0,0.10757585080339055,0.1077481040167107,0.0,0.0,0.0,0.0,0.0,0.1143480301267124,0.0,0.0,0.29751911517786195,0.0,0.0,0.0,0.17262444219585604,0.7547797336339626,0.44219940967518345,54,78,11,0,1,1
29144,6,2,2,721,6,2,0,345.0,0,0,0,0,0,10502184.211348,,0,2,1,False,9,15,0,0,0,0,0,0,0,0,0,0,0,0,0,0,0,0,0,0,0,0,0,0,0,0,0,0,0,0,0,0,0,0,0,0,0,0,0,0,0,0,0,0,0,0,0,0,0,0,0,0,0,0,0,0,0,0,0,0,0,0,0,0,0,0,0,0,0,0,0,0,0,0,0,0,0,0,0,0,0,0,0,0,0,0,0,0,0,0,0,0,0,0,0,0,0,0,0,0,0,0,0,0,0,0,0,0,0,0,0,0,0,0,0,0,0,0,0,0,0,0,0,0,0,0,0,0,0,0,0,0,0,0,0,0,0,0,0,0,0,0,0,0,0,0,0,0,0,0,0,0,0,0,0,0,286.1566666666667,4,0.0,0.0,0.0,0.0,0.0,0.0,0.0,0.0,0.0,0.0,0.0,0.0,0.0,0.0,0.0,0.0,0.0,0.0,0.0,0.0,0.0,1.0,0.0,26,72,4,0,3,1
29120,5,0,1,57,1,0,0,266.0,0,0,0,0,0,10984217.511666,,0,1,1,False,9,214,0,0,0,0,0,0,0,0,0,0,0,0,0,0,0,0,0,0,0,0,0,0,0,0,0,0,0,0,0,0,0,0,0,0,0,0,0,0,0,0,0,0,0,0,0,0,0,0,0,0,0,0,0,0,0,0,0,0,0,0,0,0,0,0,0,0,0,0,0,0,0,0,0,0,0,0,0,0,0,0,0,0,0,0,0,0,0,0,0,0,0,0,0,0,0,0,0,0,0,0,0,0,0,0,0,0,0,0,0,0,0,0,0,0,0,0,0,0,0,0,0,0,0,0,0,0,0,0,0,0,0,0,0,0,0,0,0,0,0,0,0,0,0,0,0,0,0,0,0,0,0,0,0,0,223.04555555555555,4,0.0,0.0,0.0,0.28677181045725414,0.0,0.0,0.35210093483480154,0.3526647278885899,0.0,0.0,0.0,0.29739040938935973,0.0,0.0,0.37806343495383543,0.0,0.32459812557995427,0.0,0.0,0.0,0.0,0.449169159709021,0.36183498519242524,10,50,2,0,0,1
55295,4,2,1,2,1,3,1,5.0,0,0,0,0,0,90199.13301,,0,1,0,False,10,16,0,0,0,0,0,0,0,0,0,0,0,0,0,0,0,0,0,0,0,0,0,0,0,0,0,0,0,0,0,0,0,0,0,0,0,0,0,0,0,0,0,0,0,0,0,0,0,0,0,0,0,0,0,0,0,0,0,0,0,0,0,0,0,0,0,0,1,0,0,0,0,0,0,0,0,0,1,1,0,0,0,0,0,0,0,0,0,0,0,0,0,0,0,0,0,0,0,0,0,0,0,0,0,0,0,0,0,0,0,0,0,0,0,0,0,0,0,0,0,0,0,0,0,0,0,0,0,0,0,0,0,0,0,0,0,0,0,0,0,0,0,0,0,0,0,0,0,0,0,0,0,0,0,3,188.0636111111111,4,0.0,0.0,0.0,0.0,0.0,0.0,0.0,0.0,0.0,0.0,0.0,0.0,0.0,0.7027819653382642,0.0,0.0,0.0,0.0,0.0,0.0,0.0,0.21085770266160467,0.6794383992854371,92,92,71,7,6,0
56302,14,4,3,19,1,6,4,6.0,0,0,0,0,0,95490.565916,,0,3,0,False,10,274,0,0,0,0,0,0,0,0,0,0,0,0,0,0,0,0,0,0,0,0,0,0,0,0,0,0,0,0,0,0,0,0,0,0,0,0,0,0,0,0,0,0,0,0,0,0,0,0,0,0,0,0,0,0,0,0,0,0,0,0,0,0,0,0,0,0,1,1,0,0,0,0,0,0,0,0,0,0,0,0,0,0,0,0,0,0,0,0,0,0,0,0,0,0,0,0,0,0,0,0,0,0,0,0,0,0,0,0,0,0,0,0,0,0,0,0,0,0,1,0,0,0,0,0,0,0,0,0,0,0,0,0,0,0,0,0,0,0,0,0,0,0,0,0,0,0,0,0,0,0,0,0,0,3,176.33833333333334,4,0.1138833218295774,0.12088579070024372,0.0,0.09469243425335255,0.0,0.0,0.8138493877225343,0.0,0.1207076704114283,0.2027651265152769,0.0,0.0,0.0,0.12358333161592232,0.12483705040910555,0.20857846502184116,0.10718273395223732,0.10871518331024847,0.11656707196168939,0.10658657184692347,0.1865664293583703,0.296632511100459,0.0,64,73,18,72,2,1
55811,11,0,1,6,1,6,6,5.0,0,0,0,0,0,153406.469628,,0,1,0,False,10,9,0,0,0,0,0,0,0,0,0,0,0,0,0,0,0,0,0,0,0,0,0,0,0,0,0,0,0,0,0,0,0,0,0,0,0,0,0,0,0,0,0,0,0,0,0,0,0,0,0,0,0,0,0,0,0,0,0,0,0,0,0,0,0,0,0,0,1,1,1,1,0,0,0,0,0,0,0,0,0,0,0,0,0,0,0,1,1,1,0,0,0,0,0,0,0,0,0,0,0,0,0,0,0,0,0,0,0,0,0,0,0,0,0,0,0,0,0,0,0,0,0,0,0,0,0,0,0,0,0,1,0,0,0,0,1,0,0,0,0,0,0,0,0,0,0,0,0,0,0,0,0,0,0,9,1061.6633333333334,4,0.0,0.0,0.0,0.0,0.0,0.0,0.0,0.0,0.0,0.0,0.0,0.0,0.0,0.0,0.0,0.0,0.0,0.0,0.0,0.0,0.0,0.0,1.0,85,74,43,0,6,0
55898,5,6,1,122,1,5,2,6880.0,0,0,0,0,0,177251.57588,,0,1,0,False,10,283,0,0,0,0,0,0,0,0,0,0,0,0,0,0,0,0,0,0,0,0,0,0,0,0,0,0,0,0,0,0,0,0,0,0,0,0,0,0,0,0,0,0,0,0,0,0,0,0,0,0,0,0,0,0,0,0,0,0,0,0,0,0,0,0,0,0,0,0,0,0,0,0,0,0,0,0,0,0,1,0,1,0,0,0,0,0,0,0,0,0,0,0,0,0,0,0,0,0,0,0,0,0,0,0,0,0,0,0,0,0,0,0,0,0,0,0,0,0,0,0,0,0,0,0,0,0,0,0,0,0,0,0,0,0,0,0,0,0,0,0,0,0,0,0,0,0,0,0,0,0,0,0,0,2,889.2497222222222,4,0.11005763919735194,0.11682487411882508,0.0,0.0915114311415157,0.0,0.0,0.7865097437971778,0.0,0.23330547485037556,0.09797681863029377,0.0,0.0,0.0,0.11943179653773843,0.12064339915327843,0.20157168827638922,0.20716428836092146,0.10506311396446999,0.11265123410651548,0.10300600894980816,0.09014955148300297,0.3583346682861239,0.0,72,80,43,1,6,0
56285,10,30,3,576,10,6,1,6.0,0,0,0,0,0,192124.617956,,1,3,0,False,10,254,0,0,0,0,0,0,0,0,0,0,0,0,0,0,0,0,0,0,0,0,0,0,0,0,0,0,0,0,0,0,0,0,0,0,0,0,0,0,0,0,0,0,0,0,0,0,0,0,0,0,0,0,0,0,0,0,0,0,0,0,0,0,0,0,0,0,1,1,1,1,1,1,0,1,0,1,0,0,0,0,1,0,0,0,0,0,0,0,1,0,0,0,0,0,0,0,0,0,0,0,0,0,0,0,0,0,0,0,0,0,0,0,0,0,0,0,0,0,0,0,0,0,0,0,0,0,0,0,0,1,0,0,0,0,1,0,0,0,0,0,0,0,0,0,0,0,0,0,0,0,0,0,0,12,174.1013888888889,4,0.22143293433564062,0.0,0.0,0.36823695057793504,0.0,0.0,0.0,0.0,0.0,0.0,0.0,0.0,0.0,0.0,0.24273119137902743,0.0,0.6252132509273929,0.0,0.0,0.0,0.18137841098088492,0.5767675748922951,0.0,66,79,25,17,1,1
54657,22,2,1,43,4,5,3,6.0,0,0,0,0,0,264965.283555,,0,1,0,False,10,2,0,0,0,0,0,0,0,0,0,0,0,0,0,0,0,0,0,0,0,0,0,0,0,0,0,0,0,0,0,0,0,0,0,0,0,0,0,0,0,0,0,0,0,0,0,0,0,0,0,0,0,0,0,0,0,0,0,0,0,0,0,0,0,0,0,1,0,1,0,0,1,0,0,0,0,0,0,0,0,0,0,0,0,0,0,0,0,0,0,1,0,0,0,0,0,0,0,0,0,0,0,0,0,0,0,0,0,0,0,0,0,0,0,0,0,0,0,0,0,0,0,0,0,0,0,0,0,0,0,0,0,0,0,0,0,0,0,0,0,0,0,0,0,0,0,0,0,0,0,0,0,0,0,4,2766.9894444444444,4,0.0,0.0,0.0,0.0,0.0,0.0,0.0,0.0,0.0,0.0,0.0,0.0,0.0,0.0,0.0,0.0,0.0,0.0,0.0,0.0,0.0,0.0,0.0,19,84,28,1,4,1
54630,30,30,1,805,4,8,3,5667.0,0,0,0,0,0,258730.554013,,0,1,0,False,10,263,0,0,0,0,0,0,0,0,0,0,0,0,0,0,0,0,0,0,0,0,0,0,0,0,0,0,0,0,0,0,0,0,0,0,0,0,0,0,0,0,0,0,0,0,0,0,0,0,0,0,0,0,0,0,0,0,0,0,0,0,0,0,0,0,0,0,1,1,0,0,0,0,1,0,1,0,0,0,0,0,0,0,0,0,0,0,0,0,0,0,1,0,0,0,0,0,0,0,0,0,0,0,0,0,0,0,0,0,0,0,0,0,0,0,0,0,0,0,0,0,0,0,0,0,0,0,0,0,0,0,0,0,0,0,0,0,0,0,0,0,0,0,0,0,0,0,0,0,0,0,0,0,0,5,2069.3069444444445,4,0.0,0.0,0.0,0.1908770781933758,0.0,0.0,0.0,0.0,0.24331751132321003,0.2043627625264896,0.0,0.0,0.0,0.0,0.0,0.0,0.0,0.0,0.0,0.0,0.56410929562151,0.1494848755934667,0.722518764848769,17,65,25,0,3,1
56087,5,0,1,93,3,2,1,5.0,0,0,0,0,0,442493.581665,,0,1,0,False,10,32,0,0,0,0,0,0,0,0,0,0,0,0,0,0,0,0,0,0,0,0,0,0,0,0,0,0,0,0,0,0,0,0,0,0,0,0,0,0,0,0,0,0,0,0,0,0,0,0,0,0,0,0,0,0,0,0,0,0,0,0,0,0,0,0,0,0,1,1,0,0,0,0,1,0,0,0,0,0,0,0,0,0,0,0,0,0,0,0,0,0,0,0,0,0,0,0,0,0,0,0,0,0,0,0,0,0,0,0,0,0,0,0,0,0,0,0,0,0,0,0,0,0,0,0,0,0,0,0,0,0,0,0,0,0,0,0,0,0,0,0,0,0,0,0,0,0,0,0,0,0,0,0,0,3,377.575,4,0.0,0.0,0.0,0.4282237896960537,0.0,0.0,0.0,0.0,0.5458714466106775,0.0,0.5836870225843518,0.0,0.0,0.0,0.0,0.0,0.0,0.0,0.0,0.0,0.4218509326529108,0.0,0.0,90,94,53,8,4,1
56060,13,30,5,383,18,5,3,6.0,0,0,0,0,0,530816.368723,,1,5,0,False,10,142,0,0,0,0,0,0,0,0,0,0,0,0,0,0,0,0,0,0,0,0,0,0,0,0,0,0,0,0,0,0,0,0,0,0,0,0,0,0,0,0,0,0,0,0,0,0,0,0,0,0,0,0,0,0,0,0,0,0,0,0,0,0,0,0,0,1,1,1,0,0,0,0,0,0,0,0,0,0,0,0,1,0,0,0,0,0,0,0,0,0,0,0,0,0,0,1,0,0,0,0,0,0,0,0,0,0,0,0,0,0,0,0,0,0,0,0,0,0,0,0,0,0,0,0,0,0,0,0,0,0,0,0,0,0,0,0,0,0,0,0,0,0,0,0,0,0,0,0,0,0,0,0,0,5,449.45166666666665,4,0.0,0.0,0.0,0.36410596779381177,0.0,0.0,0.0,0.0,0.0,0.0,0.0,0.0,0.0,0.0,0.0,0.0,0.4121329585006874,0.0,0.0,0.0,0.7173746335173573,0.4277229289157175,0.0,78,93,43,8,3,1
56162,12,0,1,3,1,4,4,4.0,0,0,0,0,0,534416.852346,,0,1,0,False,10,117,0,0,0,0,0,0,0,0,0,0,0,0,0,0,0,0,0,0,0,0,0,0,0,0,0,0,0,0,0,0,0,0,0,0,0,0,0,0,0,0,0,0,0,0,0,0,0,0,0,0,0,0,0,0,0,0,0,0,0,0,0,0,0,0,0,0,1,1,0,0,0,0,0,0,0,0,0,0,0,0,0,0,0,0,0,1,0,0,0,0,0,0,0,0,0,0,0,0,0,0,0,0,0,0,0,0,0,0,0,0,0,0,0,0,0,0,0,0,0,0,0,0,0,0,0,0,0,0,0,0,0,0,0,0,0,0,0,0,0,0,0,0,0,0,0,0,0,0,0,0,0,0,0,3,327.9086111111111,4,0.0,0.0,0.0,0.0,0.0,0.0,0.0,0.0,0.0,0.0,0.0,0.5544628070241898,0.0,0.0,0.2349572669005858,0.0,0.4034597444560168,0.0,0.0,0.0,0.0,0.13957387621226983,0.6746150354387533,90,92,44,0,5,0
55844,16,30,1,357,20,6,6,5.0,0,0,0,0,0,547335.308111,,0,1,0,False,10,45,0,0,0,0,0,0,0,0,0,0,0,0,0,0,0,0,0,0,0,0,0,0,0,0,0,0,0,0,0,0,0,0,0,0,0,0,0,0,0,0,0,0,0,0,0,0,0,0,0,0,0,0,0,0,0,0,0,0,0,0,0,0,0,0,0,0,1,1,0,0,0,0,0,1,0,0,0,0,0,0,1,0,0,0,0,0,0,0,0,0,0,0,0,0,0,0,0,0,0,0,0,0,0,0,0,0,0,0,0,0,0,0,0,0,0,0,0,0,0,0,0,0,0,0,0,0,0,0,0,0,0,0,0,0,0,0,0,0,0,0,0,0,0,0,0,0,0,0,0,0,0,0,0,4,874.6786111111111,4,0.48969910213642165,0.0,0.0,0.0,0.0,0.0,0.0,0.0,0.0,0.8718915009144099,0.0,0.0,0.0,0.0,0.0,0.0,0.0,0.0,0.0,0.0,0.0,0.0,0.0,79,94,41,2,3,1
56067,4,0,1,11,1,2,2,8092.0,0,0,0,0,0,573185.442283,,0,1,0,False,10,24,0,0,0,0,0,0,0,0,0,0,0,0,0,0,0,0,0,0,0,0,0,0,0,0,0,0,0,0,0,0,0,0,0,0,0,0,0,0,0,0,0,0,0,0,0,0,0,0,0,0,0,0,0,0,0,0,0,0,0,0,0,0,0,0,0,0,1,1,0,0,0,0,0,0,0,0,0,0,0,0,0,0,0,0,0,0,0,0,0,0,0,0,0,0,0,0,1,0,0,0,0,1,0,0,0,0,0,0,0,0,0,0,0,0,0,0,0,0,0,0,0,0,0,0,0,0,0,0,0,0,0,0,0,0,0,0,0,0,0,0,0,0,0,0,0,0,0,0,0,0,0,0,0,4,507.37388888888887,4,0.0,0.0,0.0,0.5664335015215769,0.0,0.0,0.0,0.0,0.0,0.6064526775772875,0.0,0.0,0.0,0.0,0.0,0.0,0.0,0.0,0.0,0.0,0.558003797669285,0.0,0.0,79,94,44,14,4,1
56048,4,0,1,2,1,1,1,4507.0,0,0,0,0,0,573625.331584,,0,1,0,False,10,270,0,0,0,0,0,0,0,0,0,0,0,0,0,0,0,0,0,0,0,0,0,0,0,0,0,0,0,0,0,0,0,0,0,0,0,0,0,0,0,0,0,0,0,0,0,0,0,0,0,0,0,0,0,0,0,0,0,0,0,0,0,0,0,0,0,1,0,1,0,0,0,0,0,0,0,0,0,0,0,0,0,0,0,0,0,0,0,0,0,0,0,0,0,0,0,0,0,0,0,0,0,0,0,0,0,0,0,0,0,0,0,0,0,0,0,0,0,0,0,0,0,0,0,0,0,0,0,0,0,0,0,0,0,0,0,0,0,0,0,0,0,0,0,0,0,0,0,0,0,0,0,0,0,2,526.3827777777777,4,0.11510957083578466,0.12218743942570487,0.0,0.09571204363542066,0.0,0.0,0.822612584886651,0.0,0.12200740121050974,0.10247420921109476,0.0,0.09925607330387447,0.0,0.12491402635807768,0.12618124468217998,0.21082435257886217,0.10833683377019128,0.10988578391578163,0.11782221849107685,0.10773425243528845,0.18857530032311698,0.2998265285922392,0.0,74,95,39,7,3,1
56050,8,0,1,21,1,1,1,661.0,0,0,0,0,0,573897.471682,,0,1,0,False,10,259,0,0,0,0,0,0,0,0,0,0,0,0,0,0,0,0,0,0,0,0,0,0,0,0,0,0,0,0,0,0,0,0,0,0,0,0,0,0,0,0,0,0,0,0,0,0,0,0,0,0,0,0,0,0,0,0,0,0,0,0,0,0,0,0,0,1,1,1,0,0,0,0,0,0,0,0,0,0,0,0,0,0,0,0,0,0,0,0,0,0,0,0,0,0,0,0,0,0,0,0,0,0,0,0,0,0,0,0,0,0,0,0,0,0,0,0,0,0,0,0,0,0,0,0,0,0,0,0,0,0,0,0,0,0,0,0,0,0,0,0,0,0,0,0,0,0,0,0,0,0,0,0,0,3,516.7369444444445,4,0.11727098962405157,0.12448175974457484,0.0,0.09750923398088852,0.0,0.0,0.8380588269630403,0.0,0.12429834094183949,0.10439837311417831,0.0,0.0,0.0,0.12725954395082056,0.12855055690359415,0.2147830131261961,0.11037108049939066,0.11194911536767141,0.12003457281463875,0.10975718446138139,0.09605809459186102,0.30545638792899776,0.0,75,94,40,8,3,1
54181,30,30,31,888,8,5,1,5.0,0,0,0,0,0,616388.762699,,2,31,0,False,10,480,0,0,0,0,0,0,0,0,0,0,0,0,0,0,0,0,0,0,0,0,0,0,0,0,0,0,0,0,0,0,0,0,0,0,0,0,0,0,0,0,0,0,0,0,0,0,0,0,0,0,0,0,0,0,0,0,0,0,0,0,0,0,0,0,0,0,1,0,0,0,0,0,1,1,0,0,0,0,0,0,1,0,0,0,0,1,0,0,0,0,0,0,0,0,0,0,0,0,0,1,0,0,0,0,0,0,0,0,0,0,0,0,0,0,0,0,0,0,0,0,0,0,0,0,0,0,0,0,0,0,0,0,0,0,0,0,0,0,0,0,0,0,0,0,0,0,0,0,0,0,0,0,0,6,2574.992777777778,4,0.09134593232256838,0.09696261997511146,0.0,0.0759529011957527,0.0,0.20393361751028266,0.7460450864204069,0.0,0.29045924851184507,0.08131906071267708,0.0,0.0,0.0,0.19825264076646673,0.1001319295470144,0.1673010063610734,0.08597138373255733,0.08720056297580184,0.09349857112867418,0.08549320148031524,0.0748225646918512,0.416376186474065,0.0,5,76,4,0,4,1
55270,30,6,1,86,2,5,5,4.0,0,2,0,0,0,642068.114289,,2,1,0,False,10,351,0,0,0,0,0,0,0,0,0,0,0,0,0,0,0,0,0,0,0,0,0,0,0,0,0,0,0,0,0,0,0,0,0,0,0,0,0,0,0,0,0,0,0,0,0,0,0,0,0,0,0,0,0,0,0,0,0,0,0,0,0,0,0,0,0,0,1,1,0,0,0,0,0,0,0,0,0,0,0,0,0,0,0,0,0,0,0,0,0,0,0,0,0,0,0,0,0,0,0,0,0,1,1,0,0,0,0,0,0,0,0,0,0,0,0,0,0,0,0,0,0,0,0,0,0,0,0,0,0,0,0,0,0,0,0,0,0,0,0,0,0,0,0,0,0,0,0,0,0,0,0,0,0,4,1806.4791666666667,4,0.11354313091566835,0.12052468209402942,0.0,0.09440957013215026,0.0,0.0,0.8114182664437929,0.0,0.12034709388403698,0.20215942892418148,0.1286842119000825,0.0,0.12391679194306904,0.12321416494734498,0.1244641386465567,0.2079554018946195,0.10686255895529573,0.1083904305986842,0.1162188641810831,0.10626817769838169,0.09300456016205072,0.2957464139667856,0.0,95,97,65,3,5,0
55604,20,6,5,391,19,4,2,5.0,0,0,0,0,0,650584.039698,,0,5,0,False,10,758,0,0,0,0,0,0,0,0,0,0,0,0,0,0,0,0,0,0,0,0,0,0,0,0,0,0,0,0,0,0,0,0,0,0,0,0,0,0,0,0,0,0,0,0,0,0,0,0,0,0,0,0,0,0,0,0,0,0,0,0,0,0,0,0,0,0,0,1,0,0,0,0,1,1,1,0,0,0,0,0,1,0,0,0,0,1,0,0,0,0,0,0,0,0,0,0,0,0,0,0,0,0,0,0,0,0,0,0,0,0,0,0,0,0,0,0,0,0,0,0,0,0,0,0,0,0,0,0,0,0,0,0,0,0,0,0,0,0,0,0,0,0,0,0,0,0,0,0,0,0,0,0,0,6,665.9977777777777,4,0.1057666174972628,0.22454001131052692,0.0,0.08794350491941748,0.0,0.0,0.7558446268404764,0.0,0.11210458037478355,0.09415681433150626,0.0,0.0,0.0,0.1147752871453727,0.115939650758213,0.19371263828380675,0.09954359463804228,0.10096682310098827,0.32477727330603423,0.09898992226226236,0.08663472339393946,0.3443636086784143,0.11096291769246477,89,68,55,15,2,1
56001,15,8,5,77,2,5,3,17435.0,0,0,0,0,0,717178.255035,,1,5,0,False,10,39,0,0,0,0,0,0,0,0,0,0,0,0,0,0,0,0,0,0,0,0,0,0,0,0,0,0,0,0,0,0,0,0,0,0,0,0,0,0,0,0,0,0,0,0,0,0,0,0,0,0,0,0,0,0,0,0,0,0,0,0,0,0,0,0,0,0,1,1,0,0,0,0,0,0,0,0,0,0,0,0,0,0,0,0,0,0,0,0,0,0,0,0,0,0,0,0,0,0,0,0,0,0,0,0,0,0,0,0,0,0,0,0,0,0,0,0,0,0,0,0,0,0,0,0,0,0,0,0,0,0,0,0,0,0,0,0,0,0,0,0,0,0,0,0,0,0,0,0,0,0,0,0,0,2,284.31055555555554,4,0.42737009098766954,0.0,0.0,0.0,0.0,0.0,0.0,0.0,0.0,0.38045847792198073,0.0,0.0,0.0,0.0,0.0,0.0,0.4022247860843314,0.0,0.0,0.0,0.0,0.5565866064594337,0.4483667281097765,66,82,37,7,1,1
56205,3,0,1,1895,2,1,1,157.0,0,0,0,0,0,809443.363615,,0,1,0,False,10,9,0,0,0,0,0,0,0,0,0,0,0,0,0,0,0,0,0,0,1,0,0,0,0,0,0,0,0,0,0,0,0,0,0,0,0,0,0,0,0,0,0,0,0,0,0,0,0,0,0,0,0,0,0,0,0,0,0,0,0,0,0,0,0,0,0,0,1,0,0,0,0,0,0,0,0,0,0,0,0,0,0,0,0,0,0,0,0,0,0,0,0,1,0,0,0,0,0,0,0,0,0,0,0,0,0,0,0,0,0,0,0,0,0,0,0,0,0,0,0,0,0,0,0,0,0,0,0,0,0,0,0,0,0,0,0,0,0,0,0,0,0,0,0,0,0,0,0,0,0,0,0,0,0,3,170.0911111111111,4,0.0,0.0,0.0,0.0,0.0,0.0,0.0,0.0,0.0,0.0,0.0,0.0,0.0,0.0,0.0,0.0,0.0,0.0,0.0,0.0,0.0,1.0,0.0,94,97,48,41,1,1
56213,4,19,5,58,5,8,6,5104.0,0,0,0,0,0,787949.110747,,0,5,0,False,10,4,0,0,0,0,0,0,0,0,0,0,0,0,0,0,0,0,0,0,0,0,0,0,0,0,0,0,0,0,0,0,0,0,0,0,0,0,0,0,0,0,0,0,0,0,0,0,0,0,0,0,0,0,0,0,0,0,0,0,0,0,0,0,0,0,0,0,1,1,0,0,0,0,1,0,0,0,0,0,0,0,1,0,0,0,0,1,0,0,0,0,0,0,0,0,0,0,0,0,0,1,0,0,0,0,0,0,0,0,0,0,0,0,0,0,0,0,0,0,0,0,0,0,0,0,0,0,0,0,0,0,0,0,0,0,0,0,0,0,0,0,0,0,0,0,0,0,0,0,0,0,0,0,0,6,168.61527777777778,4,0.0,0.0,0.0,0.0,0.0,1.0,0.0,0.0,0.0,0.0,0.0,0.0,0.0,0.0,0.0,0.0,0.0,0.0,0.0,0.0,0.0,0.0,0.0,92,96,47,10,1,1
56051,6,0,1,2,1,1,2,6818.0,0,0,0,0,0,810223.433213,,0,1,0,False,10,271,0,0,0,0,0,0,0,0,0,0,0,0,0,0,0,0,0,0,0,0,0,0,0,0,0,0,0,0,0,0,0,0,0,0,0,0,0,0,0,0,0,0,0,0,0,0,0,0,0,0,0,0,0,0,0,0,0,0,0,0,0,0,0,0,0,1,0,1,0,0,0,0,0,0,0,0,0,0,0,0,0,0,0,0,0,0,0,0,0,0,0,0,0,0,0,0,0,0,0,0,0,0,0,0,0,0,0,0,0,0,0,0,0,0,0,0,0,0,0,0,0,0,0,0,0,0,0,0,0,0,0,0,0,0,0,0,0,0,0,0,0,0,0,0,0,0,0,0,0,0,0,0,0,2,458.9161111111111,4,0.11421185436195463,0.12123452407321826,0.0,0.09496560458876631,0.0,0.0,0.8161971941969737,0.0,0.12105588993998197,0.10167503339032187,0.0,0.0984819950800951,0.12464661208712033,0.123939846900541,0.12519718244289693,0.2091801757044249,0.10749193651541103,0.10902880670924116,0.11690334662182514,0.10689405459157574,0.18710463934828794,0.2974882415840068,0.0,76,93,41,9,3,1
55096,13,10,3,250,2,5,4,8196.0,0,0,0,0,0,837488.244745,,1,3,0,False,10,3,0,0,0,0,0,0,0,0,0,0,0,0,0,0,0,0,0,0,0,0,0,0,0,0,0,0,0,0,0,0,0,0,0,0,0,0,0,0,0,0,0,0,0,0,0,0,0,0,0,0,0,0,0,0,0,0,0,0,0,0,0,0,0,0,0,1,0,1,1,1,0,0,1,0,0,0,0,0,0,0,1,0,0,0,0,0,0,0,0,0,0,0,0,0,0,0,0,0,0,0,1,1,0,0,0,0,1,0,0,0,0,0,0,0,0,0,1,0,0,0,0,0,0,0,0,0,0,0,0,1,0,0,0,0,1,0,0,0,0,0,0,0,0,0,0,0,0,0,0,0,0,0,0,12,1895.1466666666668,4,0.0,0.0,0.0,0.0,0.0,0.0,0.0,0.0,0.0,1.0,0.0,0.0,0.0,0.0,0.0,0.0,0.0,0.0,0.0,0.0,0.0,0.0,0.0,48,86,53,0,1,1
56023,6,0,1,26,2,2,2,7040.0,0,0,0,0,0,840865.925709,,0,1,0,False,10,296,0,0,0,0,0,0,0,0,0,0,0,0,0,0,0,0,0,0,0,0,0,0,0,0,0,0,0,0,0,0,0,0,0,0,0,0,0,0,0,0,0,0,0,0,0,0,0,0,0,0,0,0,0,0,0,0,0,0,0,0,0,0,0,0,0,0,1,1,0,0,0,0,0,0,0,0,0,0,0,0,0,0,0,0,0,0,0,0,0,0,0,0,0,0,0,0,0,0,0,0,0,0,0,0,0,0,0,0,1,0,0,0,0,0,0,0,0,0,0,0,0,0,0,0,0,0,0,0,0,0,0,0,0,0,0,0,0,0,0,0,0,0,0,0,0,0,0,0,0,0,0,0,0,3,208.20805555555555,4,0.21346584988697986,0.11329572950859038,0.0,0.08874697642736418,0.0,0.0,0.7627501922106238,0.0,0.11312879286579118,0.09501705202232506,0.0,0.0,0.11648438392562,0.1158238998100852,0.11699890130901684,0.19548244022350472,0.20090609431434858,0.10188927855331385,0.10924817034392217,0.09989431630687616,0.08742623758148128,0.34750979153979034,0.2239533993963076,70,83,38,0,2,1
56199,6,18,7,48,1,3,2,6.0,0,0,0,0,0,858006.809943,,0,7,0,False,10,31,0,0,0,0,0,0,0,0,0,0,0,0,0,0,0,0,0,0,0,0,0,0,0,0,0,0,0,0,0,0,0,0,0,0,0,0,0,0,0,0,0,0,0,0,0,0,0,0,0,0,0,0,0,0,0,0,0,0,0,0,0,0,0,0,0,0,1,0,0,0,0,0,0,0,0,0,0,0,0,1,1,0,0,0,0,0,0,0,0,0,0,0,0,0,0,0,0,0,0,0,0,0,0,0,0,0,0,0,0,0,0,0,0,0,0,0,0,0,0,0,0,0,0,0,0,0,0,0,0,0,0,0,0,0,0,0,0,0,0,0,0,0,0,0,0,0,0,0,0,0,0,0,0,3,173.61333333333334,4,0.0,0.0,0.6477262290707976,0.0,0.0,0.0,0.0,0.0,0.0,0.0,0.0,0.0,0.0,0.0,0.0,0.0,0.0,0.0,0.0,0.0,0.0,0.7618731732865546,0.0,93,91,49,31,0,1
55780,9,0,1,34,1,5,8,14686.0,0,0,0,0,0,910690.652451,,0,1,0,False,10,19,0,0,0,0,0,0,0,0,0,0,0,0,0,0,0,0,0,0,0,0,0,0,0,0,0,0,0,0,0,0,0,0,0,0,0,0,0,0,0,0,0,0,0,0,0,0,0,0,0,0,0,0,0,0,0,0,0,0,0,0,0,0,0,0,0,0,1,0,0,0,0,0,0,0,0,0,0,0,1,0,0,0,0,0,0,0,0,0,0,0,0,0,0,0,0,0,0,0,0,0,0,0,0,0,0,1,0,0,0,0,0,0,0,0,0,0,0,0,0,0,0,0,0,0,0,0,0,0,0,0,0,0,0,0,0,0,0,0,0,0,0,0,0,0,0,0,0,0,0,0,0,0,0,3,896.2547222222222,4,0.0,0.0,0.0,0.0,0.0,0.0,0.0,0.0,0.0,0.6139777425726712,0.0,0.0,0.0,0.0,0.0,0.0,0.6491038588906828,0.0,0.0,0.0,0.0,0.4491052348821946,0.0,92,93,43,0,4,1
55275,16,19,15,214,5,6,4,5.0,0,2,0,0,0,945444.80027,,2,15,0,False,10,37,0,0,0,0,0,0,0,0,0,0,0,0,0,0,0,0,0,0,0,1,0,0,0,0,0,0,0,0,0,0,0,0,0,0,0,0,0,0,0,0,0,0,0,0,0,0,0,0,0,0,0,0,0,0,0,0,0,0,0,0,0,0,0,0,0,0,1,1,0,0,0,0,0,0,0,0,0,0,0,0,1,0,0,0,0,1,0,0,0,0,0,0,0,0,0,0,0,0,0,0,0,0,0,1,0,0,0,0,0,0,0,0,0,0,0,0,0,0,0,0,0,0,0,0,0,0,0,0,0,0,0,0,0,0,0,0,0,0,0,0,0,0,0,0,0,0,0,0,0,0,0,0,0,6,1418.7969444444445,4,0.0,0.0,0.0,0.5585512726307952,0.0,0.0,0.0,0.0,0.0,0.0,0.0,0.0,0.0,0.0,0.0,0.0,0.0,0.0,0.0,0.0,0.0,0.43742794206645885,0.7047533407810296,96,77,66,2,5,0
55562,1,1,2,3,1,6,5,4295831.0,0,0,0,0,0,951277.34073,,0,2,0,False,10,301,0,0,0,0,0,0,0,0,0,0,0,0,0,0,0,0,0,0,0,0,0,0,0,0,0,0,0,0,0,0,0,0,0,0,0,0,0,0,0,0,0,0,0,0,0,0,0,0,0,0,0,0,0,0,0,0,0,0,0,0,0,0,0,0,0,0,1,0,0,0,0,0,0,0,0,0,1,0,1,0,1,0,0,0,0,0,0,0,0,0,0,0,0,0,0,0,0,0,0,0,0,0,0,0,0,0,0,0,0,0,0,0,0,0,0,0,0,0,0,0,0,0,0,0,0,0,0,0,0,0,0,0,0,0,0,0,0,0,0,0,0,0,0,0,0,0,0,0,0,0,0,0,0,4,1193.286111111111,4,0.10000449647004422,0.10615358276475283,0.0,0.08315237960129346,0.0,0.0,0.7146665281105969,0.0,0.2119943395685499,0.08902719051868528,0.0,0.0,0.0,0.10852237756846847,0.1096233071393054,0.18315925487507673,0.09412050129005252,0.19093238572474291,0.1023611811566299,0.18719398550686492,0.32765959978087394,0.3907233881924994,0.0,86,92,58,0,6,0
55432,2,7,2,166,1,3,2,4217697.0,0,1,0,0,0,1045226.48615,,0,2,0,False,10,27,0,0,0,0,0,0,0,0,0,0,0,0,0,0,0,0,0,0,0,0,0,0,0,0,0,0,0,0,0,0,0,0,0,0,0,0,0,0,0,0,0,0,0,0,0,0,0,0,0,0,0,0,0,0,0,0,0,0,0,0,0,0,0,0,0,0,0,0,0,0,0,0,0,0,0,0,0,0,1,0,1,0,0,0,0,0,0,0,0,0,0,0,0,0,0,0,0,0,0,0,0,0,0,0,0,0,0,0,0,0,0,0,0,0,0,0,0,0,0,0,0,0,0,0,0,0,0,0,0,0,0,0,0,0,0,0,0,0,0,0,0,0,0,0,0,0,0,0,0,0,0,0,0,2,1392.3252777777777,4,0.49361194179291645,0.0,0.0,0.0,0.0,0.0,0.0,0.0,0.523191162883781,0.0,0.0,0.0,0.0,0.0,0.0,0.0,0.46456914483062317,0.0,0.0,0.0,0.4043235479501023,0.3214284309828991,0.0,77,94,51,2,3,1
55335,2,7,3,147,1,3,1,4930563.0,0,0,0,0,0,1045245.606403,,0,3,0,False,10,28,0,0,0,0,0,0,0,0,0,0,0,0,0,0,0,0,0,0,0,0,0,0,0,0,0,0,0,0,0,0,0,0,0,0,0,0,0,0,0,0,0,0,0,0,0,0,0,0,0,0,0,0,0,0,0,0,0,0,0,0,0,0,0,0,0,0,0,0,0,0,0,0,0,0,0,0,0,0,1,0,1,0,0,0,0,0,0,0,0,0,0,0,0,0,0,0,0,0,0,0,0,0,0,0,0,0,0,0,0,0,0,0,0,0,0,0,0,0,0,0,0,0,0,0,0,0,0,0,0,0,0,0,0,0,0,0,0,0,0,0,0,0,0,0,0,0,0,0,0,0,0,0,0,2,1590.3258333333333,4,0.49361194179291645,0.0,0.0,0.0,0.0,0.0,0.0,0.0,0.523191162883781,0.0,0.0,0.0,0.0,0.0,0.0,0.0,0.46456914483062317,0.0,0.0,0.0,0.4043235479501023,0.3214284309828991,0.0,100,93,67,1,2,1
55620,11,2,2,76,5,5,5,5.0,0,0,0,0,0,1145839.896089,,0,2,0,False,10,31,0,0,0,0,0,0,0,0,0,0,0,0,0,0,0,0,0,0,0,0,0,0,0,0,0,0,0,0,0,0,0,0,0,0,0,0,0,0,0,0,0,0,0,0,0,0,0,0,0,0,0,0,0,0,0,0,0,0,0,0,0,0,0,0,0,0,0,1,0,0,0,0,0,0,0,0,0,0,0,0,1,0,0,0,0,1,0,0,0,0,0,0,0,0,0,0,0,0,0,0,0,0,0,0,0,0,0,0,0,0,0,0,0,0,0,0,0,0,0,0,0,0,0,0,0,0,0,0,0,0,0,0,0,0,0,0,0,0,0,0,0,0,0,0,0,0,0,0,0,0,0,0,0,3,1035.2166666666667,4,0.0,0.0,0.0,0.0,0.0,0.0,0.0,0.0,0.0,0.0,0.0,0.0,0.0,0.0,0.0,0.0,0.0,0.0,0.0,0.0,0.0,0.0,0.0,92,90,64,0,3,1
56068,19,4,1,59,3,4,4,30877.0,0,1,0,0,0,1160643.900422,,0,1,0,False,10,380,0,0,0,0,0,0,0,0,0,0,0,0,0,0,0,0,0,0,0,0,0,0,0,0,0,0,0,0,0,0,0,0,0,0,0,0,0,0,0,0,0,0,0,0,0,0,0,0,0,0,0,0,0,0,0,0,0,0,0,0,0,0,0,0,0,0,0,1,0,0,0,0,1,0,0,0,0,0,0,0,0,0,0,0,0,1,0,0,0,0,0,0,0,0,0,0,0,0,0,0,0,0,0,0,0,0,0,0,0,0,0,0,0,0,0,0,0,0,0,0,0,0,0,0,0,0,0,0,0,0,0,0,0,0,0,0,0,0,0,0,0,0,0,0,0,0,0,0,0,0,0,0,0,3,340.2972222222222,4,0.09561233506096023,0.1014913557038425,0.0,0.07950035708580883,0.0,0.0,0.7808898651504327,0.0,0.10134181232504239,0.17023429685400654,0.0,0.0,0.0,0.10375611389430411,0.10480869103554205,0.17511496647430602,0.17997352565333227,0.09127335211057708,0.09786551500626757,0.0894862465961226,0.15663445417963412,0.43582345092259056,0.0,80,89,44,0,4,1
55257,3,0,1,342,1,1,1,675805.0,0,0,0,0,0,1211250.058202,,0,1,0,False,10,152,0,0,0,0,0,0,0,0,0,0,0,0,0,0,0,0,0,0,0,0,0,0,0,0,0,0,0,0,0,0,0,0,0,0,0,0,0,0,0,0,0,0,0,0,0,0,0,0,0,0,0,0,0,0,0,0,0,0,0,0,0,0,0,0,0,0,0,0,0,0,0,0,0,0,0,0,0,0,1,0,0,0,0,0,0,0,0,0,0,0,0,0,0,0,0,0,0,0,0,0,0,0,0,0,0,0,0,0,0,0,0,0,0,0,0,0,0,0,0,0,0,0,0,0,0,0,0,0,0,0,0,0,0,0,0,0,0,0,0,0,0,0,0,0,0,0,0,0,0,0,0,0,0,1,1678.3691666666666,4,0.41181836114645576,0.0,0.0,0.0,0.0,0.0,0.0,0.0,0.4364961805472248,0.0,0.0,0.0,0.44944339446146964,0.0,0.0,0.0,0.3875880781336947,0.0,0.0,0.0,0.0,0.5363327685811419,0.0,93,90,63,0,3,1
55985,7,7,1,667,4,4,2,5063.0,0,0,0,0,0,1228983.383697,,1,1,0,False,10,273,0,0,0,0,0,0,0,0,0,0,0,0,0,0,0,0,0,0,0,0,0,0,0,0,0,0,0,0,0,0,0,0,0,0,0,0,0,0,0,0,0,0,0,0,0,0,0,0,0,0,0,0,0,0,0,0,0,0,0,0,0,0,0,0,0,0,1,0,0,0,0,0,0,0,0,0,0,0,0,0,0,0,0,0,0,1,0,0,0,0,0,0,0,0,0,0,0,0,0,1,0,0,0,0,0,0,0,0,0,0,0,0,0,0,0,0,0,0,0,0,0,0,0,0,0,0,0,0,0,0,0,0,0,0,0,0,0,0,0,0,0,0,0,0,0,0,0,0,0,0,0,0,0,3,428.39722222222224,4,0.22098712868717485,0.11728760347323974,0.0,0.09187389697572328,0.0,0.0,0.7896250148277113,0.0,0.11711478496674606,0.19672978618219963,0.0,0.0,0.0,0.11990485160007283,0.12112125322866826,0.20237008962616967,0.10399242066538772,0.10547925639359107,0.11309743217199854,0.10341400343199089,0.09050662307476065,0.3597539890512529,0.0,63,88,41,5,6,0
56112,10,6,2,102,5,6,5,7.0,0,0,0,0,0,1229290.626654,,0,2,0,False,10,768,0,0,0,0,0,0,0,0,0,0,0,0,0,0,0,0,0,0,0,0,0,0,0,0,0,0,0,0,0,0,0,0,0,0,0,0,0,0,0,0,0,0,0,0,0,0,0,0,0,0,0,0,0,0,0,0,0,0,0,0,0,0,0,0,0,0,1,1,0,0,0,0,0,0,0,0,0,0,0,0,1,0,0,0,0,0,0,0,0,0,0,0,0,0,0,0,0,0,0,0,0,0,0,0,0,0,0,0,0,0,0,0,0,1,0,0,0,0,0,0,0,0,0,0,0,0,0,0,0,0,0,0,0,0,0,0,0,0,0,0,0,0,0,0,0,0,0,0,0,0,0,0,0,4,240.70888888888888,4,0.0593974215437839,0.12609931205942682,0.0,0.19755259484862164,0.0,0.06630361494057639,0.4244744039697562,0.0,0.0629567549296199,0.15863243406303526,0.0,0.0,0.1296483172172267,0.06445659580215823,0.13022098035616736,0.10878698314049397,0.1677079117951095,0.05670190742198278,0.06079716854232851,0.3335502040433596,0.04865315075328104,0.6575293519284117,0.3115780457892632,90,87,54,0,0,1
55915,13,0,1,6,1,8,9,5.0,0,0,0,0,0,1238779.559507,,0,1,0,False,10,275,0,0,0,0,0,0,0,0,0,0,0,0,0,0,0,0,0,0,0,0,0,0,0,0,0,0,0,0,0,0,0,0,0,0,0,0,0,0,0,0,0,0,0,0,0,0,0,0,0,0,0,0,0,0,0,0,0,0,0,0,0,0,0,0,0,0,0,1,0,0,0,0,0,0,0,0,0,0,0,0,0,0,0,0,0,1,0,0,0,0,0,0,0,0,0,0,0,0,0,0,0,0,0,0,0,0,0,0,0,0,0,0,1,1,0,0,0,0,0,0,0,0,0,0,0,0,0,0,0,0,0,0,0,0,0,0,0,0,0,0,0,0,0,0,0,0,0,0,0,0,0,0,0,4,561.6816666666666,4,0.11374990890938273,0.24148834894663443,0.0,0.09458150322349564,0.0,0.0,0.8128959731077307,0.0,0.12056626285024401,0.10126379482338725,0.0,0.0,0.12414246183096864,0.12343855525276932,0.1246908053297032,0.20833411789830072,0.10705717068887892,0.10858782480118931,0.1164305150610027,0.10646170698018805,0.09317393453284274,0.2962850097377063,0.0,68,87,40,0,1,1
55618,13,4,4,597,5,5,4,5185.0,0,0,0,0,0,1376834.375461,,0,4,0,False,10,15,0,0,0,0,0,0,0,0,0,0,0,0,0,0,0,0,0,0,1,0,0,0,0,0,0,0,0,0,0,0,0,0,0,0,0,0,0,0,0,0,0,0,0,0,0,0,0,0,0,0,0,0,0,0,0,0,0,0,0,0,0,0,0,0,0,0,1,1,0,0,0,0,0,0,0,0,0,0,0,0,1,0,0,0,0,0,0,0,0,0,0,1,0,0,0,0,0,0,0,0,0,0,0,0,0,0,0,0,0,0,0,0,0,0,0,1,0,0,0,0,0,0,0,0,0,0,0,0,0,0,0,0,0,0,0,0,0,0,0,0,0,0,0,0,0,0,0,0,0,0,0,0,0,6,975.5197222222222,4,0.0,0.0,0.0,0.0,0.0,0.0,0.0,0.0,0.0,0.0,0.0,0.0,0.0,0.0,0.0,0.0,0.6677666343570988,0.0,0.0,0.0,0.0,0.0,0.7443706885949989,91,87,62,4,3,1
56019,3,0,1,3,1,0,0,37595.0,0,0,0,0,0,1378210.550513,,0,1,0,False,10,288,0,1,0,0,0,0,0,0,0,0,0,0,0,0,0,0,0,0,0,0,0,0,0,0,0,0,0,0,0,0,0,0,0,0,0,0,0,0,0,0,0,0,0,0,0,0,0,0,0,0,0,0,0,0,0,0,0,0,0,0,0,0,0,0,0,0,0,1,0,0,0,0,0,0,0,0,0,0,0,0,0,0,1,0,0,0,0,0,0,0,0,0,0,0,0,0,0,0,0,0,0,0,0,0,0,0,0,0,0,0,0,0,0,0,0,0,1,0,0,0,0,0,0,0,0,0,0,0,0,0,0,0,0,0,0,0,0,0,0,0,0,0,0,0,0,0,0,0,0,0,0,0,0,4,320.7238888888889,4,0.11727098962405157,0.12448175974457484,0.0,0.09750923398088852,0.0,0.0,0.8380588269630403,0.0,0.12429834094183949,0.10439837311417831,0.0,0.0,0.0,0.12725954395082056,0.12855055690359415,0.2147830131261961,0.11037108049939066,0.11194911536767141,0.12003457281463875,0.10975718446138139,0.09605809459186102,0.30545638792899776,0.0,71,85,41,9,2,1
56058,4,0,1,150,11,1,1,5.0,0,0,0,0,0,1384778.023969,,0,1,0,False,10,101,0,0,0,0,0,0,0,0,0,0,0,0,0,0,0,0,0,0,0,0,0,0,0,0,0,0,0,0,0,0,0,0,0,0,0,0,0,0,0,0,0,0,0,0,0,0,0,0,0,0,0,0,0,0,0,0,0,0,0,0,0,0,0,0,0,0,1,1,0,0,0,1,0,0,0,0,0,0,0,0,0,0,0,0,0,1,1,0,0,0,0,0,0,0,0,0,0,0,0,0,0,0,0,0,0,0,0,0,0,0,0,0,0,0,0,0,1,0,0,0,0,0,0,0,0,0,0,0,0,0,0,0,0,0,0,0,0,0,0,0,0,0,0,0,0,0,0,0,0,0,0,0,0,6,292.12416666666667,4,0.0,0.0,0.0,0.0,0.0,0.0,0.0,0.0,0.0,0.0,0.0,0.0,0.0,0.0,0.0,0.0,0.3249661281811635,0.0,0.8835459931840671,0.0,0.0,0.3372587930111295,0.0,77,86,42,29,3,1
56055,9,0,3,354,12,0,0,75471.0,0,0,0,0,0,1385019.64256,,0,3,0,False,10,11,0,0,0,0,0,0,0,0,0,0,0,0,0,0,0,0,0,0,0,0,0,0,0,0,0,0,0,0,0,0,0,0,0,0,0,0,0,0,0,0,0,0,0,0,0,0,0,0,0,0,0,0,0,0,0,0,0,0,0,0,0,0,0,0,0,0,1,1,0,0,0,0,0,1,0,0,0,0,0,0,0,0,0,0,0,1,0,0,0,0,0,0,0,0,0,0,0,0,0,0,0,0,0,0,0,0,0,0,0,0,0,0,0,0,0,0,1,0,0,0,0,0,0,0,0,0,0,0,0,0,0,0,0,0,0,0,0,0,0,0,0,0,0,0,0,0,0,0,0,0,0,0,0,5,293.9791666666667,4,0.0,0.0,0.0,0.0,0.0,0.0,0.0,0.0,0.0,0.0,0.0,0.0,0.0,0.0,0.0,0.0,1.0,0.0,0.0,0.0,0.0,0.0,0.0,78,84,42,28,3,1
56074,9,0,2,655,17,2,2,5.0,0,0,0,0,0,1385340.780867,,1,2,0,False,10,266,0,0,0,0,0,0,0,0,0,0,0,0,0,0,0,0,0,0,0,0,0,0,0,0,0,0,0,0,0,0,0,0,0,0,0,0,0,0,0,0,0,0,0,0,0,0,0,0,0,0,0,0,0,0,0,0,0,0,0,0,0,0,0,0,0,0,0,1,0,0,0,0,0,1,0,0,0,0,0,0,0,0,0,0,0,0,0,0,0,0,0,0,0,0,0,0,0,0,0,0,0,0,0,0,0,0,0,0,0,0,0,0,0,0,0,0,1,0,0,0,0,0,0,0,0,0,0,0,0,0,0,0,0,0,0,0,0,0,0,0,0,0,0,0,0,0,0,0,0,0,0,0,0,3,270.02972222222223,4,0.11518513647438423,0.12226765145170766,0.0,0.09577487543686398,0.0,0.0,0.8231526029307256,0.0,0.12208749504735932,0.1025414801513198,0.0,0.0,0.0,0.12499602829851804,0.12626407850967553,0.2109627518163825,0.21681590666034903,0.10995792031047341,0.11789956489343811,0.10780497642048976,0.09434954689564218,0.30002335482430365,0.0,83,83,47,3,4,1
56119,17,4,116,62252,1109,3,2,8.0,2,0,0,0,0,1406053.062087,,0,116,0,False,10,1732,0,0,0,0,0,0,0,0,0,0,0,0,0,0,0,0,0,0,0,0,0,0,0,0,0,0,0,0,0,0,0,0,0,0,0,0,0,0,0,0,0,0,0,0,0,0,0,0,0,0,0,0,0,0,0,0,0,0,0,0,0,0,0,0,0,0,0,0,0,0,0,0,0,0,0,0,0,0,0,0,0,0,0,0,0,0,0,0,0,0,0,0,0,0,1,0,0,0,0,0,1,0,0,0,0,0,0,0,0,0,0,0,0,0,0,0,0,0,0,0,0,0,0,0,0,0,0,0,0,0,0,0,0,0,0,0,0,0,0,0,0,0,0,0,0,0,0,0,0,0,0,0,0,2,172.61388888888888,4,0.7336940920334054,0.0,0.0,0.04357547610747596,0.0,0.0,0.026751175174522336,0.026794009842800476,0.05554714322719031,0.3032518673279818,0.0,0.0,0.0,0.05687046231912915,0.0,0.0,0.0,0.0,0.0,0.0,0.5580507758505225,0.017063009048820882,0.21992582502388844,88,82,52,36,1,1
56110,7,6,4,42,2,4,3,4764.0,0,0,0,0,0,1411356.151386,,0,4,0,False,10,412,0,0,0,0,0,0,0,0,0,0,0,0,0,0,0,0,0,0,0,0,0,0,0,0,0,0,0,0,0,0,0,0,0,0,0,0,0,0,0,0,0,0,0,0,0,0,0,0,0,0,0,0,0,0,0,0,0,0,0,0,0,0,0,0,0,0,1,1,0,0,0,0,0,0,0,0,0,0,0,0,1,0,0,0,0,1,1,0,0,0,0,0,1,0,0,0,0,0,0,0,0,0,0,0,0,0,0,0,0,0,0,0,0,0,0,0,0,0,0,0,0,0,0,0,0,0,0,0,0,0,0,0,0,0,0,0,0,0,0,0,0,0,0,0,0,0,0,0,0,0,0,0,0,6,192.01888888888888,4,0.1765165614755568,0.18737022913322623,0.0,0.146771121737783,0.0,0.0,0.6307240304016959,0.0,0.09354707336617385,0.23571100454810384,0.0,0.07610288457317009,0.0,0.09577567813301387,0.09674729595586398,0.16164594100355337,0.16613080249898918,0.08425303209379133,0.09033815660357415,0.08260338239009785,0.07229343170722057,0.5172453595059984,0.27778319585869343,89,82,55,7,0,1
55282,30,27,1,446,10,9,9,5.0,0,1,0,0,0,1408181.443976,,0,1,0,False,10,10,0,0,0,0,0,0,0,0,0,0,0,0,0,0,1,0,0,0,0,0,0,0,0,0,0,0,0,0,0,0,0,0,0,0,0,0,0,0,0,0,0,0,0,0,0,0,0,0,0,0,0,0,0,0,0,0,0,0,0,0,0,0,0,0,0,0,1,1,0,0,1,0,1,0,0,0,0,0,0,0,0,0,0,0,0,0,0,0,0,0,0,0,0,1,0,0,0,0,0,0,0,0,0,0,0,0,0,0,0,0,0,0,0,0,0,0,1,1,0,0,0,0,0,0,0,0,0,0,0,0,0,0,0,0,0,0,0,0,0,0,0,0,0,0,0,0,0,0,0,0,0,0,0,8,457.985,4,0.0,0.0,0.0,0.0,0.0,0.0,0.0,0.0,0.0,0.48976352379858784,0.0,0.0,0.0,0.0,0.6030685331323873,0.0,0.5177832536884417,0.0,0.0,0.0,0.0,0.3582464756306079,0.0,94,92,66,4,5,0
55996,8,10,11,17,3,5,3,12.0,0,0,0,0,0,1495619.12571,,0,11,0,False,10,55,0,0,0,0,0,0,0,0,0,0,0,0,0,0,0,0,0,0,0,0,0,0,0,0,0,0,0,0,0,0,0,0,0,0,0,0,0,0,0,0,0,0,0,0,0,0,0,0,0,0,0,0,0,0,0,0,0,0,0,0,0,0,0,0,0,0,1,1,1,1,0,0,0,0,0,0,0,0,0,0,1,0,0,0,0,0,0,0,0,0,0,0,0,0,0,0,0,0,0,0,0,0,0,0,0,0,0,0,0,0,0,0,0,0,0,0,0,0,0,0,0,0,0,0,0,0,0,0,0,1,0,0,0,0,1,0,0,0,0,0,0,0,0,0,0,0,0,0,0,0,0,0,0,7,280.5386111111111,4,0.5417196754740473,0.0,0.0,0.0,0.0,0.0,0.0,0.0,0.0,0.482256123059374,0.0,0.0,0.5912129054028143,0.0,0.0,0.0,0.0,0.0,0.0,0.0,0.0,0.352755050227772,0.0,62,81,37,0,1,1
56099,1,0,1,127,2,1,1,662406.0,0,0,0,0,0,1511892.218029,,0,1,0,False,10,1879,0,0,1,0,0,0,0,0,0,0,0,0,0,1,0,0,0,0,1,0,0,0,0,0,0,0,0,0,0,0,0,0,0,0,0,0,0,0,0,0,0,0,0,0,0,0,0,0,0,0,0,0,0,0,0,0,0,0,0,0,0,0,0,0,0,0,1,0,0,0,0,0,0,0,0,0,0,0,0,0,0,0,0,0,0,0,0,0,0,0,0,1,0,0,0,0,0,0,0,0,0,0,0,0,0,0,0,0,0,0,0,0,0,0,0,0,0,0,0,0,0,0,0,0,0,0,0,0,0,0,0,0,0,0,0,0,0,0,0,0,0,0,0,0,0,0,0,0,0,0,0,0,0,5,184.0013888888889,4,0.7569364935976636,0.14800930402847373,0.0,0.033125389816088285,0.0,0.13341255838054,0.0,0.06110515134176117,0.04222606238500942,0.5319860485598302,0.0,0.0,0.0,0.021616014345958143,0.0,0.0,0.20622116533855306,0.0,0.0,0.01864310369370844,0.0,0.18159442588693317,0.14628612624337703,85,80,52,19,6,0
56098,7,23,1,432,3,3,2,7035.0,0,0,0,0,0,1553439.438837,,0,1,0,False,10,34,0,0,0,0,0,0,0,0,0,0,0,0,0,0,0,0,0,0,0,0,0,0,0,0,0,0,0,0,0,0,0,0,0,0,0,0,0,0,0,0,0,0,0,0,0,0,0,0,0,0,0,0,0,0,0,0,0,0,0,0,0,0,0,0,0,0,1,1,0,0,0,0,0,0,0,0,0,0,0,0,0,0,0,0,0,0,0,0,0,0,1,0,0,0,0,0,0,0,0,0,0,0,0,0,0,0,0,0,0,0,0,0,0,0,0,0,0,0,0,0,0,0,0,0,0,0,0,0,0,0,0,0,0,0,0,0,0,0,0,0,0,0,0,0,0,0,0,0,0,0,0,0,0,3,176.4713888888889,4,0.0,0.0,0.0,0.0,0.0,0.0,0.0,0.0,0.0,0.48976352379858784,0.0,0.0,0.0,0.0,0.6030685331323873,0.0,0.5177832536884417,0.0,0.0,0.0,0.0,0.3582464756306079,0.0,86,83,52,3,6,0
54896,29,2,2,21,3,3,2,4.0,0,0,0,0,0,1590359.723759,,0,2,0,False,10,52,0,1,0,0,0,0,0,0,0,0,0,0,0,0,0,0,0,0,1,1,0,0,0,0,0,0,0,0,0,0,0,0,0,0,0,0,0,0,0,0,0,0,0,0,0,0,0,0,0,0,0,0,0,0,0,0,0,0,0,0,0,0,0,0,0,0,1,1,0,0,0,0,0,0,0,0,0,0,0,0,0,0,1,0,0,0,0,0,0,0,0,1,0,0,0,0,0,0,0,0,0,0,0,1,0,0,0,0,0,0,0,0,0,0,0,0,0,0,0,0,0,0,0,0,0,0,0,0,0,0,0,0,0,0,0,0,0,0,0,0,0,0,0,0,0,0,0,0,0,0,0,0,0,8,2079.6016666666665,4,0.45837262034554305,0.0,0.0,0.0,0.0,0.0,0.0,0.0,0.0,0.0,0.0,0.0,0.0,0.49741449962790135,0.0,0.0,0.43140321012946103,0.0,0.0,0.0,0.0,0.5969628353318833,0.0,32,82,48,0,3,1
55816,13,0,1,40,3,2,2,31.0,0,0,0,0,0,1683069.010521,,0,1,0,False,10,343,0,0,0,0,0,0,0,0,0,0,0,0,0,0,0,0,0,0,0,0,0,0,0,0,0,0,0,0,0,0,0,0,0,0,0,0,0,0,0,0,0,0,0,0,0,0,0,0,0,0,0,0,0,0,0,0,0,0,0,0,0,0,0,0,0,0,1,1,0,0,0,0,0,0,0,0,0,0,0,0,0,0,0,0,0,0,0,0,0,0,0,0,0,0,0,0,0,0,0,0,0,0,0,0,0,0,0,0,0,0,0,0,0,0,0,0,0,0,0,0,0,0,0,0,0,0,0,0,0,0,0,0,0,0,0,0,0,0,0,0,0,0,0,0,0,0,0,0,0,0,0,0,0,2,621.2302777777778,4,0.10418614937947832,0.1105923575587247,0.0,0.2598881014813518,0.0,0.0,0.7445500580721124,0.0,0.110429404224383,0.09274983123377271,0.0,0.0,0.0,0.11306020268550034,0.11420716723981775,0.19081799481251113,0.09805611700684018,0.09945807819979838,0.10664137800882792,0.09751071814455935,0.34136057090808847,0.3392177912426291,0.0,85,85,44,0,0,1
56054,4,5,7,142,2,3,2,6.0,0,0,0,0,0,1751721.383003,,0,7,0,False,10,309,0,0,0,0,0,0,0,0,0,0,0,0,0,0,0,0,0,0,1,0,0,0,0,0,0,0,0,0,0,0,0,0,0,0,0,0,0,0,0,0,0,0,0,0,0,0,0,0,0,0,0,0,0,0,0,0,0,0,0,0,0,0,0,0,0,0,0,0,0,0,0,0,0,0,0,0,0,0,0,1,1,0,0,0,0,0,0,0,0,0,0,1,0,0,0,0,0,0,0,0,0,0,0,0,0,0,0,0,0,0,0,0,0,0,0,0,0,0,0,0,0,0,0,0,0,0,0,0,0,0,0,0,0,0,0,0,0,0,0,0,0,0,0,0,0,0,0,0,0,0,0,0,0,4,173.4963888888889,4,0.10937589886896974,0.11610121487421635,0.0,0.09094457332435618,0.0,0.0,0.7816377929274104,0.0,0.11593014446300072,0.09736991165869241,0.0,0.0,0.0,0.11869198898975977,0.11989608646189481,0.20032307391431223,0.20588103123305426,0.10441231169088536,0.11195342803060354,0.10236794919422082,0.08959112968439138,0.35611500233463056,0.22949904517937209,77,80,41,61,3,1
56052,6,0,1,2,1,1,1,6289.0,0,0,0,0,0,1783781.416695,,0,1,0,False,10,273,0,0,0,0,0,0,0,0,0,0,0,0,0,0,0,0,0,0,0,0,0,0,0,0,0,0,0,0,0,0,0,0,0,0,0,0,0,0,0,0,0,0,0,0,0,0,0,0,0,0,0,0,0,0,0,0,0,0,0,0,0,0,0,0,0,1,0,1,0,0,0,0,0,0,0,0,0,0,0,0,0,0,0,0,0,0,0,0,0,0,0,0,0,0,0,0,0,0,0,0,0,0,0,0,0,0,0,0,0,0,0,0,0,0,0,0,0,0,0,0,0,0,0,0,0,0,0,0,0,0,0,0,0,0,0,0,0,0,0,0,0,0,0,0,0,0,0,0,0,0,0,0,0,2,188.37583333333333,4,0.11421185436195463,0.12123452407321826,0.0,0.09496560458876631,0.0,0.0,0.8161971941969737,0.0,0.12105588993998197,0.10167503339032187,0.0,0.0984819950800951,0.12464661208712033,0.123939846900541,0.12519718244289693,0.2091801757044249,0.10749193651541103,0.10902880670924116,0.11690334662182514,0.10689405459157574,0.18710463934828794,0.2974882415840068,0.0,77,82,42,10,3,1
56025,4,0,1,223,2,1,1,6349.0,0,0,0,0,0,1844573.786839,,0,1,0,False,10,257,0,0,0,0,0,0,0,0,0,0,0,0,0,0,0,0,0,0,0,0,0,0,0,0,0,0,0,0,0,0,0,0,0,0,0,0,0,0,0,0,0,0,0,0,0,0,0,0,0,0,0,0,0,0,0,0,0,0,0,0,0,0,0,0,0,0,1,1,1,1,0,0,0,0,0,0,0,0,0,0,0,0,0,0,0,0,0,0,0,0,0,0,0,0,0,0,0,0,0,0,0,0,0,0,0,0,0,0,0,0,0,0,0,0,0,0,0,0,0,0,0,0,0,0,0,0,0,0,0,1,0,0,0,0,1,0,0,0,0,0,0,0,0,0,0,0,0,0,0,0,0,0,0,6,190.36277777777778,4,0.11727098962405157,0.12448175974457484,0.0,0.09750923398088852,0.0,0.0,0.8380588269630403,0.0,0.12429834094183949,0.10439837311417831,0.0,0.0,0.0,0.12725954395082056,0.12855055690359415,0.2147830131261961,0.11037108049939066,0.11194911536767141,0.12003457281463875,0.10975718446138139,0.09605809459186102,0.30545638792899776,0.0,71,76,38,60,2,1
56041,13,9,3,158,2,9,2,6291.0,0,0,0,0,0,1820807.967712,,0,3,0,False,10,5,0,0,0,0,0,0,0,0,0,0,0,0,0,0,0,0,0,0,0,0,0,0,0,0,0,0,0,0,0,0,0,0,0,0,0,0,0,0,0,0,0,0,0,0,0,0,0,0,0,0,0,0,0,0,0,0,0,0,0,0,0,0,0,0,0,0,1,1,0,0,0,0,0,0,0,0,0,0,0,0,1,0,0,0,0,0,1,0,0,0,0,0,0,0,0,0,0,0,0,0,0,0,0,0,0,0,0,0,0,0,0,0,0,0,0,0,0,0,0,0,0,0,0,0,0,0,0,0,0,0,0,0,0,0,0,0,0,0,0,0,0,0,0,0,0,0,0,0,0,0,0,0,0,4,192.33555555555554,4,0.0,0.0,0.0,0.0,0.0,0.0,0.0,0.0,0.0,1.0,0.0,0.0,0.0,0.0,0.0,0.0,0.0,0.0,0.0,0.0,0.0,0.0,0.0,72,79,39,25,2,1
55993,7,5,2,11,1,3,1,5.0,0,0,0,0,0,2018984.808223,,0,2,0,False,10,14,0,0,0,0,0,0,0,0,0,0,0,0,0,0,0,0,0,0,0,0,0,0,0,0,0,0,0,0,0,0,0,0,0,0,0,0,0,0,0,0,0,0,0,0,0,0,0,0,0,0,0,0,0,0,0,0,0,0,0,0,0,0,0,0,0,0,1,0,0,0,0,0,0,0,0,0,0,0,1,0,1,0,0,0,0,0,0,0,0,0,0,0,0,0,0,0,0,0,0,0,0,0,0,0,0,0,0,0,0,0,0,0,0,0,0,0,0,0,0,0,0,0,0,0,0,0,0,0,0,0,0,0,0,0,0,0,0,0,0,0,0,0,0,0,0,0,0,0,0,0,0,0,0,3,189.77944444444444,4,0.0,0.0,0.0,0.0,0.0,0.0,0.0,0.0,0.0,0.0,0.0,0.0,0.0,0.0,0.0,0.0,0.0,0.0,0.0,0.0,0.0,0.0,0.0,63,78,40,24,0,1
55545,5,4,1,58,2,5,3,5073.0,0,0,0,0,0,2268034.001077,,0,1,0,False,10,238,0,0,0,0,0,0,0,0,0,0,0,0,0,0,0,0,0,0,0,0,0,0,0,0,0,0,0,0,0,0,0,0,0,0,0,0,0,0,0,0,0,0,0,0,0,0,0,0,0,0,0,0,0,0,0,0,0,0,0,0,0,0,0,0,0,0,0,0,0,0,0,0,1,0,1,0,0,0,1,0,0,0,0,0,0,0,0,0,0,0,0,0,0,0,0,0,0,0,0,0,0,0,0,0,0,0,0,0,0,0,0,0,0,0,0,0,0,0,0,0,0,0,0,1,1,0,0,0,0,0,0,0,0,0,0,0,0,0,0,0,0,0,0,0,0,0,0,0,0,0,0,0,0,5,771.6275,4,0.0,0.0,0.0,0.0,0.0,0.0,0.9009302114493317,0.0,0.0,0.0,0.0,0.12682348436055957,0.0,0.15960768485911678,0.0,0.0,0.0,0.0,0.0,0.0,0.0,0.38310043702196717,0.0,79,68,52,1,5,0
55718,7,4,1,61,3,4,3,1455.0,0,0,0,0,0,2337454.384089,,1,1,0,False,10,15,0,0,0,0,0,0,0,0,0,0,0,0,0,0,0,0,0,0,0,0,0,0,0,0,0,0,0,0,0,0,0,0,0,0,0,0,0,0,0,0,0,0,0,0,0,0,0,0,0,0,0,0,0,0,0,0,0,0,0,0,0,0,0,0,0,0,0,1,0,0,0,0,0,0,1,0,0,0,0,0,0,0,0,0,0,0,0,0,0,0,0,0,0,0,0,0,0,0,0,0,0,0,1,0,0,0,0,0,0,0,0,0,0,0,0,0,0,0,0,0,0,0,0,0,1,0,0,0,0,0,0,0,0,0,0,0,0,0,0,0,0,0,0,0,0,0,0,0,0,0,0,0,0,4,604.9988888888889,4,0.0,0.0,0.0,0.0,0.0,0.0,0.0,0.0,0.6987346944161857,0.0,0.0,0.0,0.0,0.7153808963196596,0.0,0.0,0.0,0.0,0.0,0.0,0.0,0.0,0.0,87,82,50,9,0,1
55543,8,0,1,17,1,4,4,5.0,0,0,0,0,0,2354835.770019,,0,1,0,False,10,257,0,0,0,0,0,0,0,0,0,0,0,0,0,0,1,0,0,0,0,0,0,0,0,0,0,0,0,0,0,0,0,0,0,0,0,0,0,0,0,0,0,0,0,0,0,0,0,0,0,0,0,0,0,0,0,0,0,0,0,0,0,0,0,0,0,0,1,1,0,0,0,1,0,0,0,0,0,0,0,0,0,0,0,0,0,0,0,0,0,0,0,0,0,1,0,0,0,0,0,0,0,0,0,0,0,0,0,0,0,0,0,0,0,0,0,0,1,0,0,0,0,0,0,0,0,0,0,0,0,0,0,0,0,0,0,0,0,0,0,0,0,0,0,0,0,0,0,0,0,0,0,0,0,6,184.18472222222223,4,0.11539955113793579,0.12249525006513716,0.0,0.09595315831538499,0.0,0.0,0.8246848838639363,0.0,0.12231475830350222,0.20546471783906642,0.0,0.0,0.0,0.12522870572698877,0.12649911638644462,0.21135545445872975,0.10860975241251333,0.11016260462313594,0.11811903240733149,0.1080056530742308,0.09452517655562327,0.3005818418709077,0.0,77,85,51,38,4,1
55412,30,30,29,667,17,5,1,5.0,0,0,0,0,0,2355069.451931,,1,29,0,False,10,14,0,0,0,0,0,0,0,0,0,0,0,0,0,0,1,0,0,0,0,0,0,0,0,0,0,0,0,0,0,0,0,0,0,0,0,0,0,0,0,0,0,0,0,0,0,0,0,0,0,0,0,0,0,0,0,0,0,0,0,0,0,0,0,0,0,0,0,1,0,0,0,1,1,0,0,0,0,0,0,0,1,0,0,0,1,0,0,0,0,0,0,0,0,0,0,0,0,0,0,0,0,0,0,0,0,0,0,0,0,0,0,0,0,0,0,0,1,1,0,0,0,0,0,0,0,0,0,0,0,1,0,0,0,0,0,0,0,0,0,0,0,0,0,0,0,0,0,0,0,0,0,0,0,9,215.76805555555555,4,0.0,0.0,0.0,0.0,0.0,1.0,0.0,0.0,0.0,0.0,0.0,0.0,0.0,0.0,0.0,0.0,0.0,0.0,0.0,0.0,0.0,0.0,0.0,77,80,51,1,2,1
55570,4,0,1,1,1,2,2,1754.0,0,0,0,0,0,2512498.335522,,0,1,0,False,10,269,0,0,0,0,0,0,0,0,0,0,0,0,0,0,0,0,0,0,0,0,0,0,0,0,0,0,0,0,0,0,0,0,0,0,0,0,0,0,0,0,0,0,0,0,0,0,0,0,0,0,0,0,0,0,0,0,0,0,0,0,0,0,0,0,0,0,0,0,0,0,0,0,0,0,0,0,0,0,1,0,0,0,0,0,0,0,0,0,0,0,0,0,0,0,0,0,0,0,0,0,0,0,0,0,0,0,0,0,0,0,0,0,0,0,0,0,0,0,0,0,0,0,0,0,0,0,0,0,0,0,0,0,0,0,0,0,0,0,0,0,0,0,0,0,0,0,0,0,0,0,0,0,0,1,729.7080555555556,4,0.11639337525723965,0.12355018253943578,0.0,0.09677950956300145,0.0,0.0,0.8317870928441918,0.0,0.12336813637776825,0.10361709282985127,0.0,0.0,0.0,0.1263071787968877,0.12758853026800476,0.21317565346571243,0.10954510259780269,0.11111132801452024,0.11913627677438217,0.10893580073934638,0.0953392299849139,0.30317046098883677,0.12211176668244586,84,75,57,0,0,1
55474,10,0,1,47,3,2,2,5663.0,0,0,0,0,0,2532366.142334,,0,1,0,False,10,48,0,0,0,0,0,0,0,0,0,0,0,0,0,0,1,0,0,0,0,0,0,0,0,0,0,0,0,0,0,0,0,0,0,0,0,0,0,0,0,0,0,0,0,0,0,0,0,0,0,0,0,0,0,0,0,0,0,0,0,0,0,0,0,0,0,0,1,1,0,0,0,0,0,0,0,0,0,0,0,0,0,0,0,0,0,0,0,0,0,0,1,0,0,0,0,0,0,0,1,0,0,0,0,0,0,0,0,0,0,0,0,0,0,0,0,0,1,0,0,0,0,0,0,0,0,0,0,0,0,0,0,0,0,0,0,0,0,0,0,0,0,0,0,0,0,0,0,0,0,0,0,0,0,6,308.1461111111111,4,0.0,0.0,0.0,0.0,0.0,0.0,0.0,0.0,0.0,0.7182956269633832,0.0,0.6957380198647192,0.0,0.0,0.0,0.0,0.0,0.0,0.0,0.0,0.0,0.0,0.0,83,84,60,2,6,0
55044,15,24,1,478,73,6,8,4316.0,0,1,0,0,0,2532890.414546,,1,1,0,False,10,31,0,0,0,0,0,0,0,0,0,0,0,0,0,0,1,0,0,0,0,0,0,0,0,0,0,0,0,0,0,0,0,0,0,0,0,0,0,0,0,0,0,0,0,0,0,0,0,0,0,0,0,0,0,0,0,0,0,0,0,0,0,0,0,0,0,0,1,1,1,1,0,0,0,1,0,0,0,0,0,0,0,0,0,0,0,0,0,0,0,0,0,0,0,0,0,0,0,0,1,0,0,0,0,0,0,0,0,0,0,0,0,0,0,0,0,0,1,0,0,0,0,0,0,0,0,0,0,0,0,1,0,0,0,0,1,0,0,0,0,0,0,0,0,0,0,0,0,0,0,0,0,0,0,10,424.1722222222222,4,0.0,0.0,0.0,0.0,0.0,0.0,0.0,0.0,0.0,0.0,0.0,0.0,0.0,0.0,0.0,0.0,0.0,0.0,0.0,0.0,0.0,1.0,0.0,38,82,46,12,5,0
54836,23,1,2,156,19,8,10,4.0,0,1,0,0,0,2534524.167766,,3,2,0,False,10,7,0,0,0,0,0,0,0,0,0,0,0,0,0,0,1,0,0,0,0,0,0,0,0,0,0,0,0,0,0,0,0,0,0,0,0,0,0,0,0,0,0,0,0,0,0,0,0,0,0,0,0,0,0,0,0,0,0,0,0,0,0,0,0,0,0,0,1,1,1,1,0,0,0,1,0,0,0,1,0,0,1,0,0,0,0,0,0,0,0,0,0,0,0,0,0,0,0,0,1,0,0,0,0,0,0,0,0,0,0,0,0,0,0,0,0,0,1,0,0,0,0,0,0,0,0,0,0,1,0,1,0,0,0,0,1,0,0,0,0,0,0,0,0,0,0,0,0,0,0,0,0,0,0,13,998.9419444444444,4,0.0,0.0,0.0,0.0,0.0,0.0,0.0,0.0,0.0,0.0,0.0,0.0,0.0,0.0,0.0,0.0,0.0,0.0,0.0,0.0,0.0,0.0,1.0,27,90,39,1,5,0
54545,30,8,14,109,3,7,3,5.0,0,0,0,0,0,2534891.107944,,0,14,0,False,10,563,0,0,0,0,0,0,0,0,0,0,0,0,0,0,1,0,0,0,0,0,0,0,0,0,0,0,0,0,0,0,0,0,0,0,0,0,0,0,0,0,0,0,0,0,0,0,0,0,0,0,0,0,0,0,0,0,0,0,0,0,0,0,0,0,0,0,0,1,0,0,0,0,0,0,0,0,0,1,0,0,1,0,0,0,0,0,0,0,0,0,0,0,0,0,0,0,0,0,1,0,0,0,0,0,0,0,0,0,0,0,0,0,0,0,0,0,1,0,1,0,0,0,0,1,0,0,0,1,0,0,0,0,0,0,0,0,0,0,0,0,0,0,0,0,0,0,0,0,0,0,0,0,0,9,1307.5052777777778,4,0.0,0.0,0.0,0.09353966460807002,0.0,0.0,0.6890929056127273,0.0,0.0,0.10014834911576043,0.1274984941106984,0.0,0.0,0.24415769816566932,0.0,0.0,0.0,0.0,0.0,0.0,0.1842952012683029,0.219766017889683,0.5901194246463508,17,91,23,0,5,0
55476,13,12,2,197,3,4,1,5.0,0,0,0,0,0,2534940.931022,,0,2,0,False,10,264,0,0,0,0,0,0,0,0,0,0,0,0,0,0,1,0,0,0,0,0,0,0,0,0,0,0,0,0,0,0,0,0,0,0,0,0,0,0,0,0,0,0,0,0,0,0,0,0,0,0,0,0,0,0,0,0,0,0,0,0,0,0,0,0,0,0,1,1,0,0,0,0,0,0,0,0,0,1,0,0,0,0,0,0,0,1,0,0,0,0,0,0,0,0,0,0,0,0,1,0,0,0,0,0,0,0,0,0,0,0,0,0,0,0,0,0,1,0,1,0,0,0,0,0,0,0,0,1,0,0,0,0,0,0,0,0,0,0,0,0,0,0,0,0,0,0,0,0,0,0,0,0,0,9,265.53027777777777,4,0.11727098962405157,0.12448175974457484,0.0,0.09750923398088852,0.0,0.0,0.8380588269630403,0.0,0.12429834094183949,0.10439837311417831,0.0,0.0,0.0,0.12725954395082056,0.12855055690359415,0.2147830131261961,0.11037108049939066,0.11194911536767141,0.12003457281463875,0.10975718446138139,0.09605809459186102,0.30545638792899776,0.0,84,77,61,35,6,0
55489,16,17,2,154,3,6,3,175.0,0,1,0,0,0,2536263.776813,,0,2,0,False,10,41,0,0,0,0,0,0,0,0,0,0,0,1,0,0,1,0,0,0,0,0,0,0,0,0,0,0,0,0,0,0,0,0,0,0,0,0,0,0,0,0,0,0,0,0,0,0,0,0,0,0,0,0,0,0,0,0,0,0,0,0,0,0,0,0,0,0,1,0,0,0,0,0,0,0,0,0,0,0,0,0,0,1,0,0,0,0,0,0,0,0,0,0,0,0,0,0,1,0,1,0,0,0,0,0,0,0,0,0,0,0,0,0,0,0,0,0,1,0,0,0,0,0,0,0,0,0,0,0,0,0,0,0,0,0,0,0,0,0,0,0,0,0,0,0,0,0,0,0,0,0,0,0,0,7,347.6066666666667,4,0.0,0.0,0.0,0.0,0.0,0.0,0.0,0.0,0.0,0.0,0.0,0.0,0.0,0.0,0.0,0.0,0.0,0.0,0.0,0.0,0.6154011556996073,0.0,0.7882140683618808,79,79,46,13,1,1
55406,8,8,2,50,2,5,4,270653.0,0,0,0,0,0,2541244.332667,,0,2,0,False,10,13,0,0,0,0,0,0,0,0,0,0,0,0,0,0,1,0,0,0,0,0,0,0,0,0,0,0,0,0,0,0,0,0,0,0,0,0,0,0,0,0,0,0,0,0,0,0,0,0,0,0,0,0,0,0,0,0,0,0,0,0,0,0,0,0,0,1,1,1,0,0,0,0,0,0,0,0,0,0,0,0,0,0,0,0,0,0,0,0,0,0,0,0,0,0,0,0,0,0,1,0,0,0,0,0,0,0,0,0,0,0,0,0,0,0,0,0,1,0,0,0,0,0,0,0,0,0,0,0,0,0,0,0,0,0,0,0,0,0,0,0,0,0,0,0,0,0,0,0,0,0,0,0,0,6,487.19638888888886,4,0.0,0.0,0.0,0.0,0.0,0.0,0.0,0.0,0.0,0.841202349002843,0.0,0.0,0.0,0.0,0.0,0.0,0.44466407573481687,0.0,0.0,0.0,0.0,0.3076564118997035,0.0,75,84,47,5,2,1
54862,23,30,1,1155,8,5,4,6320.0,0,1,0,0,0,2548794.516234,,0,1,0,False,10,354,0,0,0,0,0,0,0,0,0,0,0,0,0,0,1,0,0,0,0,0,0,0,0,0,0,0,0,0,0,0,0,0,0,0,0,0,0,0,0,0,0,0,0,0,0,0,0,0,0,0,0,0,0,0,0,0,0,0,0,0,0,0,0,0,0,0,1,1,0,0,0,0,1,0,0,0,0,1,0,0,0,0,0,0,1,0,0,0,0,0,1,0,0,0,0,0,0,0,1,0,0,0,0,0,0,1,0,0,0,0,0,0,0,0,0,0,1,0,0,0,0,0,0,0,0,0,0,1,0,1,0,0,0,0,0,0,0,0,0,0,0,0,0,0,0,0,0,0,0,0,0,0,0,12,914.5697222222223,4,0.0,0.0,0.0,0.21033469923607723,0.0,0.0,0.0,0.0,0.0,0.11259754339784002,0.14334751746326488,0.10906149076310398,0.0,0.13725416972849186,0.8318794524090055,0.0,0.11903933131989447,0.0,0.0,0.0,0.0,0.1647230597088289,0.39808542894534377,28,93,41,1,0,1
55549,3,2,1,9,1,3,2,626290.0,0,0,0,0,0,2560306.290905,,0,1,0,False,10,257,0,0,0,0,0,0,0,0,0,0,0,0,0,0,1,0,0,0,0,0,0,0,0,0,0,0,0,0,0,0,0,0,0,0,0,0,0,0,0,0,0,0,0,0,0,0,0,0,0,0,0,0,0,0,0,0,0,0,0,0,0,0,0,0,0,0,1,0,0,0,0,0,0,0,0,0,0,0,0,0,0,0,0,0,0,0,0,0,0,0,0,0,0,1,0,0,0,0,0,0,0,0,0,0,0,0,0,0,0,0,0,0,0,0,0,0,1,0,0,0,0,0,0,0,0,0,0,0,0,0,0,0,0,0,0,0,0,0,0,0,0,0,0,0,0,0,0,0,0,0,0,0,0,4,175.3438888888889,4,0.11727098962405157,0.12448175974457484,0.0,0.09750923398088852,0.0,0.0,0.8380588269630403,0.0,0.12429834094183949,0.10439837311417831,0.0,0.0,0.0,0.12725954395082056,0.12855055690359415,0.2147830131261961,0.11037108049939066,0.11194911536767141,0.12003457281463875,0.10975718446138139,0.09605809459186102,0.30545638792899776,0.0,82,90,54,41,5,0
55318,4,0,2,38,2,1,1,6734.0,0,0,0,0,0,2564635.400074,,0,2,0,False,10,308,0,0,0,0,0,0,0,0,0,0,0,0,0,0,1,0,0,0,1,0,0,0,0,0,0,0,0,0,0,0,0,0,0,0,0,0,0,0,0,0,0,0,0,0,0,0,0,0,0,0,0,0,0,0,0,0,0,0,0,0,0,0,0,0,0,0,1,1,0,0,0,0,0,0,0,0,0,0,0,0,0,0,0,0,0,0,0,0,0,0,0,1,0,0,0,0,0,0,1,0,0,0,0,0,0,0,0,0,0,0,0,0,0,0,0,0,1,0,0,0,0,0,0,0,0,0,1,0,0,1,0,0,0,0,0,0,0,0,0,0,0,0,0,0,0,0,0,0,0,0,0,0,0,9,216.85111111111112,4,0.10265816465256479,0.10897041995694617,0.2273321814697572,0.2560766058829908,0.0,0.0,0.733630553666464,0.0,0.10880985648159779,0.18277914104712473,0.0,0.0,0.0,0.22280414377665061,0.11253221516331004,0.1880194752066871,0.09661803478517005,0.09799943494095273,0.10507738511893812,0.09608063469371053,0.1681771036884036,0.33424285352582955,0.0,94,93,70,22,1,1
54460,29,30,5,75,1,4,0,5.0,0,0,0,0,0,2622433.365359,,6,5,0,False,10,15,0,0,0,0,0,0,0,0,0,0,0,0,0,0,0,0,0,0,0,0,0,0,0,0,0,0,0,0,0,0,0,0,0,0,0,0,0,0,0,0,0,0,0,0,0,0,0,0,0,0,0,0,0,0,0,0,0,0,0,0,0,0,0,0,0,0,0,0,0,0,0,0,0,0,0,0,0,0,0,1,1,0,0,0,0,0,0,0,0,0,0,0,0,0,0,0,0,0,0,0,0,0,0,0,0,0,0,0,0,0,0,0,0,0,0,0,0,0,0,0,0,0,0,0,0,0,0,0,0,0,0,0,0,0,0,0,0,0,0,0,0,0,0,0,0,0,0,0,0,0,0,0,0,2,2358.1375,4,0.0,0.0,0.0,0.0,0.0,0.0,0.0,0.0,0.0,0.0,0.0,0.0,0.0,0.0,0.0,0.0,0.0,0.0,0.0,0.0,0.0,0.0,0.0,14,71,17,0,1,1
55892,6,3,5,14,1,5,3,1679.0,0,0,0,0,0,2676224.870473,,0,5,0,False,10,260,0,0,0,0,0,0,0,0,0,0,0,0,0,0,0,0,0,0,0,0,0,0,0,0,0,0,0,0,0,0,0,0,0,0,0,0,0,0,0,0,0,0,0,0,0,0,0,0,0,0,0,0,0,0,0,0,0,0,0,0,0,0,0,0,0,0,0,0,0,0,0,0,0,0,0,0,0,0,1,0,0,0,0,0,1,0,0,0,0,0,0,0,0,0,0,0,0,0,0,0,0,0,0,0,0,0,0,0,0,0,0,0,0,0,0,0,0,0,0,0,0,0,0,0,1,0,0,0,0,1,0,0,0,0,0,0,0,0,0,0,0,0,0,0,0,0,0,0,0,0,0,0,0,4,205.585,4,0.11727098962405157,0.12448175974457484,0.0,0.09750923398088852,0.0,0.0,0.8380588269630403,0.0,0.12429834094183949,0.10439837311417831,0.0,0.0,0.0,0.12725954395082056,0.12855055690359415,0.2147830131261961,0.11037108049939066,0.11194911536767141,0.12003457281463875,0.10975718446138139,0.09605809459186102,0.30545638792899776,0.0,69,64,43,4,6,0
54553,12,0,2,14,2,2,2,704.0,0,0,0,0,0,2678822.656553,,0,2,0,False,10,257,0,0,0,0,0,0,0,0,0,0,0,0,0,0,1,0,0,0,0,0,0,0,0,0,0,0,0,0,0,0,0,0,0,0,0,0,0,0,0,0,0,0,0,0,0,0,0,0,0,0,0,0,0,0,0,0,0,0,0,0,0,0,0,0,0,0,1,1,0,0,0,0,0,0,0,0,1,0,0,0,1,0,0,0,0,0,0,0,0,0,0,0,0,0,0,0,0,0,0,0,0,0,0,0,0,0,0,0,0,0,0,0,0,0,0,0,0,0,0,0,0,0,0,0,0,0,1,0,0,1,0,0,0,0,0,0,0,0,0,0,0,0,0,0,0,0,0,0,0,0,0,0,0,7,290.3302777777778,4,0.11539955113793579,0.12249525006513716,0.0,0.09595315831538499,0.0,0.0,0.8246848838639363,0.0,0.12231475830350222,0.20546471783906642,0.0,0.0,0.0,0.12522870572698877,0.12649911638644462,0.21135545445872975,0.10860975241251333,0.11016260462313594,0.11811903240733149,0.1080056530742308,0.09452517655562327,0.3005818418709077,0.0,18,9,22,4,6,0
54537,18,2,2,41,2,5,4,4551.0,1,0,0,0,0,2678825.258446,,1,2,0,False,10,4,0,0,0,0,0,0,0,0,0,0,0,0,0,0,0,0,0,0,0,0,0,0,0,0,0,0,0,0,0,0,0,0,0,0,0,0,0,0,0,0,0,0,0,0,0,0,0,0,0,0,0,0,0,0,0,0,0,0,0,0,0,0,0,0,0,0,1,1,0,0,0,0,0,1,0,0,0,0,0,0,1,0,0,0,0,0,0,0,0,0,0,0,0,0,0,0,0,0,0,0,0,0,0,0,0,0,0,0,0,0,0,0,0,0,0,0,0,0,0,0,0,0,0,0,0,0,0,0,0,0,0,0,0,0,0,0,0,0,0,0,0,0,0,0,0,0,0,0,0,0,0,0,0,4,206.73777777777778,4,0.0,0.0,0.0,0.0,0.0,0.0,0.0,0.0,0.0,1.0,0.0,0.0,0.0,0.0,0.0,0.0,0.0,0.0,0.0,0.0,0.0,0.0,0.0,15,7,21,3,5,0
54263,7,0,1,11,1,5,7,76271.0,0,0,0,0,0,2678828.877617,,0,1,0,False,10,259,0,0,0,0,0,0,0,0,0,0,0,0,0,0,0,0,0,0,0,0,0,0,0,0,0,0,0,0,0,0,0,0,0,0,0,0,0,0,0,0,0,0,0,0,0,0,0,0,0,0,0,0,0,0,0,0,0,0,0,0,0,0,0,0,0,0,1,0,0,0,0,0,0,0,0,0,0,0,1,0,0,0,0,0,0,0,0,0,0,0,0,0,0,0,0,0,0,0,0,0,0,0,0,0,0,0,0,0,0,0,0,0,0,0,0,0,0,0,0,0,0,0,0,0,0,0,0,0,0,0,0,0,0,0,0,0,0,0,0,0,0,0,0,0,0,0,0,0,0,0,0,0,0,2,174.5725,4,0.11247019124571193,0.11938576940433428,0.0,0.09351743537946715,0.0,0.0,0.8037506705269475,0.0,0.11920985933580122,0.3003736481000414,0.0,0.0,0.0,0.12204983766126062,0.12328799958148166,0.20599030194999857,0.10585274816523259,0.10736618199909816,0.11512063984314602,0.1052639835865313,0.09212570222251734,0.2929517221414562,0.0,10,2,8,1,3,1
55033,10,4,1,50,2,5,2,2833.0,0,0,0,0,0,2678847.838788,,0,1,0,False,10,2,0,0,0,0,0,0,0,0,0,0,0,0,0,0,0,0,0,0,0,0,0,0,0,0,0,0,0,0,0,0,0,0,0,0,0,0,0,0,0,0,0,0,0,0,0,0,0,0,0,0,0,0,0,0,0,0,0,0,0,0,0,0,0,0,0,0,1,1,0,1,0,0,0,0,0,0,0,0,0,0,0,0,0,0,0,1,1,0,0,0,0,0,0,0,0,0,0,0,0,0,0,0,0,0,0,0,0,0,0,0,0,0,0,0,0,0,0,0,0,0,0,0,0,0,0,0,0,0,0,1,0,0,0,0,0,0,0,0,0,0,0,0,0,0,0,0,0,0,0,0,0,0,0,6,184.79611111111112,4,0.0,0.0,0.0,0.0,0.0,0.0,0.0,0.0,0.0,1.0,0.0,0.0,0.0,0.0,0.0,0.0,0.0,0.0,0.0,0.0,0.0,0.0,0.0,34,56,42,8,4,1
55786,4,1,1,8,1,3,2,1584.0,0,0,0,0,0,2719625.122801,,0,1,0,False,10,285,0,0,0,0,0,0,0,0,0,0,0,0,0,0,0,0,0,0,0,0,0,0,0,0,0,0,0,0,0,0,0,0,0,0,0,0,0,0,0,0,0,0,0,0,0,0,0,0,0,0,0,0,0,0,0,0,0,0,0,0,0,0,0,0,0,0,1,0,0,0,0,0,0,0,0,0,0,0,1,0,0,0,0,0,0,0,0,0,0,0,0,0,0,0,0,0,0,0,0,0,0,0,0,0,0,0,0,0,0,0,0,0,0,0,0,0,0,0,0,0,0,0,0,0,0,0,0,0,0,0,0,0,0,0,0,0,0,0,0,0,0,0,0,0,0,0,0,0,0,0,0,0,0,2,401.50638888888886,4,0.20610291557702615,0.10938789593984062,0.0,0.08568588652475137,0.0,0.0,0.7364411616882951,0.0,0.32768015199190675,0.18347938521973042,0.0,0.0,0.0,0.11182886375970133,0.11296333672043676,0.1887397955949743,0.29096456283735883,0.09837488004285504,0.10547994651725005,0.09644872869042749,0.08441070303757335,0.2684186956024535,0.0,93,67,44,0,4,1
55714,13,4,1,41,2,3,2,202.0,1,1,0,0,0,2740018.613541,,0,1,0,False,10,2,0,0,0,0,0,0,0,0,0,0,0,0,0,0,0,0,0,0,0,0,0,0,0,0,0,0,0,0,0,0,0,0,0,0,0,0,0,0,0,0,0,0,0,0,0,0,0,0,0,0,0,0,0,0,0,0,0,0,0,0,0,0,0,0,0,0,0,1,0,0,0,0,0,0,0,0,0,0,0,0,0,0,0,0,0,0,1,0,0,0,0,0,0,0,0,0,0,0,0,0,0,0,0,0,0,0,0,0,0,0,0,0,0,0,0,0,0,0,0,0,0,0,0,0,0,0,0,0,0,0,0,0,0,0,0,0,0,0,0,0,0,0,0,0,0,0,0,0,0,0,0,0,0,2,501.53444444444443,4,0.0,0.0,0.0,0.0,0.0,0.0,0.0,0.0,0.0,1.0,0.0,0.0,0.0,0.0,0.0,0.0,0.0,0.0,0.0,0.0,0.0,0.0,0.0,85,64,48,5,0,1
55750,6,4,1,24,1,4,3,86955.0,0,0,0,0,0,2854220.067915,,1,1,0,False,10,293,0,0,0,0,0,0,0,0,0,0,0,0,0,0,0,0,0,0,0,0,0,0,0,0,0,0,0,0,0,0,0,0,0,0,0,0,0,0,0,0,0,0,0,0,0,0,0,0,0,0,0,0,0,0,0,0,0,0,0,0,0,0,0,0,0,1,0,1,0,0,0,0,0,0,0,0,0,0,0,0,0,0,0,0,0,0,0,0,0,0,0,0,0,0,0,0,0,0,0,0,0,0,0,0,0,0,0,0,0,0,0,0,0,0,0,0,0,0,0,0,0,0,0,0,0,0,0,0,0,0,0,0,0,0,0,0,0,0,0,0,0,0,0,0,0,0,0,0,0,0,0,0,0,2,413.83194444444445,4,0.10381038974053797,0.11019349317422318,0.0,0.08631692812781797,0.0,0.0,0.7418647504505093,0.0,0.11003112755030595,0.09241531802540717,0.0,0.0,0.0,0.22530487545281763,0.22759053123549933,0.19012978720275572,0.1954049321056661,0.09909937090735459,0.10625676329818394,0.09715903423589163,0.2550970603032089,0.3379943622598071,0.10891058071985818,96,66,48,0,2,1
55831,4,1,7,394,1,2,2,6.0,0,0,0,0,0,2869418.019913,,0,7,0,False,10,2,0,0,0,0,0,0,0,0,0,0,0,0,0,0,0,0,0,0,0,0,0,0,0,0,0,0,0,0,0,0,0,0,0,0,0,0,0,0,0,0,0,0,0,0,0,0,0,0,0,0,0,0,0,0,0,0,0,0,0,0,0,0,0,0,0,0,1,0,0,0,0,0,0,0,0,0,0,0,1,0,1,0,0,0,0,0,0,0,0,0,0,0,0,0,0,0,0,0,0,0,0,0,0,0,0,0,0,0,0,0,1,0,0,0,0,0,0,0,0,0,0,0,0,0,0,0,0,0,0,0,0,0,0,0,0,0,0,0,0,0,0,0,0,0,0,0,0,0,0,0,0,0,0,4,256.74861111111113,4,0.0,0.0,0.0,0.0,0.0,0.0,0.0,0.0,0.0,1.0,0.0,0.0,0.0,0.0,0.0,0.0,0.0,0.0,0.0,0.0,0.0,0.0,0.0,84,64,39,2,2,1
55690,12,30,5,119,2,4,0,5.0,0,0,0,0,0,2870737.885996,,0,5,0,False,10,50,0,0,0,0,0,0,0,0,0,0,0,0,0,0,0,0,0,0,1,0,0,0,0,0,0,0,0,0,0,0,0,0,0,0,0,0,0,0,0,0,0,0,0,0,0,0,0,0,0,0,0,0,0,0,0,0,0,0,0,0,0,0,0,0,0,0,1,0,0,0,0,0,0,0,0,0,0,0,0,1,1,0,0,0,0,0,0,0,0,0,0,1,0,0,0,0,0,0,0,0,0,0,0,0,0,0,0,0,0,0,0,0,0,0,0,0,0,0,0,0,0,0,0,0,0,0,0,0,0,0,0,0,0,0,0,0,0,0,0,0,0,0,0,0,0,0,0,0,0,0,0,0,0,5,516.7677777777777,4,0.0,0.0,0.6008126172398542,0.0,0.0,0.0,0.0,0.0,0.0,0.0,0.6149871165402311,0.0,0.0,0.0,0.0,0.0,0.5107005438169501,0.0,0.0,0.0,0.0,0.0,0.0,92,63,69,12,5,0
55552,11,4,1,41,4,10,8,198.0,0,0,0,0,0,2978811.956388,,4,1,0,False,10,206,0,0,0,0,0,0,0,0,0,0,0,0,0,0,0,0,0,0,0,0,0,0,0,0,0,0,0,0,0,0,0,0,0,0,0,0,0,0,0,0,0,0,0,0,0,0,0,0,0,0,0,0,0,0,0,0,0,0,0,0,0,0,0,0,0,1,0,1,0,0,0,0,0,0,0,0,0,0,1,0,0,0,0,0,0,1,0,0,0,0,0,0,0,0,0,0,0,0,0,0,0,0,1,0,0,0,0,0,0,0,0,0,0,0,0,0,0,0,0,0,0,0,0,0,0,0,0,0,0,0,0,0,0,0,0,0,0,0,0,0,0,0,0,0,0,0,0,0,0,0,0,0,0,5,171.90583333333333,4,0.0,0.13624794420807956,0.0,0.2134518775836904,0.0,0.0,0.0,0.0,0.0,0.0,0.0,0.11067779144387559,0.14008257779042796,0.2785765766765313,0.0,0.23508459431572712,0.0,0.0,0.0,0.0,0.0,0.835821348162725,0.2693233928454849,83,86,56,1,5,0
54678,4,0,1,424,2,2,2,5.0,0,0,0,0,0,3055969.218808,,0,1,0,False,10,9,0,0,1,0,0,0,0,0,0,0,0,0,0,0,0,0,0,0,0,0,0,0,0,0,0,0,0,0,0,0,0,0,0,0,0,0,0,0,0,0,0,0,0,0,0,0,0,0,0,0,0,0,0,0,0,0,0,0,0,0,0,0,0,0,0,0,1,1,0,0,0,0,0,0,0,0,0,0,0,0,0,0,0,1,1,0,0,0,0,0,0,0,0,0,0,0,0,0,0,0,0,0,0,0,0,0,0,0,0,0,0,0,0,0,0,0,0,0,0,0,0,0,0,0,0,0,0,0,0,1,0,0,0,0,1,0,0,0,0,0,0,0,0,0,0,0,0,0,0,0,0,0,0,7,1956.788611111111,4,0.0,0.0,0.0,0.0,0.0,0.0,0.0,0.0,0.0,0.0,0.0,0.0,0.0,0.0,0.0,0.0,0.0,0.0,0.0,0.0,0.0,1.0,0.0,21,71,31,1,6,0
55514,10,4,4,29,3,4,2,6742.0,0,0,0,0,0,3146401.338322,,0,4,0,False,10,380,0,0,0,0,0,0,0,0,0,0,0,0,0,0,0,0,0,0,0,0,0,0,0,0,0,0,0,0,0,0,0,0,0,0,0,0,0,0,0,0,0,0,0,0,0,0,0,0,0,0,0,0,0,0,0,0,0,0,0,0,0,0,0,0,0,0,0,1,0,0,0,0,0,0,0,0,0,0,0,0,1,0,0,0,0,1,0,0,0,0,0,0,0,0,0,0,0,0,0,0,0,0,0,0,0,0,0,0,0,0,0,0,0,0,0,0,0,0,0,0,0,0,0,1,0,0,0,0,0,0,0,0,0,0,0,0,0,0,0,0,0,0,0,0,0,0,0,0,0,0,0,0,0,4,649.7197222222222,4,0.09173514115590767,0.0973757605193972,0.0,0.22882956915219893,0.0,0.0,0.6555708708084561,0.0,0.38892912520987866,0.2449966404678164,0.0,0.07910089342702549,0.0,0.09954868007160281,0.10055857395786111,0.16801384630749097,0.1726753851331889,0.08757210912481363,0.09389695197457082,0.08585747286449787,0.07514137038325662,0.4181502916328537,0.0,75,70,48,5,3,1
55791,2,0,1,11,1,3,3,525920.0,0,0,0,0,0,3210186.373458,,0,1,0,False,10,8,0,0,0,0,0,0,0,0,0,0,0,0,0,0,0,0,0,0,0,0,0,0,0,0,0,0,0,0,0,0,0,0,0,0,0,0,0,0,0,0,0,0,0,0,0,0,0,0,0,0,0,0,0,0,0,0,0,0,0,0,0,0,0,0,0,0,1,0,0,0,0,0,0,0,0,0,0,0,1,0,0,0,0,0,0,0,0,1,0,0,0,0,0,0,0,0,0,0,0,0,0,0,0,0,0,0,0,0,0,0,0,0,0,0,0,0,0,0,0,0,0,0,1,0,0,0,0,0,0,0,0,0,0,0,0,0,0,0,0,0,0,0,0,0,0,0,0,0,0,0,0,0,0,4,261.3752777777778,4,0.0,0.0,0.0,0.0,0.0,0.0,0.0,0.0,0.0,0.8071222648004197,0.0,0.0,0.0,0.0,0.0,0.0,0.0,0.0,0.0,0.0,0.0,0.590384323693847,0.0,96,80,44,17,4,1
55565,8,7,5,185,3,4,2,5.0,0,1,0,0,0,3410554.639434,,2,5,0,False,10,272,0,0,0,0,0,0,0,0,0,0,0,1,0,0,0,0,0,0,0,0,0,0,0,0,0,0,0,0,0,0,0,0,0,0,0,0,0,0,0,0,0,0,0,0,0,0,0,0,0,0,0,0,0,0,0,0,0,0,0,0,0,0,0,0,0,1,1,1,0,0,0,0,0,0,0,0,0,0,0,0,0,1,0,0,0,0,1,0,0,0,0,0,0,0,0,1,0,0,0,0,0,0,0,0,0,0,0,0,0,0,0,0,0,0,0,0,0,0,0,0,0,0,0,0,0,0,0,0,0,0,0,0,0,0,0,0,0,0,0,0,0,0,0,0,0,0,0,0,0,0,0,0,0,7,495.73333333333335,4,0.11468199021022987,0.12173356768067757,0.0,0.19071303231348868,0.0,0.12801617177797836,0.819556946670982,0.0,0.12155419822701216,0.1020935633085901,0.0,0.0,0.0,0.12445002656081537,0.12571253773502736,0.2100412343037845,0.10793441083682662,0.10947760732468552,0.11738456159147345,0.10733406782235409,0.09393741366822915,0.2987128069987821,0.0,83,81,57,1,6,0
55785,6,0,1,13,2,3,3,6049.0,0,0,0,0,0,3415778.107517,,0,1,0,False,10,0,0,0,0,0,0,0,0,0,0,0,0,0,0,0,0,0,0,0,0,0,0,0,0,0,0,0,0,0,0,0,0,0,0,0,0,0,0,0,0,0,0,0,0,0,0,0,0,0,0,0,0,0,0,0,0,0,0,0,0,0,0,0,0,0,0,0,0,1,0,0,0,0,0,0,0,0,0,0,0,0,0,0,0,0,0,1,0,0,0,0,0,0,0,0,0,0,0,0,0,1,0,0,0,0,0,0,0,0,0,0,0,0,0,0,0,0,0,0,0,0,0,0,0,0,0,0,0,0,0,0,0,0,0,0,0,0,0,0,0,0,0,0,0,0,0,0,0,0,0,0,0,0,0,3,209.49694444444444,4,0.0,0.0,0.0,0.0,0.0,0.0,0.0,0.0,0.0,0.0,0.0,0.0,0.0,0.0,0.0,0.0,0.0,0.0,0.0,0.0,0.0,0.0,0.0,92,79,45,8,4,1
55553,9,1,1,9,2,1,1,4511.0,0,0,0,0,0,3451842.834528,,0,1,0,False,10,20,0,0,0,0,0,0,0,0,0,0,0,0,0,0,0,0,0,0,0,0,0,0,0,0,0,0,0,0,0,0,0,0,0,0,0,0,0,0,0,0,0,0,0,0,0,0,0,0,0,0,0,0,0,0,0,0,0,0,0,0,0,0,0,0,0,0,1,1,1,1,0,0,0,0,0,0,0,0,0,0,0,0,0,0,0,0,1,0,0,0,0,0,0,0,0,0,0,0,0,0,1,0,0,0,0,0,1,0,0,0,0,0,0,0,0,0,1,0,0,0,0,0,0,0,0,0,0,0,0,1,0,0,0,0,1,0,0,0,0,0,0,0,0,0,0,0,0,0,0,0,0,0,0,10,514.9044444444445,4,0.0,0.0,0.0,0.0,0.0,0.0,0.0,0.0,0.0,0.0,0.0,0.0,0.0,0.0,0.0,0.0,0.0,0.0,0.0,0.0,0.0,0.0,0.0,84,77,57,3,5,0
55218,6,9,3,211,3,2,1,19099.0,0,0,0,0,0,3493807.637568,,0,3,0,False,10,27,0,0,0,0,0,0,0,0,0,0,0,0,0,0,1,0,0,0,1,0,0,0,0,0,0,0,0,0,0,0,0,0,0,0,0,0,0,0,0,0,0,0,0,0,0,0,0,0,0,0,0,0,0,0,0,0,0,0,0,0,0,0,0,0,0,0,1,0,0,0,0,0,0,0,0,0,0,0,1,0,1,0,0,0,0,0,0,0,0,0,0,1,0,0,0,0,0,0,0,0,0,0,0,0,0,0,0,0,0,0,0,0,0,0,0,0,0,0,0,0,1,0,0,0,0,0,0,0,0,1,1,0,0,0,0,0,0,0,0,0,0,0,0,0,0,0,0,0,0,0,0,0,0,9,168.02777777777777,4,0.0,0.0,0.0,0.0,0.0,0.0,0.0,0.0,0.0,0.0,0.0,0.0,0.0,0.0,0.0,0.0,0.8223548294979172,0.0,0.0,0.0,0.0,0.5689749857431797,0.0,74,82,55,22,1,1
55247,1,0,1,19,1,1,1,608415.0,0,0,0,0,0,3500240.128651,,0,1,0,False,10,279,0,0,0,0,0,0,0,0,0,0,0,0,0,0,1,0,0,0,0,0,0,0,0,0,0,0,0,0,0,0,0,0,0,0,0,0,0,0,0,0,0,0,0,0,0,0,0,0,0,0,0,0,0,0,0,0,0,0,0,0,0,0,0,0,0,0,1,0,0,0,0,0,0,0,0,0,0,0,1,0,0,0,0,0,0,0,0,0,0,0,0,0,0,0,0,0,0,0,0,0,0,0,0,0,0,0,0,0,0,0,0,0,0,0,0,0,0,0,0,0,1,0,0,0,0,0,0,0,0,1,1,0,0,0,0,0,0,0,0,0,0,0,0,0,0,0,0,0,0,0,0,0,0,6,169.0038888888889,4,0.11464419059600972,0.12169344384006811,0.0,0.09532508629127466,0.0,0.0,0.8192868176266672,0.0,0.2430282670144951,0.10205991288710413,0.0,0.0,0.0,0.12440900736516781,0.12567110241096027,0.20997200392495646,0.10789883525008251,0.10944152309458947,0.11734587119958695,0.10729869011091983,0.09390645154426366,0.298614350136929,0.0,92,86,68,18,3,1
55160,6,0,1,267,18,3,3,5.0,0,0,0,0,0,3500278.050944,,0,1,0,False,10,9,0,1,0,0,0,0,0,0,0,0,0,0,0,0,1,0,0,0,1,0,0,0,0,0,0,0,0,0,0,0,0,0,0,0,0,0,0,0,0,0,0,0,0,0,0,0,0,0,0,0,0,0,0,0,0,0,0,0,0,0,0,0,0,0,0,0,0,1,0,0,0,0,0,0,0,0,0,0,0,0,0,0,1,0,0,0,0,0,0,0,0,1,0,0,0,0,0,0,0,0,0,0,0,0,0,0,0,0,0,0,0,0,0,0,0,0,0,0,0,0,0,0,0,0,0,0,0,0,0,1,1,0,0,0,0,0,0,0,0,0,0,0,0,0,0,0,0,0,0,0,0,0,0,8,218.68666666666667,4,0.0,0.0,0.0,0.0,0.0,0.0,0.0,0.0,0.0,0.0,0.0,0.0,0.0,0.0,0.0,0.0,0.0,0.0,0.0,0.0,0.0,1.0,0.0,59,78,51,4,6,0
55150,7,0,2,13,2,1,1,5755.0,0,0,0,0,0,3500251.110758,,0,2,0,False,10,279,0,0,0,0,0,0,0,0,0,0,0,0,0,0,1,0,0,0,0,0,0,0,0,0,0,0,0,0,0,0,0,0,0,0,0,0,0,0,0,0,0,0,0,0,0,0,0,0,0,0,0,0,0,0,0,0,0,0,0,0,0,0,0,0,0,0,1,1,0,0,0,0,0,0,0,0,0,0,0,0,0,0,0,0,0,0,0,0,0,0,0,0,0,0,0,0,0,0,0,0,0,0,0,0,0,1,0,0,0,0,0,0,0,0,0,0,0,0,0,0,0,0,0,0,0,0,0,0,0,1,1,0,0,0,0,0,0,0,0,0,0,0,0,0,0,0,0,0,0,0,0,0,0,6,243.6525,4,0.10843768941742829,0.11510531670783028,0.0,0.09016446491709607,0.0,0.0,0.7749330254915329,0.0,0.11493571371199904,0.09653468769839947,0.0,0.0,0.11834490109583837,0.11767386756589973,0.11886763647716701,0.19860473373835263,0.2041150157635279,0.10351667911827413,0.11099310893474305,0.10148985284518884,0.08882263090620197,0.42367236386850815,0.0,53,81,50,12,5,0
55055,7,7,1,27,7,4,2,5.0,0,0,0,0,0,3500307.458556,,1,1,0,False,10,24,0,0,0,0,0,0,0,0,0,0,0,0,0,0,1,0,0,0,0,0,0,0,0,0,0,0,0,0,0,0,0,0,0,0,0,0,0,0,0,0,0,0,0,0,0,0,0,0,0,0,0,0,0,0,0,0,0,0,0,0,0,0,0,0,0,1,0,0,0,0,0,0,0,0,0,0,0,0,0,0,0,0,0,0,0,0,0,0,0,0,0,0,0,0,0,1,0,0,0,0,0,0,0,0,0,0,0,0,0,0,0,0,0,0,0,0,0,0,0,0,1,0,0,0,0,0,0,0,0,1,1,1,0,0,0,0,0,0,0,0,0,0,0,0,0,0,0,0,0,0,0,0,0,7,359.4477777777778,4,0.0,0.0,0.0,0.508658350736788,0.0,0.0,0.0,0.0,0.0,0.0,0.0,0.0,0.0,0.0,0.0,0.0,0.5757523619441088,0.0,0.0,0.0,0.5010884608076293,0.39835443312074703,0.0,39,76,47,14,5,0
55123,4,0,1,157,7,2,2,5.0,0,0,0,0,0,3500422.633049,,1,1,0,False,10,73,0,0,0,0,0,0,0,0,0,0,0,0,0,0,0,0,0,0,0,0,0,0,0,0,0,0,0,0,0,0,0,0,0,0,0,0,0,0,0,0,0,0,0,0,0,0,0,0,0,0,0,0,0,0,0,0,0,0,0,0,0,0,0,0,0,1,1,0,0,1,0,0,0,0,0,0,0,0,0,0,0,0,0,0,0,0,0,0,0,0,0,0,0,0,0,1,0,0,0,0,0,0,0,0,0,0,0,0,0,0,0,0,0,0,0,0,0,0,0,0,0,0,0,0,0,0,0,0,0,1,0,0,0,0,0,0,0,0,0,0,0,0,0,0,0,0,0,0,0,0,0,0,0,5,186.3075,4,0.0,0.0,0.0,0.0,0.0,0.0,0.0,0.0,0.0,0.0,0.0,0.0,0.0,0.1731176092859154,0.0,0.0,0.30028675252430254,0.0,0.0,0.0,0.9147088713684842,0.20776390507817102,0.0,49,67,50,17,2,1
54929,29,17,1,101,3,4,3,5.0,0,0,0,0,0,3500477.424908,,0,1,0,False,10,284,0,0,0,0,0,0,0,0,0,0,0,0,0,0,0,0,0,0,0,0,0,0,0,0,0,0,0,0,0,0,0,0,0,0,0,0,0,0,0,0,0,0,0,0,0,0,0,0,0,0,0,0,0,0,0,0,0,0,0,0,0,0,0,0,0,1,1,1,0,1,1,0,0,0,0,0,0,0,0,0,0,0,0,0,0,0,0,0,0,1,0,0,0,0,0,0,0,0,0,0,0,0,0,0,0,0,0,0,0,0,0,0,0,0,0,0,0,0,0,0,0,0,0,0,0,0,0,0,0,1,0,0,0,0,0,0,0,0,0,0,0,0,0,0,0,0,0,0,0,0,0,0,0,7,439.9238888888889,4,0.09867970905103873,0.10474733668689545,0.0,0.08205083686827086,0.0,0.0,0.7051991415565448,0.0,0.10459299575273569,0.08784782252912807,0.0,0.0,0.0,0.21416950281213104,0.10817109665623549,0.18073289321037295,0.27862098238219923,0.09420152561531117,0.10100517407917349,0.09235708732084386,0.24248925134962587,0.4498052610810171,0.0,30,70,51,0,4,1
54408,9,3,4,176,18,5,4,6.0,0,0,0,0,0,3500728.474423,,0,4,0,False,10,298,0,0,0,0,0,0,0,0,0,0,0,1,0,0,0,0,0,0,0,0,0,0,0,0,0,0,0,0,0,0,0,0,0,0,0,0,0,0,0,0,0,0,0,0,0,0,0,0,0,0,0,0,0,0,0,0,0,0,0,0,0,0,0,0,0,0,1,1,0,1,0,0,0,1,0,0,0,0,0,0,1,1,0,0,0,0,0,0,0,0,0,0,0,0,0,0,0,0,0,0,0,0,0,0,0,0,0,0,0,0,0,0,0,0,0,0,0,0,0,0,0,0,0,0,0,0,0,0,0,1,0,0,0,0,0,0,0,0,0,0,0,0,0,0,0,0,0,0,0,0,0,0,0,8,1030.4752777777778,4,0.11639337525723965,0.12355018253943578,0.0,0.09677950956300145,0.0,0.0,0.8317870928441918,0.0,0.12336813637776825,0.10361709282985127,0.0,0.0,0.0,0.1263071787968877,0.12758853026800476,0.21317565346571243,0.10954510259780269,0.11111132801452024,0.11913627677438217,0.10893580073934638,0.0953392299849139,0.30317046098883677,0.12211176668244586,13,54,14,0,4,1
55003,4,2,3,72,3,3,1,5.0,0,0,0,0,0,3500782.83733,,0,3,0,False,10,263,0,0,0,0,0,0,0,0,0,0,0,0,0,0,1,0,0,0,0,0,0,0,0,0,0,0,0,0,0,0,0,0,0,0,0,0,0,0,0,0,0,0,0,0,0,0,0,0,0,0,0,0,0,0,0,0,0,0,0,0,0,0,0,0,0,0,1,1,0,0,0,0,0,0,0,0,0,0,0,0,0,0,0,0,0,1,1,0,0,1,0,0,0,0,0,0,0,0,0,0,0,0,0,0,0,0,0,0,0,0,0,0,0,0,0,0,0,0,0,0,0,0,0,0,0,0,0,0,0,1,0,0,1,0,0,0,0,0,0,0,0,0,0,0,0,0,0,0,0,0,0,0,0,8,192.5888888888889,4,0.11464419059600972,0.12169344384006811,0.0,0.09532508629127466,0.0,0.0,0.8192868176266672,0.0,0.2430282670144951,0.10205991288710413,0.0,0.0,0.0,0.12440900736516781,0.12567110241096027,0.20997200392495646,0.10789883525008251,0.10944152309458947,0.11734587119958695,0.10729869011091983,0.09390645154426366,0.298614350136929,0.0,29,50,43,4,3,1
54140,30,3,2,6,2,8,8,5.0,0,0,0,0,0,3500814.018775,,0,2,0,False,10,13,0,0,0,0,0,0,0,0,0,0,0,0,0,0,0,0,0,0,0,0,0,0,0,0,0,0,0,0,0,0,0,0,0,0,0,0,0,0,0,0,0,0,0,0,0,0,0,0,0,0,0,0,0,0,0,0,0,0,0,0,0,0,0,0,0,1,1,1,0,1,1,0,0,0,0,0,0,0,0,0,1,0,0,0,0,0,0,0,0,0,0,0,0,0,0,0,0,0,0,0,0,0,0,0,0,0,0,0,0,0,0,0,0,0,0,0,0,0,0,0,0,0,0,0,0,0,0,0,0,1,0,0,0,0,0,0,0,0,0,0,0,0,0,0,0,0,0,0,0,0,0,0,0,7,1391.0794444444443,4,0.0,0.0,0.0,0.560470617112395,0.0,0.0,0.0,0.0,0.0,0.0,0.0,0.0,0.0,0.0,0.0,0.6172726571500539,0.0,0.0,0.0,0.0,0.5521296533320442,0.0,0.0,3,49,2,0,2,1
54987,9,1,1,63,12,3,2,5.0,0,0,0,0,0,3500886.836235,,0,1,0,False,10,18,0,0,0,0,0,0,0,0,0,0,0,0,0,0,0,0,0,0,1,0,0,0,0,0,0,0,0,0,0,0,0,0,0,0,0,0,0,0,0,0,0,0,0,0,0,0,0,0,0,0,0,0,0,0,0,0,0,0,0,0,0,0,0,0,0,0,1,1,0,1,0,0,0,1,0,0,0,0,0,0,0,0,0,0,0,0,0,0,0,0,0,1,0,0,0,0,0,0,0,0,0,0,0,0,0,0,0,0,0,0,0,0,0,0,0,0,0,0,0,0,0,0,0,0,0,0,0,0,0,1,0,0,0,0,0,0,0,0,0,0,0,0,0,0,0,0,0,0,0,0,0,0,0,7,182.635,4,0.0,0.0,0.0,0.0,0.0,0.0,0.0,0.0,0.0,0.0,0.0,0.0,0.0,0.0,0.0,0.0,0.0,0.0,0.0,0.0,0.0,0.0,0.0,30,43,51,9,1,1
54410,29,5,1,24,2,3,3,5426.0,0,1,0,0,0,3500971.14826,,0,1,0,False,10,14,0,1,0,0,0,0,0,0,0,0,0,0,0,0,1,0,0,0,0,0,0,0,0,0,0,0,0,0,0,0,0,0,0,0,0,0,0,0,0,0,0,0,0,0,0,0,0,0,0,0,0,0,0,0,0,0,0,0,0,0,0,0,0,0,0,0,1,1,0,0,0,0,0,0,0,0,0,0,0,0,0,0,1,0,0,0,0,0,0,0,0,0,0,0,0,0,0,0,0,0,0,0,0,0,0,0,0,0,0,0,0,0,0,0,0,0,0,0,0,0,0,0,0,0,0,0,0,0,0,1,1,0,0,1,0,0,0,0,0,0,0,0,0,0,0,0,0,0,0,0,0,0,0,8,934.3844444444444,4,0.5336513031707214,0.0,0.0,0.0,0.0,0.0,0.0,0.0,0.0,0.0,0.0,0.0,0.0,0.0,0.584979903681612,0.0,0.502252698043067,0.0,0.0,0.0,0.0,0.3475011168633885,0.0,14,39,15,3,4,1
54528,10,0,1,4,1,4,4,5597.0,0,0,0,0,0,3501255.227324,,0,1,0,False,10,2,0,0,0,0,0,0,0,0,0,0,0,0,0,0,0,0,0,0,0,0,0,0,0,0,0,0,0,0,0,0,0,0,0,0,0,0,0,0,0,0,0,0,0,0,0,0,0,0,0,0,0,0,0,0,0,0,0,0,0,0,0,0,0,0,0,0,1,1,0,1,0,0,0,0,0,0,0,0,0,0,0,0,0,0,0,1,0,0,0,0,0,0,0,0,0,0,0,0,0,0,0,0,0,0,0,0,0,0,0,0,0,0,0,0,0,0,0,0,0,0,0,0,0,0,0,0,0,0,0,1,0,0,0,0,0,0,0,0,0,0,0,0,0,0,0,0,0,0,0,0,0,0,0,5,666.5519444444444,4,0.0,0.0,0.0,0.0,0.0,0.0,0.0,0.0,0.0,1.0,0.0,0.0,0.0,0.0,0.0,0.0,0.0,0.0,0.0,0.0,0.0,0.0,0.0,15,32,21,0,4,1
54878,15,4,1,61,7,9,7,5.0,0,0,0,0,0,3501348.581365,,0,1,0,False,10,14,0,0,0,0,0,0,0,0,0,0,0,0,0,0,0,0,0,0,0,0,0,0,0,0,0,0,0,0,0,0,0,0,0,0,0,0,0,0,0,0,0,0,0,0,0,0,0,0,0,0,0,0,0,0,0,0,0,0,0,0,0,0,0,0,0,1,0,1,0,1,1,0,0,0,0,0,0,0,0,0,0,0,0,0,0,0,0,0,0,1,0,0,0,0,0,1,0,0,0,0,0,0,0,0,0,0,0,0,0,0,0,0,0,0,0,0,0,0,0,0,0,0,0,0,0,0,0,0,0,1,0,0,0,0,0,0,0,0,0,0,0,0,0,0,0,0,0,0,0,0,0,0,0,7,213.5636111111111,4,0.0,0.0,0.7793390122229797,0.0,0.0,0.0,0.0,0.0,0.0,0.6266025087942996,0.0,0.0,0.0,0.0,0.0,0.0,0.0,0.0,0.0,0.0,0.0,0.0,0.0,31,27,46,2,1,1
54569,11,0,3,60,1,2,3,222715.0,0,0,0,0,0,3501332.627923,,0,3,0,False,10,265,0,0,0,0,0,0,0,0,0,0,0,0,0,0,0,0,0,0,0,0,0,0,0,0,0,0,0,0,0,0,0,0,0,0,0,0,0,0,0,0,0,0,0,0,0,0,0,0,0,0,0,0,0,0,0,0,0,0,0,0,0,0,0,0,0,1,1,1,0,1,0,0,0,0,0,0,0,0,0,0,1,0,0,0,0,0,0,0,0,0,0,0,0,0,0,0,0,0,0,0,0,1,0,0,0,0,0,0,0,0,0,0,0,0,0,0,0,0,0,0,0,0,0,0,0,0,0,0,0,1,0,0,0,0,0,0,0,0,0,0,0,0,0,0,0,0,0,0,0,0,0,0,0,7,574.2872222222222,4,0.11639337525723965,0.12355018253943578,0.0,0.09677950956300145,0.0,0.0,0.8317870928441918,0.0,0.12336813637776825,0.10361709282985127,0.0,0.0,0.0,0.1263071787968877,0.12758853026800476,0.21317565346571243,0.10954510259780269,0.11111132801452024,0.11913627677438217,0.10893580073934638,0.0953392299849139,0.30317046098883677,0.12211176668244586,18,28,23,0,0,1
54821,6,0,2,265,3,1,1,438.0,0,0,0,0,0,3501416.725574,,0,2,0,False,10,3033,0,0,1,0,0,0,0,0,0,0,0,0,0,1,0,0,0,0,1,0,0,0,0,0,0,0,0,0,0,0,0,0,0,0,0,0,0,0,0,0,0,0,0,0,0,0,0,0,0,0,0,0,0,0,0,0,0,0,0,0,0,0,0,0,0,0,1,0,0,1,0,0,0,0,0,0,0,0,0,0,0,0,0,0,0,0,0,0,0,0,0,1,0,0,0,0,0,0,0,0,0,0,0,0,0,0,0,0,0,0,0,0,0,0,0,0,0,0,0,0,0,0,0,0,0,0,0,0,0,1,0,0,0,0,0,0,0,0,0,0,0,0,0,0,0,0,0,0,0,0,0,0,0,7,294.44166666666666,4,0.3836464604058158,0.0,0.0,0.02899971068065724,0.0,0.03893212644119989,0.0,0.0,0.03696691870336639,0.853835770589544,0.0,0.030073513215062544,0.0,0.05677139187632482,0.038231547986237464,0.14372435529798794,0.032824885103919406,0.0,0.0,0.0,0.22854507930973222,0.0,0.20124748061512746,28,23,40,0,4,1
54695,16,12,2,52,3,11,9,4.0,0,0,0,0,0,3501402.25801,,1,2,0,False,10,19,0,0,0,0,0,0,0,0,0,0,0,0,0,0,0,0,0,0,0,0,0,0,0,0,0,0,0,0,0,0,0,0,0,0,0,0,0,0,0,0,0,0,0,0,0,0,0,0,0,0,0,0,0,0,0,0,0,0,0,0,0,0,0,0,0,0,1,1,0,1,0,0,0,0,0,0,0,1,0,0,1,0,0,0,0,0,0,0,0,0,0,0,0,0,0,0,0,0,0,0,0,0,0,0,0,0,0,0,0,0,0,0,0,0,0,0,0,0,0,0,0,0,0,0,0,0,0,1,0,1,0,0,0,0,0,0,0,0,0,0,0,0,0,0,0,0,0,0,0,0,0,0,0,7,418.8,4,0.0,0.0,0.0,0.0,0.0,0.0,0.0,0.0,0.0,0.0,0.0,0.0,0.0,0.0,0.0,0.0,0.0,0.0,0.0,0.0,0.0,0.0,0.0,23,24,33,0,6,0
54798,13,0,1,54,1,3,4,13.0,0,0,0,0,0,3501450.293294,,0,1,0,False,10,259,0,0,0,0,0,0,0,0,0,0,0,0,0,0,1,0,0,0,0,0,0,0,0,0,0,0,0,0,0,0,0,0,0,0,0,0,0,0,0,0,0,0,0,0,0,0,0,0,0,0,0,0,0,0,0,0,0,0,0,0,0,0,0,0,0,0,0,1,0,0,0,0,0,0,0,0,1,0,0,0,0,0,0,0,0,1,0,0,0,0,0,0,0,0,0,0,0,0,0,0,0,0,0,0,0,0,0,0,0,0,0,0,0,0,0,0,0,0,0,0,0,0,0,0,0,0,0,0,0,1,1,0,0,0,0,0,0,0,0,0,0,0,0,0,0,0,0,0,0,0,0,0,0,6,300.2438888888889,4,0.11727098962405157,0.12448175974457484,0.0,0.09750923398088852,0.0,0.0,0.8380588269630403,0.0,0.12429834094183949,0.10439837311417831,0.0,0.0,0.0,0.12725954395082056,0.12855055690359415,0.2147830131261961,0.11037108049939066,0.11194911536767141,0.12003457281463875,0.10975718446138139,0.09605809459186102,0.30545638792899776,0.0,27,23,39,0,4,1
54360,9,6,2,9,2,3,1,239765.0,0,0,0,0,0,3501514.545548,,1,2,0,False,10,52,0,0,0,0,0,0,0,0,0,0,0,0,0,0,0,0,0,0,0,0,0,0,0,0,0,0,0,0,0,0,0,0,0,0,0,0,0,0,0,0,0,0,0,0,0,0,0,0,0,0,0,0,0,0,0,0,0,0,0,0,0,0,0,0,0,0,1,0,0,1,0,0,0,0,0,0,0,0,0,0,1,0,0,0,0,0,0,0,0,0,0,0,0,0,0,0,0,0,0,0,0,0,0,0,0,0,0,0,0,0,0,0,0,0,0,0,0,0,0,0,0,0,0,0,0,0,0,0,0,1,0,0,0,1,0,0,0,0,0,0,0,0,0,0,0,0,0,0,0,0,0,0,0,5,860.9677777777778,4,0.0,0.0,0.0,0.0,0.0,0.0,0.0,0.0,0.0,0.0,0.0,0.0,0.0,0.0,0.0,0.0,0.0,0.0,0.0,0.0,0.0,0.0,0.0,12,21,12,2,1,1
54379,30,9,13,700,19,5,4,5.0,0,0,0,0,0,3501485.582912,,0,13,0,False,10,407,0,0,0,0,0,0,0,0,0,0,0,1,0,0,0,0,0,0,0,0,0,0,0,0,0,0,0,0,0,0,0,0,0,0,0,0,0,0,0,0,0,0,0,0,0,0,0,0,0,0,0,0,0,0,0,0,0,0,0,0,0,0,0,0,0,1,1,0,0,1,0,0,0,0,0,0,0,0,0,0,1,1,0,0,0,0,0,0,0,0,0,0,0,0,0,1,0,1,0,0,0,0,0,0,0,0,0,0,0,0,0,0,0,0,0,0,0,0,0,0,0,0,0,0,0,0,0,0,0,1,0,1,0,0,0,0,0,0,0,0,0,0,0,0,0,0,0,0,0,0,0,0,0,10,839.8594444444444,4,0.0986404952292488,0.10470571168178232,0.0,0.16403646221685625,0.0,0.0,0.7049189060985226,0.0,0.10455143208037218,0.26343873940495177,0.0,0.08505520569764062,0.0,0.2140843950954902,0.10812811110076627,0.18066107269596235,0.27851026262374895,0.09416409135579275,0.10096503615280247,0.09232038601316808,0.24239288979384258,0.32116179663067235,0.10348668996198505,12,22,13,0,2,1
54662,5,0,1,53,1,3,3,6.0,0,0,0,0,0,3501573.668603,,0,1,0,False,10,30,0,0,0,0,0,0,0,0,0,0,0,0,0,0,0,0,1,0,0,0,0,0,0,0,0,0,0,0,0,0,0,0,0,0,0,0,0,0,0,0,0,0,0,0,0,0,0,0,0,0,0,0,0,0,0,0,0,0,0,0,0,0,0,0,0,0,0,0,0,1,0,0,0,0,0,0,0,0,0,1,0,0,0,0,0,0,0,0,0,0,0,0,0,0,0,0,0,0,0,0,0,0,0,0,0,0,0,0,0,0,0,0,0,0,0,0,0,0,0,0,0,0,0,0,0,0,0,0,0,1,0,0,0,0,0,0,0,0,0,0,0,0,0,0,0,0,0,0,0,0,0,0,0,4,447.82194444444445,4,0.0,0.0,0.0,0.0,0.0,0.0,0.0,0.0,0.0,0.0,0.0,0.0,0.0,0.0,0.0,0.0,0.0,0.0,0.0,0.0,0.0,1.0,0.0,21,19,30,4,4,1
54769,13,1,1,420,3,5,5,4.0,0,0,0,0,0,3501609.59329,,0,1,0,False,10,354,0,0,0,0,0,0,0,0,0,0,0,0,0,0,1,0,0,0,0,0,0,0,0,0,0,0,0,0,0,0,0,0,0,0,0,0,0,0,0,0,0,0,0,0,0,0,0,0,0,0,0,0,0,0,0,0,0,0,0,0,0,0,0,0,0,0,0,1,0,0,0,0,0,0,0,0,0,0,0,0,0,0,0,0,0,0,0,0,0,1,0,0,0,0,0,0,0,0,0,0,0,0,0,0,0,0,0,0,0,0,0,0,0,0,0,0,0,0,0,0,0,0,0,0,0,0,0,0,0,1,1,0,0,0,0,0,0,0,0,0,0,0,0,0,0,0,0,0,0,0,0,0,0,5,313.62944444444446,4,0.21796537250138973,0.11568382435987391,0.0,0.0906176223766195,0.0,0.0,0.7788277603125673,0.0,0.1155133689565805,0.09701986125178902,0.0,0.0,0.0,0.11826528449414846,0.11946505316693581,0.19960290099496478,0.10257043856947463,0.10403694345268426,0.11155094904742738,0.10199993055623631,0.08926904444402589,0.4258016982161081,0.0,27,17,39,2,2,1
54575,12,0,1,29,4,5,6,5.0,0,0,0,0,0,3501668.112671,,0,1,0,False,10,0,0,0,0,0,0,0,0,0,0,0,0,0,0,0,0,0,0,0,0,0,0,0,0,0,0,0,0,0,0,0,0,0,0,0,0,0,0,0,0,0,0,0,0,0,0,0,0,0,0,0,0,0,0,0,0,0,0,0,0,0,0,0,0,0,0,0,0,1,0,1,0,0,0,1,0,0,0,0,0,0,0,0,0,0,0,1,0,0,0,0,0,0,0,0,0,0,0,0,0,0,0,0,0,0,0,0,0,0,0,0,0,0,0,0,0,0,0,0,0,0,0,0,0,0,0,0,0,0,0,1,0,0,0,0,0,0,0,0,0,0,0,0,0,0,0,0,0,0,0,0,0,0,0,5,515.0144444444444,4,0.0,0.0,0.0,0.0,0.0,0.0,0.0,0.0,0.0,0.0,0.0,0.0,0.0,0.0,0.0,0.0,0.0,0.0,0.0,0.0,0.0,0.0,0.0,19,13,23,2,0,1
54888,12,5,3,64,1,3,3,6.0,0,0,0,0,0,3501918.617789,,0,3,0,False,10,63,0,0,0,0,0,0,0,0,0,0,0,0,0,0,0,0,0,0,0,0,0,0,0,0,0,0,0,0,0,0,0,0,0,0,0,0,0,0,0,0,0,0,0,0,0,0,0,0,0,0,0,0,0,0,0,0,0,0,0,0,0,0,0,0,0,1,1,0,0,1,0,0,0,0,0,0,0,0,0,0,1,0,0,0,0,0,0,0,0,0,0,0,0,0,0,0,0,0,0,0,0,0,0,0,0,0,0,0,0,0,0,0,0,0,0,0,0,0,0,0,0,0,0,0,0,0,0,0,0,1,0,0,0,0,0,0,0,0,0,0,0,0,0,0,0,0,0,0,0,0,0,0,0,5,215.0222222222222,4,0.0,0.0,0.0,0.0,0.0,0.0,0.0,0.0,0.0,0.0,0.0,0.0,0.0,0.0,0.0,0.0,0.25790578516494356,0.0,0.0,0.0,0.8978416518192592,0.35688229745522276,0.0,33,31,47,2,2,1
54883,12,0,1,197,11,3,3,5.0,0,0,0,0,0,3502262.201004,,0,1,0,False,10,68,0,1,0,0,0,0,0,0,0,0,0,0,0,0,0,0,0,0,0,1,0,0,0,0,0,0,0,0,0,0,0,0,0,0,0,0,0,0,0,0,0,0,0,0,0,0,0,0,0,0,0,0,0,0,0,0,0,0,0,0,0,0,0,0,0,0,0,1,0,1,0,0,0,0,0,0,0,0,0,0,0,0,1,0,0,0,0,0,0,0,0,0,0,0,0,0,0,0,0,0,0,0,0,1,0,0,0,0,0,0,0,0,0,0,0,0,1,0,0,0,0,0,0,0,0,0,0,0,0,1,0,0,0,0,0,0,0,0,0,0,0,0,0,0,0,0,0,0,0,0,0,0,0,8,191.95444444444445,4,0.4891156905503505,0.0,0.0,0.4066930488648011,0.0,0.0,0.0,0.0,0.0,0.4354263788663533,0.0,0.0,0.0,0.0,0.0,0.0,0.0,0.0,0.0,0.0,0.0,0.6370011568669568,0.0,32,25,46,4,2,1
54777,5,2,1,81,4,6,5,5910.0,0,0,0,0,0,3502368.142499,,0,1,0,False,10,366,0,0,0,0,0,0,0,0,0,0,0,0,0,0,0,0,0,0,0,0,0,0,0,0,0,0,0,0,0,0,0,0,0,0,0,0,0,0,0,0,0,0,0,0,0,0,0,0,0,0,0,0,0,0,0,0,0,0,0,0,0,0,0,0,0,0,0,1,0,1,0,0,0,0,0,0,0,0,0,0,0,0,0,0,0,1,0,0,0,0,0,0,0,0,0,0,0,0,0,1,0,0,0,0,0,0,0,0,0,0,0,0,0,0,0,0,0,0,0,0,0,0,0,0,0,0,0,0,0,1,0,0,0,0,0,0,0,0,0,0,0,0,0,0,0,0,0,0,0,0,0,0,0,5,761.2380555555555,4,0.09727900732812596,0.20652101695792177,0.0,0.16177234484668088,0.0,0.0,0.6951892452762064,0.0,0.10310835832560573,0.08660087320637475,0.0,0.0,0.0,0.10556474494035346,0.21327134028882885,0.17816749372408294,0.0915553725873168,0.09286438913103016,0.09957146371747563,0.09104613157748427,0.07968241862445218,0.44342053406641324,0.3061749370107692,28,72,39,1,2,1
54721,16,0,1,66,4,4,5,4460.0,0,0,0,0,0,3502390.491842,,0,1,0,False,10,336,0,0,0,0,0,0,0,0,0,0,0,0,0,0,0,0,0,0,0,0,0,0,0,0,0,0,0,0,0,0,0,0,0,0,0,0,0,0,0,0,0,0,0,0,0,0,0,0,0,0,0,0,0,0,0,0,0,0,0,0,0,0,0,0,0,0,0,1,0,1,0,0,0,0,0,0,0,0,0,0,0,0,0,0,0,1,0,0,0,0,0,0,0,0,0,0,0,0,0,1,0,0,0,0,0,0,0,0,0,0,0,0,0,0,0,0,0,0,0,0,0,0,0,0,0,0,0,0,0,1,0,0,0,0,0,0,0,0,0,0,0,0,0,0,0,0,0,0,0,0,0,0,0,5,819.0697222222223,4,0.11202937918195145,0.1189178526451302,0.0,0.18630181227951642,0.0,0.0,0.8006004759029355,0.0,0.11874263203288318,0.09973212441611744,0.12696859997979448,0.0,0.0,0.12157147943829333,0.24560957709271572,0.2051829501609468,0.1054378722958434,0.10694537442563447,0.11466943969607934,0.10485141530216648,0.09176462769714937,0.2918035365485533,0.0,26,73,35,0,0,1
55757,8,0,1,52,2,3,3,4.0,0,0,0,0,0,3522037.272364,,0,1,0,False,10,13,0,0,0,0,0,0,0,0,0,0,0,0,0,0,0,0,0,0,0,0,0,0,0,0,0,0,0,0,0,0,0,0,0,0,0,0,0,0,0,0,0,0,0,0,0,0,0,0,0,0,0,0,0,0,0,0,0,0,0,0,0,0,0,0,0,1,1,0,0,0,0,0,0,0,0,0,0,1,0,0,0,0,0,0,0,0,0,0,0,0,0,0,0,0,0,1,0,0,0,0,0,0,0,0,0,0,0,0,0,0,0,0,0,0,0,0,0,0,0,0,0,0,0,0,0,0,0,0,0,0,0,0,0,0,0,0,0,0,0,0,0,0,0,0,0,0,0,0,0,0,0,0,0,4,218.07888888888888,4,0.0,0.0,0.0,0.0,0.0,0.0,0.0,0.0,0.0,0.0,0.0,0.0,0.0,0.0,0.0,0.0,0.8223548294979172,0.0,0.0,0.0,0.0,0.5689749857431797,0.0,92,92,48,39,3,1
55548,7,2,1,62,8,5,4,4606.0,0,0,0,0,0,3618816.789733,,0,1,0,False,10,266,0,0,0,0,0,0,0,0,0,0,0,0,0,0,0,0,0,0,0,0,0,0,0,0,0,0,0,0,0,0,0,0,0,0,0,0,0,0,0,0,0,0,0,0,0,0,0,0,0,0,0,0,0,0,0,0,0,0,0,0,0,0,0,0,0,0,1,1,0,0,0,0,0,0,0,0,0,0,0,0,0,0,0,0,0,0,1,0,0,0,0,0,0,0,0,0,0,0,0,0,0,0,1,0,0,0,0,0,0,0,0,0,0,0,0,0,0,0,0,0,0,0,0,0,1,0,0,0,0,0,0,0,0,0,0,0,0,0,0,0,0,0,0,0,0,0,0,0,0,0,0,0,0,5,470.8258333333333,4,0.11539955113793579,0.12249525006513716,0.0,0.09595315831538499,0.0,0.0,0.8246848838639363,0.0,0.12231475830350222,0.20546471783906642,0.0,0.0,0.0,0.12522870572698877,0.12649911638644462,0.21135545445872975,0.10860975241251333,0.11016260462313594,0.11811903240733149,0.1080056530742308,0.09452517655562327,0.3005818418709077,0.0,81,94,53,40,5,0
55230,3,0,2,24,1,1,1,7063.0,0,0,0,0,0,3624628.562948,,0,2,0,False,10,47,0,0,0,0,0,0,0,0,0,0,0,0,0,0,0,0,0,0,0,0,0,0,0,0,0,0,0,0,0,0,0,0,0,0,0,0,0,0,0,0,0,0,0,0,0,0,0,0,0,0,0,0,0,0,0,0,0,0,0,0,0,0,0,0,0,0,1,1,0,0,0,0,0,0,0,0,0,0,0,0,0,0,0,0,0,0,0,0,0,0,0,0,0,0,0,0,0,0,0,0,0,0,0,0,0,0,0,0,0,0,0,0,0,0,0,0,0,0,0,0,0,0,0,0,0,0,0,0,0,0,0,0,0,0,0,0,0,0,0,0,0,0,0,0,0,0,0,0,0,0,0,0,0,2,1054.8455555555556,4,0.0,0.0,0.0,0.0,0.0,0.0,0.0,0.0,0.0,0.0,0.0,0.0,0.0,0.0,0.0,0.0,0.0,0.0,0.0,0.0,0.0,1.0,0.0,84,95,65,0,2,1
55457,11,2,2,28,2,7,6,4.0,0,0,0,0,0,3782253.478007,,0,2,0,False,10,10,0,0,0,0,0,0,0,0,0,0,0,0,0,0,0,0,0,0,0,0,0,0,0,0,0,0,0,0,0,0,0,0,0,0,0,0,0,0,0,0,0,0,0,0,0,0,0,0,0,0,0,0,0,0,0,0,0,0,0,0,0,0,0,0,0,0,1,1,0,0,0,0,0,0,0,1,0,0,0,0,1,0,0,0,0,0,0,0,0,0,0,0,0,0,0,0,0,0,0,0,0,0,0,0,0,0,0,0,0,0,0,0,0,1,0,0,0,0,0,0,0,0,0,0,0,0,0,0,0,0,0,0,0,0,0,0,0,0,0,0,0,0,0,0,0,0,0,0,0,0,0,0,0,5,219.68722222222223,4,0.0,0.0,0.0,0.0,0.0,0.0,0.0,0.0,0.0,0.0,0.0,0.0,0.0,0.0,1.0,0.0,0.0,0.0,0.0,0.0,0.0,0.0,0.0,79,83,55,3,5,0
55602,12,9,9,175,6,7,4,257.0,1,0,0,0,0,3824264.857596,,0,9,0,False,10,615,0,0,0,0,0,0,0,0,0,0,0,0,0,0,0,0,0,0,0,0,0,0,0,0,0,0,0,0,0,0,0,0,0,0,0,0,0,0,0,0,0,0,0,0,0,0,0,0,0,0,0,0,0,0,0,0,0,0,0,0,0,0,0,0,0,0,0,1,0,0,0,0,0,1,0,0,0,0,0,0,1,0,0,0,0,1,0,0,0,0,0,0,0,0,0,0,0,0,0,0,0,0,0,0,0,0,0,0,0,0,0,0,0,0,0,0,0,0,0,0,0,0,0,0,0,0,0,0,0,0,0,0,0,0,0,0,0,0,0,0,0,0,0,0,0,0,0,0,0,0,0,0,0,4,314.1188888888889,4,0.10934388582837899,0.11606723341264358,0.0,0.18183590983242198,0.0,0.0,0.781409016728531,0.0,0.11589621307172747,0.19468282525901034,0.0,0.0,0.0,0.11865724923904121,0.11986099428599255,0.2002644417040831,0.20582077227401588,0.10438175143394668,0.1119206605775094,0.10233798729816662,0.0895649074132986,0.356010771657282,0.0,88,99,55,0,2,1
55458,14,8,5,53,3,5,4,176.0,0,0,0,0,0,3833114.596147,,1,5,0,False,10,14,0,0,0,0,0,0,0,0,0,0,0,0,0,0,0,0,0,0,0,0,0,0,0,0,0,0,0,0,0,0,0,0,0,0,0,0,0,0,0,0,0,0,0,0,0,0,0,0,0,0,0,0,0,0,0,0,0,0,0,0,0,0,0,0,0,0,1,1,1,1,0,0,0,1,0,0,0,0,0,0,1,0,0,0,0,1,0,0,0,0,0,0,0,0,0,0,0,0,0,0,0,0,0,0,0,0,1,0,0,0,0,0,0,0,0,0,1,0,0,0,0,0,0,0,0,0,0,0,0,1,0,0,0,0,1,0,0,0,0,0,0,0,0,0,0,0,0,0,0,0,0,0,0,11,224.07611111111112,4,0.0,0.0,0.0,0.0,0.0,0.0,0.0,0.0,0.0,0.6139777425726712,0.0,0.0,0.0,0.0,0.0,0.0,0.6491038588906828,0.0,0.0,0.0,0.0,0.4491052348821946,0.0,79,82,54,31,5,0
55362,17,4,4,779,5,4,3,5.0,0,0,0,0,0,3990921.688584,,0,4,0,False,10,39,0,1,1,0,0,0,0,0,0,0,0,0,0,0,0,0,0,0,0,0,0,0,0,0,0,0,0,0,0,0,0,0,0,0,0,0,0,0,0,0,0,0,0,0,0,0,0,0,0,0,0,0,0,0,0,0,0,0,0,0,0,0,0,0,0,0,1,1,0,0,0,0,0,0,0,0,0,0,0,0,1,0,1,0,0,0,0,0,0,0,0,0,0,0,0,0,0,0,0,0,0,0,0,0,0,0,0,0,0,0,1,0,0,0,0,0,0,0,0,0,0,0,0,0,0,0,0,0,0,0,0,0,0,0,0,0,0,0,0,0,0,0,0,0,0,0,0,0,0,0,0,0,0,7,717.6786111111111,4,0.0,0.0,0.0,0.0,0.0,0.0,0.3850750417406101,0.0,0.0,0.0,0.4274879704171663,0.0,0.0,0.0,0.0,0.0,0.35499660577518655,0.0,0.0,0.0,0.0,0.7368504985851446,0.0,103,98,54,26,4,1
55551,4,0,3,58429,414,2,2,5.0,0,0,0,0,0,4276497.354681,,0,3,0,False,10,9,0,0,1,0,0,0,0,0,0,0,0,0,0,0,0,0,0,0,0,0,0,0,0,0,0,0,0,0,0,0,0,0,0,0,0,0,0,0,0,0,0,0,0,0,0,0,0,0,0,0,0,0,0,0,0,0,0,0,0,0,0,0,0,0,0,1,0,1,0,0,0,0,0,0,0,0,0,0,0,0,1,0,0,0,0,0,0,0,0,0,0,0,0,0,0,0,0,0,0,0,0,0,0,0,0,0,0,0,0,0,0,0,0,0,0,1,0,0,0,0,0,0,0,0,0,0,0,0,0,0,0,0,0,0,0,0,0,0,0,0,0,0,0,0,0,0,0,0,0,0,0,0,0,5,287.1025,4,0.0,0.0,0.0,0.0,0.0,0.0,0.0,0.0,0.0,0.0,0.0,0.0,0.0,0.0,0.0,0.0,0.0,0.0,0.0,0.0,0.0,1.0,0.0,82,92,55,18,5,0
54869,24,6,6,41,6,8,6,5376.0,0,1,0,0,0,4284772.012498,,0,6,0,False,10,13,0,0,0,0,0,0,0,0,0,0,0,0,0,0,0,0,0,0,0,0,0,0,0,0,0,0,0,0,0,0,0,0,0,0,0,0,0,0,0,0,0,0,0,0,0,0,0,0,0,0,0,0,0,0,0,0,0,0,0,0,0,0,0,0,0,0,1,1,0,0,0,0,0,0,0,0,0,0,0,0,1,0,0,0,0,0,0,0,0,0,0,0,0,0,0,0,0,0,0,0,0,0,1,0,0,1,0,0,0,0,0,0,0,0,0,0,0,0,0,0,0,0,0,0,1,0,0,0,0,0,0,0,0,0,0,0,0,0,0,0,0,0,0,0,0,0,0,0,0,0,0,0,0,6,1400.8594444444445,4,0.0,0.0,0.0,0.0,0.0,0.0,0.0,0.0,0.0,0.0,0.0,0.0,0.0,0.0,0.0,0.0,0.8223548294979172,0.0,0.0,0.0,0.0,0.5689749857431797,0.0,27,90,42,6,0,1
55197,6,4,1,2055,51,3,1,4.0,0,0,0,0,0,4357201.239013,,0,1,0,False,10,35,0,0,0,0,0,0,0,0,0,0,0,0,0,0,0,0,0,0,0,0,0,0,0,0,0,0,0,0,0,0,0,0,0,0,0,0,0,0,0,0,0,0,0,0,0,0,0,0,0,0,0,0,0,0,0,0,0,0,0,0,0,0,0,0,0,1,1,1,0,0,0,0,0,0,0,0,0,0,0,0,0,0,0,0,0,0,0,0,0,0,0,0,0,0,0,0,1,0,0,0,0,0,0,0,0,0,0,0,0,0,0,0,0,0,0,0,0,0,0,0,0,0,0,0,0,0,0,0,0,0,0,0,0,0,0,0,0,0,0,0,0,0,0,0,0,0,0,0,0,0,0,0,0,4,878.0616666666666,4,0.0,0.0,0.0,0.0,0.0,0.0,0.0,0.0,0.0,0.0,0.0,0.0,0.0,0.0,0.0,0.0,0.0,0.0,0.0,0.0,0.0,0.0,0.0,69,87,52,21,0,1
55544,3,1,1,28,2,2,1,5241.0,0,0,0,0,0,4364319.736092,,0,1,0,False,10,21,0,0,0,0,0,0,0,0,0,0,0,0,0,0,0,0,0,0,0,0,0,0,0,0,0,0,0,0,0,0,0,0,0,0,0,0,0,0,0,0,0,0,0,0,0,0,0,0,0,0,0,0,0,0,0,0,0,0,0,0,0,0,0,0,0,0,1,1,0,0,0,0,0,0,0,0,0,0,0,0,0,0,0,0,0,0,0,0,1,0,0,0,0,0,0,0,0,0,0,0,0,0,0,0,0,1,0,0,0,0,0,0,0,0,0,0,0,0,0,0,0,0,0,0,0,0,0,0,0,0,0,0,0,0,0,0,0,0,0,0,0,0,0,0,0,0,0,0,0,0,0,0,0,4,273.57472222222225,4,0.0,0.0,0.0,0.0,0.0,0.0,0.0,0.0,0.0,1.0,0.0,0.0,0.0,0.0,0.0,0.0,0.0,0.0,0.0,0.0,0.0,0.0,0.0,78,86,51,32,5,0
55591,7,0,2,14,1,3,4,583.0,0,0,0,0,0,4395097.196072,,0,2,0,False,10,174,0,0,0,0,0,0,0,0,0,0,0,0,0,0,0,0,0,0,0,0,0,0,0,0,0,0,0,0,0,0,0,0,0,0,0,0,0,0,0,0,0,0,0,0,0,0,0,0,0,0,0,0,0,0,0,0,0,0,0,0,0,0,0,0,0,0,1,1,0,0,0,0,0,0,0,0,0,0,0,0,1,0,0,0,0,1,0,0,0,0,0,0,0,0,0,0,0,0,0,0,0,0,0,0,0,0,0,0,0,0,0,0,0,0,0,0,0,0,0,0,0,0,0,0,0,0,0,0,0,0,0,0,0,0,0,0,0,0,0,0,0,0,0,0,0,0,0,0,0,0,0,0,0,4,176.7927777777778,4,0.0,0.0,0.0,0.0,0.0,0.0,0.0,0.0,0.1636803624396128,0.0,0.0,0.3994742095525798,0.0,0.16757977717109412,0.0,0.0,0.4360213898778831,0.0,0.3161313696500156,0.0,0.0,0.70391222309989,0.0,89,86,58,1,1,1
55472,5,1,1,50,2,2,3,4524.0,0,0,0,0,0,4401333.459447,,0,1,0,False,10,268,0,0,0,0,0,0,0,0,0,0,0,0,0,0,0,0,0,0,0,0,0,0,0,0,0,0,0,0,0,0,0,0,0,0,0,0,0,0,0,0,0,0,0,0,0,0,0,0,0,0,0,0,0,0,0,0,0,0,0,0,0,0,0,0,0,1,1,1,0,0,0,0,0,0,0,0,0,0,0,0,0,0,0,0,0,0,0,0,0,1,0,0,0,0,0,0,0,0,0,0,0,0,0,0,0,0,0,0,0,0,0,0,0,0,0,0,0,0,0,0,0,0,0,0,0,0,0,0,0,0,0,0,0,0,0,0,0,0,0,0,0,0,0,0,0,0,0,0,0,0,0,0,0,4,393.675,4,0.11009403189479824,0.11686350453402403,0.0,0.09154169117481008,0.0,0.0,0.7867698185303206,0.0,0.11669131092004338,0.09800921656962054,0.0,0.0,0.0,0.238942577965005,0.12068329223799566,0.2016383418728018,0.103616395629624,0.10509785512507601,0.22537696885305358,0.10304006988865984,0.18035872236863837,0.2867625268869382,0.11550293739790103,82,83,59,34,6,0
55495,7,1,1,8,1,3,3,23454.0,0,0,0,0,0,4402741.968402,,1,1,0,False,10,257,0,0,0,0,0,0,0,0,0,0,0,0,0,0,0,0,0,0,0,0,0,0,0,0,0,0,0,0,0,0,0,0,0,0,0,0,0,0,0,0,0,0,0,0,0,0,0,0,0,0,0,0,0,0,0,0,0,0,0,0,0,0,0,0,0,0,1,0,1,0,0,0,0,0,0,0,0,0,1,0,0,0,0,0,0,0,0,0,0,0,0,0,0,0,0,0,0,0,0,0,0,0,0,0,0,0,0,0,0,0,0,0,0,0,0,0,0,0,0,0,0,0,1,0,0,0,0,0,0,0,0,0,0,0,1,0,0,0,0,0,0,0,0,0,0,0,0,0,0,0,0,0,0,5,339.8827777777778,4,0.11539955113793579,0.12249525006513716,0.0,0.09595315831538499,0.0,0.0,0.8246848838639363,0.0,0.12231475830350222,0.20546471783906642,0.0,0.0,0.0,0.12522870572698877,0.12649911638644462,0.21135545445872975,0.10860975241251333,0.11016260462313594,0.11811903240733149,0.1080056530742308,0.09452517655562327,0.3005818418709077,0.0,77,80,42,0,1,1
54677,8,0,1,39,5,2,2,4285.0,0,0,0,0,0,4426044.172624,,1,1,0,False,10,116,0,0,0,0,0,0,0,0,0,0,0,0,0,0,0,0,0,0,0,0,0,0,0,0,0,0,0,0,0,0,0,0,0,0,0,0,0,0,0,0,0,0,0,0,0,0,0,0,0,0,0,0,0,0,0,0,0,0,0,0,0,0,0,0,0,0,1,1,0,0,0,0,0,0,0,0,0,0,0,0,0,0,0,0,1,0,0,0,0,0,0,0,0,0,0,0,0,0,0,0,0,0,0,0,0,0,0,0,0,1,0,0,0,0,0,0,0,0,0,0,0,0,0,0,0,0,0,0,0,1,0,0,0,0,0,0,0,0,0,0,0,0,0,0,0,0,0,0,0,0,0,0,0,5,662.4611111111111,4,0.0,0.0,0.0,0.19552401685953708,0.0,0.0,0.0,0.0,0.0,0.20933801273513852,0.0,0.20276388856559918,0.0,0.0,0.0,0.0,0.6639431812764881,0.0,0.0,0.0,0.0,0.6124964529511981,0.24670287373200384,21,55,30,5,5,0
55571,4,0,1,58,1,1,1,4549.0,0,0,0,0,0,4526705.824541,,1,1,0,False,10,268,0,0,0,0,0,0,0,0,0,0,0,0,0,0,0,0,0,0,0,0,0,0,0,0,0,0,0,0,0,0,0,0,0,0,0,0,0,0,0,0,0,0,0,0,0,0,0,0,0,0,0,0,0,0,0,0,0,0,0,0,0,0,0,0,0,0,1,1,0,0,0,0,0,0,0,0,0,0,0,0,0,0,0,0,0,1,0,0,1,0,0,0,0,0,0,0,0,1,0,1,0,0,0,0,0,0,0,0,0,0,0,0,0,0,0,0,0,0,0,0,0,0,0,0,0,0,0,0,0,0,0,0,0,0,0,0,0,0,0,0,0,0,0,0,0,0,0,0,0,0,0,0,0,6,169.3525,4,0.11639337525723965,0.12355018253943578,0.0,0.09677950956300145,0.0,0.0,0.8317870928441918,0.0,0.12336813637776825,0.10361709282985127,0.0,0.0,0.0,0.1263071787968877,0.12758853026800476,0.21317565346571243,0.10954510259780269,0.11111132801452024,0.11913627677438217,0.10893580073934638,0.0953392299849139,0.30317046098883677,0.12211176668244586,85,97,58,5,0,1
55460,21,0,1,68,2,4,6,5.0,0,0,0,0,0,4548418.952722,,0,1,0,False,10,18,0,0,0,0,0,0,0,0,0,0,0,1,0,0,0,0,0,0,0,0,0,0,0,0,0,0,0,0,0,0,0,0,0,0,0,0,0,0,0,0,0,0,0,0,0,0,0,0,0,0,0,0,0,0,0,0,0,0,0,0,0,0,0,0,0,0,1,1,0,0,0,0,0,0,0,0,0,0,0,0,0,1,0,0,0,0,0,0,0,0,0,0,0,0,0,0,0,0,0,0,0,0,0,0,0,0,0,0,0,0,0,0,1,1,0,0,0,0,0,0,0,0,0,0,0,0,0,0,0,0,0,0,0,0,0,0,0,0,0,0,0,0,0,0,0,0,0,0,0,0,0,0,0,6,284.37,4,0.0,0.0,0.0,0.0,0.0,0.0,0.0,0.0,0.0,0.49940019068073355,0.6357845419577559,0.0,0.0,0.0,0.0,0.0,0.0,0.0,0.0,0.0,0.0,0.0,0.5885384148512426,77,77,55,0,5,0
54845,9,0,1,17,3,5,5,4.0,0,0,0,0,0,4666076.518604,,0,1,0,False,10,9,0,0,1,0,0,0,0,0,0,0,0,0,0,0,1,0,0,0,0,0,0,0,0,0,0,0,0,0,0,0,0,0,0,0,0,0,0,0,0,0,0,0,0,0,0,0,0,0,0,0,0,0,0,0,0,0,0,0,0,0,0,0,0,0,0,0,1,1,0,0,0,0,0,0,0,0,0,0,0,0,0,0,0,0,0,0,0,0,0,0,0,0,0,0,0,0,0,0,0,0,0,0,0,0,0,0,0,0,0,0,0,0,0,0,0,0,0,0,0,0,0,0,0,0,0,0,0,0,1,0,0,0,0,0,1,0,0,0,0,0,0,0,0,0,0,0,0,0,0,0,0,0,0,6,230.0186111111111,4,0.0,0.0,0.0,0.0,0.0,0.0,0.0,0.0,0.0,0.0,0.0,0.0,0.0,0.0,0.0,0.0,0.0,0.0,0.0,0.0,0.0,1.0,0.0,27,15,40,3,6,0
54059,1,0,1,5,1,5,5,863791.0,0,0,0,0,0,4666525.051956,,0,1,0,False,10,282,0,0,0,0,0,0,0,0,0,0,0,0,0,0,1,0,0,0,0,0,0,0,0,0,0,0,0,0,0,0,0,0,0,0,0,0,0,0,0,0,0,0,0,0,0,0,0,0,0,0,0,0,0,0,0,0,0,0,0,0,0,0,0,0,0,0,0,0,0,0,0,0,0,0,0,0,0,0,0,0,0,0,0,0,0,0,0,0,0,0,0,0,0,0,0,0,0,0,0,0,0,0,0,0,0,0,0,0,0,0,0,0,0,0,0,0,0,0,0,0,0,0,0,0,0,0,0,0,1,0,0,0,0,0,1,0,0,0,0,0,0,0,0,0,0,0,0,0,0,0,0,0,0,3,239.9413888888889,4,0.11639337525723965,0.12355018253943578,0.0,0.09677950956300145,0.0,0.0,0.8317870928441918,0.0,0.12336813637776825,0.10361709282985127,0.0,0.0,0.0,0.1263071787968877,0.12758853026800476,0.21317565346571243,0.10954510259780269,0.11111132801452024,0.11913627677438217,0.10893580073934638,0.0953392299849139,0.30317046098883677,0.12211176668244586,0,1,0,0,4,1
54350,15,0,2,137,8,4,4,4884.0,0,0,0,0,0,4668941.955012,,0,2,0,False,10,41,0,0,0,0,0,0,0,0,0,0,0,0,0,0,0,0,0,0,0,0,0,0,0,0,0,0,0,0,0,0,0,0,0,0,0,0,0,0,0,0,0,0,0,0,0,0,0,0,0,0,0,0,0,0,0,0,0,0,0,0,0,0,0,0,0,0,0,1,0,1,0,0,0,0,0,0,0,0,0,0,1,0,0,0,0,1,0,0,0,0,0,0,0,0,0,0,0,0,0,1,0,0,0,0,0,0,0,0,0,0,0,0,0,0,0,0,0,0,0,0,0,0,0,0,0,0,0,0,0,1,0,0,0,0,0,0,0,0,0,0,0,0,0,0,0,0,0,0,0,0,0,0,0,6,291.7027777777778,4,0.0,0.0,0.0,0.4504635914253599,0.0,0.0,0.0,0.0,0.0,0.0,0.0,0.0,0.5912536521292243,0.0,0.0,0.0,0.0,0.0,0.0,0.0,0.0,0.35277936230450446,0.5683734627655023,10,3,10,0,1,1
54227,1,0,1,6,1,1,1,7610248.0,0,0,0,0,0,4684301.573002,,0,1,0,False,10,255,0,0,0,0,0,0,0,0,0,0,0,0,0,0,0,0,0,0,0,0,0,0,0,0,0,0,0,0,0,0,0,0,0,0,0,0,0,0,0,0,0,0,0,0,0,0,0,0,0,0,0,0,0,0,0,0,0,0,0,0,0,0,0,0,0,0,0,0,0,0,0,0,0,0,0,0,0,0,1,0,0,0,0,0,0,0,0,0,0,0,0,0,0,0,0,0,0,0,0,0,0,0,0,0,0,0,0,0,0,0,0,0,0,0,0,0,0,0,0,0,0,0,0,0,0,0,0,0,0,0,0,0,0,0,0,0,0,0,0,0,0,0,0,0,0,0,0,0,0,0,0,0,0,1,2113.9575,4,0.0,0.0,0.0,0.0,0.0,0.0,0.0,0.0,0.0,0.0,0.6564657108195713,0.0,0.0,0.0,0.0,0.0,0.0,0.0,0.0,0.0,0.0,0.7543558646409233,0.0,8,92,6,0,1,1
54626,4,0,1,2,1,2,2,27602.0,0,0,0,0,0,4684874.758023,,0,1,0,False,10,0,0,0,0,0,0,0,0,0,0,0,0,0,0,0,0,0,0,0,0,0,0,0,0,0,0,0,0,0,0,0,0,0,0,0,0,0,0,0,0,0,0,0,0,0,0,0,0,0,0,0,0,0,0,0,0,0,0,0,0,0,0,0,0,0,0,0,1,0,0,0,0,0,0,0,0,0,0,0,1,0,0,0,0,0,0,0,0,0,0,0,0,0,0,0,0,0,0,0,0,0,0,1,0,0,0,0,0,0,0,0,0,0,0,0,0,0,0,0,0,0,0,0,0,0,0,0,0,0,0,0,0,0,0,0,0,0,0,0,0,0,0,0,0,0,0,0,0,0,0,0,0,0,0,3,1574.4044444444444,4,0.0,0.0,0.0,0.0,0.0,0.0,0.0,0.0,0.0,0.0,0.0,0.0,0.0,0.0,0.0,0.0,0.0,0.0,0.0,0.0,0.0,0.0,0.0,16,91,24,0,3,1
55527,14,0,1,257,5,6,6,4595.0,0,0,0,0,0,4686751.437016,,0,1,0,False,10,155,0,0,0,0,0,0,0,0,0,0,0,0,0,0,0,0,0,0,0,0,0,0,0,0,0,0,0,0,0,0,0,0,0,0,0,0,0,0,0,0,0,0,0,0,0,0,0,0,0,0,0,0,0,0,0,0,0,0,0,0,0,0,0,0,0,0,0,1,1,1,0,0,0,0,0,0,0,0,0,0,0,0,0,0,0,0,1,0,0,0,0,0,0,0,0,0,0,0,0,0,0,0,0,0,0,0,1,0,0,1,0,0,0,0,0,0,1,0,0,0,0,0,0,0,0,0,0,0,0,1,0,0,0,0,1,0,0,0,0,0,0,0,0,0,0,0,0,0,0,0,0,0,0,9,205.90527777777777,4,0.0,0.0,0.0,0.0,0.0,0.0,0.0,0.0,0.0,0.0,0.0,0.0,0.0,0.0,0.0,0.0,0.0,0.0,0.0,0.0,0.0,0.5273583657928256,0.8496429567932169,76,89,48,0,4,1
55434,6,5,4,5,1,4,2,9962.0,0,0,0,0,0,4691116.395644,,0,4,0,False,10,12,0,0,0,0,0,0,0,0,0,0,0,0,0,0,0,0,0,0,0,0,0,0,0,0,0,0,0,0,0,0,0,0,0,0,0,0,0,0,0,0,0,0,0,0,0,0,0,0,0,0,0,0,0,0,0,0,0,0,0,0,0,0,0,0,0,0,0,1,0,0,0,0,0,0,0,0,0,0,0,0,1,0,0,0,0,0,0,0,1,0,0,0,0,0,0,0,0,0,0,0,0,0,0,0,0,0,0,0,0,0,0,0,0,0,0,0,0,0,0,0,0,0,0,0,0,1,0,0,0,0,0,0,0,0,0,0,0,0,0,0,0,0,0,0,0,0,0,0,0,0,0,0,0,4,379.49111111111114,4,0.0,0.0,0.0,0.0,0.0,0.0,0.0,0.0,0.0,0.0,0.0,0.0,0.0,0.0,0.0,0.0,0.0,0.0,0.0,0.0,0.0,0.0,0.0,78,83,52,3,3,1
55368,8,7,1,842,7,2,1,4.0,0,0,0,0,0,4691136.892451,,1,1,0,False,10,255,0,0,1,0,0,0,0,0,0,0,0,0,0,0,0,0,0,0,0,0,0,0,0,0,0,0,0,0,0,0,0,0,0,0,0,0,0,0,0,0,0,0,0,0,0,0,0,0,0,0,0,0,0,0,0,0,0,0,0,0,0,0,0,0,0,0,1,1,0,0,0,0,0,0,0,0,0,0,0,0,0,0,0,0,0,0,0,0,0,0,0,0,0,0,0,0,0,0,0,0,0,0,0,0,0,0,0,0,0,0,1,0,0,0,0,0,0,0,0,0,0,0,0,0,0,0,0,0,0,0,0,0,0,0,0,0,0,0,0,0,0,0,0,0,0,0,0,0,0,0,0,0,0,4,497.0447222222222,4,0.11727098962405157,0.12448175974457484,0.0,0.09750923398088852,0.0,0.0,0.8380588269630403,0.0,0.12429834094183949,0.10439837311417831,0.0,0.0,0.0,0.12725954395082056,0.12855055690359415,0.2147830131261961,0.11037108049939066,0.11194911536767141,0.12003457281463875,0.10975718446138139,0.09605809459186102,0.30545638792899776,0.0,96,82,54,0,5,0
55266,26,0,2,24829,11,2,3,5.0,0,0,0,0,0,4746726.698288,,1,2,0,False,10,43,0,1,0,0,0,0,0,0,0,0,0,0,0,0,0,0,0,0,1,0,0,0,0,0,0,0,0,0,0,0,0,0,0,0,0,0,0,0,0,0,0,0,0,0,0,0,0,0,0,0,0,0,0,0,0,0,0,0,0,0,0,0,0,0,0,0,1,1,0,0,0,0,0,0,0,0,0,0,0,1,0,0,1,0,0,0,0,0,0,0,0,1,0,0,0,0,0,0,0,0,0,0,0,0,0,0,0,0,0,0,0,0,0,0,0,0,0,0,0,0,0,0,0,0,0,0,0,0,0,0,0,0,0,0,0,0,0,0,0,0,0,0,0,0,0,0,0,0,0,0,0,0,0,7,676.8236111111111,4,0.0,0.3643837184579491,0.0,0.0,0.0,0.0,0.0,0.0,0.0,0.0,0.0,0.0,0.0,0.0,0.0,0.0,0.6461577150758805,0.0,0.0,0.0,0.0,0.6706002631752207,0.0,96,78,65,23,4,1
55521,5,0,1,13,1,1,1,5.0,0,0,0,0,0,4819747.220132,,0,1,0,False,10,70,0,0,0,0,0,0,0,0,0,0,0,0,0,0,0,0,0,0,0,0,0,0,0,0,0,0,0,0,0,0,0,0,0,0,0,0,0,0,0,0,0,0,0,0,0,0,0,0,0,0,0,0,0,0,0,0,0,0,0,0,0,0,0,0,0,0,1,1,0,0,0,0,0,0,0,0,0,0,0,0,0,0,0,0,0,1,0,0,0,0,0,0,0,0,0,0,0,0,0,0,0,0,0,0,0,0,0,1,0,0,0,0,0,0,0,0,0,0,0,0,0,0,0,0,0,0,0,0,0,0,0,0,0,0,0,0,0,0,0,0,0,0,0,0,0,0,0,0,0,0,0,0,0,4,177.71194444444444,4,0.0,0.0,0.0,0.38926180827350715,0.0,0.0,0.0,0.0,0.49620528215718074,0.41676360114983885,0.5305802044258963,0.0,0.0,0.0,0.0,0.0,0.0,0.0,0.0,0.0,0.38346878622248304,0.0,0.0,76,78,49,3,3,1
55430,7,4,3,59,2,3,2,4.0,0,1,0,0,0,4953992.622515,,0,3,0,False,10,19,0,0,0,0,0,0,0,0,0,0,0,0,0,0,0,0,0,0,0,0,0,0,0,0,0,0,0,0,0,0,0,0,0,0,0,0,0,0,0,0,0,0,0,0,0,0,0,0,0,0,0,0,0,0,0,0,0,0,0,0,0,0,0,0,0,0,1,1,0,0,0,0,0,0,0,0,0,0,0,0,1,0,0,0,0,1,0,0,0,0,0,0,0,0,0,0,0,0,0,0,0,0,0,0,0,0,0,1,0,0,0,0,0,0,0,0,0,0,0,0,0,0,0,0,0,0,0,0,0,0,0,0,0,0,0,0,0,0,0,0,0,0,0,0,0,0,0,0,0,0,0,0,0,5,308.0463888888889,4,0.0,0.0,0.0,0.0,0.0,0.0,0.0,0.0,0.0,0.0,0.0,0.0,0.0,0.0,0.0,0.0,0.6061943920361853,0.0,0.0,0.0,0.0,0.4194168176490992,0.6757350754082416,76,80,50,29,3,1
54160,12,12,3,257,5,3,2,4064.0,0,0,0,0,0,4961303.319103,,0,3,0,False,10,304,0,0,0,0,0,0,0,0,0,0,0,0,0,0,0,0,0,0,0,0,0,0,0,0,0,0,0,0,0,0,0,0,0,0,0,0,0,0,0,0,0,0,0,0,0,0,0,0,0,0,0,0,0,0,0,0,0,0,0,0,0,0,0,0,0,0,0,1,0,0,0,0,0,0,0,0,0,0,0,0,0,0,0,0,0,0,1,0,0,0,0,0,0,0,0,0,0,0,0,0,0,0,1,0,0,0,0,0,0,0,0,0,0,0,0,0,0,0,0,0,0,0,0,0,0,0,0,0,0,0,0,0,0,0,0,0,0,0,0,0,0,0,0,0,0,0,0,0,0,0,0,0,0,3,1679.21,4,0.10543455840089412,0.11191752887658463,0.0,0.08766740229397622,0.0,0.0,0.7534716183267999,0.0,0.11175262295628141,0.28158361421743283,0.0,0.0,0.0,0.1144149449217412,0.11557565296216862,0.1931044686633178,0.29769321901320756,0.10064983317698889,0.10791920677162753,0.09867913890817748,0.0863627297475029,0.34328246349833924,0.0,4,87,3,0,3,1
55486,3,0,1,15,6,1,1,5265.0,0,0,0,0,0,5012633.598934,,0,1,0,False,10,269,0,0,0,0,0,0,0,0,0,0,0,0,0,0,0,0,0,0,0,0,0,0,0,0,0,0,0,0,0,0,0,0,0,0,0,0,0,0,0,0,0,0,0,0,0,0,0,0,0,0,0,0,0,0,0,0,0,0,0,0,0,0,0,0,0,1,0,1,0,0,0,0,0,0,0,0,0,0,0,0,0,0,0,0,0,0,0,0,0,0,0,0,0,0,0,0,0,0,0,0,0,0,0,0,0,0,0,0,0,0,0,0,0,0,0,0,0,0,0,0,0,0,0,0,0,0,0,0,0,0,0,0,0,0,0,0,0,0,0,0,0,0,0,0,0,0,0,0,0,0,0,0,0,2,199.67527777777778,4,0.11452196071900914,0.12156369828039326,0.0,0.09522345380983901,0.0,0.0,0.8184133208849126,0.0,0.12138457912237023,0.10195109995437698,0.0,0.0,0.0,0.24855273312140358,0.12553711600213865,0.20974813865904207,0.10778379704978155,0.10932484013109114,0.11722076087931091,0.10718429176568839,0.09380633156468035,0.2982959773079344,0.0,84,77,58,3,0,1
55442,4,0,1,85,2,1,1,5192.0,0,0,0,0,0,5349305.071295,,1,1,0,False,10,271,0,0,0,0,0,0,0,0,0,0,0,0,0,0,0,0,0,0,0,0,0,0,0,0,0,0,0,0,0,0,0,0,0,0,0,0,0,0,0,0,0,0,0,0,0,0,0,0,0,0,0,0,0,0,0,0,0,0,0,0,0,0,0,0,0,0,0,1,0,0,0,0,0,0,0,0,0,0,0,0,0,0,0,0,0,1,0,0,0,0,0,0,0,0,0,0,0,0,0,1,0,0,0,0,0,0,0,0,0,0,0,0,0,0,0,0,0,0,0,0,0,0,0,0,0,0,0,0,0,0,0,0,0,0,0,0,0,0,0,0,0,0,0,0,0,0,0,0,0,0,0,0,0,3,182.45472222222222,4,0.11727098962405157,0.12448175974457484,0.0,0.09750923398088852,0.0,0.0,0.8380588269630403,0.0,0.12429834094183949,0.10439837311417831,0.0,0.0,0.0,0.12725954395082056,0.12855055690359415,0.2147830131261961,0.11037108049939066,0.11194911536767141,0.12003457281463875,0.10975718446138139,0.09605809459186102,0.30545638792899776,0.0,80,81,53,3,4,1
55071,17,3,5,22,2,6,4,5353.0,0,0,0,0,0,5654338.911713,,0,5,0,False,10,13,0,0,0,0,0,0,0,0,0,0,0,0,0,0,0,0,0,0,0,0,0,0,0,0,0,0,0,0,0,0,0,0,0,0,0,0,0,0,0,0,0,0,0,0,0,0,0,0,0,0,0,0,0,0,0,0,0,0,0,0,0,0,0,0,0,0,1,1,0,0,0,0,0,0,0,0,0,0,0,0,1,0,0,0,0,0,1,0,0,0,0,0,0,0,0,0,0,0,0,0,0,0,0,0,0,0,0,0,0,0,0,0,0,0,0,0,0,0,0,0,0,0,0,0,0,0,0,0,0,0,0,0,0,0,0,0,0,0,0,0,0,0,0,0,0,0,0,0,0,0,0,0,0,4,707.9933333333333,4,0.0,0.0,0.0,0.0,0.0,0.0,0.0,0.0,0.0,1.0,0.0,0.0,0.0,0.0,0.0,0.0,0.0,0.0,0.0,0.0,0.0,0.0,0.0,45,100,52,15,6,0
55205,5,0,1,17,5,1,1,5.0,0,0,0,0,0,5671812.946956,,0,1,0,False,10,263,0,0,0,0,0,0,0,0,0,0,0,0,0,0,0,0,0,0,0,0,0,0,0,0,0,0,0,0,0,0,0,0,0,0,0,0,0,0,0,0,0,0,0,0,0,0,0,0,0,0,0,0,0,0,0,0,0,0,0,0,0,0,0,0,0,1,1,1,0,0,0,0,0,0,0,0,0,0,0,0,0,0,0,0,0,0,0,0,0,0,0,0,0,0,0,0,0,0,0,0,0,0,0,0,0,0,0,0,0,0,0,0,0,0,0,0,0,0,0,0,0,0,0,0,0,0,0,0,0,0,0,0,0,0,0,0,0,0,0,0,0,0,0,0,0,0,0,0,0,0,0,0,0,3,508.2991666666667,4,0.1156808115144442,0.12279380460728292,0.0,0.09618702249569448,0.0,0.0,0.8266948672533789,0.0,0.1226128729376905,0.10298274587220661,0.0,0.0,0.0,0.12553392245075518,0.1268074294496411,0.2118705857058792,0.10887446418612774,0.11043110112375418,0.11840692090603099,0.1082688924919681,0.18951112070497456,0.3013144423115728,0.0,72,101,51,2,1,1
55322,6,3,4,9,1,3,1,999.0,0,0,0,0,0,5677966.685573,,1,4,0,False,10,283,0,0,0,0,0,0,0,0,0,0,0,0,0,0,0,0,0,0,0,0,0,0,0,0,0,0,0,0,0,0,0,0,0,0,0,0,0,0,0,0,0,0,0,0,0,0,0,0,0,0,0,0,0,0,0,0,0,0,0,0,0,0,0,0,0,0,1,0,0,0,0,0,0,0,0,0,0,0,1,0,1,0,0,0,0,0,0,0,0,0,0,0,0,0,0,0,0,0,0,0,0,0,0,0,0,0,0,0,0,0,0,0,0,0,0,0,0,0,0,0,0,0,0,1,0,0,0,0,0,0,0,0,0,0,0,0,0,0,0,0,0,0,0,0,0,0,0,0,0,0,0,0,0,4,324.29583333333335,4,0.09812745716159622,0.10416112787906961,0.0,0.0815916469281444,0.0,0.10953682778880278,0.8014314966956751,0.0,0.10400765069971141,0.17471238058693447,0.0,0.08461282593998132,0.0,0.10648546147236805,0.10756572709155043,0.17972143824440603,0.18470780383628296,0.09367433546639702,0.10043990793920297,0.09184021940071285,0.08037739420725581,0.38338968636653203,0.0,95,99,68,0,1,1
55378,7,11,3,16,1,6,4,6959.0,0,0,0,0,0,5678525.436615,,2,3,0,False,10,126,0,0,0,0,0,0,0,0,0,0,0,0,0,0,0,0,0,0,0,0,0,0,0,0,0,0,0,0,0,0,0,0,0,0,0,0,0,0,0,0,0,0,0,0,0,0,0,0,0,0,0,0,0,0,0,0,0,0,0,0,0,0,0,0,0,1,1,1,0,0,0,0,0,0,0,0,0,0,0,0,1,0,0,0,0,0,0,0,0,0,0,0,0,0,0,0,0,0,0,0,0,0,0,0,0,0,0,0,0,0,0,0,0,0,0,0,0,0,0,0,0,0,0,0,0,0,0,0,0,0,0,0,0,0,0,0,0,0,0,0,0,0,0,0,0,0,0,0,0,0,0,0,0,4,202.69722222222222,4,0.0,0.0,0.0,0.0,0.0,0.0,0.0,0.0,0.0,0.0,0.0,0.0,0.0,0.0,0.0,0.0,0.0,0.0,0.0,0.0,0.7827826577020859,0.622295195868375,0.0,100,97,59,27,6,0
54679,7,0,2,105,2,7,8,5.0,0,0,0,0,0,5725616.904509,,0,2,0,False,10,9,0,0,1,0,0,0,0,0,0,0,0,0,0,0,0,0,0,0,0,0,0,0,0,0,0,0,0,0,0,0,0,0,0,0,0,0,0,0,0,0,0,0,0,0,0,0,0,0,0,0,0,0,0,0,0,0,0,0,0,0,0,0,0,0,0,0,1,1,0,0,0,0,0,0,0,0,0,0,0,0,1,0,0,0,0,0,0,0,0,0,0,0,0,0,0,0,0,0,0,0,0,0,0,0,0,0,0,0,0,0,0,0,0,0,0,0,0,0,0,0,0,0,0,0,0,0,0,0,0,0,0,0,0,0,0,0,0,0,0,0,0,0,0,0,0,0,0,0,0,0,0,0,0,4,1215.2769444444446,4,0.0,0.0,0.0,0.0,0.0,0.0,0.0,0.0,0.0,0.0,0.0,0.0,0.0,0.0,0.0,0.0,0.0,0.0,0.0,0.0,0.0,1.0,0.0,22,93,32,2,6,0
55381,2,0,1,4,1,6,6,1363.0,0,0,0,0,0,5734332.310483,,0,1,0,False,10,16,0,0,0,0,0,0,0,0,0,0,0,0,0,0,0,0,0,0,0,0,0,0,0,0,0,0,0,0,0,0,0,0,0,0,0,0,0,0,0,0,0,0,0,0,0,0,0,0,0,0,0,0,0,0,0,0,0,0,0,0,0,0,0,0,0,0,1,0,0,0,0,0,0,0,0,0,0,0,1,1,0,0,0,0,0,0,0,0,0,0,0,0,0,0,0,0,0,0,0,0,0,0,0,0,0,0,0,0,0,0,0,0,0,0,0,0,0,0,0,0,0,0,0,0,0,0,0,0,0,0,0,0,0,0,0,0,0,0,0,0,0,0,0,0,0,0,0,0,0,0,0,0,0,3,177.23555555555555,4,0.0,0.0,0.0,0.0,0.0,0.0,0.0,0.0,0.0,0.0,0.6116925892269478,0.0,0.0,0.0,0.0,0.4942516892725703,0.5079646866822852,0.0,0.0,0.0,0.0,0.35145315622399953,0.0,100,93,59,12,0,1
55017,17,1,2,22,4,4,4,5.0,0,0,0,0,0,5800569.704746,,2,2,0,False,10,42,0,0,0,0,0,0,0,0,0,0,0,0,0,0,0,0,0,0,0,0,0,0,0,0,0,0,0,0,0,0,0,0,0,0,0,0,0,0,0,0,0,0,0,0,0,0,0,0,0,0,0,0,0,0,0,0,0,0,0,0,0,0,0,0,0,0,0,1,0,0,0,0,0,0,0,0,0,0,0,0,1,0,0,0,0,0,0,0,0,0,0,0,0,0,0,0,0,0,0,0,0,0,1,0,0,0,0,0,0,0,0,0,0,0,0,0,0,0,1,0,0,0,0,0,1,0,0,0,0,0,0,0,0,0,0,0,0,0,0,0,0,0,0,0,0,0,0,0,0,0,0,0,0,5,743.3575,4,0.0,0.0,0.0,0.0,0.0,0.0,0.0,0.0,0.6513344000513295,0.0,0.0,0.0,0.0,0.0,0.0,0.0,0.0,0.0,0.0,0.0,0.0,0.4001546836145478,0.644701270737941,32,92,42,5,3,1
54259,25,0,1,28,3,3,4,99.0,0,0,0,0,0,5860829.56031,,0,1,0,False,10,257,0,0,0,0,0,0,0,0,0,0,0,1,0,0,0,0,0,0,0,0,0,0,0,0,0,0,0,0,0,0,0,0,0,0,0,0,0,0,0,0,0,0,0,0,0,0,0,0,0,0,0,0,0,0,0,0,0,0,0,0,0,0,0,0,0,0,1,1,0,0,0,0,0,0,0,0,0,0,0,0,0,1,0,0,0,0,0,0,0,0,0,0,0,0,0,0,0,0,0,0,0,0,0,0,0,0,0,0,0,0,0,0,0,0,0,0,0,0,0,0,0,0,1,0,0,0,0,0,0,0,0,0,0,0,0,0,0,0,0,0,0,0,0,0,0,0,0,0,0,0,0,0,0,5,1754.6605555555554,4,0.11539955113793579,0.12249525006513716,0.0,0.09595315831538499,0.0,0.0,0.8246848838639363,0.0,0.12231475830350222,0.20546471783906642,0.0,0.0,0.0,0.12522870572698877,0.12649911638644462,0.21135545445872975,0.10860975241251333,0.11016260462313594,0.11811903240733149,0.1080056530742308,0.09452517655562327,0.3005818418709077,0.0,9,93,7,1,2,1
54075,15,9,1,58,5,4,3,411.0,0,0,0,0,0,5871755.712165,,0,1,0,False,10,273,0,0,0,0,0,0,0,0,0,0,0,0,0,0,0,0,0,0,0,0,0,0,0,0,0,0,0,0,0,0,0,0,0,0,0,0,0,0,0,0,0,0,0,0,0,0,0,0,0,0,0,0,0,0,0,0,0,0,0,0,0,0,0,0,0,0,0,1,0,0,0,0,0,0,0,0,0,0,0,0,0,0,0,0,0,1,0,0,0,0,0,0,0,0,0,0,0,0,0,0,0,0,0,0,0,1,0,0,0,0,0,0,0,0,0,0,0,0,0,0,0,0,0,0,0,0,0,0,0,0,0,0,0,0,0,0,0,0,0,0,0,0,0,0,0,0,0,0,0,0,0,0,0,3,2011.326388888889,4,0.21798335484071646,0.11569336837946007,0.0,0.09062509841199089,0.0,0.0,0.7788920143034755,0.1114484565982311,0.11552289891344251,0.09702786547762746,0.0,0.0,0.0,0.11827504148651813,0.23894981828260076,0.19961936841387218,0.10257890072293543,0.1040455265941173,0.11156015210108206,0.10200834564227276,0.08927640922050457,0.3548640226994074,0.0,2,92,2,0,6,0
55156,7,1,2,391,4,6,5,5331.0,0,0,0,0,0,5981377.192559,,3,2,0,False,10,24,0,0,0,0,0,0,0,0,0,0,0,0,0,0,0,0,0,0,0,0,0,0,0,0,0,0,0,0,0,0,0,0,0,0,0,0,0,0,0,0,0,0,0,0,0,0,0,0,0,0,0,0,0,0,0,0,0,0,0,0,0,0,0,0,0,0,0,1,0,0,0,0,0,0,0,0,0,0,0,0,1,0,0,0,0,1,0,0,0,0,0,0,0,0,0,0,0,0,0,0,0,0,0,0,0,0,0,0,0,0,0,0,0,0,0,0,0,0,0,0,0,0,0,0,0,0,0,0,0,0,0,0,0,0,0,0,0,0,0,0,0,0,0,0,0,0,0,0,0,0,0,0,0,3,478.4169444444444,4,0.0,0.0,0.0,0.0,0.0,0.0,0.0,0.0,0.0,0.0,0.0,0.0,0.0,0.0,0.0,0.0,0.0,0.0,0.0,0.0,0.0,0.5273583657928256,0.8496429567932169,57,93,49,7,5,0
55158,3,5,5,93,2,3,2,5.0,0,0,0,0,0,5985844.239822,,0,5,0,False,10,21,0,0,0,0,0,0,0,0,0,0,0,0,0,0,0,0,0,0,0,0,0,0,0,0,0,0,0,0,0,0,0,0,0,0,0,0,0,0,0,0,0,0,0,0,0,0,0,0,0,0,0,0,0,0,0,0,0,0,0,0,0,0,0,0,0,0,1,0,0,0,0,0,0,0,0,0,0,1,0,0,1,0,0,0,0,0,0,0,0,0,0,0,0,0,0,0,0,0,0,0,0,0,0,0,0,0,0,0,0,0,0,0,0,0,0,0,0,0,0,0,0,0,0,0,0,0,0,0,0,0,0,0,0,0,0,0,0,0,0,0,0,0,0,0,0,0,0,0,0,0,0,0,0,3,475.36055555555555,4,0.5336513031707214,0.0,0.0,0.0,0.0,0.0,0.0,0.0,0.0,0.0,0.0,0.0,0.0,0.0,0.584979903681612,0.0,0.502252698043067,0.0,0.0,0.0,0.0,0.3475011168633885,0.0,58,92,50,2,5,0
55171,12,19,1,117,2,5,1,370126.0,0,0,0,0,0,5994895.467434,,1,1,0,False,10,604,0,0,0,0,0,0,0,0,0,0,0,0,0,0,0,0,0,0,0,0,0,0,0,0,0,0,0,0,0,0,0,0,0,0,0,0,0,0,0,0,0,0,0,0,0,0,0,0,0,0,0,0,0,0,0,0,0,0,0,0,0,0,0,0,0,0,0,1,0,0,0,0,0,0,0,0,0,0,0,0,1,0,0,0,0,1,1,0,1,0,0,0,0,0,0,0,0,0,0,0,0,0,0,0,0,0,0,0,0,0,0,0,0,0,0,0,0,0,0,0,0,0,0,0,0,0,0,0,0,0,0,0,0,0,0,0,0,0,0,0,0,0,0,0,0,0,0,0,0,0,0,0,0,5,429.88944444444445,4,0.0,0.0,0.0,0.11487529109612052,0.0,0.0,0.846269317473094,0.0,0.0,0.0,0.0,0.0,0.0,0.29984805662559766,0.0,0.0,0.0,0.0,0.0,0.0,0.2263314176079258,0.35985711350568633,0.0,63,90,49,13,0,1
55192,10,0,1,28,5,5,5,4.0,0,0,0,0,0,6018712.621049,,0,1,0,False,10,8,0,0,0,0,0,0,0,0,0,0,0,0,0,0,0,0,0,0,0,0,0,0,0,0,0,0,0,0,0,0,0,0,0,0,0,0,0,0,0,0,0,0,0,0,0,0,0,0,0,0,0,0,0,0,0,0,0,0,0,0,0,0,0,0,0,1,1,0,0,0,0,0,0,0,0,0,0,0,0,0,0,0,0,0,0,0,0,0,0,0,0,0,0,0,0,0,1,0,0,0,0,0,0,0,0,0,0,0,0,0,0,0,0,0,0,0,0,0,0,0,0,0,0,0,0,0,0,0,0,0,0,0,0,0,0,0,0,0,0,0,0,0,0,0,0,0,0,0,0,0,0,0,0,3,418.8541666666667,4,0.0,0.0,0.0,0.0,0.0,0.0,0.0,0.0,0.0,0.0,0.0,0.0,0.0,0.0,0.0,0.0,0.0,0.0,0.0,0.0,1.0,0.0,0.0,68,90,51,20,0,1
54224,21,12,3,255,9,6,6,2489.0,0,0,0,0,0,6075869.80084,,3,3,0,False,10,317,0,0,0,0,0,0,0,0,0,0,0,1,0,0,0,0,1,0,0,0,0,0,0,0,0,0,0,0,0,0,0,0,0,0,0,0,0,0,0,0,0,0,0,0,0,0,0,0,0,0,0,0,0,0,0,0,0,0,0,0,0,0,0,0,0,0,1,1,0,0,0,0,0,0,0,0,0,0,0,0,1,1,0,0,0,1,0,0,0,0,0,0,1,0,0,0,0,0,0,0,0,0,1,0,0,0,0,0,0,0,0,0,0,0,0,0,0,0,0,0,0,0,0,0,0,0,0,0,0,0,0,0,0,0,0,0,0,0,0,0,0,0,0,0,0,0,0,0,0,0,0,0,0,9,938.8816666666667,4,0.08816823597873871,0.09358953312659142,0.0,0.14662137975119108,0.0,0.0,0.6300805395828933,0.0,0.09345163276151092,0.3924508706729406,0.0,0.0,0.09622356601985435,0.09567796381332332,0.096648590351367,0.16148102310932594,0.3319226179260562,0.08416707365555946,0.0902459898689011,0.08251910699292261,0.07221967494939781,0.4593045727417232,0.0,7,10,5,1,1,1
54927,11,3,1,42,3,3,1,4.0,0,0,0,0,0,6073586.803607,,0,1,0,False,10,34,0,0,0,0,0,0,0,0,0,0,0,0,0,0,0,0,0,0,0,0,0,0,0,0,0,0,0,0,0,0,0,0,0,0,0,0,0,0,0,0,0,0,0,0,0,0,0,0,0,0,0,0,0,0,0,0,0,0,0,0,0,0,0,0,0,0,1,1,0,0,0,0,0,0,0,0,0,0,0,0,0,0,0,0,0,0,0,0,0,0,0,0,0,0,0,0,0,0,0,0,0,0,0,0,0,0,0,0,0,0,0,0,0,0,0,0,0,0,0,1,0,0,0,0,0,0,0,0,0,0,0,0,0,0,0,0,0,0,0,0,0,0,0,0,0,0,0,0,0,0,0,0,0,3,814.4358333333333,4,0.0,0.0,0.0,0.4282237896960537,0.0,0.0,0.0,0.0,0.5458714466106775,0.0,0.5836870225843518,0.0,0.0,0.0,0.0,0.0,0.0,0.0,0.0,0.0,0.4218509326529108,0.0,0.0,29,93,50,0,4,1
55343,23,0,230,80689,2039,0,0,8.0,0,0,0,0,0,6133760.228925,,0,230,0,False,10,3707,0,0,0,0,0,0,0,0,0,0,0,0,0,0,0,0,0,0,0,0,0,0,0,0,0,0,0,0,0,0,0,0,0,0,0,0,0,0,0,0,0,0,0,0,0,0,0,0,0,0,0,0,0,0,0,0,0,0,0,0,0,0,0,0,0,0,0,0,0,0,0,0,0,0,0,0,0,0,0,0,0,0,0,0,0,0,0,0,0,0,0,0,0,0,1,0,0,0,0,0,0,0,0,0,0,0,0,0,0,0,0,0,0,0,0,0,1,0,0,0,0,0,0,0,0,0,0,0,0,0,0,0,0,0,0,0,0,0,0,0,0,0,0,0,0,0,0,0,0,0,0,0,0,2,168.04666666666665,4,0.4812131647621775,0.0,0.011582894388803302,0.0434915441390551,0.0,0.0350324521687196,0.021359719177911227,0.010696960454235942,0.044352121831192935,0.26075992083059696,0.011856160501563526,0.009020390181214779,0.011416920167771866,0.06811310699790242,0.045869397113865715,0.0,0.0,0.009986418093071122,0.0,0.00979088695028857,0.8054728375722479,0.06130851660006221,0.18657688667222683,100,95,67,27,2,1
55244,14,0,1,169,2,4,4,5.0,0,0,0,0,0,6226918.161825,,0,1,0,False,10,260,0,0,0,0,0,0,0,0,0,0,0,0,0,0,0,0,0,0,0,0,0,0,0,0,0,0,0,0,0,0,0,0,0,0,0,0,0,0,0,0,0,0,0,0,0,0,0,0,0,0,0,0,0,0,0,0,0,0,0,0,0,0,0,0,0,1,0,1,0,0,0,0,0,0,0,0,0,0,0,0,0,0,0,0,0,0,0,0,0,0,0,0,0,0,0,1,0,0,0,0,0,0,0,0,0,0,0,0,0,0,0,0,0,0,0,0,0,0,0,0,0,0,0,0,0,0,0,0,0,0,0,0,0,0,0,0,0,0,0,0,0,0,0,0,0,0,0,0,0,0,0,0,0,3,307.5113888888889,4,0.2298484205950102,0.12199068142045387,0.0,0.09555791886717349,0.0,0.0,0.8212879347257391,0.0,0.12181093312016535,0.10230919535133294,0.0,0.0,0.0,0.12471287773945038,0.12597805546632893,0.21048486286317028,0.10816237934665951,0.1097088352232619,0.11763248978579002,0.1075607683463673,0.09413581908912756,0.29934371898460344,0.0,90,95,69,0,3,1
55175,17,3,3,19,3,5,4,48.0,0,1,0,0,0,6223996.636323,,0,3,0,False,10,30,0,0,0,0,0,0,0,0,0,0,0,0,0,0,0,0,0,0,0,0,0,0,0,0,0,0,0,0,0,0,0,0,0,0,0,0,0,0,0,0,0,0,0,0,0,0,0,0,0,0,0,0,0,0,0,0,0,0,0,0,0,0,0,0,0,0,0,1,0,0,0,0,0,0,0,0,1,0,0,0,0,0,0,0,0,0,0,0,0,0,0,0,0,0,0,0,0,0,0,0,0,0,1,0,0,0,0,0,0,0,0,0,0,0,0,0,0,0,0,0,0,0,0,0,0,0,0,0,0,0,0,0,0,0,0,0,0,0,0,0,0,0,0,0,0,0,0,0,0,0,0,0,0,3,368.2597222222222,4,0.0,0.0,0.0,0.0,0.0,0.0,0.0,0.0,0.0,0.0,0.0,0.0,0.0,0.0,0.0,0.0,0.5857255462436565,0.0,0.0,0.0,0.0,0.8105094598322529,0.0,65,96,50,5,0,1
55061,4,16,8,22,9,6,2,4.0,0,0,0,0,0,6227453.639608,,0,8,0,False,10,90,0,1,0,0,0,0,0,0,0,0,0,0,0,0,0,0,0,0,1,0,0,0,0,0,0,0,0,0,0,0,0,0,0,0,0,0,0,0,0,0,0,0,0,0,0,0,0,0,0,0,0,0,0,0,0,0,0,0,0,0,0,0,0,0,0,0,0,1,0,0,0,0,0,0,0,0,0,0,0,0,1,0,1,0,0,0,0,0,0,0,0,1,0,0,0,0,0,0,0,0,0,0,0,0,0,0,0,0,0,0,0,0,0,0,0,0,0,0,0,0,0,0,0,0,0,0,0,0,0,0,0,0,0,0,0,0,0,0,0,0,0,0,0,0,0,0,0,0,0,0,0,0,0,6,556.4391666666667,4,0.0,0.0,0.0,0.0,0.0,0.0,0.4969740985434828,0.0,0.0,0.43336219354777045,0.5517118112249995,0.0,0.0,0.0,0.0,0.0,0.0,0.0,0.0,0.0,0.0,0.0,0.510713258037412,40,92,48,0,6,0
55287,12,3,1,4,1,3,2,2084.0,0,0,0,0,0,6255876.538349,,0,1,0,False,10,27,0,1,0,0,0,0,0,0,0,0,0,0,0,0,0,0,0,0,0,0,0,0,0,0,0,0,0,0,0,0,0,0,0,0,0,0,0,0,0,0,0,0,0,0,0,0,0,0,0,0,0,0,0,0,0,0,0,0,0,0,0,0,0,0,0,0,1,1,0,0,0,0,0,0,0,0,0,0,0,0,1,0,1,0,0,0,0,0,0,0,0,0,0,0,0,0,0,0,0,0,0,0,0,0,0,0,0,0,0,0,0,0,0,0,0,0,0,0,0,0,0,0,0,0,0,0,0,0,0,0,0,0,0,0,0,0,0,0,0,0,0,0,0,0,0,0,0,0,0,0,0,0,0,5,200.8738888888889,4,0.0,0.0,0.0,0.0,0.0,0.3566256021582307,0.0,0.0,0.0,0.5688215478674169,0.0,0.0,0.0,0.6933821726497417,0.0,0.0,0.0,0.0,0.0,0.0,0.2616894900803608,0.0,0.0,96,90,69,0,5,0
55207,6,6,1,37,2,4,2,5375.0,0,0,0,0,0,6276998.768424,,0,1,0,False,10,273,0,0,0,0,0,0,0,0,0,0,0,0,0,0,0,0,0,0,0,0,0,0,0,0,0,0,0,0,0,0,0,0,0,0,0,0,0,0,0,0,0,0,0,0,0,0,0,0,0,0,0,0,0,0,0,0,0,0,0,0,0,0,0,0,0,0,0,1,0,0,0,0,0,0,0,0,0,0,0,0,0,0,0,0,0,1,0,0,0,0,0,0,0,0,0,0,0,0,0,0,0,0,0,0,0,0,0,0,0,0,0,0,0,0,0,0,0,0,0,0,0,0,0,0,0,0,0,0,0,0,0,0,0,0,0,0,0,0,0,0,0,0,0,0,0,0,0,0,0,0,0,0,0,2,335.3491666666667,4,0.10984998333498718,0.11660444989241316,0.0,0.09133876811431911,0.0,0.0,0.7850257635819232,0.0,0.1164326379848954,0.2933758702870248,0.0,0.0,0.0,0.11920645359121797,0.12041577016475481,0.20119136444732452,0.10338670622965375,0.10486488173186778,0.11243868467027965,0.10281165804628868,0.08997945803931723,0.3576585653358806,0.0,74,89,53,3,1,1
55291,6,0,1,1,1,2,2,11318.0,0,0,0,0,0,6363396.002669,,0,1,0,False,10,25,0,0,0,0,0,0,0,0,0,0,0,0,0,0,0,0,0,0,0,0,0,0,0,0,0,0,0,0,0,0,0,0,0,0,0,0,0,0,0,0,0,0,0,0,0,0,0,0,0,0,0,0,0,0,0,0,0,0,0,0,0,0,0,0,0,1,1,1,0,0,0,0,0,0,0,0,0,0,0,0,0,0,0,0,0,1,0,0,0,0,0,0,0,0,0,0,0,0,0,0,0,0,0,0,0,0,0,0,0,0,0,0,0,0,0,0,0,0,0,0,0,0,0,0,0,0,0,0,0,0,0,0,0,0,0,0,0,0,0,0,0,0,0,0,0,0,0,0,0,0,0,0,0,4,190.31472222222223,4,0.0,0.0,0.0,0.0,0.0,0.0,0.0,0.0,0.0,0.0,0.0,0.0,0.0,0.0,0.0,0.0,0.0,0.0,0.0,0.0,1.0,0.0,0.0,97,91,71,1,6,0
55116,7,18,1,14,2,6,4,1234010.0,0,0,0,0,0,6348155.298617,,0,1,0,False,10,394,0,0,0,0,0,0,0,0,0,0,0,0,0,0,0,0,0,0,0,0,0,0,0,0,0,0,0,0,0,0,0,0,0,0,0,0,0,0,0,0,0,0,0,0,0,0,0,0,0,0,0,0,0,0,0,0,0,0,0,0,0,0,0,0,0,0,1,1,0,0,0,0,0,0,0,0,0,0,0,0,0,0,0,0,0,0,0,0,0,0,0,0,0,0,0,0,0,0,0,0,0,0,0,0,0,0,0,0,0,0,0,0,0,0,0,0,0,0,0,0,0,0,0,0,0,1,0,0,0,0,0,0,0,0,0,0,0,0,0,0,0,0,0,0,0,0,0,0,0,0,0,0,0,3,455.17,4,0.0,0.0,0.0,0.0,0.0,0.0,0.8643895656814332,0.0,0.0,0.0,0.0,0.0,0.0,0.3062683782639474,0.15468769321932344,0.0,0.0,0.0,0.0,0.0,0.0,0.36756234407664684,0.0,48,91,51,0,2,1
55273,8,0,1,9,1,3,3,25953.0,0,0,0,0,0,6397572.452503,,0,1,0,False,10,267,0,0,0,0,0,0,0,0,0,0,0,0,0,0,0,0,0,0,0,0,0,0,0,0,0,0,0,0,0,0,0,0,0,0,0,0,0,0,0,0,0,0,0,0,0,0,0,0,0,0,0,0,0,0,0,0,0,0,0,0,0,0,0,0,0,0,1,0,0,0,0,0,0,0,0,0,1,0,1,0,0,0,0,0,0,0,0,0,0,0,0,0,0,0,0,0,0,0,0,0,0,0,0,0,1,0,0,0,0,0,0,0,0,0,0,0,0,0,0,0,0,0,0,0,0,0,0,0,0,0,0,0,0,0,0,0,0,0,0,0,0,0,0,0,0,0,0,0,0,0,0,0,0,4,203.6586111111111,4,0.11341030193288314,0.12038368570971311,0.0,0.0942991246383127,0.0,0.0,0.8104690248465611,0.0,0.12020630525215006,0.20192293173507028,0.0,0.0,0.0,0.12307002225845927,0.12431853366987221,0.207712124258398,0.21347509054408526,0.1082636295273735,0.11608290497875061,0.10614385935492682,0.09289575832594593,0.29540043358899626,0.0,95,90,65,0,5,0
54295,30,30,2,94,4,11,3,5.0,0,2,0,0,0,6533500.534159,,0,2,0,False,10,2,0,0,0,0,0,0,0,0,0,0,0,0,0,0,0,0,0,0,0,0,0,0,0,0,0,0,0,0,0,0,0,0,0,0,0,0,0,0,0,0,0,0,0,0,0,0,0,0,0,0,0,0,0,0,0,0,0,0,0,0,0,0,0,0,0,0,1,1,0,0,1,0,1,0,0,0,0,0,0,0,1,0,0,0,0,0,0,0,0,0,0,0,0,0,0,0,0,1,0,0,0,0,0,0,0,0,0,0,0,0,0,0,0,0,0,0,0,0,0,0,0,0,0,1,0,0,0,0,0,0,0,0,0,0,0,0,0,0,0,0,0,0,0,0,0,0,0,0,0,0,0,0,0,7,1350.8858333333333,4,0.0,0.0,0.0,0.0,0.0,0.0,0.0,0.0,0.0,1.0,0.0,0.0,0.0,0.0,0.0,0.0,0.0,0.0,0.0,0.0,0.0,0.0,0.0,10,73,8,0,5,0
55191,4,0,1,16,3,1,1,4.0,0,0,0,0,0,6576675.21123,,0,1,0,False,10,8,0,0,0,0,0,0,0,0,0,0,0,0,0,0,0,0,0,0,0,0,0,0,0,0,0,0,0,0,0,0,0,0,0,0,0,0,0,0,0,0,0,0,0,0,0,0,0,0,0,0,0,0,0,0,0,0,0,0,0,0,0,0,0,0,0,1,1,1,0,0,0,0,0,0,0,0,0,0,0,0,0,0,0,0,0,0,0,0,0,0,0,0,0,0,0,0,0,0,0,0,0,0,0,0,0,0,0,0,0,0,0,0,0,0,0,0,0,0,0,0,0,0,0,0,0,0,0,0,0,0,0,0,0,0,0,0,0,0,0,0,0,0,0,0,0,0,0,0,0,0,0,0,0,3,263.8883333333333,4,0.0,0.0,0.0,0.0,0.0,0.0,0.0,0.0,0.0,0.0,0.0,0.0,0.0,0.0,0.0,0.0,0.0,0.0,0.0,0.0,1.0,0.0,0.0,67,99,50,19,0,1
55222,2,0,1,6,3,1,1,6.0,0,0,0,0,0,6577149.636728,,0,1,0,False,10,1015,0,0,1,0,0,0,0,0,0,0,0,0,0,0,0,0,0,0,0,0,0,0,0,0,0,0,0,0,0,0,0,0,0,0,0,0,0,0,0,0,0,0,0,0,0,0,0,0,0,0,0,0,0,0,0,0,0,0,0,0,0,0,0,0,0,0,0,0,0,0,0,0,0,0,0,0,0,0,0,1,0,0,0,0,0,0,0,0,0,0,0,0,0,0,0,0,0,0,0,0,0,0,0,0,0,0,0,0,0,0,0,0,0,0,0,0,0,0,0,0,0,1,0,0,0,0,0,0,0,0,0,0,0,0,0,0,0,0,0,0,0,0,0,0,0,0,0,0,0,0,0,0,0,3,241.08694444444444,4,0.0,0.28937857332495287,0.060369651113172794,0.04533528940030636,0.0,0.36517589543230194,0.0,0.0,0.0,0.0970765591078292,0.0,0.0,0.0,0.0,0.0,0.0,0.718412661059683,0.0,0.0,0.05102976936825068,0.04466060638336625,0.49705895669600164,0.0,77,98,59,4,1,1
55220,2,0,1,2,1,1,1,5.0,0,0,0,0,0,6577215.245462,,0,1,0,False,10,433,0,0,1,0,0,0,0,0,0,0,0,0,0,0,0,0,0,0,0,0,0,0,0,0,0,0,0,0,0,0,0,0,0,0,0,0,0,0,0,0,0,0,0,0,0,0,0,0,0,0,0,0,0,0,0,0,0,0,0,0,0,0,0,0,0,0,0,0,0,0,0,0,0,0,0,0,0,0,0,1,0,0,0,0,0,0,0,0,0,0,0,0,0,0,0,0,0,0,0,0,0,0,0,0,0,0,0,0,0,0,0,0,0,0,0,0,0,0,0,0,0,1,0,0,0,0,0,0,0,0,0,0,0,0,0,0,0,0,0,0,0,0,0,0,0,0,0,0,0,0,0,0,0,3,241.07222222222222,4,0.0,0.2708687825211696,0.0,0.08487093224636463,0.0,0.3418178100240714,0.0,0.0,0.0,0.04543358043885735,0.0,0.04400676838800584,0.0,0.0,0.0,0.0,0.672460163906165,0.19487848273471836,0.0,0.23882852386573436,0.0,0.4984983347042995,0.05354304606102168,75,96,57,2,1,1
55221,2,0,1,2,1,1,1,5.0,0,0,0,0,0,6577200.247493,,0,1,0,False,10,793,0,0,1,0,0,0,0,0,0,0,0,0,0,0,0,0,0,0,0,0,0,0,0,0,0,0,0,0,0,0,0,0,0,0,0,0,0,0,0,0,0,0,0,0,0,0,0,0,0,0,0,0,0,0,0,0,0,0,0,0,0,0,0,0,0,0,0,0,0,0,0,0,0,0,0,0,0,0,0,1,0,0,0,0,0,0,0,0,0,0,0,0,0,0,0,0,0,0,0,0,0,0,0,0,0,0,0,0,0,0,0,0,0,0,0,0,0,0,0,0,0,1,0,0,0,0,0,0,0,0,0,0,0,0,0,0,0,0,0,0,0,0,0,0,0,0,0,0,0,0,0,0,0,3,241.07416666666666,4,0.0878693066686989,0.23318055805448754,0.0,0.10959320132580364,0.0,0.29425785781772934,0.0,0.0,0.0,0.11733608660110051,0.0,0.15153496413102235,0.0,0.0,0.0,0.0,0.6202448502511547,0.20970427513800874,0.0,0.24671799218496804,0.0,0.4863565350701231,0.2765589429148128,76,97,58,3,1,1
55254,5,1,2,12,1,2,1,5.0,0,0,0,0,0,6580318.213306,,0,2,0,False,10,13,0,0,0,0,0,0,0,0,0,0,0,0,0,0,0,0,0,0,0,0,0,0,0,0,0,0,0,0,0,0,0,0,0,0,0,0,0,0,0,0,0,0,0,0,0,0,0,0,0,0,0,0,0,0,0,0,0,0,0,0,0,0,0,0,0,0,0,0,0,0,0,0,0,0,0,0,0,1,0,0,0,0,0,0,0,0,0,0,1,0,1,0,0,0,0,0,0,0,0,0,0,0,0,0,0,0,0,0,0,0,0,0,0,0,0,0,0,0,0,0,0,0,0,0,0,0,0,0,0,0,0,0,0,0,0,0,0,0,0,0,0,0,0,0,0,0,0,0,0,0,0,0,0,3,192.84333333333333,4,0.0,0.0,0.0,0.0,0.0,0.0,0.0,0.0,0.0,0.0,0.0,0.0,0.0,0.6667029444868696,0.0,0.0,0.0,0.0,0.6288518774408761,0.0,0.0,0.4000656196821008,0.0,93,95,66,6,3,1
54505,30,30,2,146,6,7,1,7.0,0,2,0,0,0,6591405.446769,,4,2,0,False,10,66,0,0,0,0,0,0,0,0,0,0,0,0,0,0,0,0,0,0,0,0,0,0,0,0,0,0,0,0,0,0,0,0,0,0,0,0,0,0,0,0,0,0,0,0,0,0,0,0,0,0,0,0,0,0,0,0,0,0,0,0,0,0,0,0,0,0,0,1,0,0,0,0,0,0,0,0,1,0,0,0,1,0,0,0,0,1,0,0,0,0,0,0,0,0,0,0,0,0,0,0,0,0,0,0,0,0,0,0,0,0,0,0,0,0,0,0,0,0,0,0,0,0,0,0,0,0,0,0,0,0,0,0,0,0,0,0,0,0,0,0,0,0,0,0,0,0,0,0,0,0,0,0,0,4,1196.9630555555555,4,0.0,0.0,0.0,0.0,0.0,0.37524452052156987,0.0,0.0,0.0,0.0,0.0,0.0,0.0,0.0,0.7369840902248398,0.0,0.0,0.0,0.0,0.0,0.0,0.43779759415986647,0.352674449204695,14,94,20,1,3,1
55249,7,0,1,22,3,1,1,5.0,0,0,0,0,0,6608973.608023,,4,1,0,False,10,34,0,1,0,0,0,0,0,0,0,0,0,0,0,0,0,0,1,0,1,1,0,0,0,0,0,0,0,0,0,0,0,0,0,0,0,0,0,0,0,0,0,0,0,0,0,0,0,0,0,0,0,0,0,0,0,0,0,0,0,0,0,0,0,0,0,0,0,1,0,0,0,0,0,0,0,0,0,0,0,0,0,0,1,0,0,0,0,0,0,0,0,1,0,0,0,0,0,0,0,0,0,0,0,1,0,0,0,0,0,0,0,0,0,0,0,0,0,0,0,0,0,0,0,0,0,0,0,0,0,0,0,0,0,0,0,0,0,0,0,0,0,0,0,0,0,0,0,0,0,0,0,0,0,8,188.80138888888888,4,0.0,0.0,0.0,0.6806959692706875,0.0,0.0,0.0,0.0,0.0,0.36439395981290706,0.0,0.0,0.0,0.0,0.0,0.0,0.38524120512889515,0.0,0.0,0.0,0.0,0.2665426180201616,0.42943484502343704,92,90,68,1,3,1
54648,30,24,1,189,34,7,4,5.0,0,0,0,0,0,6685928.569292,,0,1,0,False,10,914,0,0,0,0,0,0,0,0,0,0,0,0,0,0,0,0,0,0,0,0,0,0,0,0,0,0,0,0,0,0,0,0,0,0,0,0,0,0,0,0,0,0,0,0,0,0,0,0,0,0,0,0,0,0,0,0,0,0,0,0,0,0,0,0,0,0,0,1,1,0,0,1,1,0,1,0,0,0,0,0,0,0,0,0,0,0,0,0,0,1,0,0,0,0,0,0,0,0,0,0,0,0,0,0,0,0,0,0,0,0,0,0,0,0,0,0,0,0,0,0,0,0,0,0,0,0,0,0,0,0,0,0,0,0,1,0,0,0,0,0,0,0,0,0,0,0,0,0,0,0,0,0,0,7,631.7186111111112,4,0.0721504035993457,0.07658679469765323,0.0,0.05999207995888897,0.0,0.0,0.515611600100084,0.0,0.07647394717511172,0.12846117832637782,0.0,0.0,0.0,0.15659162572696905,0.1581802045544047,0.13214419979756303,0.06790526821045673,0.06887614645583776,0.0738506846596527,0.06752757167142007,0.17729782061203317,0.6107742900491843,0.45417086140319296,19,42,27,1,3,1
54705,30,30,20,333,9,4,0,5.0,0,0,0,0,0,6692418.205175,,0,20,0,False,10,115,0,0,0,0,0,0,0,0,0,0,0,0,0,0,1,0,0,0,0,0,0,0,0,0,0,0,0,0,0,0,0,0,0,0,0,0,0,0,0,0,0,0,0,0,0,0,0,0,0,0,0,0,0,0,0,0,0,0,0,0,0,0,0,0,0,1,1,0,0,0,0,0,0,0,0,0,0,0,0,0,1,0,0,0,0,0,0,0,0,0,0,0,0,1,0,1,0,0,0,0,0,0,0,0,0,0,0,0,0,0,0,0,0,0,0,0,1,0,0,0,0,0,0,0,0,0,0,0,0,0,0,0,0,0,0,0,0,0,0,0,0,0,0,0,0,0,0,0,0,0,0,0,0,7,764.3661111111111,4,0.0,0.0,0.0,0.11138743517030945,0.0,0.0,0.0,0.0,0.0,0.0,0.0,0.0,0.0,0.0,0.7342338893777347,0.0,0.25215974060902696,0.0,0.0,0.0,0.10972975939931465,0.6106294130596571,0.0,24,68,34,1,6,0
55144,1,0,1,6,1,2,2,999139.0,0,0,0,0,0,6738649.222226,,0,1,0,False,10,174,0,0,0,0,0,0,0,0,0,0,0,0,0,0,0,0,0,0,0,0,0,0,0,0,0,0,0,0,0,0,0,0,0,0,0,0,0,0,0,0,0,0,0,0,0,0,0,0,0,0,0,0,0,0,0,0,0,0,0,0,0,0,0,0,0,0,1,0,0,0,0,0,0,0,0,0,0,0,1,0,0,0,0,0,0,0,0,0,0,0,0,0,0,0,0,0,0,0,0,0,0,0,0,0,0,0,0,0,0,0,0,0,0,0,0,0,0,0,0,0,0,0,0,0,0,0,0,0,0,0,0,0,0,0,0,0,0,0,0,0,0,0,0,0,0,0,0,0,0,0,0,0,0,2,277.53833333333336,4,0.0,0.0,0.0,0.2990961673112034,0.0,0.0,0.0,0.0,0.0,0.0,0.0,0.0,0.0,0.0,0.0,0.6588173592071098,0.33854811294932546,0.0,0.0,0.0,0.0,0.4684727342242981,0.37738527053129617,51,84,50,0,4,1
55238,5,0,1,33,1,3,3,5.0,0,0,0,0,0,6768172.40537,,0,1,0,False,10,355,0,0,0,0,0,0,0,0,0,0,0,0,0,0,0,0,0,0,0,0,0,0,0,0,0,0,0,0,0,0,0,0,0,0,0,0,0,0,0,0,0,0,0,0,0,0,0,0,0,0,0,0,0,0,0,0,0,0,0,0,0,0,0,0,0,0,0,0,0,0,0,0,0,0,0,0,0,1,0,0,0,0,0,0,0,0,0,0,0,1,0,0,0,0,0,0,0,0,0,0,0,0,0,0,0,0,0,0,0,0,0,0,0,0,0,0,0,0,0,0,0,0,0,0,0,0,0,0,0,0,0,0,0,0,0,0,0,0,0,0,0,0,0,0,0,0,0,0,0,0,0,0,0,2,169.85833333333332,4,0.11430967445452445,0.12133835893724138,0.0,0.09504694066621394,0.0,0.0,0.8168962502234921,0.0,0.12115957180756222,0.10176211595485812,0.0,0.0,0.0,0.12404599881764829,0.1253044112419079,0.20935933420128577,0.107584001137242,0.10912218762862695,0.117003471921884,0.10698560713989681,0.09363244530227399,0.3721787926425228,0.0,87,85,67,4,2,1
55161,11,0,1,212,15,3,3,5.0,0,0,0,0,0,6792399.095651,,0,1,0,False,10,10,0,0,1,0,0,0,0,0,0,0,0,0,0,0,0,0,0,0,0,1,0,0,0,0,0,0,0,0,0,0,0,0,0,0,0,0,0,0,0,0,0,0,0,0,0,0,0,0,0,0,0,0,0,0,0,0,0,0,0,0,0,0,0,0,0,0,1,1,1,1,0,0,0,0,0,0,0,0,0,0,0,0,0,0,0,0,0,0,0,0,0,0,0,0,0,0,0,0,0,0,0,0,0,1,0,0,1,0,0,0,0,0,0,0,0,0,1,0,0,0,0,0,0,0,0,0,0,0,0,1,0,0,0,0,1,0,0,0,0,0,0,0,0,0,0,0,0,0,0,0,0,0,0,11,246.94166666666666,4,0.0,0.0,0.0,0.0,0.0,0.0,0.0,0.0,0.0,0.0,0.0,0.0,0.0,0.0,0.0,0.0,0.0,0.0,0.0,0.0,0.0,1.0,0.0,60,85,52,5,6,0
54380,30,26,9,298,7,8,7,26718.0,0,0,0,0,0,6866704.987383,,1,9,0,False,10,62,0,0,0,0,0,0,0,0,0,0,0,0,0,0,0,0,0,0,0,0,0,0,0,0,0,0,0,0,0,0,0,0,0,0,0,0,0,0,0,0,0,0,0,0,0,0,0,0,0,0,0,0,0,0,0,0,0,0,0,0,0,0,0,0,0,0,1,1,0,1,0,0,1,0,0,0,0,0,0,0,1,0,0,0,0,0,0,0,0,0,0,0,0,0,0,0,0,0,0,0,0,0,0,0,0,1,0,0,0,0,0,0,0,0,0,0,0,0,0,0,0,0,0,0,0,0,0,0,0,1,0,0,0,0,0,0,0,0,0,0,0,0,0,0,0,0,0,0,0,0,0,0,0,7,506.0777777777778,4,0.0,0.0,0.0,0.0,0.0,0.0,0.0,0.0,0.0,0.0,0.0,0.0,0.0,0.0,0.45572873801513425,0.0,0.0,0.3968744305532692,0.0,0.3891037453862725,0.0,0.5414416613299454,0.436166489339558,13,8,14,0,2,1
55172,4,0,1,2,1,1,1,48108.0,0,0,0,0,0,6867203.204821,,0,1,0,False,10,305,0,0,0,0,0,0,0,0,0,0,0,0,0,0,0,0,0,0,0,0,0,0,0,0,0,0,0,0,0,0,0,0,0,0,0,0,0,0,0,0,0,0,0,0,0,0,0,0,0,0,0,0,0,0,0,0,0,0,0,0,0,0,0,0,0,1,1,1,0,0,0,0,0,0,0,0,0,0,0,0,0,0,0,0,0,0,0,0,0,1,0,0,0,0,0,0,0,0,0,0,0,0,0,0,0,0,0,0,0,0,0,0,0,0,0,0,0,0,0,0,0,0,0,0,0,0,0,0,0,0,0,0,0,0,0,0,0,0,0,0,0,0,0,0,0,0,0,0,0,0,0,0,0,4,193.37055555555557,4,0.1130396201432568,0.11999021140182264,0.0,0.09399090776836899,0.0,0.0,0.8078200052826716,0.0,0.11981341071262573,0.10063147312249138,0.0,0.0,0.0,0.2453355353088024,0.12391219830386868,0.20703321678143213,0.10638867340037458,0.1079097696463867,0.11570348778093721,0.10579692794681882,0.18518425672297756,0.29443491670461336,0.0,64,81,50,14,0,1
55115,13,0,1,33,5,2,2,5.0,0,0,0,0,0,6868675.208954,,0,1,0,False,10,289,0,1,0,0,0,0,0,0,0,0,0,0,0,0,1,0,0,0,0,1,0,0,0,0,0,0,0,0,0,0,0,0,0,0,0,0,0,0,0,0,0,0,0,0,0,0,0,0,0,0,0,0,0,0,0,0,0,0,0,0,0,0,0,0,0,0,1,1,1,1,0,0,0,0,0,0,0,0,0,0,0,0,1,0,0,0,0,0,0,0,0,0,0,0,0,0,0,0,1,0,0,0,0,1,0,0,0,0,0,0,0,0,0,0,0,0,1,0,0,0,0,0,0,0,0,0,0,0,0,1,0,0,0,0,1,0,0,0,0,0,0,0,0,0,0,0,0,0,0,0,0,0,0,13,197.74305555555554,4,0.1156334126146701,0.12274349123930715,0.0,0.19229522190951123,0.0,0.0,0.8263561384128415,0.0,0.12256263370441314,0.10294054986073196,0.0,0.0,0.0,0.12548248635058784,0.1267554715444327,0.21178377413769012,0.1088298541099331,0.11038585323323903,0.11835840501386952,0.1082245305419031,0.09471673533691738,0.30119098213814693,0.0,47,68,50,7,2,1
55066,6,2,2,34,7,4,3,5.0,0,0,0,0,0,7129796.182981,,0,2,0,False,10,114,0,0,0,0,0,0,0,0,0,0,0,0,0,0,1,0,0,0,0,0,0,0,0,0,0,0,0,0,0,0,0,0,0,0,0,0,0,0,0,0,0,0,0,0,0,0,0,0,0,0,0,0,0,0,0,0,0,0,0,0,0,0,0,0,0,0,0,0,0,0,0,0,0,0,0,0,0,0,1,0,1,0,0,0,0,0,0,0,0,0,0,0,0,0,0,0,0,0,0,0,0,0,0,0,0,0,0,0,0,0,0,0,0,0,0,0,1,0,0,0,0,0,0,0,0,0,0,0,0,0,0,0,0,0,0,0,0,0,0,0,0,0,0,0,0,0,0,0,0,0,0,0,0,4,170.04833333333335,4,0.0,0.0,0.0,0.0,0.0,0.0,0.4969740985434828,0.0,0.0,0.43336219354777045,0.5517118112249995,0.0,0.0,0.0,0.0,0.0,0.0,0.0,0.0,0.0,0.0,0.0,0.510713258037412,44,62,52,4,6,0
54644,8,26,12,44,3,3,2,6621.0,0,0,0,0,0,7220159.449736,,0,12,0,False,10,316,0,0,0,0,0,0,0,0,0,0,0,0,0,0,0,0,0,0,0,0,0,0,0,0,0,0,0,0,0,0,0,0,0,0,0,0,0,0,0,0,0,0,0,0,0,0,0,0,0,0,0,0,0,0,0,0,0,0,0,0,0,0,0,0,0,0,1,1,1,1,0,0,0,0,0,0,0,1,0,0,1,0,0,0,0,0,1,0,0,0,0,0,0,0,0,0,0,0,0,0,0,0,0,0,0,0,1,0,0,0,0,0,0,0,0,0,1,0,0,0,0,0,0,0,0,0,0,1,0,1,0,0,0,0,1,0,0,0,0,0,0,0,0,0,0,0,0,0,0,0,0,0,0,12,687.0122222222222,4,0.10645211553011523,0.11299765365844375,0.0,0.08851348721677109,0.0,0.0,0.7607434315588426,0.0,0.22566231243653773,0.09476706653140828,0.12064760308806195,0.0,0.0,0.11551917246022891,0.11669108258429377,0.19496813491993245,0.20037751962647524,0.10162121255067337,0.10896074343565765,0.09963149895809224,0.08719622317400758,0.34659550927163435,0.2233641883094659,18,48,26,0,3,1
54659,18,0,1,2,1,6,8,5.0,0,0,0,0,0,7225904.03149,,0,1,0,False,10,255,0,0,0,0,0,0,0,0,0,0,0,0,0,0,0,0,0,0,1,1,0,0,0,0,0,0,0,0,0,0,0,0,0,0,0,0,0,0,0,0,0,0,0,0,0,0,0,0,0,0,0,0,0,0,0,0,0,0,0,0,0,0,0,0,0,0,0,1,1,1,0,0,0,0,0,0,0,0,0,0,0,0,0,0,0,0,0,0,0,0,0,1,0,0,0,0,0,0,0,0,0,0,0,1,0,0,1,0,0,0,0,0,0,0,0,0,1,0,0,0,0,0,0,0,0,0,0,0,0,1,0,0,0,0,1,0,0,0,0,0,0,0,0,0,0,0,0,0,0,0,0,0,0,11,429.2288888888889,4,0.11727098962405157,0.12448175974457484,0.0,0.09750923398088852,0.0,0.0,0.8380588269630403,0.0,0.12429834094183949,0.10439837311417831,0.0,0.0,0.0,0.12725954395082056,0.12855055690359415,0.2147830131261961,0.11037108049939066,0.11194911536767141,0.12003457281463875,0.10975718446138139,0.09605809459186102,0.30545638792899776,0.0,20,14,29,3,4,1
54358,30,10,5,14,5,6,4,3079.0,0,1,0,0,0,7372871.023071,,0,5,0,False,10,25,0,1,0,0,0,0,0,0,0,0,0,0,0,0,1,0,0,0,0,0,0,0,0,0,0,0,0,0,0,0,0,0,0,0,0,0,0,0,0,0,0,0,0,0,0,0,0,0,0,0,0,0,0,0,0,0,0,0,0,0,0,0,0,0,0,0,0,1,1,0,0,0,0,0,0,0,0,0,1,0,1,0,1,0,0,0,0,0,0,0,0,0,0,0,0,0,0,0,0,0,0,0,0,0,0,0,0,0,0,0,0,0,0,0,0,0,0,0,0,0,0,0,0,0,0,0,0,0,0,1,1,0,0,1,1,0,0,0,0,0,0,0,0,0,0,0,0,0,0,0,0,0,0,11,244.8863888888889,4,0.0,0.0,0.0,0.0,0.0,0.7286813541293743,0.0,0.0,0.0,0.0,0.0,0.0,0.0,0.0,0.0,0.0,0.0,0.0,0.0,0.0,0.0,0.0,0.6848528923383338,11,2,11,1,1,1
54729,5,2,1,163,4,4,2,15820.0,0,0,0,0,0,7470736.601703,,0,1,0,False,10,319,0,0,0,0,0,0,0,0,0,0,0,0,0,0,0,0,1,0,0,0,0,0,0,0,0,0,0,0,0,0,0,0,0,0,0,0,0,0,0,0,0,0,0,0,0,0,0,0,0,0,0,0,0,0,0,0,0,0,0,0,0,0,0,0,0,0,0,0,0,0,0,0,0,0,0,0,0,0,0,1,0,0,0,0,0,0,0,0,0,0,0,0,0,0,0,0,0,0,0,0,0,0,0,0,0,0,0,0,0,0,0,0,0,0,0,0,0,0,0,0,0,0,0,0,0,0,0,0,0,0,0,0,0,0,0,0,0,0,0,0,0,0,0,0,0,0,0,0,0,0,0,0,0,2,656.1119444444445,4,0.10849536952636614,0.11516654345696799,0.0,0.09021242514371727,0.0,0.0,0.7753452273889546,0.0,0.1149968502460157,0.09658603636999732,0.0,0.0,0.0,0.11773646057702718,0.11893086447711816,0.19871037544594658,0.20422358849694136,0.10357174164644588,0.11105214832085596,0.1015438372651783,0.08886987738530293,0.42389772341123894,0.11382573295472252,27,68,36,2,1,1
54323,14,0,1,5,1,2,2,9067.0,0,0,0,0,0,7472717.803637,,0,1,0,False,10,303,0,0,0,0,0,0,0,0,0,0,0,0,0,0,0,0,0,0,0,0,0,0,0,0,0,0,0,0,0,0,0,0,0,0,0,0,0,0,0,0,0,0,0,0,0,0,0,0,0,0,0,0,0,0,0,0,0,0,0,0,0,0,0,0,0,0,0,1,0,0,0,0,0,0,0,0,0,0,0,0,0,0,0,0,0,0,0,0,0,0,0,0,0,0,0,0,0,0,0,0,0,0,0,0,0,0,0,0,0,0,0,0,0,0,0,0,0,0,0,0,0,0,0,0,0,0,0,0,0,0,0,0,0,0,0,0,0,0,0,0,0,0,0,0,0,0,0,0,0,0,0,0,0,1,1196.3780555555556,4,0.10768908877990221,0.11431068604082648,0.0,0.08954201366161692,0.0,0.0,0.769583267856161,0.0,0.11414225390091708,0.19173651909669434,0.0,0.0,0.0,0.1168615048832084,0.11804703259925256,0.19723366403840814,0.2027059057783361,0.10280205072293627,0.11022686693386734,0.10078921666462738,0.08820944301479307,0.4207475376074723,0.0,9,72,9,0,0,1
54875,10,0,3,41,5,2,2,6.0,0,0,0,0,0,7561533.958567,,0,3,0,False,10,342,0,0,0,0,0,0,0,0,0,0,0,0,0,0,0,0,0,0,0,0,0,0,0,0,0,0,0,0,0,0,0,0,0,0,0,0,0,0,0,0,0,0,0,0,0,0,0,0,0,0,0,0,0,0,0,0,0,0,0,0,0,0,0,0,0,0,0,1,0,0,0,0,1,1,0,0,0,0,0,0,1,0,0,0,0,1,0,0,0,0,0,0,0,0,0,0,0,0,0,0,0,0,0,0,0,0,0,0,0,0,0,0,0,0,0,0,0,0,0,0,0,0,0,0,0,0,0,0,0,0,0,0,0,0,0,0,0,0,0,0,0,0,0,0,0,0,0,0,0,0,0,0,0,5,474.31583333333333,4,0.11104746126649798,0.11787555846451296,0.0,0.09233445473881989,0.0,0.0,0.7935833527505086,0.0,0.11770187363028756,0.09885798978799126,0.0,0.09575341890033509,0.12119310998907597,0.12050592668293292,0.12172842605236153,0.20338455748770515,0.10451372778544282,0.1060080169227168,0.1136643821119458,0.20786482196949732,0.0909603267843111,0.36155741198112284,0.0,29,67,44,0,1,1
54431,7,5,3,7,1,6,4,1243.0,0,0,0,0,0,86597.286613,,0,3,0,False,10,2,0,0,0,0,0,0,0,0,0,0,0,0,0,0,0,0,0,0,0,0,0,0,0,0,0,0,0,0,0,0,0,0,0,0,0,0,0,0,0,0,0,0,0,0,0,0,0,0,0,0,0,0,0,0,0,0,0,0,0,0,0,0,0,0,0,0,0,0,0,0,0,0,0,0,0,0,0,0,1,0,1,0,0,0,0,0,0,0,0,0,0,0,0,0,0,0,0,0,0,0,0,0,0,0,0,1,0,0,0,0,0,0,0,0,0,0,0,0,0,0,0,0,0,0,0,0,0,0,0,0,0,0,0,0,0,0,0,0,0,0,0,0,0,0,0,0,0,0,0,0,0,0,0,3,3163.1316666666667,4,0.0,0.0,0.0,0.0,0.0,0.0,0.0,0.0,0.0,0.0,0.0,0.0,0.0,0.0,0.0,0.0,0.0,0.0,0.0,0.0,0.0,0.0,0.0,14,61,16,0,6,0
34100,1,0,1,4,2,1,1,2561.0,0,0,0,0,0,47440.345437,,0,1,0,False,11,0,0,0,0,0,0,0,0,0,0,0,0,0,0,0,0,0,0,0,0,0,0,0,0,0,0,0,0,0,0,0,0,0,0,0,0,0,0,0,0,0,0,0,0,0,0,0,0,0,0,0,0,0,0,0,0,0,0,0,0,0,0,0,0,0,0,0,0,0,0,0,0,0,0,0,0,0,0,0,0,0,0,0,0,0,0,0,0,0,0,0,0,0,0,0,0,0,0,0,0,0,0,0,0,0,0,0,0,0,0,0,0,0,0,0,0,0,0,0,0,0,0,0,0,0,0,0,0,0,0,0,0,0,0,0,0,0,0,0,0,0,0,0,0,0,0,0,0,0,0,0,0,0,0,0,184.53333333333333,4,0.0,0.0,0.0,0.0,0.0,0.0,0.0,0.0,0.0,0.0,0.0,0.0,0.0,0.0,0.0,0.0,0.0,0.0,0.0,0.0,0.0,0.0,0.0,79,61,8,207,3,1
34101,1,0,1,4,2,1,1,2460.0,0,0,0,0,0,47452.456276,,0,1,0,False,11,0,0,0,0,0,0,0,0,0,0,0,0,0,0,0,0,0,0,0,0,0,0,0,0,0,0,0,0,0,0,0,0,0,0,0,0,0,0,0,0,0,0,0,0,0,0,0,0,0,0,0,0,0,0,0,0,0,0,0,0,0,0,0,0,0,0,0,0,0,0,0,0,0,0,0,0,0,0,0,0,0,0,0,0,0,0,0,0,0,0,0,0,0,0,0,0,0,0,0,0,0,0,0,0,0,0,0,0,0,0,0,0,0,0,0,0,0,0,0,0,0,0,0,0,0,0,0,0,0,0,0,0,0,0,0,0,0,0,0,0,0,0,0,0,0,0,0,0,0,0,0,0,0,0,0,184.5288888888889,4,0.0,0.0,0.0,0.0,0.0,0.0,0.0,0.0,0.0,0.0,0.0,0.0,0.0,0.0,0.0,0.0,0.0,0.0,0.0,0.0,0.0,0.0,0.0,80,60,9,208,3,1
34102,1,0,1,4,2,1,1,1943.0,0,0,0,0,0,47459.981471,,0,1,0,False,11,0,0,0,0,0,0,0,0,0,0,0,0,0,0,0,0,0,0,0,0,0,0,0,0,0,0,0,0,0,0,0,0,0,0,0,0,0,0,0,0,0,0,0,0,0,0,0,0,0,0,0,0,0,0,0,0,0,0,0,0,0,0,0,0,0,0,0,0,0,0,0,0,0,0,0,0,0,0,0,0,0,0,0,0,0,0,0,0,0,0,0,0,0,0,0,0,0,0,0,0,0,0,0,0,0,0,0,0,0,0,0,0,0,0,0,0,0,0,0,0,0,0,0,0,0,0,0,0,0,0,0,0,0,0,0,0,0,0,0,0,0,0,0,0,0,0,0,0,0,0,0,0,0,0,0,184.52555555555554,4,0.0,0.0,0.0,0.0,0.0,0.0,0.0,0.0,0.0,0.0,0.0,0.0,0.0,0.0,0.0,0.0,0.0,0.0,0.0,0.0,0.0,0.0,0.0,81,59,10,209,3,1
33904,16,22,20,282,7,3,1,2627.0,0,0,0,0,0,57577.541015,,0,20,0,False,11,16,0,0,0,0,0,0,0,0,0,0,0,0,0,0,0,0,0,0,0,0,0,0,0,0,0,0,0,0,0,0,0,0,0,0,0,0,0,0,0,0,0,0,0,0,0,0,0,0,0,0,0,0,0,0,0,0,0,0,0,0,0,0,0,0,0,0,0,0,0,0,0,0,0,0,0,0,0,0,0,0,0,0,0,0,0,0,0,0,0,0,0,0,0,0,0,0,0,0,0,0,0,0,0,0,0,0,0,0,0,0,0,0,0,0,0,0,0,0,0,0,0,0,0,0,0,0,0,0,0,0,0,0,0,0,0,0,0,0,0,0,0,0,0,0,0,0,0,0,0,0,0,0,0,0,476.995,4,0.5385630402675625,0.0,0.0,0.0,0.0,0.6011822654086844,0.0,0.0,0.0,0.0,0.0,0.0,0.0,0.0,0.5903640702277214,0.0,0.0,0.0,0.0,0.0,0.0,0.0,0.0,41,58,10,2,5,0
33809,3,12,2,111,4,2,1,2574.0,0,0,0,0,0,117388.863787,,0,2,0,False,11,2,0,0,0,0,0,0,0,0,0,0,0,0,0,0,0,0,0,0,0,0,0,0,0,0,0,0,0,0,0,0,0,0,0,0,0,0,0,0,0,0,0,0,0,0,0,0,0,0,0,0,0,0,0,0,0,0,0,0,0,0,0,0,0,0,0,0,0,0,0,0,0,0,0,0,0,0,0,0,0,0,0,0,0,0,0,0,0,0,0,0,0,0,0,0,0,0,0,0,0,0,0,0,0,0,0,0,0,0,0,0,0,0,0,0,0,0,0,0,0,0,0,0,0,0,0,0,0,0,0,0,0,0,0,0,0,0,0,0,0,0,0,0,0,0,0,0,0,0,0,0,0,0,0,0,351.4163888888889,4,0.0,0.0,0.0,0.0,0.0,1.0,0.0,0.0,0.0,0.0,0.0,0.0,0.0,0.0,0.0,0.0,0.0,0.0,0.0,0.0,0.0,0.0,0.0,77,56,7,6,4,1
33935,7,10,8,95,6,3,2,2644.0,0,0,0,0,0,651181.165792,,1,8,0,False,11,28,0,0,0,0,0,0,0,0,0,0,0,0,0,0,0,0,0,0,0,0,0,0,0,0,0,0,0,0,0,0,0,0,0,0,0,0,0,0,0,0,0,0,0,0,0,0,0,0,0,0,0,0,0,0,0,0,0,0,0,0,0,0,0,0,0,0,0,0,0,0,0,0,0,0,0,0,0,0,0,0,0,0,0,0,0,0,0,0,0,0,0,0,0,0,0,0,0,0,0,0,0,0,0,0,0,0,0,0,0,0,0,0,0,0,0,0,0,0,0,0,0,0,0,0,0,0,0,0,0,0,0,0,0,0,0,0,0,0,0,0,0,0,0,0,0,0,0,0,0,0,0,0,0,0,235.02305555555554,4,0.8789527901160294,0.0,0.0,0.0,0.0,0.0,0.0,0.0,0.0,0.0,0.0,0.0,0.0,0.47690878870833037,0.0,0.0,0.0,0.0,0.0,0.0,0.0,0.0,0.0,34,89,9,2,1,1
33771,8,5,10,82,3,2,1,2610.0,1,0,0,0,0,828936.140131,,0,10,0,False,11,43,0,0,0,0,0,0,0,0,0,0,0,0,0,0,0,0,0,0,0,0,0,0,0,0,0,0,0,0,0,0,0,0,0,0,0,0,0,0,0,0,0,0,0,0,0,0,0,0,0,0,0,0,0,0,0,0,0,0,0,0,0,0,0,0,0,0,0,0,0,0,0,0,0,0,0,0,0,0,0,0,0,0,0,0,0,0,0,0,0,0,0,0,0,0,0,0,0,0,0,0,0,0,0,0,0,0,0,0,0,0,0,0,0,0,0,0,0,0,0,0,0,0,0,0,0,0,0,0,0,0,0,0,0,0,0,0,0,0,0,0,0,0,0,0,0,0,0,0,0,0,0,0,0,0,524.8763888888889,4,0.6219604548712925,0.0,0.0,0.0,0.0,0.3471381874519064,0.0,0.0,0.0,0.0,0.0,0.0,0.0,0.0,0.0,0.0,0.29268298857246994,0.0,0.0,0.0,0.5094553767982386,0.20250297472195256,0.32625864566216867,99,73,5,111,1,1
33267,19,27,21,175,8,2,1,1686.0,1,0,0,0,0,991767.575854,,0,21,0,False,11,14,0,0,0,0,0,0,0,0,0,0,0,0,0,0,0,0,0,0,0,0,0,0,0,0,0,0,0,0,0,0,0,0,0,0,0,0,0,0,0,0,0,0,0,0,0,0,0,0,0,0,0,0,0,0,0,0,0,0,0,0,0,0,0,0,0,0,0,0,0,0,0,0,0,0,0,0,0,0,0,0,0,0,0,0,0,0,0,0,0,0,0,0,0,0,0,0,0,0,0,0,0,0,0,0,0,0,0,0,0,0,0,0,0,0,0,0,0,0,0,0,0,0,0,0,0,0,0,0,0,0,0,0,0,0,0,0,0,0,0,0,0,0,0,0,0,0,0,0,0,0,0,0,0,0,1274.2147222222222,4,1.0,0.0,0.0,0.0,0.0,0.0,0.0,0.0,0.0,0.0,0.0,0.0,0.0,0.0,0.0,0.0,0.0,0.0,0.0,0.0,0.0,0.0,0.0,84,67,6,80,3,1
33754,2,3,3,8,2,2,1,2578.0,1,0,0,0,0,1424365.911179,,0,3,0,False,11,62,0,0,0,0,0,0,0,0,0,0,0,0,0,0,0,0,0,0,0,0,0,0,0,0,0,0,0,0,0,0,0,0,0,0,0,0,0,0,0,0,0,0,0,0,0,0,0,0,0,0,0,0,0,0,0,0,0,0,0,0,0,0,0,0,0,0,0,0,0,0,0,0,0,0,0,0,0,0,0,0,0,0,0,0,0,0,0,0,0,0,0,0,0,0,0,0,0,0,0,0,0,0,0,0,0,0,0,0,0,0,0,0,0,0,0,0,0,0,0,0,0,0,0,0,0,0,0,0,0,0,0,0,0,0,0,0,0,0,0,0,0,0,0,0,0,0,0,0,0,0,0,0,0,0,388.2369444444444,4,0.0,0.0,0.0,0.0,0.0,0.6100304337034479,0.0,0.0,0.0,0.4865024460462988,0.0,0.0,0.0,0.0,0.0,0.0,0.5143356072895938,0.0,0.0,0.0,0.0,0.3558611007410002,0.0,103,38,2,110,0,1
33609,6,10,6,21,4,2,1,5783.0,1,0,0,0,0,1430997.235153,,0,6,0,False,11,16,0,0,0,0,0,0,0,0,0,0,0,0,0,0,0,0,0,0,0,0,0,0,0,0,0,0,0,0,0,0,0,0,0,0,0,0,0,0,0,0,0,0,0,0,0,0,0,0,0,0,0,0,0,0,0,0,0,0,0,0,0,0,0,0,0,0,0,0,0,0,0,0,0,0,0,0,0,0,0,0,0,0,0,0,0,0,0,0,0,0,0,0,0,0,0,0,0,0,0,0,0,0,0,0,0,0,0,0,0,0,0,0,0,0,0,0,0,0,0,0,0,0,0,0,0,0,0,0,0,0,0,0,0,0,0,0,0,0,0,0,0,0,0,0,0,0,0,0,0,0,0,0,0,0,645.5491666666667,4,0.5283755023626697,0.0,0.0,0.0,0.0,0.0,0.0,0.0,0.0,0.0,0.0,0.0,0.0,0.0,0.0,0.0,0.4972873111425987,0.0,0.0,0.0,0.0,0.6881312801199787,0.0,96,37,12,101,3,1
33811,11,3,1,2,2,2,2,29.0,0,0,0,0,0,1547880.178143,,0,1,0,False,11,55,0,0,0,0,0,0,0,0,0,0,0,0,0,0,0,0,0,0,0,0,0,0,0,0,0,0,0,0,0,0,0,0,0,0,0,0,0,0,0,0,0,0,0,0,0,0,0,0,0,0,0,0,0,0,0,0,0,0,0,0,0,0,0,0,0,0,0,0,0,0,0,0,0,0,0,0,0,0,0,0,0,0,0,0,0,0,0,0,0,0,0,0,0,0,0,0,0,0,0,0,0,0,0,0,0,0,0,0,0,0,0,0,0,0,0,0,0,0,0,0,0,0,0,0,0,0,0,0,0,0,0,0,0,0,0,0,0,0,0,0,0,0,0,0,0,0,0,0,0,0,0,0,0,0,264.62944444444446,4,0.0,0.0,0.0,0.0,0.0,0.0,0.0,0.0,0.0,0.8071222648004197,0.0,0.0,0.0,0.0,0.0,0.0,0.0,0.0,0.0,0.0,0.0,0.590384323693847,0.0,78,31,8,0,4,1
33774,6,0,2,12,3,1,1,2577.0,0,0,0,0,0,1586113.701916,,0,2,0,False,11,46,0,0,0,0,0,0,0,0,0,0,0,0,0,0,0,0,0,0,0,0,0,0,0,0,0,0,0,0,0,0,0,0,0,0,0,0,0,0,0,0,0,0,0,0,0,0,0,0,0,0,0,0,0,0,0,0,0,0,0,0,0,0,0,0,0,0,0,0,0,0,0,0,0,0,0,0,0,0,0,0,0,0,0,0,0,0,0,0,0,0,0,0,0,0,0,0,0,0,0,0,0,0,0,0,0,0,0,0,0,0,0,0,0,0,0,0,0,0,0,0,0,0,0,0,0,0,0,0,0,0,0,0,0,0,0,0,0,0,0,0,0,0,0,0,0,0,0,0,0,0,0,0,0,0,297.9347222222222,4,0.0,0.0,0.0,0.0,0.0,0.0,0.0,0.0,0.0,0.6177108014558773,0.7864053444405994,0.0,0.0,0.0,0.0,0.0,0.0,0.0,0.0,0.0,0.0,0.0,0.0,99,30,4,0,2,1
33784,2,0,1,104,4,1,1,2604.0,0,0,0,0,0,1587420.712767,,0,1,0,False,11,71,0,0,0,0,0,0,0,0,0,0,0,0,0,0,0,0,0,0,0,0,0,0,0,0,0,0,0,0,0,0,0,0,0,0,0,0,0,0,0,0,0,0,0,0,0,0,0,0,0,0,0,0,0,0,0,0,0,0,0,0,0,0,0,0,0,0,0,0,0,0,0,0,0,0,0,0,0,0,0,0,0,0,0,0,0,0,0,0,0,0,0,0,0,0,0,0,0,0,0,0,0,0,0,0,0,0,0,0,0,0,0,0,0,0,0,0,0,0,0,0,0,0,0,0,0,0,0,0,0,0,0,0,0,0,0,0,0,0,0,0,0,0,0,0,0,0,0,0,0,0,0,0,0,0,289.555,4,0.0,0.0,0.0,0.0,0.0,0.0,0.0,0.0,0.0,0.7631829832513469,0.0,0.0,0.0,0.46515245162571883,0.0,0.0,0.0,0.0,0.0,0.0,0.3511065403092013,0.2791220667992064,0.0,90,29,6,142,2,1
33821,3,0,4,33,2,2,1,2495.0,1,0,0,0,0,1841942.635521,,1,4,0,False,11,50,0,0,0,0,0,0,0,0,0,0,0,0,0,0,0,0,0,0,0,0,0,0,0,0,0,0,0,0,0,0,0,0,0,0,0,0,0,0,0,0,0,0,0,0,0,0,0,0,0,0,0,0,0,0,0,0,0,0,0,0,0,0,0,0,0,0,0,0,0,0,0,0,0,0,0,0,0,0,0,0,0,0,0,0,0,0,0,0,0,0,0,0,0,0,0,0,0,0,0,0,0,0,0,0,0,0,0,0,0,0,0,0,0,0,0,0,0,0,0,0,0,0,0,0,0,0,0,0,0,0,0,0,0,0,0,0,0,0,0,0,0,0,0,0,0,0,0,0,0,0,0,0,0,0,170.79583333333332,4,0.0,0.0,0.0,0.0,0.0,0.6305962307271524,0.0,0.0,0.0,0.5029037762163077,0.0,0.0,0.0,0.0,0.0,0.0,0.0,0.0,0.0,0.0,0.46272731140701556,0.36785815328482335,0.0,77,33,9,113,4,1
33298,8,23,16,998,6,2,1,2528.0,1,0,0,0,0,3256831.707923,,0,16,0,False,11,10,0,0,0,0,0,0,0,0,0,0,0,0,0,0,0,0,0,0,0,0,0,0,0,0,0,0,0,0,0,0,0,0,0,0,0,0,0,0,0,0,0,0,0,0,0,0,0,0,0,0,0,0,0,0,0,0,0,0,0,0,0,0,0,0,0,0,0,0,0,0,0,0,0,0,0,0,0,0,0,0,0,0,0,0,0,0,0,0,0,0,0,0,0,0,0,0,0,0,0,0,0,0,0,0,0,0,0,0,0,0,0,0,0,0,0,0,0,0,0,0,0,0,0,0,0,0,0,0,0,0,0,0,0,0,0,0,0,0,0,0,0,0,0,0,0,0,0,0,0,0,0,0,0,0,618.6297222222222,4,0.0,0.0,0.0,0.0,0.0,0.806228101463769,0.0,0.0,0.0,0.0,0.0,0.0,0.0,0.0,0.0,0.0,0.0,0.0,0.0,0.0,0.5916048076293217,0.0,0.0,91,101,10,83,4,1
33472,1,5,3,4,1,2,1,1116440.0,1,0,0,0,0,3261024.589685,,0,3,0,False,11,19,0,0,0,0,0,0,0,0,0,0,0,0,0,0,0,0,0,0,0,0,0,0,0,0,0,0,0,0,0,0,0,0,0,0,0,0,0,0,0,0,0,0,0,0,0,0,0,0,0,0,0,0,0,0,0,0,0,0,0,0,0,0,0,0,0,0,0,0,0,0,0,0,0,0,0,0,0,0,0,0,0,0,0,0,0,0,0,0,0,0,0,0,0,0,0,0,0,0,0,0,0,0,0,0,0,0,0,0,0,0,0,0,0,0,0,0,0,0,0,0,0,0,0,0,0,0,0,0,0,0,0,0,0,0,0,0,0,0,0,0,0,0,0,0,0,0,0,0,0,0,0,0,0,0,331.3233333333333,4,0.3859734825033185,0.0,0.0,0.0,0.0,0.0,0.0,0.0,0.0,0.0,0.0,0.0,0.0,0.0,0.0,0.0,0.3632638425289357,0.0,0.0,0.0,0.0,0.251336810109215,0.8098726192429878,97,98,9,90,2,1
33537,7,14,7,103,7,2,1,1094.0,1,0,0,0,0,3320243.602543,,0,7,0,False,11,50,0,0,0,0,0,0,0,0,0,0,0,0,0,0,0,0,0,0,0,0,0,0,0,0,0,0,0,0,0,0,0,0,0,0,0,0,0,0,0,0,0,0,0,0,0,0,0,0,0,0,0,0,0,0,0,0,0,0,0,0,0,0,0,0,0,0,0,0,0,0,0,0,0,0,0,0,0,0,0,0,0,0,0,0,0,0,0,0,0,0,0,0,0,0,0,0,0,0,0,0,0,0,0,0,0,0,0,0,0,0,0,0,0,0,0,0,0,0,0,0,0,0,0,0,0,0,0,0,0,0,0,0,0,0,0,0,0,0,0,0,0,0,0,0,0,0,0,0,0,0,0,0,0,0,197.26805555555555,4,0.0,0.0,0.0,0.7872991353527633,0.0,0.0,0.0,0.0,0.0,0.0,0.0,0.0,0.0,0.0,0.0,0.0,0.0,0.0,0.0,0.0,0.0,0.6165712217358115,0.0,82,96,12,94,0,1
33277,8,5,8,62,5,4,1,2607.0,0,0,0,0,0,3406250.512078,,0,8,0,False,11,19,0,0,0,0,0,0,0,0,0,0,0,0,0,0,0,0,0,0,0,0,0,0,0,0,0,0,0,0,0,0,0,0,0,0,0,0,0,0,0,0,0,0,0,0,0,0,0,0,0,0,0,0,0,0,0,0,0,0,0,0,0,0,0,0,0,0,0,0,0,0,0,0,0,0,0,0,0,0,0,0,0,0,0,0,0,0,0,0,0,0,0,0,0,0,0,0,0,0,0,0,0,0,0,0,0,0,0,0,0,0,0,0,0,0,0,0,0,0,0,0,0,0,0,0,0,0,0,0,0,0,0,0,0,0,0,0,0,0,0,0,0,0,0,0,0,0,0,0,0,0,0,0,0,0,598.8308333333333,4,0.0,0.0,0.0,0.0,0.0,0.806228101463769,0.0,0.0,0.0,0.0,0.0,0.0,0.0,0.0,0.0,0.0,0.0,0.0,0.0,0.0,0.5916048076293217,0.0,0.0,89,102,8,0,3,1
33454,21,14,1,339,25,3,1,2578.0,0,0,0,0,0,3757538.600013,,0,1,0,False,11,0,0,0,0,0,0,0,0,0,0,0,0,0,0,0,0,0,0,0,0,0,0,0,0,0,0,0,0,0,0,0,0,0,0,0,0,0,0,0,0,0,0,0,0,0,0,0,0,0,0,0,0,0,0,0,0,0,0,0,0,0,0,0,0,0,0,0,0,0,0,0,0,0,0,0,0,0,0,0,0,0,0,0,0,0,0,0,0,0,0,0,0,0,0,0,0,0,0,0,0,0,0,0,0,0,0,0,0,0,0,0,0,0,0,0,0,0,0,0,0,0,0,0,0,0,0,0,0,0,0,0,0,0,0,0,0,0,0,0,0,0,0,0,0,0,0,0,0,0,0,0,0,0,0,0,188.82305555555556,4,0.0,0.0,0.0,0.0,0.0,0.0,0.0,0.0,0.0,0.0,0.0,0.0,0.0,0.0,0.0,0.0,0.0,0.0,0.0,0.0,0.0,0.0,0.0,96,83,7,115,1,1
32248,12,12,10,104,11,2,2,2299.0,1,0,0,0,0,4031824.380836,,0,10,0,False,11,98,0,0,0,0,0,0,0,0,0,0,0,0,0,0,0,0,0,0,0,0,0,0,0,0,0,0,0,0,0,0,0,0,0,0,0,0,0,0,0,0,0,0,0,0,0,0,0,0,0,0,0,0,0,0,0,0,0,0,0,0,0,0,0,0,0,0,0,0,0,0,0,0,0,0,0,0,0,0,0,0,0,0,0,0,0,0,0,0,0,0,0,0,0,0,0,0,0,0,0,0,0,0,0,0,0,0,0,0,0,0,0,0,0,0,0,0,0,0,0,0,0,0,0,0,0,0,0,0,0,0,0,0,0,0,0,0,0,0,0,0,0,0,0,0,0,0,0,0,0,0,0,0,0,0,384.32472222222225,4,0.0,0.0,0.0,0.0,0.0,0.4129279449726783,0.0,0.0,0.0,0.0,0.0,0.0,0.0,0.4014250153385134,0.4054973613353656,0.0,0.3481523766855406,0.0,0.0,0.0,0.0,0.4817628265940921,0.3880913047099241,73,84,9,19,2,1
33291,17,9,22,53,4,2,1,323.0,1,0,0,0,0,4276230.032164,,0,22,0,False,11,19,0,0,0,0,0,0,0,0,0,0,0,0,0,0,0,0,0,0,0,0,0,0,0,0,0,0,0,0,0,0,0,0,0,0,0,0,0,0,0,0,0,0,0,0,0,0,0,0,0,0,0,0,0,0,0,0,0,0,0,0,0,0,0,0,0,0,0,0,0,0,0,0,0,0,0,0,0,0,0,0,0,0,0,0,0,0,0,0,0,0,0,0,0,0,0,0,0,0,0,0,0,0,0,0,0,0,0,0,0,0,0,0,0,0,0,0,0,0,0,0,0,0,0,0,0,0,0,0,0,0,0,0,0,0,0,0,0,0,0,0,0,0,0,0,0,0,0,0,0,0,0,0,0,0,339.27916666666664,4,0.657977633292238,0.0,0.0,0.0,0.0,0.0,0.0,0.0,0.0,0.0,0.0,0.0,0.0,0.0,0.0,0.0,0.6192640018107418,0.0,0.0,0.0,0.0,0.42845948483898777,0.0,90,84,8,82,4,1
33265,10,10,12,123,9,2,1,2782.0,1,0,0,0,0,4466246.711908,,0,12,0,False,11,33,0,0,0,0,0,0,0,0,0,0,0,0,0,0,0,0,0,0,0,0,0,0,0,0,0,0,0,0,0,0,0,0,0,0,0,0,0,0,0,0,0,0,0,0,0,0,0,0,0,0,0,0,0,0,0,0,0,0,0,0,0,0,0,0,0,0,0,0,0,0,0,0,0,0,0,0,0,0,0,0,0,0,0,0,0,0,0,0,0,0,0,0,0,0,0,0,0,0,0,0,0,0,0,0,0,0,0,0,0,0,0,0,0,0,0,0,0,0,0,0,0,0,0,0,0,0,0,0,0,0,0,0,0,0,0,0,0,0,0,0,0,0,0,0,0,0,0,0,0,0,0,0,0,0,312.28555555555556,4,0.5527832239160315,0.0,0.0,0.0,0.0,0.0,0.0,0.0,0.0,0.0,0.0,0.0,0.0,0.5998665245747254,0.0,0.0,0.0,0.0,0.0,0.0,0.4527914651521769,0.35995937150876356,0.0,83,97,10,79,3,1
33081,26,21,16,367,13,2,1,1484.0,0,0,0,0,0,4540152.749735,,0,16,0,False,11,40,0,0,0,0,0,0,0,0,0,0,0,0,0,0,0,0,0,0,0,0,0,0,0,0,0,0,0,0,0,0,0,0,0,0,0,0,0,0,0,0,0,0,0,0,0,0,0,0,0,0,0,0,0,0,0,0,0,0,0,0,0,0,0,0,0,0,0,0,0,0,0,0,0,0,0,0,0,0,0,0,0,0,0,0,0,0,0,0,0,0,0,0,0,0,0,0,0,0,0,0,0,0,0,0,0,0,0,0,0,0,0,0,0,0,0,0,0,0,0,0,0,0,0,0,0,0,0,0,0,0,0,0,0,0,0,0,0,0,0,0,0,0,0,0,0,0,0,0,0,0,0,0,0,0,532.3422222222222,4,0.3704887037318053,0.0,0.0,0.0,0.0,0.0,0.0,0.0,0.0,0.0,0.0,0.0,0.40433772829190284,0.0,0.0,0.0,0.3486901464274114,0.0,0.0,0.0,0.606943610902841,0.24125348812440597,0.38869076567797217,95,95,7,0,0,1
32833,9,10,3,97,8,2,1,1087.0,0,0,0,0,0,4611113.557567,,0,3,0,False,11,133,0,0,0,0,0,0,0,0,0,0,0,0,0,0,0,0,0,0,0,0,0,0,0,0,0,0,0,0,0,0,0,0,0,0,0,0,0,0,0,0,0,0,0,0,0,0,0,0,0,0,0,0,0,0,0,0,0,0,0,0,0,0,0,0,0,0,0,0,0,0,0,0,0,0,0,0,0,0,0,0,0,0,0,0,0,0,0,0,0,0,0,0,0,0,0,0,0,0,0,0,0,0,0,0,0,0,0,0,0,0,0,0,0,0,0,0,0,0,0,0,0,0,0,0,0,0,0,0,0,0,0,0,0,0,0,0,0,0,0,0,0,0,0,0,0,0,0,0,0,0,0,0,0,0,776.3569444444445,4,0.0,0.21798084098174378,0.0,0.0,0.0,0.0,0.0,0.0,0.0,0.0,0.23273815988304097,0.0,0.4482316161338054,0.0,0.0,0.0,0.19327153630128086,0.0,0.0,0.0,0.6728318842921985,0.401165040930287,0.21544302928658052,125,87,9,98,3,1
33321,0,6,3,4,1,2,1,,1,0,0,0,0,4615311.660372,,1,3,0,False,11,85,0,0,0,0,0,0,0,0,0,0,0,0,0,0,0,0,0,0,0,0,0,0,0,0,0,0,0,0,0,0,0,0,0,0,0,0,0,0,0,0,0,0,0,0,0,0,0,0,0,0,0,0,0,0,0,0,0,0,0,0,0,0,0,0,0,0,0,0,0,0,0,0,0,0,0,0,0,0,0,0,0,0,0,0,0,0,0,0,0,0,0,0,0,0,0,0,0,0,0,0,0,0,0,0,0,0,0,0,0,0,0,0,0,0,0,0,0,0,0,0,0,0,0,0,0,0,0,0,0,0,0,0,0,0,0,0,0,0,0,0,0,0,0,0,0,0,0,0,0,0,0,0,0,0,174.0522222222222,4,0.0,0.0,0.0,0.0,0.0,0.5837591875779655,0.0,0.0,0.0,0.0,0.0,0.0,0.0,0.0,0.0,0.0,0.49218550364939906,0.0,0.0,0.0,0.0,0.34053577589237694,0.5486474516965131,94,87,10,84,0,1
33273,8,13,8,61,2,2,1,2634.0,1,0,0,0,0,4623550.490845,,0,8,0,False,11,60,0,0,0,0,0,0,0,0,0,0,0,0,0,0,0,0,0,0,0,0,0,0,0,0,0,0,0,0,0,0,0,0,0,0,0,0,0,0,0,0,0,0,0,0,0,0,0,0,0,0,0,0,0,0,0,0,0,0,0,0,0,0,0,0,0,0,0,0,0,0,0,0,0,0,0,0,0,0,0,0,0,0,0,0,0,0,0,0,0,0,0,0,0,0,0,0,0,0,0,0,0,0,0,0,0,0,0,0,0,0,0,0,0,0,0,0,0,0,0,0,0,0,0,0,0,0,0,0,0,0,0,0,0,0,0,0,0,0,0,0,0,0,0,0,0,0,0,0,0,0,0,0,0,0,262.6927777777778,4,0.0,0.0,0.0,0.0,0.0,0.591350240935541,0.0,0.0,0.0,0.4716048950847332,0.0,0.0,0.0,0.0,0.0,0.0,0.0,0.0,0.0,0.0,0.0,0.3449640149676157,0.5557819211300581,87,85,7,81,3,1
33262,22,7,8,116,12,3,3,2245.0,0,0,0,0,0,4625469.113493,,0,8,0,False,11,42,0,0,0,0,0,0,0,0,0,0,0,0,0,0,0,0,0,0,0,0,0,0,0,0,0,0,0,0,0,0,0,0,0,0,0,0,0,0,0,0,0,0,0,0,0,0,0,0,0,0,0,0,0,0,0,0,0,0,0,0,0,0,0,0,0,0,0,0,0,0,0,0,0,0,0,0,0,0,0,0,0,0,0,0,0,0,0,0,0,0,0,0,0,0,0,0,0,0,0,0,0,0,0,0,0,0,0,0,0,0,0,0,0,0,0,0,0,0,0,0,0,0,0,0,0,0,0,0,0,0,0,0,0,0,0,0,0,0,0,0,0,0,0,0,0,0,0,0,0,0,0,0,0,0,267.4275,4,0.0,0.0,0.0,0.0,0.0,0.0,0.0,0.0,0.0,0.0,0.0,0.0,0.0,0.0,0.43192706478531806,0.0,0.7416888418933484,0.0,0.0,0.0,0.0,0.5131633974835338,0.0,81,83,9,110,3,1
32955,12,24,17,104,6,3,1,2352.0,1,0,0,0,0,6087511.405107,,0,17,0,False,11,94,0,0,0,0,0,0,0,0,0,0,0,0,0,0,0,0,0,0,0,0,0,0,0,0,0,0,0,0,0,0,0,0,0,0,0,0,0,0,0,0,0,0,0,0,0,0,0,0,0,0,0,0,0,0,0,0,0,0,0,0,0,0,0,0,0,0,0,0,0,0,0,0,0,0,0,0,0,0,0,0,0,0,0,0,0,0,0,0,0,0,0,0,0,0,0,0,0,0,0,0,0,0,0,0,0,0,0,0,0,0,0,0,0,0,0,0,0,0,0,0,0,0,0,0,0,0,0,0,0,0,0,0,0,0,0,0,0,0,0,0,0,0,0,0,0,0,0,0,0,0,0,0,0,0,333.7916666666667,4,0.0,0.0,0.0,0.0,0.0,0.41188629354370265,0.0,0.0,0.0,0.0,0.0,0.0,0.0,0.0,0.0,0.0,0.0,0.0,0.0,0.0,0.0,0.48054753239359344,0.7742246123065702,116,88,14,69,4,1
33001,22,8,21,295,7,3,1,541.0,0,0,0,0,0,6264890.996622,,1,21,0,False,11,81,0,0,0,0,0,0,0,0,0,0,0,0,0,0,0,0,0,0,0,0,0,0,0,0,0,0,0,0,0,0,0,0,0,0,0,0,0,0,0,0,0,0,0,0,0,0,0,0,0,0,0,0,0,0,0,0,0,0,0,0,0,0,0,0,0,0,0,0,0,0,0,0,0,0,0,0,0,0,0,0,0,0,0,0,0,0,0,0,0,0,0,0,0,0,0,0,0,0,0,0,0,0,0,0,0,0,0,0,0,0,0,0,0,0,0,0,0,0,0,0,0,0,0,0,0,0,0,0,0,0,0,0,0,0,0,0,0,0,0,0,0,0,0,0,0,0,0,0,0,0,0,0,0,0,198.05972222222223,4,0.1983003806747224,0.21049349394546107,0.0,0.16488407132658023,0.0,0.0,0.20244610361418605,0.20277026551122207,0.420366680711424,0.17653331993471433,0.0,0.17098940581157707,0.0,0.21519061185413252,0.0,0.0,0.18663292045777008,0.0,0.0,0.0,0.6497210191717468,0.258257042939727,0.0,111,91,9,0,1,1
32127,5,6,1,93,3,2,1,397.0,0,0,0,0,0,6755454.712212,,0,1,0,False,11,2,0,0,0,0,0,0,0,0,0,0,0,0,0,0,0,0,0,0,0,0,0,0,0,0,0,0,0,0,0,0,0,0,0,0,0,0,0,0,0,0,0,0,0,0,0,0,0,0,0,0,0,0,0,0,0,0,0,0,0,0,0,0,0,0,0,0,0,0,0,0,0,0,0,0,0,0,0,0,0,0,0,0,0,0,0,0,0,0,0,0,0,0,0,0,0,0,0,0,0,0,0,0,0,0,0,0,0,0,0,0,0,0,0,0,0,0,0,0,0,0,0,0,0,0,0,0,0,0,0,0,0,0,0,0,0,0,0,0,0,0,0,0,0,0,0,0,0,0,0,0,0,0,0,0,1360.3755555555556,4,0.0,0.0,0.0,0.0,0.0,0.0,0.0,0.0,0.0,1.0,0.0,0.0,0.0,0.0,0.0,0.0,0.0,0.0,0.0,0.0,0.0,0.0,0.0,96,111,4,0,1,1
32584,11,4,9,112,2,2,2,2472.0,1,0,0,0,0,6938591.048149,,1,9,0,False,11,2,0,0,0,0,0,0,0,0,0,0,0,0,0,0,0,0,0,0,0,0,0,0,0,0,0,0,0,0,0,0,0,0,0,0,0,0,0,0,0,0,0,0,0,0,0,0,0,0,0,0,0,0,0,0,0,0,0,0,0,0,0,0,0,0,0,0,0,0,0,0,0,0,0,0,0,0,0,0,0,0,0,0,0,0,0,0,0,0,0,0,0,0,0,0,0,0,0,0,0,0,0,0,0,0,0,0,0,0,0,0,0,0,0,0,0,0,0,0,0,0,0,0,0,0,0,0,0,0,0,0,0,0,0,0,0,0,0,0,0,0,0,0,0,0,0,0,0,0,0,0,0,0,0,0,635.4427777777778,4,0.0,0.0,0.0,0.0,0.0,1.0,0.0,0.0,0.0,0.0,0.0,0.0,0.0,0.0,0.0,0.0,0.0,0.0,0.0,0.0,0.0,0.0,0.0,101,112,13,44,3,1
32855,6,2,4,526,7,3,1,761.0,1,0,0,0,0,7063457.815302,,0,4,0,False,11,64,0,0,0,0,0,0,0,0,0,0,0,0,0,0,0,0,0,0,0,0,0,0,0,0,0,0,0,0,0,0,0,0,0,0,0,0,0,0,0,0,0,0,0,0,0,0,0,0,0,0,0,0,0,0,0,0,0,0,0,0,0,0,0,0,0,0,0,0,0,0,0,0,0,0,0,0,0,0,0,0,0,0,0,0,0,0,0,0,0,0,0,0,0,0,0,0,0,0,0,0,0,0,0,0,0,0,0,0,0,0,0,0,0,0,0,0,0,0,0,0,0,0,0,0,0,0,0,0,0,0,0,0,0,0,0,0,0,0,0,0,0,0,0,0,0,0,0,0,0,0,0,0,0,0,235.53166666666667,4,0.0,0.0,0.0,0.0,0.0,0.0,0.0,0.0,0.0,0.4974213132984818,0.0,0.0,0.0,0.0,0.0,0.0,0.5258791509340416,0.0,0.0,0.0,0.0,0.36384790563948355,0.5862063265191418,127,114,10,55,4,1
31992,4,0,3,32,2,1,1,264.0,0,0,0,0,0,7346818.56287,,0,3,0,False,11,4,0,0,0,0,0,0,0,0,0,0,0,0,0,0,0,0,0,0,0,0,0,0,0,0,0,0,0,0,0,0,0,0,0,0,0,0,0,0,0,0,0,0,0,0,0,0,0,0,0,0,0,0,0,0,0,0,0,0,0,0,0,0,0,0,0,0,0,0,0,0,0,0,0,0,0,0,0,0,0,0,0,0,0,0,0,0,0,0,0,0,0,0,0,0,0,0,0,0,0,0,0,0,0,0,0,0,0,0,0,0,0,0,0,0,0,0,0,0,0,0,0,0,0,0,0,0,0,0,0,0,0,0,0,0,0,0,0,0,0,0,0,0,0,0,0,0,0,0,0,0,0,0,0,0,1488.3722222222223,4,0.0,0.0,0.0,0.0,0.0,0.0,0.0,0.0,0.0,0.0,0.0,0.0,0.0,0.0,0.0,0.0,0.0,0.0,0.0,0.0,0.0,0.0,0.0,72,111,6,19,5,0
32810,2,0,1,21,1,1,1,2446.0,0,0,0,0,0,7445425.44329,,0,1,0,False,11,0,0,0,0,0,0,0,0,0,0,0,0,0,0,0,0,0,0,0,0,0,0,0,0,0,0,0,0,0,0,0,0,0,0,0,0,0,0,0,0,0,0,0,0,0,0,0,0,0,0,0,0,0,0,0,0,0,0,0,0,0,0,0,0,0,0,0,0,0,0,0,0,0,0,0,0,0,0,0,0,0,0,0,0,0,0,0,0,0,0,0,0,0,0,0,0,0,0,0,0,0,0,0,0,0,0,0,0,0,0,0,0,0,0,0,0,0,0,0,0,0,0,0,0,0,0,0,0,0,0,0,0,0,0,0,0,0,0,0,0,0,0,0,0,0,0,0,0,0,0,0,0,0,0,0,169.75944444444445,4,0.0,0.0,0.0,0.0,0.0,0.0,0.0,0.0,0.0,0.0,0.0,0.0,0.0,0.0,0.0,0.0,0.0,0.0,0.0,0.0,0.0,0.0,0.0,126,117,7,95,2,1
32777,1,4,1,29,1,3,1,104.0,0,0,0,0,0,7489804.680202,,1,1,0,False,11,54,0,0,0,0,0,0,0,0,0,0,0,0,0,0,0,0,0,0,0,0,0,0,0,0,0,0,0,0,0,0,0,0,0,0,0,0,0,0,0,0,0,0,0,0,0,0,0,0,0,0,0,0,0,0,0,0,0,0,0,0,0,0,0,0,0,0,0,0,0,0,0,0,0,0,0,0,0,0,0,0,0,0,0,0,0,0,0,0,0,0,0,0,0,0,0,0,0,0,0,0,0,0,0,0,0,0,0,0,0,0,0,0,0,0,0,0,0,0,0,0,0,0,0,0,0,0,0,0,0,0,0,0,0,0,0,0,0,0,0,0,0,0,0,0,0,0,0,0,0,0,0,0,0,0,200.03861111111112,4,0.0,0.0,0.0,0.0,0.0,0.0,0.0,0.0,0.0,0.0,0.0,0.0,0.0,0.0,0.0,0.0,0.0,0.0,0.0,0.0,0.5527922317416704,0.43945780701891785,0.7080237173825372,125,117,9,0,1,1
32510,10,9,1,150,7,2,2,1716.0,0,0,0,0,0,7993455.66745,,0,1,0,False,11,62,0,0,0,0,0,0,0,0,0,0,0,0,0,0,0,0,0,0,0,0,0,0,0,0,0,0,0,0,0,0,0,0,0,0,0,0,0,0,0,0,0,0,0,0,0,0,0,0,0,0,0,0,0,0,0,0,0,0,0,0,0,0,0,0,0,0,0,0,0,0,0,0,0,0,0,0,0,0,0,0,0,0,0,0,0,0,0,0,0,0,0,0,0,0,0,0,0,0,0,0,0,0,0,0,0,0,0,0,0,0,0,0,0,0,0,0,0,0,0,0,0,0,0,0,0,0,0,0,0,0,0,0,0,0,0,0,0,0,0,0,0,0,0,0,0,0,0,0,0,0,0,0,0,0,414.4611111111111,4,0.0,0.0,0.0,0.0,0.0,0.0,0.0,0.0,0.4879977616187397,0.8197401833415505,0.0,0.0,0.0,0.0,0.0,0.0,0.0,0.0,0.0,0.0,0.0,0.2998069653464724,0.0,83,125,12,52,0,1
32366,10,5,13,162,4,2,1,1729.0,1,0,0,0,0,8479940.991079,,0,13,0,False,11,61,0,0,0,0,0,0,0,0,0,0,0,0,0,0,0,0,0,0,0,0,0,0,0,0,0,0,0,0,0,0,0,0,0,0,0,0,0,0,0,0,0,0,0,0,0,0,0,0,0,0,0,0,0,0,0,0,0,0,0,0,0,0,0,0,0,0,0,0,0,0,0,0,0,0,0,0,0,0,0,0,0,0,0,0,0,0,0,0,0,0,0,0,0,0,0,0,0,0,0,0,0,0,0,0,0,0,0,0,0,0,0,0,0,0,0,0,0,0,0,0,0,0,0,0,0,0,0,0,0,0,0,0,0,0,0,0,0,0,0,0,0,0,0,0,0,0,0,0,0,0,0,0,0,0,345.62694444444446,4,0.0,0.0,0.0,0.8511285167252743,0.0,0.0,0.0,0.0,0.0,0.0,0.0,0.0,0.0,0.0,0.0,0.0,0.0,0.0,0.0,0.0,0.27948732043658214,0.4443726878783322,0.0,75,104,8,25,3,1
32504,15,10,18,52,5,3,1,628.0,0,0,0,0,0,8680014.004088,,0,18,0,False,11,278,0,0,0,0,0,0,0,0,0,0,0,0,0,0,0,0,0,0,0,0,0,0,0,0,0,0,0,0,0,0,0,0,0,0,0,0,0,0,0,0,0,0,0,0,0,0,0,0,0,0,0,0,0,0,0,0,0,0,0,0,0,0,0,0,0,0,0,0,0,0,0,0,0,0,0,0,0,0,0,0,0,0,0,0,0,0,0,0,0,0,0,0,0,0,0,0,0,0,0,0,0,0,0,0,0,0,0,0,0,0,0,0,0,0,0,0,0,0,0,0,0,0,0,0,0,0,0,0,0,0,0,0,0,0,0,0,0,0,0,0,0,0,0,0,0,0,0,0,0,0,0,0,0,0,223.96305555555554,4,0.0,0.0,0.0,0.07061677320737626,0.0,0.09480305419780834,0.0,0.08684272372462419,0.18003521090245425,0.07560592916633843,0.0,0.07323157412303447,0.0,0.09216212646497236,0.09309708580340452,0.0,0.07993139974626554,0.08107422208069752,0.0,0.07948681254647783,0.9043560414403777,0.22121335170527637,0.17820174895911908,82,124,10,0,6,0
31790,8,3,6,63,4,3,1,1529.0,0,0,0,0,0,8852988.26897,,0,6,0,False,11,85,0,0,0,0,0,0,0,0,0,0,0,0,0,0,0,0,0,0,0,0,0,0,0,0,0,0,0,0,0,0,0,0,0,0,0,0,0,0,0,0,0,0,0,0,0,0,0,0,0,0,0,0,0,0,0,0,0,0,0,0,0,0,0,0,0,0,0,0,0,0,0,0,0,0,0,0,0,0,0,0,0,0,0,0,0,0,0,0,0,0,0,0,0,0,0,0,0,0,0,0,0,0,0,0,0,0,0,0,0,0,0,0,0,0,0,0,0,0,0,0,0,0,0,0,0,0,0,0,0,0,0,0,0,0,0,0,0,0,0,0,0,0,0,0,0,0,0,0,0,0,0,0,0,0,1353.4647222222222,4,0.5283302849318492,0.0,0.0,0.0,0.0,0.0,0.0,0.0,0.0,0.0,0.0,0.0,0.0,0.0,0.0,0.0,0.0,0.0,0.0,0.0,0.0,0.17201809776883045,0.8314306249253898,1,114,1,0,0,1
32383,16,3,7,94,15,3,1,1707.0,0,0,0,0,0,9088515.203668,,1,7,0,False,11,116,0,0,0,0,0,0,0,0,0,0,0,0,0,0,0,0,0,0,0,0,0,0,0,0,0,0,0,0,0,0,0,0,0,0,0,0,0,0,0,0,0,0,0,0,0,0,0,0,0,0,0,0,0,0,0,0,0,0,0,0,0,0,0,0,0,0,0,0,0,0,0,0,0,0,0,0,0,0,0,0,0,0,0,0,0,0,0,0,0,0,0,0,0,0,0,0,0,0,0,0,0,0,0,0,0,0,0,0,0,0,0,0,0,0,0,0,0,0,0,0,0,0,0,0,0,0,0,0,0,0,0,0,0,0,0,0,0,0,0,0,0,0,0,0,0,0,0,0,0,0,0,0,0,0,361.9377777777778,4,0.28077691127808546,0.0,0.0,0.2334621855415031,0.0,0.31342310365886294,0.0,0.0,0.0,0.0,0.0,0.0,0.3064295815755317,0.0,0.0,0.0,0.0,0.0,0.0,0.0,0.22998778461087818,0.7313411561359823,0.2945714445004444,77,114,14,0,3,1
32392,7,0,3,12,1,1,1,1676.0,1,0,0,0,0,9188806.145121,,0,3,0,False,11,11,0,0,0,0,0,0,0,0,0,0,0,0,0,0,0,0,0,0,0,0,0,0,0,0,0,0,0,0,0,0,0,0,0,0,0,0,0,0,0,0,0,0,0,0,0,0,0,0,0,0,0,0,0,0,0,0,0,0,0,0,0,0,0,0,0,0,0,0,0,0,0,0,0,0,0,0,0,0,0,0,0,0,0,0,0,0,0,0,0,0,0,0,0,0,0,0,0,0,0,0,0,0,0,0,0,0,0,0,0,0,0,0,0,0,0,0,0,0,0,0,0,0,0,0,0,0,0,0,0,0,0,0,0,0,0,0,0,0,0,0,0,0,0,0,0,0,0,0,0,0,0,0,0,0,318.29055555555556,4,0.0,0.0,0.0,0.0,0.0,1.0,0.0,0.0,0.0,0.0,0.0,0.0,0.0,0.0,0.0,0.0,0.0,0.0,0.0,0.0,0.0,0.0,0.0,79,103,14,29,4,1
32212,0,16,6,178,1,2,1,,0,0,0,0,0,9467936.672894,,0,6,0,False,11,4,0,0,0,0,0,0,0,0,0,0,0,0,0,0,0,0,0,0,0,0,0,0,0,0,0,0,0,0,0,0,0,0,0,0,0,0,0,0,0,0,0,0,0,0,0,0,0,0,0,0,0,0,0,0,0,0,0,0,0,0,0,0,0,0,0,0,0,0,0,0,0,0,0,0,0,0,0,0,0,0,0,0,0,0,0,0,0,0,0,0,0,0,0,0,0,0,0,0,0,0,0,0,0,0,0,0,0,0,0,0,0,0,0,0,0,0,0,0,0,0,0,0,0,0,0,0,0,0,0,0,0,0,0,0,0,0,0,0,0,0,0,0,0,0,0,0,0,0,0,0,0,0,0,0,526.94,4,0.0,0.0,0.0,0.0,0.0,0.0,0.0,0.0,0.0,1.0,0.0,0.0,0.0,0.0,0.0,0.0,0.0,0.0,0.0,0.0,0.0,0.0,0.0,78,86,10,1,6,0
32156,20,30,20,470,10,2,1,1673.0,1,0,0,0,0,9982175.68346,,0,20,0,False,11,92,0,0,0,0,0,0,0,0,0,0,0,0,0,0,0,0,0,0,0,0,0,0,0,0,0,0,0,0,0,0,0,0,0,0,0,0,0,0,0,0,0,0,0,0,0,0,0,0,0,0,0,0,0,0,0,0,0,0,0,0,0,0,0,0,0,0,0,0,0,0,0,0,0,0,0,0,0,0,0,0,0,0,0,0,0,0,0,0,0,0,0,0,0,0,0,0,0,0,0,0,0,0,0,0,0,0,0,0,0,0,0,0,0,0,0,0,0,0,0,0,0,0,0,0,0,0,0,0,0,0,0,0,0,0,0,0,0,0,0,0,0,0,0,0,0,0,0,0,0,0,0,0,0,0,480.92027777777776,4,0.0,0.0,0.0,0.178307437025638,0.0,0.23937782552839929,0.0,0.0,0.0,0.0,0.0,0.0,0.23403650228340075,0.23270947983623555,0.0,0.0,0.6054806406166805,0.2047125079703663,0.0,0.0,0.17565385300430156,0.5585639783141318,0.22497981490230184,97,72,8,12,2,1
32299,3,0,1,2,1,1,1,1721.0,1,0,0,0,0,10090696.024631,,1,1,0,False,11,46,0,0,0,0,0,0,0,0,0,0,0,0,0,0,0,0,0,0,0,0,0,0,0,0,0,0,0,0,0,0,0,0,0,0,0,0,0,0,0,0,0,0,0,0,0,0,0,0,0,0,0,0,0,0,0,0,0,0,0,0,0,0,0,0,0,0,0,0,0,0,0,0,0,0,0,0,0,0,0,0,0,0,0,0,0,0,0,0,0,0,0,0,0,0,0,0,0,0,0,0,0,0,0,0,0,0,0,0,0,0,0,0,0,0,0,0,0,0,0,0,0,0,0,0,0,0,0,0,0,0,0,0,0,0,0,0,0,0,0,0,0,0,0,0,0,0,0,0,0,0,0,0,0,0,230.72555555555556,4,0.0,0.0,0.0,0.18255731265451874,0.0,0.0,0.0,0.0,0.0,0.19545519601726735,0.0,0.0,0.0,0.23825600309663844,0.0,0.0,0.2066373309290222,0.0,0.0,0.0,0.8992024084016866,0.1429692733623654,0.0,75,69,10,23,4,1
31988,1,26,11,702,3,4,1,601982.0,1,0,0,0,0,11214455.717448,,3,11,0,False,11,116,0,0,0,0,0,0,0,0,0,0,0,0,0,0,0,0,0,0,0,0,0,0,0,0,0,0,0,0,0,0,0,0,0,0,0,0,0,0,0,0,0,0,0,0,0,0,0,0,0,0,0,0,0,0,0,0,0,0,0,0,0,0,0,0,0,0,0,0,0,0,0,0,0,0,0,0,0,0,0,0,0,0,0,0,0,0,0,0,0,0,0,0,0,0,0,0,0,0,0,0,0,0,0,0,0,0,0,0,0,0,0,0,0,0,0,0,0,0,0,0,0,0,0,0,0,0,0,0,0,0,0,0,0,0,0,0,0,0,0,0,0,0,0,0,0,0,0,0,0,0,0,0,0,0,425.0552777777778,4,0.3661243657391132,0.1943183283379738,0.0,0.30442743392384264,0.0,0.0,0.0,0.0,0.1940320081959191,0.0,0.20747369340003732,0.0,0.0,0.5959635025159762,0.0,0.0,0.3445825943255472,0.17475463876633504,0.0,0.0,0.14994846154747496,0.3576173015487033,0.0,70,69,5,6,4,1
31749,7,3,1,49,2,2,1,601.0,0,0,0,0,0,13357919.857902,,0,1,0,False,11,81,0,0,0,0,0,0,0,0,0,0,0,0,0,0,0,0,0,0,0,0,0,0,0,0,0,0,0,0,0,0,0,0,0,0,0,0,0,0,0,0,0,0,0,0,0,0,0,0,0,0,0,0,0,0,0,0,0,0,0,0,0,0,0,0,0,0,0,0,0,0,0,0,0,0,0,0,0,0,0,0,0,0,0,0,0,0,0,0,0,0,0,0,0,0,0,0,0,0,0,0,0,0,0,0,0,0,0,0,0,0,0,0,0,0,0,0,0,0,0,0,0,0,0,0,0,0,0,0,0,0,0,0,0,0,0,0,0,0,0,0,0,0,0,0,0,0,0,0,0,0,0,0,0,0,192.0077777777778,4,0.0,0.41937741348050733,0.0,0.0,0.0,0.0,0.0,0.0,0.0,0.35171674772299444,0.0,0.0,0.0,0.0,0.0,0.0,0.0,0.0,0.0,0.0,0.3236184589329463,0.771808919015208,0.0,0,9,0,0,3,1
143608,1,0,1,5,1,1,1,4.0,0,0,0,0,0,81180.392593,,0,1,0,False,12,48,0,0,0,0,0,0,0,0,0,0,0,0,0,0,0,0,0,0,0,0,0,0,0,0,0,0,0,0,0,0,0,0,0,0,0,0,0,0,0,0,0,0,0,0,0,0,0,0,0,0,0,0,0,0,0,0,0,0,0,0,0,0,0,0,0,0,0,0,0,0,0,0,0,0,0,0,0,0,0,0,0,0,0,0,0,0,0,0,0,0,0,0,0,0,1,0,0,0,0,0,0,0,0,0,0,0,0,0,0,0,0,0,0,0,0,0,0,0,0,0,0,0,0,0,0,0,0,0,0,0,0,0,0,0,0,1,0,0,0,0,0,0,0,0,0,0,0,0,0,0,0,0,0,2,168.86222222222221,4,0.0,0.0,0.0,0.0,0.0,0.0,0.0,0.0,0.0,0.0,0.0,0.0,0.0,0.0,0.0,0.0,0.0,0.0,0.0,0.0,0.7985655638018686,0.3174211315556199,0.5114067515703655,17,16,1,11,3,1
139358,17,0,6,9,1,1,1,3.0,0,0,0,0,0,1622108.352944,,1,6,0,False,12,12,0,0,0,0,0,0,0,0,0,0,0,0,0,0,0,0,0,0,0,0,0,0,0,0,0,0,0,0,0,0,0,0,0,0,0,0,0,0,0,0,0,0,0,0,0,0,0,0,0,0,0,0,0,0,0,0,0,0,0,0,0,0,0,0,0,0,0,0,0,0,0,0,0,0,0,0,0,0,0,0,0,0,0,0,0,0,0,0,0,0,0,0,0,0,1,0,0,0,0,0,0,0,0,0,0,0,0,0,0,0,0,0,0,0,0,0,0,0,0,0,0,0,0,0,0,0,0,0,0,0,0,0,0,0,0,0,0,0,0,0,0,0,0,0,0,0,0,0,0,0,0,0,0,1,193.5211111111111,4,0.0,0.0,0.0,0.0,0.0,0.0,0.0,0.0,0.0,0.0,0.0,0.0,0.0,0.0,0.0,0.0,0.0,0.0,0.0,0.0,0.0,0.0,0.0,0,0,0,0,3,1
134464,9,0,1,31,2,0,0,8.0,1,0,0,0,0,-14468.858607,,0,1,1,False,13,85,0,0,0,0,0,0,0,0,0,0,0,1,0,0,0,0,0,0,0,0,0,0,0,0,0,0,0,0,0,0,0,0,0,0,0,0,0,0,0,0,0,0,0,0,0,0,0,0,0,0,0,0,0,0,0,0,0,0,0,0,0,0,0,0,0,0,0,0,0,0,0,0,0,0,0,0,0,0,0,0,0,0,0,0,0,0,0,0,0,0,0,0,0,0,1,0,0,0,0,0,0,0,0,0,0,0,0,0,0,0,0,0,0,0,0,0,0,0,0,0,0,0,0,0,0,0,0,0,0,0,0,0,0,0,0,0,0,1,1,1,0,0,0,0,0,0,0,0,0,0,0,0,0,5,206.84805555555556,4,0.0,0.0,0.0,0.0,0.0,0.0,0.0,0.0,0.0,0.0,0.0,0.4699925972169914,0.29742992565026305,0.0,0.0,0.2495713403898639,0.512991378593355,0.0,0.0,0.0,0.0,0.5323965735686134,0.28592005506120416,252,288,54,0,2,1
131522,11,0,1,63,4,0,0,8.0,1,0,0,0,0,-6932.68633,,0,1,1,False,13,45,0,0,0,0,0,0,0,0,0,0,0,1,0,0,0,0,0,0,0,0,0,0,0,0,0,0,0,0,0,0,0,0,0,0,0,0,0,0,0,0,0,0,0,0,0,0,0,0,0,0,0,0,0,0,0,0,0,0,0,0,0,0,0,0,0,0,0,0,0,0,0,0,0,0,0,0,0,0,0,0,0,0,0,0,0,0,0,0,0,0,0,0,0,0,0,0,0,0,0,0,0,0,0,0,0,0,0,0,0,0,0,0,0,0,0,0,0,0,0,0,0,0,0,0,0,0,0,0,0,0,0,0,0,0,0,0,0,0,0,0,0,0,0,0,0,0,0,0,0,0,0,0,0,1,1855.2502777777777,4,0.0,0.0,0.0,0.0,0.0,0.0,0.0,0.0,0.0,0.8811753507272908,0.0,0.28450087060502977,0.0,0.0,0.0,0.0,0.31052934596606363,0.0,0.0,0.0,0.0,0.21485060202267284,0.0,12,296,22,0,3,1
134379,5,0,1,60,3,1,1,10.0,1,0,0,0,0,-6929.341536,,0,1,1,False,13,53,0,0,0,0,0,0,0,0,0,0,0,1,0,0,0,0,0,0,0,0,0,0,0,0,0,0,0,0,0,0,0,0,0,0,0,0,0,0,0,0,0,0,0,0,0,0,0,0,0,0,0,0,0,0,0,0,0,0,0,0,0,0,0,0,0,0,0,0,0,0,0,0,0,0,0,0,0,0,0,0,0,0,0,0,0,0,0,0,0,0,0,0,0,0,0,0,0,0,0,0,0,0,0,0,0,0,0,0,0,0,0,0,0,0,0,0,0,0,0,0,0,0,0,0,0,0,0,0,0,0,0,0,0,0,0,0,0,0,0,0,0,0,0,0,0,0,0,0,0,0,0,0,0,1,260.34055555555557,4,0.2326465647063809,0.0,0.0,0.1934424565319079,0.0,0.0,0.0,0.0,0.0,0.0,0.26367019817991383,0.20060525213262742,0.0,0.0,0.0,0.0,0.6568748026284681,0.0,0.0,0.0,0.0,0.6059757792367627,0.0,267,288,64,3,0,1
132431,14,2,2,116,2,2,0,7.0,1,0,0,0,0,53334.457007,,0,2,1,False,13,84,0,0,0,0,0,0,0,0,0,0,0,1,0,0,0,0,0,0,0,0,0,0,0,0,0,0,0,0,0,0,0,0,0,0,0,0,0,0,0,0,0,0,0,0,0,0,0,0,0,0,0,0,0,0,0,0,0,0,0,0,0,0,0,0,0,0,0,0,0,0,0,0,0,0,0,0,0,0,0,0,0,0,0,0,0,0,0,0,0,0,0,0,0,0,0,0,0,0,0,0,0,0,0,0,0,0,0,0,0,0,0,0,0,0,0,0,0,0,0,0,0,0,0,0,0,1,0,0,0,0,0,0,0,0,0,0,0,1,0,1,0,0,1,1,1,0,0,0,0,0,0,0,0,7,1332.9497222222221,4,0.0,0.0,0.0,0.0,0.0,0.0,0.0,0.0,0.0,0.0,0.0,0.4699925972169914,0.29742992565026305,0.0,0.0,0.2495713403898639,0.512991378593355,0.0,0.0,0.0,0.0,0.5323965735686134,0.28592005506120416,11,290,35,1,3,1
133249,22,0,1,4,1,0,0,361.0,1,0,0,0,0,136560.038007,,0,1,1,False,13,103,0,0,0,0,0,0,0,0,0,0,0,1,0,0,0,0,0,0,0,0,0,0,0,0,0,0,0,0,0,0,0,0,0,0,0,0,0,0,0,0,0,0,0,0,0,0,0,0,0,0,0,0,0,0,0,0,0,0,0,0,0,0,0,0,0,0,0,0,0,0,0,0,0,0,0,0,0,0,0,0,0,0,0,0,0,0,0,0,0,0,0,0,0,0,0,0,0,0,0,0,0,0,0,0,0,0,0,0,0,0,0,0,0,0,0,0,0,0,0,0,0,0,0,0,0,0,0,0,0,0,0,0,0,0,0,0,0,0,0,0,0,0,0,0,0,0,0,0,0,0,0,0,0,1,535.3397222222222,4,0.0,0.0,0.0,0.0,0.0,0.0,0.0,0.0,0.0,0.0,0.8670716915071207,0.0,0.0,0.0,0.0,0.0,0.0,0.0,0.0,0.0,0.0,0.49818338168487764,0.0,35,264,62,1,2,1
129514,30,30,7,1963,77,3,0,8.0,1,0,0,0,0,156644.768334,,0,7,1,False,13,113,0,0,0,0,0,0,0,0,0,0,0,1,0,0,0,0,0,0,0,0,0,0,0,0,0,0,0,0,0,0,0,0,0,0,0,0,0,0,0,0,0,0,0,0,0,0,0,0,0,0,0,0,0,0,0,0,0,0,0,0,0,0,0,0,0,0,0,0,0,0,0,0,0,0,0,0,0,0,1,0,0,0,0,0,0,0,0,0,0,0,0,0,0,0,0,0,0,0,0,0,0,0,0,0,0,0,0,0,0,0,0,0,0,0,0,0,0,0,0,0,0,0,0,0,0,0,0,0,0,0,0,0,0,0,0,0,0,1,0,1,0,0,0,0,0,0,0,0,0,0,0,0,0,4,2577.4938888888887,4,0.0,0.0,0.0,0.0,0.0,0.0,0.0,0.0,0.0,0.0,0.0,0.38010346969093534,0.0,0.0,0.0,0.0,0.0,0.0,0.0,0.0,0.0,0.0,0.9249439725350462,4,191,7,0,5,0
127912,26,4,2,675,21,3,0,8.0,1,1,0,0,0,182345.199306,,0,2,1,False,13,111,0,0,0,0,0,0,0,0,0,0,0,1,0,0,0,0,0,0,0,0,0,0,0,0,0,0,0,0,0,0,0,0,0,0,0,0,0,0,0,0,0,0,0,0,0,0,0,0,0,0,0,0,0,0,0,0,0,0,0,0,0,0,0,0,0,0,0,0,0,0,0,0,0,0,0,0,0,0,0,0,0,0,0,0,0,0,0,0,0,0,0,0,0,0,0,0,0,0,0,0,0,0,0,0,0,0,0,0,0,0,0,0,0,0,0,0,0,0,0,0,0,0,0,0,0,0,0,0,0,0,0,0,0,0,0,0,0,1,0,1,0,0,0,0,0,0,0,0,0,0,0,0,0,3,1841.891388888889,4,0.0,0.0,0.0,0.2891645995092496,0.0,0.0,0.0,0.0,0.0,0.30959440986784276,0.0,0.0,0.0,0.0,0.0,0.0,0.0,0.0,0.0,0.0,0.0,0.9058339449199492,0.0,0,11,0,0,3,1
134333,30,0,1,30,4,0,0,8.0,1,0,0,0,0,190579.843208,,0,1,1,False,13,60,0,0,0,0,0,0,0,0,0,0,0,1,0,0,0,0,0,0,0,0,0,0,0,0,0,0,0,0,0,0,0,0,0,0,0,0,0,0,0,0,0,0,0,0,0,0,0,0,0,0,0,0,0,0,0,0,0,0,0,0,0,0,0,0,0,0,0,0,0,0,0,0,0,0,0,0,0,0,0,0,0,0,0,0,0,0,0,0,0,0,0,0,0,0,0,0,0,0,0,0,0,0,0,0,0,0,0,0,0,0,0,0,0,0,0,0,0,0,0,0,0,0,0,0,0,0,0,0,0,0,0,0,0,0,0,0,0,1,0,1,0,0,0,0,0,0,0,0,0,0,0,0,0,3,228.85833333333332,4,0.0,0.3630240132784176,0.0,0.28436450066323166,0.0,0.0,0.0,0.0,0.0,0.0,0.0,0.0,0.37324115145696013,0.0,0.0,0.3131840020943345,0.3218732822782922,0.0,0.0,0.0,0.0,0.6680979047957265,0.0,272,313,62,0,6,0
131193,30,10,2,76,4,5,1,9.0,1,0,0,0,0,214383.170657,,1,2,1,False,13,88,0,0,0,0,0,0,0,0,0,0,0,1,0,0,0,0,0,0,0,0,0,0,0,0,0,0,0,0,0,0,0,0,0,0,0,0,0,0,0,0,0,0,0,0,0,0,0,0,0,0,0,0,0,0,0,0,0,0,0,0,0,0,0,0,0,0,0,0,0,0,0,0,0,0,0,0,0,0,0,0,0,0,0,0,0,0,0,0,0,0,0,0,0,0,0,0,0,0,0,0,0,0,0,0,0,0,0,0,0,0,0,0,0,0,0,0,0,0,0,0,0,0,0,0,0,0,0,0,0,0,0,0,0,0,0,0,0,1,0,1,0,0,0,0,0,1,0,1,0,0,0,0,0,5,1927.9827777777778,4,0.0,0.0,0.0,0.6019714017442734,0.0,0.0,0.0,0.0,0.0,0.644501371179687,0.0,0.0,0.0,0.0,0.0,0.0,0.0,0.0,0.0,0.0,0.0,0.47143230057934926,0.0,17,332,18,0,3,1
130733,17,5,2,133,3,4,0,8.0,1,0,0,0,0,282707.256518,,0,2,1,False,13,209,0,0,0,0,0,0,0,0,0,0,0,1,0,0,0,0,0,0,0,0,0,0,0,0,0,0,0,0,0,0,0,0,0,0,0,0,0,0,0,0,0,0,0,0,0,0,0,0,0,0,0,0,0,0,0,0,0,0,0,0,0,0,0,0,0,0,0,0,0,0,0,0,0,0,0,0,0,0,0,0,0,0,0,0,0,0,0,0,0,0,0,0,0,0,0,0,0,0,0,0,0,0,0,0,0,0,0,0,0,0,0,0,0,0,0,0,0,0,0,0,0,0,0,0,0,0,0,0,0,0,0,0,0,0,0,0,0,1,0,1,0,0,0,0,0,0,0,0,0,0,0,0,0,3,2159.3919444444446,4,0.0,0.0,0.0,0.0,0.0,0.0,0.0,0.0,0.0,0.0,0.0,0.0,0.0,0.0,0.0,0.0,0.39070437427938304,0.0,0.0,0.0,0.0,0.8109675087132431,0.4355247314796162,13,327,14,0,0,1
134363,6,3,1,93,8,2,1,8.0,1,0,0,0,0,290591.861078,,0,1,1,False,13,111,0,0,0,0,0,0,0,0,0,0,0,1,0,0,0,0,0,0,0,0,0,0,0,0,0,0,0,0,0,0,0,0,0,0,0,0,0,0,0,0,0,0,0,0,0,0,0,0,0,0,0,0,0,0,0,0,0,0,0,0,0,0,0,0,0,0,0,0,0,0,0,0,0,0,0,0,0,0,0,0,0,0,0,0,0,0,0,0,0,0,0,0,0,0,0,0,0,0,0,0,0,0,0,0,0,0,0,0,0,0,0,0,0,0,0,0,0,0,0,0,0,0,0,0,0,0,0,0,0,0,0,0,0,0,0,0,0,0,0,0,0,0,0,0,0,0,0,0,0,0,0,0,0,1,185.31527777777777,4,0.0,0.0,0.0,0.0,0.0,0.0,0.0,0.0,0.0,0.0,0.0,0.4178093807320131,0.5288126399562468,0.0,0.0,0.22186146716818492,0.4560340130463712,0.0,0.0,0.0,0.0,0.4732846517662263,0.25417438881240756,268,332,52,13,0,1
130766,30,0,1,889,129,1,1,10.0,1,0,0,0,0,309089.987424,,0,1,1,False,13,22,0,0,0,0,0,0,0,0,0,0,0,1,0,0,0,0,0,0,0,0,0,0,0,0,0,0,0,0,0,0,0,0,0,0,0,0,0,0,0,0,0,0,0,0,0,0,0,0,0,0,0,0,0,0,0,0,0,0,0,0,0,0,0,0,0,0,0,0,0,0,0,0,0,0,0,0,0,0,0,0,0,0,0,0,0,0,0,0,0,0,0,0,0,0,0,0,0,0,0,0,0,0,0,0,0,0,0,0,0,0,0,0,0,0,0,0,0,0,0,0,0,0,0,0,0,0,0,0,0,0,0,1,0,0,0,0,0,1,0,1,0,0,0,0,0,0,0,0,0,0,0,0,0,4,2035.0855555555556,4,0.0,0.0,0.0,0.0,0.0,1.0,0.0,0.0,0.0,0.0,0.0,0.0,0.0,0.0,0.0,0.0,0.0,0.0,0.0,0.0,0.0,0.0,0.0,15,302,16,0,0,1
131558,30,30,2,148,9,3,1,8.0,1,0,0,0,0,300526.060218,,0,2,1,False,13,180,0,0,0,0,0,0,0,0,0,0,0,1,0,0,0,0,0,0,0,0,0,0,0,0,0,0,0,0,0,0,0,0,0,0,0,0,0,0,0,0,0,0,0,0,0,0,0,0,0,0,0,0,0,0,0,0,0,0,0,0,0,0,0,0,0,0,0,0,0,0,0,0,0,0,0,0,0,0,0,0,0,0,0,0,0,0,0,0,0,0,0,0,0,0,0,0,0,0,0,0,0,0,0,0,0,0,0,0,0,0,0,0,0,0,0,0,0,0,0,0,0,0,0,0,0,1,0,0,0,0,0,0,0,0,0,0,0,0,0,0,0,0,1,1,1,0,0,0,0,0,0,0,0,5,1436.8011111111111,4,0.38265449123961087,0.20309159407785204,0.0,0.0,0.0,0.0,0.19532718625739562,0.0,0.0,0.340651225663877,0.0,0.16497664771385084,0.0,0.0,0.6291894710048325,0.0,0.18007006588523977,0.0,0.19583602278277903,0.0,0.15671847501812308,0.37376334215382834,0.0,14,203,24,0,4,1
134330,11,2,2,323,37,1,0,878.0,1,0,0,0,0,309567.866483,,0,2,1,False,13,25,0,0,0,0,0,0,0,0,0,0,0,1,0,0,0,0,0,0,0,0,0,0,0,0,0,0,0,0,0,0,0,0,0,0,0,0,0,0,0,0,0,0,0,0,0,0,0,0,0,0,0,0,0,0,0,0,0,0,0,0,0,0,0,0,0,0,0,0,0,0,0,0,0,0,0,0,0,0,0,0,0,0,0,0,0,0,0,0,0,0,0,0,0,0,0,0,0,0,0,0,0,0,0,0,0,0,0,0,0,0,0,0,0,0,0,0,0,0,0,0,0,0,0,0,0,0,0,0,0,0,0,0,0,0,0,0,0,1,0,1,0,0,0,0,0,1,0,1,0,0,0,0,0,5,182.57416666666666,4,0.0,0.0,0.0,0.0,0.0,0.0,0.0,0.0,0.0,0.0,0.0,0.0,0.0,0.0,0.0,0.0,0.0,0.0,0.0,0.0,0.0,0.0,0.0,270,333,60,7,6,0
131808,30,30,3,1868,89,6,1,4.0,2,0,0,0,0,309702.059792,,0,3,1,False,13,115,0,0,0,0,0,0,0,0,0,0,0,1,0,0,0,0,0,0,0,0,0,0,0,0,0,0,0,0,0,0,0,0,0,0,0,0,0,0,0,0,0,0,1,0,0,0,0,0,0,0,0,0,0,0,0,0,0,0,0,0,0,0,0,0,0,0,0,0,0,0,0,0,0,0,0,0,0,0,1,0,0,0,0,0,0,0,0,0,0,0,0,0,0,0,0,0,0,0,0,0,0,0,0,0,0,0,0,0,0,0,0,0,0,0,0,0,0,0,0,0,0,0,0,0,0,0,0,0,0,0,0,0,0,0,0,0,0,1,0,1,0,0,0,0,0,1,0,1,0,0,0,0,0,7,1440.236388888889,4,0.0,0.0,0.0,0.0,0.0,0.0,0.0,0.0,0.0,0.0,0.0,0.0,0.0,0.25849362721242447,0.26111597372240125,0.0,0.44837848780390854,0.0,0.0,0.0,0.0,0.775565894899458,0.2499075174960721,15,319,27,0,3,1
133734,13,15,3,3114,100,3,1,10.0,1,0,0,0,0,310019.461449,,0,3,1,False,13,52,0,0,0,0,0,0,0,0,0,0,0,1,0,0,0,0,0,0,0,0,0,0,0,0,0,0,0,0,0,0,0,0,0,0,0,0,0,0,0,0,0,0,0,0,0,0,0,0,0,0,0,0,0,0,0,0,0,0,0,0,0,0,0,0,0,0,0,0,0,0,0,0,0,0,0,0,0,0,0,0,0,0,0,0,0,0,0,0,0,0,0,0,0,0,0,0,0,0,0,0,0,0,0,0,0,0,0,0,0,0,0,0,0,0,0,0,0,0,0,0,0,0,0,0,0,0,0,0,0,0,0,0,0,0,0,0,0,1,0,1,0,0,0,0,0,1,0,1,0,0,0,0,0,5,306.43638888888887,4,0.0,0.0,0.0,0.0,0.0,0.6982315975045473,0.0,0.0,0.0,0.0,0.0,0.0,0.0,0.0,0.0,0.0,0.5887007481758936,0.0,0.0,0.0,0.0,0.4073132275576022,0.0,100,306,110,3,0,1
133899,30,4,1,276,11,2,0,21.0,1,0,0,0,0,310229.599483,,0,1,1,False,13,56,0,0,0,0,0,0,0,0,0,0,0,1,0,0,0,0,0,0,0,0,0,0,0,0,0,0,0,0,0,0,0,0,0,0,0,0,0,0,0,0,0,0,0,0,0,0,0,0,0,0,0,0,0,0,0,0,0,0,0,0,0,0,0,0,0,0,0,0,0,0,0,0,0,0,0,0,0,0,0,0,0,0,0,0,0,0,0,0,0,0,0,0,0,0,0,0,0,0,0,0,0,0,0,0,0,0,0,0,0,0,0,0,0,0,0,0,0,0,0,0,0,0,0,0,0,0,0,0,0,0,0,0,0,0,0,0,0,1,0,1,0,0,0,0,0,1,0,1,0,0,0,0,0,5,194.72,4,0.0,0.0,0.0,0.0,0.0,0.0,0.0,0.0,0.0,0.0,0.0,0.0,0.6622503322271079,0.0,0.0,0.0,0.0,0.0,0.0,0.0,0.0,0.3951404765918699,0.6366227306842216,165,269,101,4,3,1
129220,30,1,1,73,3,3,1,8.0,1,1,0,0,0,316559.497888,,1,1,1,False,13,0,0,0,0,0,0,0,0,0,0,0,0,1,0,0,0,0,0,0,0,0,0,0,0,0,0,0,0,0,0,0,0,0,0,0,0,0,0,0,0,0,0,0,0,0,0,0,0,0,0,0,0,0,0,0,0,0,0,0,0,0,0,0,0,0,0,0,0,0,0,0,0,0,0,0,0,0,0,0,0,0,0,0,0,0,0,0,0,0,0,0,0,0,0,0,0,0,0,0,0,0,0,0,0,0,0,0,0,0,0,0,0,0,0,0,0,0,0,0,0,0,0,0,0,0,0,0,0,0,0,0,0,0,0,0,0,0,0,0,0,0,0,0,0,0,0,0,0,0,0,0,0,0,0,1,3060.637222222222,4,0.0,0.0,0.0,0.0,0.0,0.0,0.0,0.0,0.0,0.0,0.0,0.0,0.0,0.0,0.0,0.0,0.0,0.0,0.0,0.0,0.0,0.0,0.0,3,326,5,0,5,0
131311,26,0,1,137,3,0,0,4.0,1,0,0,0,0,348178.036017,,0,1,1,False,13,195,0,0,0,0,0,0,0,0,0,0,0,1,0,0,0,0,0,0,0,0,0,0,0,0,0,0,0,0,0,0,0,0,0,0,0,0,0,0,0,0,0,0,0,0,0,0,0,0,0,0,0,0,0,0,0,0,0,0,0,0,0,0,0,0,0,0,0,0,0,0,0,0,0,0,0,0,0,0,0,0,0,0,0,0,0,0,0,0,0,0,0,0,0,0,0,0,0,0,0,0,0,0,0,0,0,0,0,0,0,0,0,0,0,0,0,0,0,0,0,0,0,0,0,0,0,0,0,0,0,0,0,0,0,0,0,0,0,1,0,1,0,0,0,0,0,0,0,0,0,0,0,0,0,3,1872.9230555555555,4,0.0,0.0,0.0,0.0,0.0,0.0,0.0,0.0,0.0,0.0,1.0,0.0,0.0,0.0,0.0,0.0,0.0,0.0,0.0,0.0,0.0,0.0,0.0,16,325,18,0,6,0
130289,9,2,1,17,1,2,0,8.0,1,0,0,0,0,345522.037294,,0,1,1,False,13,97,0,0,0,0,0,0,0,0,0,0,0,1,0,0,0,0,0,0,0,0,0,0,0,0,0,0,0,0,0,0,0,0,0,0,0,0,0,0,0,0,0,0,0,0,0,0,0,0,0,0,0,0,0,0,0,0,0,0,0,0,0,0,0,0,0,0,0,0,0,0,0,0,0,0,0,0,0,0,0,0,0,0,0,0,0,0,0,0,0,0,0,0,0,0,0,0,0,0,0,0,0,0,0,0,0,0,0,0,0,0,0,0,0,0,0,0,0,0,0,0,0,0,0,0,0,0,0,0,0,0,0,0,0,0,0,0,0,0,0,0,0,0,0,0,0,0,0,0,0,0,0,0,0,1,2429.9319444444445,4,0.0,0.7358634789200871,0.0,0.0,0.0,0.0,0.0,0.0,0.0,0.0,0.0,0.0,0.0,0.0,0.0,0.0,0.0,0.0,0.0,0.0,0.0,0.677129928737186,0.0,2,326,10,0,3,1
133782,6,0,5,33,4,1,1,9.0,1,0,0,0,0,385718.09946,,0,5,1,False,13,360,0,0,0,0,0,0,0,0,0,0,0,1,0,0,0,0,0,0,0,0,0,0,0,0,0,0,0,0,0,0,0,0,0,0,0,0,0,0,0,0,0,0,0,0,0,0,0,0,0,0,0,0,0,0,0,0,0,0,0,0,0,0,0,0,0,0,0,0,0,0,0,0,0,0,0,0,0,0,0,0,0,0,0,0,0,0,0,0,0,0,0,0,0,0,0,0,0,0,0,0,0,0,0,0,0,0,0,0,0,0,0,0,0,0,0,0,0,0,0,0,0,0,0,0,0,0,0,0,0,0,0,0,0,0,0,0,0,0,0,0,0,0,0,0,0,0,0,0,0,0,0,0,0,1,433.46694444444444,4,0.0,0.729984509089951,0.0,0.0,0.0,0.0,0.0,0.0,0.0,0.30610587167114794,0.0,0.0,0.0,0.3731369797011544,0.0,0.0,0.323618412775477,0.0,0.0,0.0,0.28165138880040513,0.22390673124346727,0.0,122,312,106,2,1,1
132830,4,0,2,15,1,0,0,8.0,1,0,0,0,0,357664.103951,,0,2,1,False,13,110,0,0,0,0,0,0,0,0,0,0,0,1,0,0,0,0,0,0,0,0,0,0,0,0,0,0,0,0,0,0,0,0,0,0,0,0,0,0,0,0,0,0,0,0,0,0,0,0,0,0,0,0,0,0,0,0,0,0,0,0,0,0,0,0,0,0,0,0,0,0,0,0,0,0,0,0,0,0,0,0,0,0,0,0,0,0,0,0,0,0,0,0,0,0,0,0,0,0,0,0,0,0,0,0,0,0,0,0,0,0,0,0,0,0,0,0,0,0,0,0,0,0,0,0,0,0,0,0,0,0,0,0,0,0,0,0,0,0,0,0,0,0,0,0,0,0,0,0,0,0,0,0,0,1,970.8333333333334,4,0.0,0.0,0.0,0.0,0.0,0.0,0.0,0.0,0.4553268246437013,0.0,0.0,0.55562964503373,0.2344162936324788,0.0,0.0,0.19669704883655142,0.404308804409519,0.0,0.0,0.0,0.0,0.41960280642821485,0.22534490917855113,23,300,40,0,5,0
134326,16,4,2,142,4,2,0,43747.0,1,0,0,0,0,384521.355749,,0,2,1,False,13,70,0,0,0,0,0,0,0,0,0,0,0,1,0,0,0,0,0,0,0,0,0,0,0,0,0,0,0,0,0,0,0,0,0,0,0,0,0,0,0,0,0,0,0,0,0,0,0,0,0,0,0,0,0,0,0,0,0,0,0,0,0,0,0,0,0,0,0,0,0,0,0,0,0,0,0,0,0,0,0,0,0,0,0,0,0,0,0,0,0,0,0,0,0,0,0,0,0,0,0,0,0,0,0,0,0,0,0,0,0,0,0,0,0,0,0,0,0,0,0,0,0,0,0,0,0,0,0,0,0,0,0,0,0,0,0,0,0,1,0,1,0,0,0,0,0,0,0,0,0,0,0,0,0,3,178.40805555555556,4,0.3821664353085163,0.0,0.0,0.6355323934692444,0.0,0.0,0.0,0.0,0.0,0.0,0.0,0.0,0.0,0.0,0.0,0.0,0.35968079173564454,0.0,0.0,0.0,0.3130371774842664,0.24885775094776444,0.4009422226919474,268,339,58,6,6,0
134268,16,13,6,443,8,2,2,73.0,1,0,0,0,0,426203.557792,,0,6,1,False,13,367,0,0,0,0,0,0,0,0,0,0,0,1,0,0,0,0,0,0,0,0,0,0,0,0,0,0,0,0,0,0,0,0,0,0,0,0,0,0,0,0,0,0,0,0,0,0,0,0,0,0,0,0,0,0,0,0,0,0,0,0,0,0,0,0,0,0,0,0,0,0,0,0,0,0,0,0,0,0,0,0,0,0,0,0,0,0,0,0,0,0,0,0,0,0,0,0,0,0,0,0,0,0,0,0,0,0,0,0,0,0,0,0,0,0,0,0,0,0,0,0,0,0,0,0,0,0,0,0,0,0,0,0,0,0,0,0,0,1,0,1,0,0,0,0,0,0,0,0,0,0,0,0,0,3,199.60666666666665,4,0.16114281981663942,0.0,0.0,0.26797612900195444,0.0,0.0,0.0,0.0,0.17079914838366866,0.0,0.0,0.0,0.35173067917545764,0.17486815645161852,0.0,0.0,0.7583080519273376,0.0,0.16494027722325574,0.0,0.13199404454903058,0.3147971879469978,0.0,257,321,88,3,4,1
131072,4,2,4,203,5,1,0,8.0,1,0,0,0,0,437430.768825,,0,4,1,False,13,259,0,0,0,0,0,0,0,0,0,0,0,1,0,0,0,0,1,0,0,0,0,0,0,0,0,0,0,0,0,0,0,0,0,0,0,0,0,0,0,0,0,0,0,0,0,0,0,0,0,0,0,0,0,0,0,0,0,0,0,0,0,0,0,0,0,0,0,0,0,0,0,0,0,0,0,0,0,0,0,0,0,0,0,0,0,0,0,0,0,0,0,0,0,0,0,0,0,0,0,0,0,0,0,0,0,0,0,0,0,0,0,0,0,0,0,0,0,0,0,0,0,0,0,0,0,0,0,0,0,0,0,0,0,0,0,0,0,0,0,0,0,0,0,0,0,0,0,0,0,0,0,0,0,2,1976.3608333333334,4,0.0,0.0,0.0,0.0,0.0,0.0,0.0,0.0,0.0,0.1651894574072961,0.0,0.32000357982114874,0.4050218727597497,0.0,0.0,0.16992548992989037,0.5239202017413979,0.0,0.0,0.0,0.0,0.6041542300711746,0.19467421764518275,18,327,19,0,0,1
128780,29,28,8,241,10,7,1,3070.0,1,0,0,0,0,482988.698493,,0,8,1,False,13,56,0,0,0,0,0,0,0,0,0,0,0,1,0,0,0,0,0,0,0,0,0,0,0,0,0,0,0,0,0,0,0,0,0,0,0,0,0,0,0,0,0,0,0,0,0,0,0,0,0,0,0,0,0,0,0,0,0,0,0,0,0,0,0,0,0,0,0,0,0,0,0,0,0,0,0,0,0,0,1,0,0,0,0,0,0,0,0,0,0,0,0,0,0,0,0,0,0,0,0,0,0,0,0,0,0,0,0,0,0,0,0,0,0,0,0,0,0,0,0,0,0,0,0,0,0,1,0,0,0,0,0,0,0,0,0,0,0,0,0,0,0,0,1,1,1,0,0,0,0,0,0,0,0,6,3255.008611111111,4,0.4451057913919784,0.0,0.0,0.0,0.0,0.0,0.0,0.0,0.0,0.39624736376822567,0.0,0.38380347296583783,0.0,0.0,0.487917749717008,0.0,0.41891696565331477,0.0,0.0,0.0,0.0,0.2898423721858553,0.0,0,312,2,0,2,1
129195,30,14,4,2075,175,4,4,8.0,1,1,0,0,0,489050.714885,,0,4,1,False,13,490,0,1,0,0,0,1,0,0,0,0,0,1,0,0,0,0,0,0,0,0,0,0,0,0,0,0,0,0,0,0,0,0,0,0,0,0,0,0,0,0,0,0,0,0,0,0,0,0,0,0,0,0,0,0,0,0,0,0,0,0,0,0,0,0,0,1,0,0,0,0,0,0,0,0,0,0,0,0,0,0,0,0,0,0,0,0,0,0,0,0,0,0,0,0,0,0,0,0,0,0,0,0,0,0,0,0,0,0,0,0,0,0,0,0,0,0,0,0,0,0,0,0,0,0,0,1,0,0,0,0,0,0,0,0,0,0,0,0,0,0,0,0,1,1,0,0,1,0,0,0,0,0,0,8,697.3436111111112,4,0.0,0.24467749239952136,0.0,0.0,0.0,0.0,0.0,0.0,0.0,0.0,0.13062108827864977,0.0,0.1257819120201825,0.12506870951087468,0.12633749705287323,0.0,0.0,0.0,0.2359362394763507,0.0,0.09440440815441194,0.9005934265699497,0.0,2,0,4,0,5,0
133087,3,2,3,162,5,2,0,9.0,1,0,0,0,0,499991.965772,,0,3,1,False,13,89,0,0,0,0,0,0,0,0,0,0,0,1,0,0,0,0,0,0,0,0,0,0,0,0,0,0,0,0,0,0,0,0,0,0,0,0,0,0,0,0,0,0,0,0,0,0,0,0,0,0,0,0,0,0,0,0,0,0,0,0,0,0,0,0,0,0,0,0,0,0,0,0,0,0,0,0,0,0,0,0,0,0,0,0,0,0,0,0,0,0,0,0,0,0,0,0,0,0,0,0,0,0,0,0,0,0,0,0,0,0,0,0,0,0,0,0,0,0,0,0,0,0,0,0,0,0,0,0,0,0,0,0,0,0,0,0,0,0,0,0,0,0,0,0,0,0,0,0,0,0,0,0,0,1,849.1452777777778,4,0.0,0.0,0.0,0.0,0.0,0.0,0.0,0.0,0.0,0.0,0.0,0.0,0.0,0.0,0.0,0.0,0.0,0.0,0.0,0.0,0.0,0.0,0.0,28,320,48,1,5,0
133809,30,16,2,228,16,5,0,262.0,1,1,0,0,0,565306.245093,,0,2,1,False,13,41,0,1,0,0,0,1,0,0,0,0,0,1,0,0,0,0,0,0,0,0,0,0,0,0,0,0,0,0,0,0,0,0,0,0,0,0,0,0,0,0,0,0,0,0,0,0,0,0,0,0,0,0,0,0,0,0,0,0,0,0,0,0,0,0,0,1,0,0,0,0,0,0,0,0,0,0,0,0,0,0,0,0,0,0,0,0,0,0,0,0,0,0,0,0,0,0,0,0,0,0,0,0,0,0,0,0,0,0,0,0,0,0,0,0,0,0,0,0,0,0,0,0,0,0,0,0,0,0,0,0,0,0,0,0,0,0,0,1,0,1,0,0,0,0,0,0,0,0,0,0,0,0,0,6,372.08222222222224,4,0.0,0.0,0.0,0.0,0.0,0.0,0.0,0.0,0.0,0.0,0.0,0.0,0.0,0.8574680420316001,0.0,0.0,0.0,0.0,0.0,0.0,0.0,0.5145372259559982,0.0,135,295,101,1,1,1
133103,30,25,1,939,31,2,0,10.0,1,0,0,0,0,583582.930446,,0,1,1,False,13,13,0,0,0,0,0,0,0,0,0,0,0,1,0,0,0,0,0,0,0,0,0,0,0,0,0,0,0,0,0,0,0,0,0,0,0,0,0,0,0,0,0,0,0,0,0,0,0,0,0,0,0,0,0,0,0,0,0,0,0,0,0,0,0,0,0,0,0,0,0,0,0,0,0,0,0,0,0,0,0,0,0,0,0,0,0,0,0,0,0,0,0,0,0,0,0,0,0,0,0,0,0,0,0,0,0,0,0,0,0,0,0,0,0,0,0,0,0,0,0,0,0,0,0,0,0,0,0,0,0,0,0,0,0,0,0,0,0,0,0,0,0,0,0,0,0,0,0,0,0,0,0,0,0,1,814.3644444444444,4,0.0,0.0,0.0,0.0,0.0,0.0,0.0,0.0,0.0,0.0,0.0,0.0,0.0,0.0,0.0,0.0,0.0,0.0,0.0,0.0,0.0,0.0,0.0,30,300,50,0,5,0
133702,30,27,4,349,33,5,0,8.0,1,0,0,0,0,589389.383465,,0,4,1,False,13,53,0,0,0,0,0,0,0,0,0,0,0,1,0,0,0,0,0,0,0,0,0,0,0,0,0,0,0,0,0,0,0,0,0,0,0,0,0,0,0,0,0,0,0,0,0,0,0,0,0,0,0,0,0,0,0,0,0,0,0,0,0,0,0,0,0,0,0,0,0,0,0,0,0,0,0,0,0,0,0,0,0,0,0,0,0,0,0,0,0,0,0,0,0,0,0,0,0,0,0,0,0,0,0,0,0,0,0,0,0,0,0,0,0,0,0,0,0,0,0,0,0,0,0,0,0,0,0,0,0,0,0,0,0,0,0,0,0,0,0,0,0,0,0,0,0,0,0,0,0,0,0,0,0,1,433.2525,4,0.0,0.0,0.0,0.0,0.0,0.0,0.0,0.0,0.0,0.37622561413029487,0.0,0.0,0.0,0.0,0.9265280822901605,0.0,0.0,0.0,0.0,0.0,0.0,0.0,0.0,84,300,105,14,6,0
133793,30,17,6,2259,22,3,1,12.0,1,0,0,0,0,604492.690527,,0,6,1,False,13,17,0,0,0,0,0,0,0,0,0,0,0,1,0,0,0,0,0,0,0,0,0,0,0,0,0,0,0,0,0,0,0,0,0,0,0,0,0,0,0,0,0,0,0,0,0,0,0,0,0,0,0,0,0,0,0,0,0,0,0,0,0,0,0,0,0,0,0,0,0,0,0,0,0,0,0,0,0,0,0,0,0,0,0,0,0,0,0,0,0,0,0,0,0,0,0,0,0,0,0,0,0,0,0,0,0,0,0,0,0,0,0,0,0,0,0,0,0,0,0,0,0,0,0,0,0,0,0,0,0,0,0,0,0,0,0,0,0,1,0,1,0,0,0,0,0,0,0,0,0,0,0,0,0,3,397.2675,4,0.0,0.0,0.0,0.0,0.0,0.0,0.0,0.0,0.0,0.0,0.0,0.0,0.0,0.0,0.0,0.0,0.8223548294979172,0.0,0.0,0.0,0.0,0.5689749857431797,0.0,129,299,101,5,1,1
133961,27,1,2,260,23,1,0,1352.0,1,0,0,0,0,660814.372847,,0,2,1,False,13,41,0,0,0,0,0,0,0,0,0,0,0,1,0,0,0,0,0,0,0,0,0,0,0,0,0,0,0,0,0,0,0,0,0,0,0,0,0,0,0,0,0,0,0,0,0,0,0,0,0,0,0,0,0,0,0,0,0,0,0,0,0,0,0,0,0,0,0,0,0,0,0,0,0,0,0,0,0,0,0,0,0,0,0,0,0,0,0,0,0,0,0,0,0,0,0,0,0,0,0,0,0,0,0,0,0,0,0,0,0,0,0,0,0,0,0,0,0,0,0,0,0,0,0,0,0,0,0,0,0,0,0,0,0,0,0,0,0,1,0,1,0,0,0,0,0,0,0,0,0,0,0,0,0,3,310.0097222222222,4,0.6716791619953633,0.0,0.0,0.0,0.0,0.0,0.0,0.0,0.0,0.5979502005722727,0.0,0.0,0.0,0.0,0.0,0.0,0.0,0.0,0.0,0.0,0.0,0.4373815965227451,0.0,174,295,97,9,4,1
133643,10,4,4,513,22,1,0,1282.0,1,0,0,0,0,672054.629518,,0,4,1,False,13,70,0,0,0,0,0,0,0,0,0,0,0,1,0,0,0,0,0,0,0,0,0,0,0,0,0,0,0,0,0,0,0,0,0,0,0,0,0,0,0,0,0,0,1,0,0,0,0,0,0,0,0,0,0,0,0,0,0,0,0,0,0,0,0,0,0,0,0,0,0,0,0,0,0,0,0,0,0,0,0,0,0,0,0,0,0,0,0,0,0,0,0,0,0,0,0,0,0,0,0,0,0,0,0,0,0,0,0,0,0,0,0,0,0,0,0,0,0,0,0,0,0,0,0,0,0,0,0,0,0,0,0,0,0,0,0,0,0,0,0,0,0,0,0,0,0,0,0,0,0,0,0,0,0,2,470.7238888888889,4,0.0,0.0,0.0,0.0,0.0,0.0,0.0,0.0,0.0,0.4616957507647092,0.0,0.0,0.0,0.0,0.0,0.0,0.0,0.0,0.0,0.0,0.0,0.8442894758793057,0.2720520440012512,77,295,100,5,4,1
132975,30,6,3,133,1,3,0,10.0,2,1,0,0,0,674593.518683,,2,3,1,False,13,80,0,0,0,0,0,0,0,0,0,0,0,1,0,0,0,0,0,0,0,0,0,0,0,0,0,0,0,0,0,0,0,0,0,0,0,0,0,0,0,0,0,0,0,0,0,0,0,0,0,0,0,0,0,0,0,0,0,0,0,0,0,0,0,0,0,0,0,0,0,0,0,0,0,0,0,0,0,0,0,0,0,0,0,0,0,0,0,0,0,0,0,0,0,0,0,0,0,0,0,0,0,0,0,0,0,0,0,0,0,0,0,0,0,0,0,0,0,0,0,0,0,0,0,0,0,0,0,0,0,0,0,0,0,0,0,0,0,0,0,0,0,0,0,0,0,0,1,0,0,0,0,0,0,2,692.3047222222223,4,0.0,0.0,0.0,0.0,0.0,0.2622926166693153,0.0,0.0,0.0,0.2091797270093885,0.26630593941549985,0.0,0.0,0.25498593386946805,0.7727180873955615,0.0,0.0,0.0,0.0,0.0,0.0,0.30601666450482273,0.24651633549700736,25,238,45,0,2,1
132056,26,3,4,452,41,3,0,586.0,1,0,0,0,0,675757.411844,,0,4,1,False,13,415,0,0,0,0,0,0,0,0,0,0,0,1,0,0,0,0,0,0,0,0,0,0,0,0,0,0,0,0,0,0,0,0,0,0,0,0,0,0,0,0,0,0,0,0,0,0,0,0,0,0,0,0,0,0,0,0,0,0,0,0,0,0,0,0,0,0,0,0,0,0,0,0,0,0,0,0,0,0,0,0,0,0,0,0,0,0,0,0,0,0,0,0,0,0,0,0,0,0,0,0,0,0,0,0,0,0,0,0,0,0,0,0,0,0,0,0,0,0,0,0,0,0,0,0,0,1,0,0,0,0,0,0,0,0,0,0,0,0,0,0,0,0,1,1,0,0,0,0,0,0,0,0,0,4,1369.8541666666667,4,0.2467569665664924,0.13096479157335592,0.0,0.0,0.0,0.0,0.0,0.0,0.0,0.10983545865314359,0.27966223511176963,0.0,0.1346507333377724,0.2677744865342153,0.2704909848007152,0.0,0.232238451368113,0.0,0.0,0.0,0.30318245089811374,0.7230703726345198,0.0,10,295,28,0,2,1
133328,17,0,5,424,5,0,0,254.0,1,0,0,0,0,686869.654401,,0,5,1,False,13,13,0,0,0,0,0,0,0,0,0,0,0,1,0,0,0,0,0,0,0,0,0,0,0,0,0,0,0,0,0,0,0,0,0,0,0,0,0,0,0,0,0,0,0,0,0,0,0,0,0,0,0,0,0,0,0,0,0,0,0,0,0,0,0,0,0,0,0,0,0,0,0,0,0,0,0,0,0,0,0,0,0,0,0,0,0,0,0,0,0,0,0,0,0,0,0,0,0,0,0,0,0,0,0,0,0,0,0,0,0,0,0,0,0,0,0,0,0,0,0,0,0,0,0,0,0,0,0,0,0,0,0,0,0,0,0,0,0,1,0,1,0,0,0,0,0,0,0,0,0,0,0,0,0,3,643.4444444444445,4,0.0,0.0,0.0,0.0,0.0,0.0,0.0,0.0,0.0,0.0,0.0,0.0,0.0,0.0,0.0,0.0,0.8223548294979172,0.0,0.0,0.0,0.0,0.5689749857431797,0.0,45,294,74,2,4,1
130786,10,7,4,848,14,4,1,10.0,2,0,0,0,0,712443.971335,,0,4,1,False,13,6,0,0,0,0,0,0,0,0,0,0,0,1,0,0,0,0,0,0,0,0,0,0,0,0,0,0,0,0,0,0,0,0,0,0,0,0,0,0,0,0,0,0,0,0,0,0,0,0,0,0,0,0,0,0,0,0,0,0,0,0,0,0,0,0,0,0,0,0,0,0,0,0,0,0,0,0,0,0,0,0,0,0,0,0,0,0,0,0,0,0,0,0,0,0,0,0,0,0,0,0,0,0,0,0,0,0,0,0,0,0,0,0,0,0,0,0,0,0,0,0,0,0,0,0,0,0,0,0,0,0,0,0,0,0,0,0,0,0,0,0,0,0,0,0,0,0,0,0,0,0,0,0,0,1,2044.7347222222222,4,0.0,0.0,0.0,0.0,0.0,0.0,0.0,0.0,0.0,1.0,0.0,0.0,0.0,0.0,0.0,0.0,0.0,0.0,0.0,0.0,0.0,0.0,0.0,18,297,19,0,1,1
134161,23,5,7,411,20,2,0,10776.0,1,0,0,0,0,719284.798015,,0,7,1,False,13,6,0,0,0,0,0,0,0,0,0,0,0,1,0,0,0,0,0,0,0,0,0,0,0,0,0,0,0,0,0,0,0,0,0,0,0,0,0,0,0,0,0,0,0,0,0,0,0,0,0,0,0,0,0,0,0,0,0,0,0,0,0,0,0,0,0,0,0,0,0,0,0,0,0,0,0,0,0,0,1,0,0,0,0,0,0,0,0,0,0,0,0,0,0,0,0,0,0,0,0,0,0,0,0,0,0,0,0,0,0,0,0,0,0,0,0,0,0,0,0,0,0,0,0,0,0,0,0,0,0,0,0,0,0,0,0,0,0,0,0,0,0,0,0,0,0,1,0,0,0,0,0,0,0,3,181.3925,4,0.0,0.0,0.0,0.0,0.0,0.0,0.0,0.0,0.0,0.0,0.0,0.0,0.0,0.0,0.0,0.0,0.0,0.0,0.0,0.0,0.0,0.0,0.0,231,297,96,11,2,1
133926,6,0,1,282,5,0,0,1026006.0,1,0,0,0,0,723592.112892,,0,1,1,False,13,4,0,0,0,0,0,0,0,0,0,0,0,1,0,0,0,0,0,0,0,0,0,0,0,0,0,0,0,0,0,0,0,0,0,0,0,0,0,0,0,0,0,0,0,0,0,0,0,0,0,0,0,0,0,0,0,0,0,0,0,0,0,0,0,0,0,0,0,0,0,0,0,0,0,0,0,0,0,0,0,0,0,0,0,0,0,0,0,0,0,0,0,0,0,0,0,0,0,0,0,0,0,0,0,0,0,0,0,0,0,0,0,0,0,0,0,0,0,0,0,0,0,0,0,0,0,0,0,0,0,0,0,0,0,0,0,0,0,0,0,0,0,0,0,0,0,0,0,0,0,0,0,0,0,1,314.5163888888889,4,0.0,0.0,0.0,0.0,0.0,0.0,0.0,0.0,0.0,1.0,0.0,0.0,0.0,0.0,0.0,0.0,0.0,0.0,0.0,0.0,0.0,0.0,0.0,168,297,98,25,3,1
133801,30,5,4,112,10,4,1,10.0,1,0,0,0,0,751046.096879,,0,4,1,False,13,312,0,1,0,0,0,1,0,0,0,0,0,1,0,0,0,0,0,0,0,0,0,0,0,0,0,0,0,0,0,0,0,0,0,0,0,0,0,0,0,0,0,0,0,0,0,0,0,0,0,0,0,0,0,0,0,0,0,0,0,0,0,0,0,0,0,1,0,0,0,0,0,0,0,0,0,0,0,0,0,0,0,0,0,0,0,0,0,0,0,0,0,0,0,0,0,0,0,0,0,0,0,0,0,0,0,0,0,0,0,0,0,0,0,0,0,0,0,0,0,0,0,0,0,0,0,0,0,0,0,0,0,0,0,0,0,0,0,0,0,0,0,0,0,0,0,0,0,0,0,0,0,0,0,4,347.0366666666667,4,0.0,0.0,0.0,0.0,0.0,0.0,0.0,0.0,0.0,0.0,0.0,0.5624274584673875,0.23728424397344072,0.0,0.0,0.19910352561995037,0.4092552932200542,0.0,0.0,0.0,0.17809141439259907,0.4247364086753824,0.45620375255594176,132,295,98,0,1,1
133265,12,7,4,177,11,3,1,9.0,1,0,0,0,0,782382.192265,,0,4,1,False,13,11,0,0,0,0,0,0,0,0,0,0,0,1,0,0,0,0,0,0,0,0,0,0,0,0,0,0,0,0,0,0,0,0,0,0,0,0,0,0,0,0,0,0,0,0,0,0,0,0,0,0,0,0,0,0,0,0,0,0,0,0,0,0,0,0,0,0,0,0,0,0,0,0,0,0,0,0,0,0,0,0,0,0,0,0,0,0,0,0,0,0,0,0,0,0,0,0,0,0,0,0,0,0,0,0,0,0,0,0,0,0,0,0,0,0,0,0,0,0,0,0,0,0,0,0,0,0,0,0,0,0,0,0,0,0,0,0,0,0,0,0,0,0,0,0,0,0,0,0,0,0,0,0,0,1,652.9583333333334,4,0.5732085824324551,0.0,0.0,0.0,0.0,0.0,0.0,0.0,0.0,0.0,0.0,0.4942632716222298,0.0,0.0,0.0,0.0,0.0,0.0,0.0,0.5364818726146631,0.0,0.373259882262921,0.0,36,302,64,0,2,1
132325,30,5,2,649,7,3,2,10.0,1,0,0,0,0,830468.614649,,0,2,1,False,13,1219,0,0,0,0,0,0,0,0,0,0,0,1,0,0,0,0,0,0,0,0,0,0,0,0,0,0,0,0,0,0,0,0,0,0,0,0,0,0,0,0,0,0,0,0,0,0,0,0,0,0,0,0,0,0,0,0,0,0,0,0,0,0,0,0,0,0,0,0,0,0,0,0,0,0,0,0,0,0,0,0,0,0,0,0,0,0,0,0,0,0,0,0,0,0,0,0,0,0,0,0,0,0,0,0,0,0,0,0,0,0,0,0,0,0,0,0,0,0,0,0,0,0,0,0,0,1,0,0,0,0,0,0,0,0,0,0,0,1,0,1,0,0,1,1,1,0,0,0,0,0,0,0,0,7,1171.3819444444443,4,0.14316030058030468,0.3545802287860561,0.0,0.03967861472193762,0.0,0.0,0.0,0.0,0.0,0.0,0.054083619463920755,0.0,0.052079960095201785,0.0,0.31385999939254694,0.0,0.08982475609310246,0.0,0.0,0.0,0.039088114741839985,0.49718722365780926,0.7009041553445023,9,298,31,0,1,1
134095,25,0,1,5028,4,0,0,3666.0,1,0,0,0,0,853011.0177,,0,1,1,False,13,19,0,1,0,0,0,1,0,0,0,0,0,1,0,0,0,0,0,0,0,0,0,0,0,0,0,0,0,0,0,0,0,0,0,0,0,0,0,0,0,0,0,0,0,0,0,0,0,0,0,0,0,0,0,0,0,0,0,0,0,0,0,0,0,0,0,1,0,0,0,0,0,0,0,0,0,0,0,0,0,0,0,0,0,0,0,0,0,0,0,0,0,0,0,0,0,0,0,0,0,0,0,0,0,0,0,0,0,0,0,0,0,0,0,0,0,0,0,0,0,0,0,0,0,0,0,0,0,0,0,0,0,0,0,0,0,0,0,1,0,1,0,0,0,0,0,0,0,0,0,0,0,0,0,6,172.65805555555556,4,0.0,0.0,0.0,1.0,0.0,0.0,0.0,0.0,0.0,0.0,0.0,0.0,0.0,0.0,0.0,0.0,0.0,0.0,0.0,0.0,0.0,0.0,0.0,206,307,98,4,0,1
133633,29,1,1,140,8,1,0,11.0,1,0,0,0,0,878451.008533,,0,1,1,False,13,120,0,0,0,0,0,0,0,0,0,0,0,1,0,0,0,0,0,0,0,0,0,0,0,0,0,0,0,0,0,0,0,0,0,0,0,0,0,0,0,0,0,0,0,0,0,0,0,0,0,0,0,0,0,0,0,0,0,0,0,0,0,0,0,0,0,0,0,0,0,0,0,0,0,0,0,0,0,0,0,0,0,0,0,0,0,0,0,0,0,0,0,0,0,0,0,0,0,0,0,0,0,0,0,0,0,0,0,0,0,0,0,0,0,0,0,0,0,0,0,0,0,0,0,0,0,0,0,0,0,0,0,0,0,0,0,0,0,0,0,0,0,0,0,0,0,0,0,0,0,0,0,0,0,1,383.2013888888889,4,0.0,0.0,0.0,0.0,0.0,0.0,0.0,0.0,0.0,0.20734295999842936,0.0,0.4016629783256378,0.25418823719195943,0.0,0.0,0.21328754639816744,0.43841040518783,0.0,0.0,0.217985959248878,0.0,0.4549943864141416,0.4887034457944511,76,314,100,1,4,1
133417,12,17,4,153,9,2,1,8.0,1,0,0,0,0,973076.326981,,0,4,1,False,13,106,0,0,0,0,0,0,0,0,0,0,0,1,0,0,0,0,0,0,0,0,0,0,0,0,0,0,0,0,0,0,0,0,0,0,0,0,0,0,0,0,0,0,0,0,0,0,0,0,0,0,0,0,0,0,0,0,0,0,0,0,0,0,0,0,0,0,0,0,0,0,0,0,0,0,0,0,0,0,0,0,0,0,0,0,0,0,0,0,0,0,0,0,0,0,0,0,0,0,0,0,0,0,0,0,0,0,0,0,0,0,0,0,0,0,0,0,0,0,0,0,0,0,0,0,0,0,0,0,0,0,0,0,0,0,0,0,0,1,0,1,0,0,0,0,0,0,0,0,0,0,0,0,0,3,511.5833333333333,4,0.22783780394510608,0.0,0.0,0.18944403731729684,0.0,0.0,0.0,0.0,0.0,0.40565695134029717,0.0,0.0,0.0,0.24724388459380806,0.749256316708741,0.0,0.21443244131089223,0.0,0.0,0.0,0.0,0.1483625934467126,0.2390314456926545,52,322,76,7,6,0
133938,6,0,9,782,23,1,1,32.0,1,0,0,0,0,973158.681719,,0,9,1,False,13,13,0,0,0,0,0,0,0,0,0,0,0,1,0,0,0,0,0,0,0,0,0,0,0,0,0,0,0,0,0,0,0,0,0,0,0,0,0,0,0,0,0,0,0,0,0,0,0,0,0,0,0,0,0,0,0,0,0,0,0,0,0,0,0,0,0,0,0,0,0,0,0,0,0,0,0,0,0,0,0,0,0,0,0,0,0,0,0,0,0,0,0,0,0,0,0,0,0,0,0,0,0,0,0,0,0,0,0,0,0,0,0,0,0,0,0,0,0,0,0,0,0,0,0,0,0,0,0,0,0,0,0,0,0,0,0,0,0,0,0,0,0,0,0,0,0,0,0,0,0,0,0,0,0,1,195.8763888888889,4,0.0,0.0,0.0,0.0,0.0,0.0,0.0,0.0,0.0,0.0,0.0,0.0,0.0,0.0,0.0,0.0,0.0,0.0,0.0,0.0,0.0,1.0,0.0,174,271,99,8,3,1
133406,4,7,1,603,5,3,1,7.0,1,0,0,0,0,1000840.655934,,0,1,1,False,13,71,0,0,0,0,0,0,0,0,0,0,0,1,0,0,0,0,0,0,0,0,0,0,0,0,0,0,0,0,0,0,0,0,0,0,0,0,0,0,0,0,0,0,0,0,0,0,0,0,0,0,0,0,0,0,0,0,0,0,0,0,0,0,0,0,0,0,0,0,0,0,0,0,0,0,0,0,0,0,0,0,0,0,0,0,0,0,0,0,0,0,0,0,0,0,0,0,0,0,0,0,0,0,0,0,0,0,0,0,0,0,0,0,0,0,0,0,0,0,0,0,0,0,0,0,0,0,0,0,0,0,0,0,0,0,0,0,0,0,0,0,0,0,0,0,0,0,0,0,0,0,0,0,0,1,513.0461111111111,4,0.36402757321259666,0.0,0.0,0.0,0.0,0.0,0.0,0.0,0.0,0.0,0.0,0.31389177484613223,0.0,0.0,0.0,0.0,0.3426091714229471,0.0,0.0,0.0,0.0,0.7111384578778631,0.3819122006546388,51,314,76,1,6,0
130361,11,0,1,1,1,0,0,7.0,1,0,0,0,0,1002381.177979,,0,1,1,False,13,2,0,0,0,0,0,0,0,0,0,0,0,1,0,0,0,0,0,0,0,0,0,0,0,0,0,0,0,0,0,0,0,0,0,0,0,0,0,0,0,0,0,0,0,0,0,0,0,0,0,0,0,0,0,0,0,0,0,0,0,0,0,0,0,0,0,0,0,0,0,0,0,0,0,0,0,0,0,0,0,0,0,0,0,0,0,0,0,0,0,0,0,0,0,0,0,0,0,0,0,0,0,0,0,0,0,0,0,0,0,0,0,0,0,0,0,0,0,0,0,0,0,0,0,0,0,0,0,0,0,0,0,0,0,0,0,0,0,0,0,0,0,0,0,0,0,0,0,0,0,0,0,0,0,1,2204.0230555555554,4,0.0,0.0,0.0,0.0,0.0,0.0,0.0,0.0,0.0,0.0,0.0,0.0,0.0,0.0,0.0,0.0,0.0,0.0,0.0,0.0,0.0,0.0,0.0,4,321,12,0,5,0
133223,8,1,4,286,6,1,1,8.0,1,0,0,0,0,1007546.419296,,0,4,1,False,13,328,0,0,0,0,0,0,0,0,0,0,0,1,0,0,0,0,1,0,0,0,0,0,0,0,0,0,0,0,0,0,0,0,0,0,0,0,0,0,0,0,0,0,0,0,0,0,0,0,0,0,0,0,0,0,0,0,0,0,0,0,0,0,0,0,0,0,0,0,0,0,0,0,0,0,0,0,0,0,0,0,0,0,0,0,0,0,0,0,0,0,0,0,0,0,0,0,0,0,0,0,0,0,0,0,0,0,0,0,0,0,0,0,0,0,0,0,0,0,0,0,0,0,0,0,0,0,0,0,0,0,0,0,0,0,0,0,0,1,0,1,0,0,0,0,0,0,0,0,0,0,0,0,0,4,611.8733333333333,4,0.11642708776552685,0.0,0.0,0.09680754105543787,0.0,0.0,0.0,0.0,0.3702116072271177,0.0,0.0,0.3011764045484373,0.635321181247581,0.0,0.0,0.1066186991341772,0.32873049465875126,0.0,0.0,0.0,0.0,0.3032582721435174,0.3664414064456738,31,313,58,0,1,1
131341,15,15,1,1350,11,3,1,9.0,1,0,0,0,0,1018222.670036,,0,1,1,False,13,631,0,0,0,0,0,0,0,0,0,0,0,1,0,0,0,0,0,0,0,0,0,0,0,0,0,0,0,0,0,0,0,0,0,0,0,0,0,0,0,0,0,0,0,0,0,0,0,0,0,0,0,0,0,0,0,0,0,0,0,0,0,0,0,0,0,0,0,0,0,0,0,0,0,0,0,0,0,0,0,0,0,0,0,0,0,0,0,0,0,0,0,0,0,0,0,0,0,0,0,0,0,0,0,0,0,0,0,0,0,0,0,0,0,0,0,0,0,0,0,0,0,0,0,0,0,0,0,0,0,0,0,0,0,0,0,0,0,1,0,1,0,0,0,0,0,0,0,0,0,0,0,0,0,3,701.7852777777778,4,0.0,0.0,0.0,0.0,0.0,0.0,0.0,0.0,0.19255599640934218,0.0,0.0,0.0,0.0,0.0,0.0,0.0,0.6839226724765445,0.0,0.0,0.0,0.0,0.591494812919386,0.3811900478879364,17,5,19,0,0,1
133986,15,13,1,140,1,3,3,7.0,1,2,0,0,0,1029318.633953,,0,1,1,False,13,27,0,0,0,0,0,0,0,0,0,0,0,1,0,0,0,1,0,0,0,0,0,0,0,0,0,0,0,0,0,0,0,0,0,0,0,0,0,0,0,0,0,0,0,0,0,0,0,0,0,0,0,0,0,0,0,0,0,0,0,0,0,0,0,0,0,0,0,0,0,0,0,0,0,0,0,0,0,0,1,0,0,0,0,0,0,0,0,0,0,0,0,0,0,0,0,0,0,0,0,0,0,0,0,0,0,0,0,0,0,0,0,0,0,0,0,0,0,0,0,0,0,0,0,0,0,0,0,0,0,0,0,0,0,0,0,0,0,0,0,0,0,0,0,0,0,0,0,0,0,0,0,0,0,3,197.20583333333335,4,0.0,0.0,0.0,0.0,0.0,0.0,0.4848332724058886,0.0,0.5033629933627419,0.0,0.0,0.40949838839257463,0.0,0.0,0.0,0.0,0.0,0.0,0.0,0.0,0.0,0.3092467699179811,0.49823679117491615,179,307,95,0,4,1
133392,30,2,2,347,10,2,0,9.0,1,0,0,0,0,1035180.120727,,0,2,1,False,13,350,0,0,0,0,0,0,0,0,0,0,0,1,0,0,0,0,0,0,0,0,0,0,0,0,0,0,0,0,0,0,0,0,0,0,0,0,0,0,0,0,0,0,0,0,0,0,0,0,0,0,0,0,0,0,0,0,0,0,0,0,0,0,0,0,0,0,0,0,0,0,0,0,0,0,0,0,0,0,0,0,0,0,0,0,0,0,0,0,0,0,0,0,0,0,0,0,0,0,0,0,0,0,0,0,0,0,0,0,0,0,0,0,0,0,0,0,0,0,0,0,0,0,0,0,0,1,0,0,0,0,0,0,0,0,0,0,0,0,0,0,0,0,1,1,1,0,0,0,0,0,0,0,0,5,513.9144444444445,4,0.0,0.0,0.0,0.12034945612756409,0.0,0.0,0.0,0.0,0.0,0.2577045662640817,0.0,0.0,0.4738921645722743,0.0,0.0,0.0,0.4086720498568383,0.0,0.0,0.0,0.0,0.6597594930241472,0.3037024009186886,48,313,73,12,5,0
132939,10,16,1,608,12,3,1,7.0,1,2,0,0,0,1035181.661624,,1,1,1,False,13,162,0,0,0,0,0,0,0,0,0,0,0,1,0,0,0,0,0,0,0,0,0,0,0,0,0,0,0,0,0,0,0,0,0,0,0,0,0,0,0,0,0,0,0,0,0,0,0,0,0,0,0,0,0,0,0,0,0,0,0,0,0,0,0,0,0,0,0,0,0,0,0,0,0,0,0,0,0,0,0,0,0,0,0,0,0,0,0,0,0,0,0,0,0,0,0,0,0,0,0,0,0,0,0,0,0,0,0,0,0,0,0,0,0,0,0,0,0,0,0,0,0,0,0,0,0,0,0,0,0,0,0,0,0,0,0,0,0,0,0,0,0,0,0,0,0,0,0,0,0,0,0,0,0,1,793.1172222222223,4,0.0,0.0,0.0,0.26474788787353914,0.0,0.0,0.0,0.0,0.0,0.5669052591435512,0.3608624978964497,0.2745509840529323,0.0,0.34552312737205004,0.0,0.0,0.0,0.0,0.0,0.0,0.0,0.41467320703971794,0.334046250695645,23,307,42,0,1,1
133293,20,0,1,42,5,3,3,9.0,1,0,0,0,0,1035183.555376,,0,1,1,False,13,0,0,0,0,0,0,0,0,0,0,0,0,1,0,0,0,0,0,0,0,0,0,0,0,0,0,0,0,0,0,0,0,0,0,0,0,0,0,0,0,0,0,0,0,0,0,0,0,0,0,0,0,0,0,0,0,0,0,0,0,0,0,0,0,0,0,0,0,0,0,0,0,0,0,0,0,0,0,0,0,0,0,0,0,0,0,0,0,0,0,0,0,0,0,0,0,0,0,0,0,0,0,0,0,0,0,0,0,0,0,0,0,0,0,0,0,0,0,0,0,0,0,0,0,0,0,0,0,0,0,0,0,0,0,0,0,0,0,0,0,0,0,0,0,0,0,0,1,0,0,0,0,0,0,2,567.6911111111111,4,0.0,0.0,0.0,0.0,0.0,0.0,0.0,0.0,0.0,0.0,0.0,0.0,0.0,0.0,0.0,0.0,0.0,0.0,0.0,0.0,0.0,0.0,0.0,37,313,66,0,3,1
133386,7,3,2,106,24,3,1,8.0,1,0,0,0,0,1056823.875272,,0,2,1,False,13,49,0,0,0,0,0,0,0,0,0,0,0,1,0,0,0,0,0,0,0,0,0,0,0,0,0,0,0,0,0,0,0,0,0,0,0,0,0,0,0,0,0,0,0,0,0,0,0,0,0,0,0,0,0,0,0,0,0,0,0,0,0,0,0,0,0,0,0,0,0,0,0,0,0,0,0,0,0,0,0,0,0,0,0,0,0,0,0,0,0,0,0,0,0,0,0,0,0,0,0,0,0,0,0,0,0,0,0,0,0,0,0,0,0,0,0,0,0,0,0,0,0,0,0,0,0,0,0,0,0,0,0,0,0,0,0,0,0,0,0,0,0,0,0,0,0,0,0,0,0,0,0,0,0,1,510.2211111111111,4,0.0,0.29154651162302353,0.0,0.45674927919550407,0.0,0.0,0.0,0.0,0.0,0.0,0.0,0.0,0.0,0.2980523105210646,0.3010759689559518,0.0,0.258498141170949,0.0,0.0,0.0,0.0,0.35770198194659397,0.5763044436300713,47,301,72,0,5,0
133221,3,3,3,240,8,1,1,2058455.0,1,0,0,0,0,1056824.442913,,0,3,1,False,13,44,0,0,0,0,0,0,0,0,0,0,0,1,0,0,0,0,0,0,0,0,0,0,0,0,0,0,0,0,0,0,0,0,0,0,0,0,0,0,0,0,0,0,0,0,0,0,0,0,0,0,0,0,0,0,0,0,0,0,0,0,0,0,0,0,0,0,0,0,0,0,0,0,0,0,0,0,0,0,0,0,0,0,0,0,0,0,0,0,0,0,0,0,0,0,0,0,0,0,0,0,0,0,0,0,0,0,0,0,0,0,0,0,0,0,0,0,0,0,0,0,0,0,0,0,0,0,0,0,0,0,0,0,0,0,0,0,0,0,0,0,0,0,0,0,0,0,0,0,0,0,0,0,0,1,600.3838888888889,4,0.5274638574431079,0.0,0.0,0.0,0.0,0.0,0.0,0.0,0.0,0.0,0.5978016481794693,0.0,0.0,0.0,0.0,0.0,0.4964293049543131,0.0,0.0,0.0,0.0,0.34347199843324117,0.0,30,301,57,2,1,1
133942,18,10,1,92,1,3,0,9.0,1,0,0,0,0,1059157.533287,,0,1,1,False,13,71,0,0,0,0,0,0,0,0,0,0,0,1,0,0,0,0,0,0,0,0,0,0,0,0,0,0,0,0,0,0,0,0,0,0,0,0,0,0,0,0,0,0,0,0,0,0,0,0,0,0,0,0,0,0,0,0,0,0,0,0,0,0,0,0,0,0,0,0,0,0,0,0,0,0,0,0,0,0,0,0,0,0,0,0,0,0,0,0,0,0,0,0,0,0,0,0,0,0,0,0,0,0,0,0,0,0,0,0,0,0,0,0,0,0,0,0,0,0,0,0,0,0,0,0,0,0,0,0,0,0,0,0,0,0,0,0,0,0,0,0,0,0,0,0,0,0,0,0,0,0,0,0,0,1,208.24055555555555,4,0.2843214389816068,0.0,0.0,0.0,0.0,0.317379756892156,0.0,0.0,0.30135912788751645,0.0,0.0,0.0,0.0,0.30853851217794703,0.0,0.26036880713898597,0.26759273141757034,0.0,0.0,0.0,0.0,0.3702868034136747,0.5965802287803269,175,302,101,0,3,1
132150,20,0,1,6,3,0,0,10.0,1,0,0,0,0,1080821.5716,,0,1,1,False,13,133,0,0,0,0,0,0,0,0,0,0,0,1,0,0,0,0,0,0,0,0,0,0,0,0,0,0,0,0,0,0,0,0,0,0,0,0,0,0,0,0,0,0,0,0,0,0,0,0,0,0,0,0,0,0,0,0,0,0,0,0,0,0,0,0,0,0,0,0,0,0,0,0,0,0,0,0,0,0,0,0,0,0,0,0,0,0,0,0,0,0,0,0,0,0,0,0,0,0,0,0,0,0,0,0,0,0,0,0,0,0,0,0,0,0,0,0,0,0,0,0,0,0,0,0,0,0,0,0,0,0,0,0,0,0,0,0,0,0,0,0,0,0,0,0,0,0,0,0,0,0,0,0,0,1,1195.9172222222223,4,0.0,0.0,0.0,0.0,0.0,0.0,0.0,0.0,0.0,0.21608093014071222,0.0,0.0,0.0,0.2633983634601449,0.0,0.0,0.0,0.0,0.0,0.0,0.0,0.7902817167099628,0.509298676603421,7,302,28,1,4,1
133099,24,19,3,1020,32,4,0,9.0,1,0,0,0,0,1111950.620519,,0,3,1,False,13,177,0,0,0,0,0,0,0,0,0,0,0,1,0,0,0,0,0,0,0,0,0,0,0,0,0,0,0,0,0,0,0,0,0,0,0,0,0,0,0,0,0,0,0,0,0,0,0,0,0,0,0,0,0,0,0,0,0,0,0,0,0,0,0,0,0,0,0,0,0,0,0,0,0,0,0,0,0,0,0,0,0,0,0,0,0,0,0,0,0,0,0,0,0,0,0,0,0,0,0,0,0,0,0,0,0,0,0,0,0,0,0,0,0,0,0,0,0,0,0,0,0,0,0,0,0,0,0,0,0,0,0,0,0,0,0,0,0,1,0,1,0,0,0,0,0,0,0,0,0,0,0,0,0,3,661.3155555555555,4,0.0,0.3127960088801124,0.0,0.490039653693251,0.0,0.0,0.0,0.0,0.0,0.2623307584235448,0.3339723215932256,0.0,0.3215995037662033,0.3197759858263472,0.3230200249519888,0.0,0.0,0.0,0.0,0.27579630393949844,0.0,0.0,0.3091543247487863,30,269,49,4,5,0
130555,30,22,8,826,13,3,1,9.0,1,0,0,0,0,1118397.133732,,0,8,1,False,13,136,0,0,0,0,0,0,0,0,0,0,0,1,0,0,0,0,0,0,0,0,0,0,0,0,0,0,0,0,0,0,0,0,0,0,0,0,0,0,0,0,0,0,0,0,0,0,0,0,0,0,0,0,0,0,0,0,0,0,0,0,0,0,0,0,0,0,0,0,0,0,0,0,0,0,0,0,0,0,0,0,0,0,0,0,0,0,0,0,0,0,0,0,0,0,0,0,0,0,0,0,0,0,0,0,0,0,0,0,0,0,0,0,0,0,0,0,0,0,0,0,0,0,0,0,0,0,0,0,0,0,0,0,0,0,0,0,0,0,0,0,0,0,0,0,0,0,1,0,0,0,0,0,0,2,392.0675,4,0.0,0.0,0.0,0.4403717766667334,0.0,0.0,0.0,0.0,0.0,0.0,0.0,0.0,0.0,0.5747303017312704,0.0,0.0,0.0,0.0,0.0,0.0,0.0,0.6897519688897363,0.0,10,12,13,0,3,1
133900,6,25,5,201,11,2,2,153869.0,1,0,0,0,0,1121272.471899,,0,5,1,False,13,24,0,1,0,0,0,1,0,0,0,0,0,1,0,0,0,0,0,0,0,0,0,0,0,0,0,0,0,0,0,0,0,0,0,0,0,0,0,0,0,0,0,0,0,0,0,0,0,0,0,0,0,0,0,0,0,0,0,0,0,0,0,0,0,0,0,1,0,0,0,0,0,0,0,0,0,0,0,0,0,0,0,0,0,0,0,0,0,0,0,0,0,0,0,0,0,0,0,0,0,0,0,0,0,0,0,0,0,0,0,0,0,0,0,0,0,0,0,0,0,0,0,0,0,0,0,0,0,0,0,0,0,0,0,0,0,0,0,0,0,0,0,0,0,0,0,0,0,0,0,0,0,0,0,4,208.87444444444444,4,0.0,0.0,0.0,0.0,0.0,0.0,0.0,0.0,0.0,0.0,0.0,0.0,0.0,0.0,0.0,0.0,0.7543237525086004,0.0,0.0,0.0,0.6565026095921814,0.0,0.0,166,271,102,9,3,1
128004,30,30,4,741,18,3,0,900.0,1,0,0,0,0,1127066.806174,,0,4,1,False,13,119,0,0,0,0,0,0,0,0,0,0,0,1,0,0,0,0,0,0,0,0,0,0,0,0,0,0,0,0,0,0,0,0,0,0,0,0,0,0,0,0,0,0,0,0,0,0,0,0,0,0,0,0,0,0,0,0,0,0,0,0,0,0,0,0,0,0,0,0,0,0,0,0,0,0,0,0,0,0,0,0,0,0,0,0,0,0,0,0,0,0,0,0,0,0,0,0,0,0,0,0,0,0,0,0,0,0,0,0,0,0,0,0,0,0,0,0,0,0,0,0,0,0,0,0,0,0,0,0,0,0,0,0,0,0,0,0,0,1,0,1,0,0,0,0,0,0,0,0,0,0,0,0,0,3,3468.4744444444445,4,0.0,0.0,0.0,0.25101840681939996,0.0,0.0,0.0,0.0,0.0,0.26875314494619645,0.0,0.7809393815513834,0.0,0.0,0.0,0.0,0.0,0.0,0.0,0.0,0.0,0.3931687939717262,0.3167230466959107,1,245,1,0,5,0
133937,7,4,3,263,28,4,1,9.0,1,0,0,0,0,1131941.885796,,0,3,1,False,13,126,0,0,0,0,0,0,0,0,0,0,0,1,0,0,0,0,0,0,0,0,0,0,0,0,0,0,0,0,0,0,0,0,0,0,0,0,0,0,0,0,0,0,0,0,0,0,0,0,0,0,0,0,0,0,0,0,0,0,0,0,0,0,0,0,0,0,0,0,0,0,0,0,0,0,0,0,0,0,0,0,0,0,0,0,0,0,0,0,0,0,0,0,0,0,0,0,0,0,0,0,0,0,0,0,0,0,0,0,0,0,0,0,0,0,0,0,0,0,0,0,0,0,0,0,0,0,0,0,0,0,0,0,0,0,0,0,0,0,0,0,0,0,0,0,0,0,0,0,0,0,0,0,0,1,196.01611111111112,4,0.0,0.6725851399124704,0.0,0.0,0.0,0.0,0.0,0.0,0.0,0.5640729576101136,0.0,0.0,0.3457573643774926,0.0,0.0,0.0,0.0,0.0,0.0,0.0,0.2595048749445714,0.20630073417376363,0.0,173,271,98,7,3,1
132706,30,3,2,869,185,3,1,1790.0,1,0,0,0,0,1143349.376392,,0,2,1,False,13,2296,0,0,0,0,0,0,0,0,0,0,0,1,0,0,0,0,0,0,0,0,0,0,0,0,0,0,0,0,0,0,0,0,0,0,0,0,0,0,0,0,0,0,0,0,0,0,0,0,0,0,0,0,0,0,0,0,0,0,0,0,0,0,0,0,0,0,0,0,0,0,0,0,0,0,0,0,0,0,0,0,0,0,0,0,0,0,0,0,0,0,0,0,0,0,0,0,0,0,0,0,0,0,0,0,0,0,0,0,0,0,0,0,0,0,0,0,0,0,0,0,0,0,0,0,0,1,0,0,0,0,0,0,0,0,0,0,0,1,0,1,0,0,1,1,0,0,0,0,0,0,0,0,0,6,872.655,4,0.0,0.08740878369686737,0.0,0.034234588099378835,0.0,0.0,0.0,0.0,0.0,0.036653300983880754,0.0,0.0710044558000093,0.35947544934940784,0.08935929226405437,0.0,0.07540832478039941,0.11625078953201287,0.0,0.0,0.0,0.1349004260502372,0.8311325222255599,0.3455645562443858,20,267,37,4,2,1
133294,25,13,1,113,10,3,2,2519.0,1,1,0,0,0,1191422.946958,,0,1,1,False,13,6,0,0,0,0,0,0,0,0,0,0,0,1,0,0,0,0,0,0,0,0,0,0,0,0,0,0,0,0,0,0,0,0,0,0,0,0,0,0,0,0,0,0,0,0,0,0,0,0,0,0,0,0,0,0,0,0,0,0,0,0,0,0,0,0,0,0,0,0,0,0,0,0,0,0,0,0,0,0,0,0,0,0,0,0,0,0,0,0,0,0,0,0,0,0,0,0,0,0,0,0,0,0,0,0,0,0,0,0,0,0,0,0,0,0,0,0,0,0,0,0,0,0,0,0,0,0,0,0,0,0,0,0,0,0,0,0,0,1,0,1,0,0,0,0,0,0,0,0,0,0,0,0,0,3,522.8155555555555,4,0.0,0.0,0.0,0.0,0.0,0.0,0.0,0.0,0.0,0.0,0.0,0.0,0.0,0.0,0.0,0.0,0.0,0.0,0.0,0.0,0.0,0.0,0.0,38,268,67,5,3,1
132961,30,25,6,1943,50,3,0,15.0,2,0,0,0,0,1218643.879181,,0,6,1,False,13,168,0,0,0,0,0,0,0,0,0,0,0,1,0,0,0,0,0,0,0,0,0,0,0,0,0,0,0,0,0,0,0,0,0,0,0,0,0,0,0,0,0,0,0,0,0,0,0,0,0,0,0,0,0,0,0,0,0,0,0,0,0,0,0,0,0,0,0,0,0,0,0,0,0,0,0,0,0,0,0,0,0,0,0,0,0,0,0,0,0,0,0,0,0,0,0,0,0,0,0,0,0,0,0,0,0,0,0,0,0,0,0,0,0,0,0,0,0,0,0,0,0,0,0,0,0,0,0,0,0,0,0,0,0,0,0,0,0,1,0,1,0,0,0,0,0,0,0,0,0,0,0,0,0,3,725.4502777777777,4,0.1394652159209352,0.0,0.0,0.0,0.0,0.0,0.0,0.0,0.0,0.0,0.0,0.0,0.0,0.0,0.3057590156404587,0.0,0.6562972915390766,0.0,0.0,0.0,0.2284753108361238,0.6357151684201924,0.0,23,266,43,0,1,1
132789,30,5,1,146,10,3,2,267.0,1,0,0,0,0,1238804.094094,,0,1,1,False,13,4,0,1,0,0,0,1,0,0,0,0,0,1,0,0,0,0,0,0,0,0,0,0,0,0,0,0,0,0,0,0,0,0,0,0,0,0,0,0,0,0,0,0,0,0,0,0,0,0,0,0,0,0,0,0,0,0,0,0,0,0,0,0,0,0,0,1,0,0,0,0,0,0,0,0,0,0,0,0,0,0,0,0,0,0,0,0,0,0,0,0,0,0,0,0,0,0,0,0,0,0,0,0,0,0,0,0,0,0,0,0,0,0,0,0,0,0,0,0,0,0,0,0,0,0,0,0,0,0,0,0,0,0,0,0,0,0,0,1,0,1,0,0,0,0,0,0,0,0,0,0,0,0,0,6,814.3088888888889,4,0.0,0.0,0.0,0.0,0.0,0.0,0.0,0.0,0.0,0.0,0.0,0.0,0.0,0.0,0.0,0.0,0.0,0.0,0.0,0.0,0.0,0.0,0.0,23,257,40,2,4,1
133122,15,15,3,654,23,3,1,8.0,1,0,0,0,0,1233510.540209,,0,3,1,False,13,230,0,0,0,0,0,0,0,0,0,0,0,1,0,0,0,0,0,0,0,0,0,0,0,0,0,0,0,0,0,0,0,0,0,0,0,0,0,0,0,0,0,0,0,0,0,0,0,0,0,0,0,0,0,0,0,0,0,0,0,0,0,0,0,0,0,0,0,0,0,0,0,0,0,0,0,0,0,0,0,0,0,0,0,0,0,0,0,0,0,0,0,0,0,0,0,0,0,0,0,0,0,0,0,0,0,0,0,0,0,0,0,0,0,0,0,0,0,0,0,0,0,0,0,0,0,0,0,0,0,0,0,0,0,0,0,0,0,0,0,0,0,0,0,0,0,0,0,0,0,0,0,0,0,1,625.1919444444444,4,0.0,0.0,0.0,0.0,0.0,0.0,0.0,0.0,0.0,0.0,0.21383229720550548,0.0,0.20591035910525818,0.20474281615375037,0.20681987551948236,0.0,0.5327149180758591,0.0,0.0,0.0,0.0,0.7371549410184592,0.0,32,264,54,5,5,0
130350,30,21,2,866,90,13,5,8.0,1,1,0,0,0,1252069.581244,,0,2,1,False,13,345,0,0,0,0,0,0,0,0,0,0,0,1,0,0,0,0,0,0,0,0,0,0,0,0,0,0,0,0,0,0,0,0,0,0,0,0,0,0,0,0,0,0,0,0,0,0,0,0,0,0,0,0,0,0,0,0,0,0,0,0,0,0,0,0,0,0,0,0,0,0,0,0,0,0,0,0,0,0,0,0,0,0,0,0,0,0,0,0,0,0,0,0,0,0,0,0,0,0,0,0,0,0,0,0,0,0,0,0,0,0,0,0,0,0,0,0,0,0,0,0,0,0,0,0,0,1,0,0,0,0,0,0,0,0,0,0,0,0,0,0,0,0,1,1,1,0,0,0,0,0,0,0,0,5,895.9447222222223,4,0.0,0.0,0.0,0.0,0.0,0.0,0.0,0.0,0.0,0.0,0.0,0.0,0.0,0.4077966753332494,0.41193366006232157,0.0,0.35367846122396646,0.0,0.0,0.0,0.0,0.734114485186783,0.0,3,3,11,1,5,0
133859,3,0,1,150,14,0,0,8.0,1,0,0,0,0,1266390.623692,,0,1,1,False,13,23,0,0,0,0,0,0,0,0,0,0,0,1,0,0,0,0,0,0,0,0,0,0,0,0,0,0,0,0,0,0,0,0,0,0,0,0,0,0,0,0,0,0,0,0,0,0,0,0,0,0,0,0,0,0,0,0,0,0,0,0,0,0,0,0,0,0,0,0,0,0,0,0,0,0,0,0,0,0,0,0,0,0,0,0,0,0,0,0,0,0,0,0,0,0,0,0,0,0,0,0,0,0,0,0,0,0,0,0,0,0,0,0,0,0,0,0,0,0,0,0,0,0,0,0,0,0,0,0,0,0,0,0,0,0,0,0,0,0,0,0,0,0,0,0,0,0,0,0,0,0,0,0,0,1,189.4338888888889,4,0.0,0.0,0.0,0.0,0.0,0.0,0.0,0.0,0.0,0.0,0.0,0.0,0.0,0.0,0.0,0.0,0.0,0.0,0.0,0.0,1.0,0.0,0.0,149,254,93,2,2,1
129181,21,2,1,1765,24,2,0,8.0,1,0,0,0,0,1287714.62623,,0,1,1,False,13,67,0,0,0,0,0,0,0,0,0,0,0,1,0,0,0,0,0,0,0,0,0,0,0,0,0,0,0,0,0,0,0,0,0,0,0,0,0,0,0,0,0,0,0,0,0,0,0,0,0,0,0,0,0,0,0,0,0,0,0,0,0,0,0,0,0,0,0,0,0,0,0,0,0,0,0,0,0,0,0,0,0,0,0,0,0,0,0,0,0,0,0,0,0,0,0,0,0,0,0,0,0,0,0,0,0,0,0,0,0,0,0,0,0,0,0,0,0,0,0,0,0,0,0,0,0,0,0,0,0,0,0,0,0,0,0,0,0,1,0,1,0,0,0,0,0,0,0,0,0,0,0,0,0,3,2808.7091666666665,4,0.0,0.0,0.0,0.0,0.0,0.0,0.0,0.0,0.0,0.0,0.0,0.0,0.0,0.0,0.0,0.0,0.7475701549482,0.0,0.0,0.0,0.0,0.5172325898704485,0.4166645070156956,1,245,3,0,5,0
133598,4,0,1,62,3,0,0,9.0,1,0,0,0,0,1316308.689432,,0,1,1,False,13,586,0,0,0,0,0,0,0,0,0,0,0,1,0,0,0,0,0,0,0,0,0,0,0,0,0,0,0,0,0,0,0,0,0,0,0,0,0,0,0,0,0,0,0,0,0,0,0,0,0,0,0,0,0,0,0,0,0,0,0,0,0,0,0,0,0,0,0,0,0,0,0,0,0,0,0,0,0,0,0,0,0,0,0,0,0,0,0,0,0,0,0,0,0,0,0,0,0,0,0,0,0,0,0,0,0,0,0,0,0,0,0,0,0,0,0,0,0,0,0,0,0,0,0,0,0,0,0,0,0,0,0,0,0,0,0,0,0,0,0,0,0,0,0,0,0,0,0,0,0,0,0,0,0,1,312.2061111111111,4,0.0,0.0,0.4142178149106676,0.31106167035045357,0.0,0.0,0.0,0.0,0.0,0.0,0.0,0.3225796752594286,0.20414119157796215,0.2029836800745345,0.0,0.1712934255001753,0.35209191229267406,0.0,0.0,0.0,0.0,0.48721423792044627,0.39248277125189907,72,238,96,0,3,1
133583,8,0,1,4,2,1,1,8.0,1,0,0,0,0,1349929.587195,,0,1,1,False,13,0,0,0,0,0,0,0,0,0,0,0,0,1,0,0,0,0,0,0,0,0,0,0,0,0,0,0,0,0,0,0,0,0,0,0,0,0,0,0,0,0,0,0,0,0,0,0,0,0,0,0,0,0,0,0,0,0,0,0,0,0,0,0,0,0,0,0,0,0,0,0,0,0,0,0,0,0,0,0,0,0,0,0,0,0,0,0,0,0,0,0,0,0,0,0,0,0,0,0,0,0,0,0,0,0,0,0,0,0,0,0,0,0,0,0,0,0,0,0,0,0,0,0,0,0,0,0,0,0,0,0,0,0,0,0,0,0,0,0,0,0,0,0,0,0,0,0,0,0,0,0,0,0,0,1,302.5155555555556,4,0.0,0.0,0.0,0.0,0.0,0.0,0.0,0.0,0.0,0.0,0.0,0.0,0.0,0.0,0.0,0.0,0.0,0.0,0.0,0.0,0.0,0.0,0.0,69,221,91,0,3,1
133478,3,15,1,431,3,3,2,1207404.0,1,0,0,0,0,1426747.916844,,0,1,1,False,13,38,0,0,0,0,0,0,0,0,0,0,0,1,0,0,0,0,0,0,0,0,0,0,0,0,0,0,0,0,0,0,0,0,0,0,0,0,0,0,0,0,0,0,0,0,0,0,0,0,0,0,0,0,0,0,0,0,0,0,0,0,0,0,0,0,0,0,0,0,0,0,0,0,0,0,0,0,0,0,1,0,0,0,0,0,0,0,0,0,0,0,0,0,0,0,0,0,0,0,0,0,0,0,0,0,0,0,0,0,0,0,0,0,0,0,0,0,0,0,0,0,0,0,0,0,0,0,0,0,0,0,0,0,0,0,0,0,0,0,0,0,0,0,0,0,0,0,0,0,0,0,0,0,0,2,353.57472222222225,4,0.0,0.0,0.0,0.0,0.0,0.0,0.0,0.0,0.8520472416382425,0.0,0.0,0.0,0.0,0.0,0.0,0.0,0.0,0.0,0.0,0.0,0.0,0.5234648966422316,0.0,60,219,83,0,0,1
132410,12,1,7,423,33,1,0,10.0,1,0,0,0,0,1435677.142587,,0,7,1,False,13,127,0,0,0,0,0,0,0,0,0,0,0,1,0,0,0,0,0,0,0,0,0,0,0,0,0,0,0,0,0,0,0,0,0,0,0,0,0,0,0,0,0,0,0,0,0,0,0,0,0,0,0,0,0,0,0,0,0,0,0,0,0,0,0,0,0,0,0,0,0,0,0,0,0,0,0,0,0,0,0,0,0,0,0,0,0,0,0,0,0,0,0,0,0,0,0,0,0,0,0,0,0,0,0,0,0,0,0,0,0,0,0,0,0,0,0,0,0,0,0,0,0,0,0,0,0,0,0,0,0,0,0,0,0,0,0,0,0,0,0,0,0,0,0,0,0,0,0,0,0,0,0,0,0,1,659.3683333333333,4,0.0,0.0,0.0,0.792214111252298,0.0,0.0,0.0,0.0,0.0,0.28272831538205784,0.35994037617135494,0.0,0.346605508534083,0.0,0.0,0.0,0.0,0.0,0.0,0.0,0.0,0.20680679067527827,0.0,9,24,33,0,3,1
133184,4,5,3,175,1,2,1,9.0,1,0,0,0,0,1436575.389998,,0,3,1,False,13,266,0,0,0,0,0,0,0,0,0,0,0,1,0,0,0,0,0,0,0,0,0,0,0,0,0,0,0,0,0,0,0,0,0,0,0,0,0,0,0,0,0,0,0,0,0,0,0,0,0,0,0,0,0,0,0,0,0,0,0,0,0,0,0,0,0,0,0,0,0,0,0,0,0,0,0,0,0,0,0,0,0,0,0,0,0,0,0,0,0,0,0,0,0,0,0,0,0,0,0,0,0,0,0,0,0,0,0,0,0,0,0,0,0,0,0,0,0,0,0,0,0,0,0,0,0,0,0,0,0,0,0,0,0,0,0,0,0,0,0,0,0,0,0,0,0,0,0,0,0,0,0,0,0,1,523.1222222222223,4,0.0,0.0,0.0,0.0,0.0,0.0,0.0,0.0,0.0,0.0,0.0,0.43499453214969813,0.18352117617974864,0.18248058328956016,0.0,0.1539913168756283,0.3165276021358544,0.0,0.0,0.0,0.5509602372166451,0.43800141119746844,0.3528386370906809,33,203,56,0,0,1
133472,12,4,4,25,2,2,0,10.0,1,0,0,0,0,1436577.528625,,1,4,1,False,13,47,0,0,0,0,0,0,0,0,0,0,0,1,0,0,0,0,0,0,0,0,0,0,0,0,0,0,0,0,0,0,0,0,0,0,0,0,0,0,0,0,0,0,0,0,0,0,0,0,0,0,0,0,0,0,0,0,0,0,0,0,0,0,0,0,0,0,0,0,0,0,0,0,0,0,0,0,0,0,0,0,0,0,0,0,0,0,0,0,0,0,0,0,0,0,0,0,0,0,0,0,0,0,0,0,0,0,0,0,0,0,0,0,0,0,0,0,0,0,0,0,0,0,0,0,0,0,0,0,0,0,0,0,0,0,0,0,0,0,0,0,0,0,0,0,0,0,0,0,0,0,0,0,0,1,354.1922222222222,4,0.0,0.0,0.0,0.0,0.0,0.0,0.0,0.0,0.0,0.0,0.0,0.0,0.0,0.0,0.0,0.0,0.0,0.0,0.0,0.0,0.5324000242765266,0.8464928907854772,0.0,58,213,81,0,0,1
133456,27,0,2,1031,6,0,0,8.0,1,0,0,0,0,1436581.399281,,0,2,1,False,13,712,0,1,0,0,0,1,0,0,0,0,0,1,0,0,0,0,0,0,0,0,0,0,0,0,0,0,0,0,0,0,0,0,0,0,0,0,0,0,0,0,0,0,0,0,0,0,0,0,0,0,0,0,0,0,0,0,0,0,0,0,0,0,0,0,0,1,0,0,0,0,0,0,0,0,0,0,0,0,0,0,0,0,0,0,0,0,0,0,0,0,0,0,0,0,0,0,0,0,0,0,0,0,0,0,0,0,0,0,0,0,0,0,0,0,0,0,0,0,0,0,0,0,0,0,0,0,0,0,0,0,0,0,0,0,0,0,0,0,0,0,0,0,0,0,0,0,0,0,0,0,0,0,0,4,357.8313888888889,4,0.0,0.0,0.0,0.6211277397986427,0.0,0.0,0.0,0.0,0.0,0.0,0.0,0.0,0.0,0.0,0.0,0.0,0.0,0.0,0.0,0.0,0.0,0.0,0.783709340797103,56,203,79,1,0,1
133089,30,6,1,236,46,5,2,10.0,1,0,0,0,0,1487315.995938,,0,1,1,False,13,30,0,0,0,0,0,0,0,0,0,0,0,1,0,0,0,0,0,0,0,0,0,0,0,0,0,0,0,0,0,0,0,0,0,0,0,0,0,0,0,0,0,0,0,0,0,0,0,0,0,0,0,0,0,0,0,0,0,0,0,0,0,0,0,0,0,0,0,0,0,0,0,0,0,0,0,0,0,0,0,0,0,0,0,0,0,0,0,0,0,0,0,0,0,0,0,0,0,0,0,0,0,0,0,0,0,0,0,0,0,0,0,0,0,0,0,0,0,0,0,0,0,0,0,0,0,1,0,0,0,0,0,0,0,0,0,0,0,1,0,1,0,0,1,1,0,0,0,0,0,0,0,0,0,6,499.5933333333333,4,0.0,0.0,0.0,0.0,0.0,0.0,0.0,0.0,0.0,0.0,0.0,0.42497881692538025,0.0,0.534836946214045,0.0,0.0,0.0,0.0,0.0,0.0,0.40370581549863827,0.32093734711294397,0.5170718324273949,29,153,49,0,5,0
131669,30,30,7,671,15,3,1,8.0,1,0,0,0,0,1537189.958484,,0,7,1,False,13,183,0,0,0,0,0,0,0,0,0,0,0,1,0,0,0,0,0,0,0,0,0,0,0,0,0,0,0,0,0,0,0,0,0,0,0,0,0,0,0,0,0,0,0,0,0,0,0,0,0,0,0,0,0,0,0,0,0,0,0,0,0,0,0,0,0,0,0,0,0,0,0,0,0,0,0,0,0,0,0,0,0,0,0,0,0,0,0,0,0,0,0,0,0,0,0,0,0,0,0,0,0,0,0,0,0,0,0,0,0,0,0,0,0,0,0,0,0,0,0,0,0,0,0,0,0,0,0,0,0,0,0,0,0,0,0,0,0,0,0,0,0,0,0,0,0,0,0,0,0,0,0,0,0,1,1337.671111111111,4,0.0,0.0,0.0,0.0,0.0,0.0,0.0,0.0,0.0,0.0,0.0,0.0,0.0,0.5817234497634125,0.5876248736194255,0.0,0.0,0.0,0.0,0.0,0.0,0.0,0.5624009565239986,15,170,25,0,6,0
133424,8,16,8,409,31,4,0,9.0,1,2,0,0,0,1537390.602011,,0,8,1,False,13,23,0,0,0,0,0,0,0,0,0,0,0,1,0,0,0,0,0,0,0,0,0,0,0,0,0,0,0,0,0,0,0,0,0,0,0,0,0,0,0,0,0,0,0,0,0,0,0,0,0,0,0,0,0,0,0,0,0,0,0,0,0,0,0,0,0,0,0,0,0,0,0,0,0,0,0,0,0,0,0,0,0,0,0,0,0,0,0,0,0,0,0,0,0,0,0,0,0,0,0,0,0,0,0,0,0,0,0,0,0,0,0,0,0,0,0,0,0,0,0,0,0,0,0,0,0,0,0,0,0,0,0,0,0,0,0,0,0,0,0,0,0,0,0,0,0,0,0,0,0,0,0,0,0,1,343.72305555555556,4,0.0,0.0,0.0,0.0,0.0,0.0,0.0,0.0,0.0,0.0,0.0,0.4728483843733313,0.0,0.0,0.0,0.0,0.5161084366044275,0.0,0.0,0.0,0.0,0.7141753895656611,0.0,53,174,77,0,6,0
133567,10,13,8,648,36,4,0,9.0,2,0,0,0,0,1546265.370717,,0,8,1,False,13,41,0,0,0,0,0,0,0,0,0,0,0,1,0,0,0,0,0,0,0,0,0,0,0,0,0,0,0,0,0,0,0,0,0,0,0,0,0,0,0,0,0,0,0,0,0,0,0,0,0,0,0,0,0,0,0,0,0,0,0,0,0,0,0,0,0,0,0,0,0,0,0,0,0,0,0,0,0,0,1,0,0,0,0,0,0,0,0,0,0,0,0,0,0,0,0,0,0,0,0,0,0,0,0,0,0,0,0,0,0,0,0,0,0,0,0,0,0,0,0,0,0,0,0,0,0,0,0,0,0,0,0,0,0,0,0,0,0,0,0,0,0,0,0,0,0,0,0,0,0,0,0,0,0,2,260.0127777777778,4,0.0,0.0,0.695315919726298,0.0,0.0,0.0,0.0,0.0,0.0,0.0,0.0,0.0,0.0,0.0,0.0,0.0,0.5910298954108718,0.0,0.0,0.0,0.0,0.4089247296334453,0.0,70,182,90,1,3,1
133134,18,0,3,23,1,0,0,9.0,1,0,0,0,0,1572600.364344,,0,3,1,False,13,223,0,0,0,0,0,0,0,0,0,0,0,1,0,0,0,0,0,0,0,0,0,0,0,0,0,0,0,0,0,0,0,0,0,0,0,0,0,0,0,0,0,0,0,0,0,0,0,0,0,0,0,0,0,0,0,0,0,0,0,0,0,0,0,0,0,0,0,0,0,0,0,0,0,0,0,0,0,0,0,0,0,0,0,0,0,0,0,0,0,0,0,0,0,0,0,0,0,0,0,0,0,0,0,0,0,0,0,0,0,0,0,0,0,0,0,0,0,0,0,0,0,0,0,0,0,0,0,0,0,0,0,0,0,0,0,0,0,1,0,1,0,0,0,0,0,0,0,0,0,0,0,0,0,3,510.4747222222222,4,0.0,0.0,0.0,0.0,0.0,0.0,0.0,0.0,0.0,0.16361906745149218,0.0,0.31696143406039734,0.40117149216739406,0.0,0.0,0.16831007641132056,0.34595966826366786,0.0,0.0,0.0,0.0,0.47872862238364017,0.5784705836780616,33,173,54,0,6,0
133104,6,0,1,9,1,0,0,5484.0,1,0,0,0,0,1598500.057997,,0,1,1,False,13,14,0,0,0,0,0,0,0,0,0,0,0,1,0,0,0,0,0,0,0,0,0,0,0,0,0,0,0,0,0,0,0,0,0,0,0,0,0,0,0,0,0,0,0,0,0,0,0,0,0,0,0,0,0,0,0,0,0,0,0,0,0,0,0,0,0,0,0,0,0,0,0,0,0,0,0,0,0,0,0,0,0,0,0,0,0,0,0,0,0,0,0,0,0,0,0,0,0,0,0,0,0,0,0,0,0,0,0,0,0,0,0,0,0,0,0,0,0,0,0,0,0,0,0,0,0,0,0,0,0,0,0,0,0,0,0,0,0,0,0,0,0,0,0,0,0,0,0,0,0,0,0,0,0,1,531.7294444444444,4,0.0,0.0,0.0,0.0,0.0,0.0,0.0,0.0,0.0,0.0,0.0,0.0,0.0,0.0,0.0,0.0,0.0,0.0,0.0,0.0,0.0,0.0,0.0,31,170,51,3,5,0
133522,16,16,10,860,160,4,1,9.0,1,0,0,0,0,1609395.796073,,0,10,1,False,13,256,0,0,0,0,0,0,0,0,0,0,0,1,0,0,0,0,0,0,0,0,0,0,0,0,0,0,0,0,0,0,0,0,0,0,0,0,0,0,0,0,0,0,1,0,0,0,0,0,0,0,0,0,0,0,0,0,0,0,0,0,0,0,0,0,0,0,0,0,0,0,0,0,0,0,0,0,0,0,0,0,0,0,0,0,0,0,0,0,0,0,0,0,0,0,0,0,0,0,0,0,0,0,0,0,0,0,0,0,0,0,0,0,0,0,0,0,0,0,0,0,0,0,0,0,0,0,0,0,0,0,0,0,0,0,0,0,0,1,0,1,0,0,0,0,0,0,0,0,0,0,0,0,0,4,272.58472222222224,4,0.0,0.0,0.0,0.0,0.0,0.0,0.0,0.0,0.0,0.2357755520656948,0.0,0.4567423483285656,0.2890446434882284,0.0,0.0,0.24253530962009207,0.498528888153659,0.0,0.0,0.0,0.0,0.5173870028883495,0.27785926449942383,62,164,86,3,2,1
130209,8,0,1,2,1,1,1,104.0,1,0,0,0,0,1619537.824791,,0,1,1,False,13,92,0,0,0,0,0,0,0,0,0,0,0,1,0,0,0,0,0,0,0,0,0,0,0,0,0,0,0,0,0,0,0,0,0,0,0,0,0,0,0,0,0,0,0,0,0,0,0,0,0,0,0,0,0,0,0,0,0,0,0,0,0,0,0,0,0,0,0,0,0,0,0,0,0,0,0,0,0,0,0,0,0,0,0,0,0,0,0,0,0,0,0,0,0,0,0,0,0,0,0,0,0,0,0,0,0,0,0,0,0,0,0,0,0,0,0,0,0,0,0,0,0,0,0,0,0,0,0,0,0,0,0,0,0,0,0,0,0,0,0,0,0,0,0,0,0,0,0,0,0,0,0,0,0,1,2101.6825,4,0.0,0.30996451120874763,0.0,0.0,0.0,0.0,0.0,0.0,0.0,0.0,0.0,0.0,0.0,0.0,0.0,0.0,0.0,0.0,0.0,0.0,0.0,0.9507481274192036,0.0,1,161,8,0,1,1
130254,4,2,2,28,6,3,1,10.0,1,0,0,0,0,1619606.125342,,0,2,1,False,13,18,0,0,0,0,0,0,0,0,0,0,0,1,0,0,0,0,1,0,0,0,0,0,0,0,0,0,0,0,0,0,0,0,0,0,0,0,0,0,0,0,0,0,0,0,0,0,0,0,0,0,0,0,0,0,0,0,0,0,0,0,0,0,0,0,0,0,0,0,0,0,0,0,0,0,0,0,0,0,0,0,0,0,0,0,0,0,0,0,0,0,0,0,0,0,0,0,0,0,0,0,0,0,0,0,0,0,0,0,0,0,0,0,0,0,0,0,0,0,0,0,0,0,0,0,0,0,0,0,0,0,0,0,0,0,0,0,0,0,0,0,0,0,0,0,0,0,0,0,0,0,0,0,0,2,2076.3269444444445,4,0.0,0.0,0.0,0.0,0.0,0.0,0.0,0.0,0.0,0.0,0.0,0.0,0.0,0.0,0.0,0.0,0.0,0.0,0.0,0.0,0.0,0.0,0.0,1,161,9,1,3,1
130586,13,3,1,150,7,2,1,2557.0,1,0,0,0,0,1626429.87242,,0,1,1,False,13,130,0,1,0,0,0,1,0,0,0,0,0,1,0,0,0,0,0,0,0,0,0,0,0,0,0,0,0,0,0,0,0,0,0,0,0,0,0,0,0,0,0,0,0,0,0,0,0,0,0,0,0,0,0,0,0,0,0,0,0,0,0,0,0,0,0,1,0,0,0,0,0,0,0,0,0,0,0,0,0,0,0,0,0,0,0,0,0,0,0,0,0,0,0,0,0,0,0,0,0,0,0,0,0,0,0,0,0,0,0,0,0,0,0,0,0,0,0,0,0,0,0,0,0,0,0,0,0,0,0,0,0,0,0,0,0,0,0,0,0,0,0,0,0,0,0,0,0,0,0,0,0,0,0,4,1184.8630555555555,4,0.0,0.0,0.0,0.5351411562840499,0.0,0.0,0.0,0.0,0.0,0.2864747461427343,0.0,0.0,0.0,0.0,0.0,0.0,0.0,0.0,0.0,0.0,0.0,0.4190943717769109,0.675215573145601,11,11,14,0,3,1
133559,27,1,2,112,8,2,0,1423.0,1,0,0,0,0,1627002.69468,,0,2,1,False,13,2,0,0,0,0,0,0,0,0,0,0,0,1,0,0,0,0,0,0,0,0,0,0,0,0,0,0,0,0,0,0,0,0,0,0,0,0,0,0,0,0,0,0,1,0,0,0,0,0,0,0,0,0,0,0,0,0,0,0,0,0,0,0,0,0,0,0,0,0,0,0,0,0,0,0,0,0,0,0,0,0,0,0,0,0,0,0,0,0,0,0,0,0,0,0,0,0,0,0,0,0,0,0,0,0,0,0,0,0,0,0,0,0,0,0,0,0,0,0,0,0,0,0,0,0,0,0,0,0,0,0,0,0,0,0,0,0,0,1,0,1,0,0,0,0,0,0,0,0,0,0,0,0,0,4,198.71527777777777,4,0.0,0.0,0.0,0.0,0.0,0.0,0.0,0.0,0.0,0.0,0.0,0.0,0.0,0.0,0.0,0.0,0.0,0.0,0.0,0.0,0.0,0.0,0.0,67,153,89,19,3,1
133106,18,3,1,1546,2,2,0,7.0,1,0,0,0,0,1665474.99158,,0,1,1,False,13,40,0,0,0,0,0,0,0,0,0,0,0,1,0,0,0,0,0,0,0,0,0,0,0,0,0,0,0,0,0,0,0,0,0,0,0,0,0,0,0,0,0,0,0,0,0,0,0,0,0,0,0,0,0,0,0,0,0,0,0,0,0,0,0,0,0,0,0,0,0,0,0,0,0,0,0,0,0,0,0,0,0,0,0,0,0,0,0,0,0,0,0,0,0,0,0,0,0,0,0,0,0,0,0,0,0,0,0,0,0,0,0,0,0,0,0,0,0,0,0,0,0,0,0,0,0,0,0,0,0,0,0,0,0,0,0,0,0,0,0,0,0,0,0,0,0,0,0,0,0,0,0,0,0,1,342.59166666666664,4,0.0,0.0,0.0,0.6231769894236371,0.0,0.0,0.0,0.0,0.0,0.0,0.0,0.32312600689590565,0.0,0.0,0.41078032186990104,0.0,0.3526882268325734,0.0,0.0,0.0,0.0,0.24401970005620188,0.39314749309010744,32,26,52,0,5,0
132187,18,0,4,252,2,1,2,7.0,1,0,0,0,0,1699108.913128,,0,4,1,False,13,84,0,0,0,0,0,0,0,0,0,0,0,1,0,0,0,0,0,0,0,0,0,0,0,0,0,0,0,0,0,0,0,0,0,0,0,0,0,0,0,0,0,0,0,0,0,0,0,0,0,0,0,0,0,0,0,0,0,0,0,0,0,0,0,0,0,0,0,0,0,0,0,0,0,0,0,0,0,0,0,0,0,0,0,0,0,0,0,0,0,0,0,0,0,0,0,0,0,0,0,0,0,0,0,0,0,0,0,0,0,0,0,0,0,0,0,0,0,0,0,0,0,0,0,0,0,1,0,0,0,0,0,0,0,0,0,0,0,0,0,0,0,0,1,1,1,0,0,0,0,0,0,0,0,5,1004.8427777777778,4,0.0,0.0,0.0,0.0,0.0,0.0,0.0,0.0,0.0,0.0,0.0,0.4699925972169914,0.29742992565026305,0.0,0.0,0.2495713403898639,0.512991378593355,0.0,0.0,0.0,0.0,0.5323965735686134,0.28592005506120416,9,161,30,0,5,0
133211,10,30,1,535,19,2,0,10.0,1,0,0,0,0,1780952.003313,,0,1,1,False,13,275,0,0,0,0,0,0,0,0,0,0,0,1,0,0,0,0,0,0,0,0,0,0,0,0,0,0,0,0,0,0,0,0,0,0,0,0,0,0,0,0,0,0,0,0,0,0,0,0,0,0,0,0,0,0,0,0,0,0,0,0,0,0,0,0,0,0,0,0,0,0,0,0,0,0,0,0,0,0,0,0,0,0,0,0,0,0,0,0,0,0,0,0,0,0,0,0,0,0,0,0,0,0,0,0,0,0,0,0,0,0,0,0,0,0,0,0,0,0,0,0,0,0,0,0,0,0,0,0,0,0,0,0,0,0,0,0,0,0,0,0,0,0,0,0,0,0,0,0,0,0,0,0,0,1,406.685,4,0.0,0.1757507805044901,0.0,0.13766935825538074,0.0,0.0,0.0,0.0,0.0,0.0,0.0,0.28553397034846145,0.18069720262457145,0.1796726220925466,0.0,0.1516217407011723,0.46748544323347446,0.0,0.0,0.0,0.0,0.5390769569248409,0.5211138792863833,31,157,56,0,1,1
130777,18,11,1,283,15,5,1,8.0,1,1,0,0,0,1780952.101128,,0,1,1,False,13,25,0,0,0,0,0,0,0,0,0,0,0,1,0,0,0,0,0,0,0,0,0,0,0,0,0,0,0,0,0,0,0,0,0,0,0,0,0,0,0,0,0,0,0,0,0,0,0,0,0,0,0,0,0,0,0,0,0,0,0,0,0,0,0,0,0,0,0,0,0,0,0,0,0,0,0,0,0,0,0,0,0,0,0,0,0,0,0,0,0,0,0,0,0,0,0,0,0,0,0,0,0,0,0,0,0,0,0,0,0,0,0,0,0,0,0,0,0,0,0,0,0,0,0,0,0,0,0,0,0,0,0,0,0,0,0,0,0,0,0,0,0,0,0,0,0,0,0,0,0,0,0,0,0,1,1755.9330555555555,4,0.0,0.0,0.0,0.0,0.0,0.0,0.0,0.0,0.0,0.0,0.0,0.7980097845746185,0.0,0.0,0.0,0.0,0.0,0.0,0.0,0.0,0.0,0.602644491987748,0.0,16,157,17,0,1,1
132155,30,15,8,300,11,4,0,11.0,1,0,0,0,0,1793858.846361,,0,8,1,False,13,30,0,1,0,0,0,1,0,0,0,0,0,1,0,0,0,0,0,0,0,0,0,0,0,0,0,0,0,0,0,0,0,0,0,0,0,0,0,0,0,0,0,0,0,0,0,0,0,0,0,0,0,0,0,0,0,0,0,0,0,0,0,0,0,0,0,1,0,0,0,0,0,0,0,0,0,0,0,0,1,0,0,0,0,0,0,0,0,0,0,0,0,0,0,0,0,0,0,0,0,0,0,0,0,0,0,0,0,0,0,0,0,0,0,0,0,0,0,0,0,0,0,0,0,0,0,1,0,0,0,0,0,0,0,0,0,0,0,0,0,0,0,0,1,1,1,0,0,0,0,0,0,0,0,9,989.2436111111111,4,0.0,0.0,0.0,0.0,0.0,0.0,0.0,0.0,0.0,0.5073751633555982,0.0,0.0,0.6220071246659106,0.0,0.0,0.0,0.0,0.0,0.0,0.0,0.4668414840322255,0.3711288310833799,0.0,8,145,29,1,4,1
133256,30,9,1,103,4,2,0,8.0,1,0,0,0,0,1821105.344803,,1,1,1,False,13,113,0,1,0,0,0,1,0,0,0,0,0,1,0,0,0,0,0,0,0,0,0,0,0,0,0,0,0,0,0,0,0,0,0,0,0,0,0,0,0,0,0,0,0,0,0,0,0,0,0,0,0,0,0,0,0,0,0,0,0,0,0,0,0,0,0,1,0,0,0,0,0,0,0,0,0,0,0,0,0,0,0,0,0,0,0,0,0,0,0,0,0,0,0,0,0,0,0,0,0,0,0,0,0,0,0,0,0,0,0,0,0,0,0,0,0,0,0,0,0,0,0,0,0,0,0,0,0,0,0,0,0,0,0,0,0,0,0,0,0,0,0,0,0,0,0,0,0,0,0,0,0,0,0,4,369.27,4,0.0,0.0,0.0,0.0,0.0,0.0,0.0,0.0,0.0,0.0,0.0,0.4211750119970418,0.2665362247103495,0.0,0.0,0.22364865511762286,0.45970755989095446,0.0,0.0,0.0,0.0,0.4770971598014739,0.5124437420234498,36,145,63,0,2,1
133233,9,9,12,1628,88,2,0,9.0,1,0,0,0,0,1880810.149514,,0,12,1,False,13,74,0,1,0,0,0,1,0,0,0,0,0,1,0,0,0,0,0,0,0,0,0,0,0,0,0,0,0,0,0,0,0,0,0,0,0,0,0,0,0,0,0,0,0,0,0,0,0,0,0,0,0,0,0,0,0,0,0,0,0,0,0,0,0,0,0,1,0,0,0,0,0,0,0,0,0,0,0,0,0,0,0,0,0,0,0,0,0,0,0,0,0,0,0,0,0,0,0,0,0,0,0,0,0,0,0,0,0,0,0,0,0,0,0,0,0,0,0,0,0,0,0,0,0,0,0,0,0,0,0,0,0,0,0,0,0,0,0,0,0,0,0,0,0,0,0,0,0,0,0,0,0,0,0,4,363.3983333333333,4,0.6899549315288515,0.0,0.0,0.0,0.0,0.0,0.0,0.0,0.0,0.0,0.0,0.0,0.0,0.0,0.0,0.0,0.0,0.0,0.0,0.0,0.0,0.0,0.7238523277983003,32,129,59,2,2,1
132390,27,0,3,25,9,0,0,9.0,1,0,0,0,0,1887438.492035,,0,3,1,False,13,9,0,0,0,0,0,0,0,0,0,0,0,1,0,0,0,0,0,0,0,0,0,0,0,0,0,0,0,0,0,0,0,0,0,0,0,0,0,0,0,0,0,0,0,0,0,0,0,0,0,0,0,0,0,0,0,0,0,0,0,0,0,0,0,0,0,0,0,0,0,0,0,0,0,0,0,0,0,0,0,0,0,0,0,0,0,0,0,0,0,0,0,0,0,0,0,0,0,0,0,0,0,0,0,0,0,0,0,0,0,0,0,0,0,0,0,0,0,0,0,0,0,0,0,0,0,0,0,0,0,0,0,0,0,0,0,0,0,1,0,1,0,0,0,0,0,0,1,0,0,0,0,0,0,4,752.8394444444444,4,0.0,0.0,0.0,0.0,0.0,0.0,0.0,0.0,0.0,1.0,0.0,0.0,0.0,0.0,0.0,0.0,0.0,0.0,0.0,0.0,0.0,0.0,0.0,8,33,32,2,3,1
133395,5,10,2,29,7,3,0,9.0,1,0,0,0,0,1918683.872545,,1,2,1,False,13,18,0,0,0,0,0,0,0,0,0,0,0,1,0,0,0,0,0,0,0,0,0,0,0,0,0,0,0,0,0,0,0,0,0,0,0,0,0,0,0,0,0,0,0,0,0,0,0,0,0,0,0,0,0,0,0,0,0,0,0,0,0,0,0,0,0,0,0,0,0,0,0,0,0,0,0,0,0,0,0,0,0,0,0,0,0,0,0,0,0,0,0,0,0,0,0,0,0,0,0,0,0,0,0,0,0,0,0,0,0,0,0,0,0,0,0,0,0,0,0,0,0,0,0,0,0,0,0,0,0,0,0,0,0,0,0,0,0,0,0,0,0,0,0,0,0,0,0,0,0,0,0,0,0,1,233.0611111111111,4,0.8379928823303993,0.0,0.0,0.0,0.0,0.0,0.0,0.0,0.0,0.0,0.0,0.0,0.0,0.0,0.0,0.0,0.0,0.0,0.0,0.0,0.0,0.5456811607189581,0.0,50,84,75,0,5,0
133041,14,0,1,47,6,1,1,12.0,1,0,0,0,0,1918692.996543,,0,1,1,False,13,189,0,0,0,0,0,0,0,0,0,0,0,1,0,0,0,0,0,0,0,0,0,0,0,0,0,0,0,0,0,0,0,0,0,0,0,0,0,0,0,0,0,0,0,0,0,0,0,0,0,0,0,0,0,0,0,0,0,0,0,0,0,0,0,0,0,0,0,0,0,0,0,0,0,0,0,0,0,0,0,0,0,0,0,0,0,0,0,0,0,0,0,0,0,0,0,0,0,0,0,0,0,0,0,0,0,0,0,0,0,0,0,0,0,0,0,0,0,0,0,0,0,0,0,0,0,0,0,0,0,0,0,0,0,0,0,0,0,0,0,0,0,0,0,0,0,0,0,0,0,0,0,0,0,1,451.73583333333335,4,0.0,0.0,0.0,0.2306964820396555,0.0,0.0,0.0,0.0,0.0,0.0,0.15722450032258428,0.0,0.15139973588954447,0.0,0.0,0.0,0.39168936546741145,0.0,0.0,0.0,0.0,0.8130120106498626,0.29108181180592674,26,84,47,1,3,1
132723,9,3,1,141,2,2,1,9.0,1,0,0,0,0,1918708.281558,,0,1,1,False,13,78,0,0,0,0,0,0,0,0,0,0,0,1,0,0,0,0,0,0,0,0,0,0,0,0,0,0,0,0,0,0,0,0,0,0,0,0,0,0,0,0,0,0,0,0,0,0,0,0,0,0,0,0,0,0,0,0,0,0,0,0,0,0,0,0,0,0,0,0,0,0,0,0,0,0,0,0,0,0,0,0,0,0,0,0,0,0,0,0,0,0,0,0,0,0,0,0,0,0,0,0,0,0,0,0,0,0,0,0,0,0,0,0,0,0,0,0,0,0,0,0,0,0,0,0,0,0,0,0,0,0,0,0,0,0,0,0,0,0,0,0,0,0,0,0,0,0,0,0,0,0,0,0,0,1,624.5152777777778,4,0.0,0.0,0.0,0.0,0.0,0.3568944920786439,0.0,0.0,0.0,0.0,0.7247106242799527,0.0,0.0,0.3469524857814597,0.0,0.0,0.3009088320515097,0.30521108792326895,0.0,0.0,0.0,0.20819431258284868,0.0,21,84,38,4,3,1
129687,30,3,4,182,6,2,2,4731.0,1,0,0,0,0,1922906.664527,,0,4,1,False,13,203,0,1,0,0,0,1,0,0,0,0,0,1,0,0,0,0,0,0,0,0,0,0,0,0,0,0,0,0,0,0,0,0,0,0,0,0,0,0,0,0,0,0,0,0,0,0,0,0,0,0,0,0,0,0,0,0,0,0,0,0,0,0,0,0,0,1,0,0,0,0,0,0,0,0,0,0,0,0,0,0,0,0,0,0,0,0,0,0,0,0,0,0,1,0,0,0,0,0,0,0,0,0,0,0,0,0,0,0,0,0,0,0,0,0,0,0,0,0,0,0,0,0,0,0,0,0,0,0,0,0,0,0,0,0,0,0,0,1,0,1,0,0,0,0,0,0,1,0,0,0,0,0,0,8,759.4227777777778,4,0.0,0.0,0.0,0.327464905138695,0.0,0.0,0.0,0.2013540338565022,0.0,0.35060067598489164,0.0,0.0,0.0,0.0,0.0,0.0,0.3706587974311445,0.0,0.0,0.0,0.0,0.7693598058373307,0.0,7,12,8,0,2,1
132937,5,0,1,6,1,0,0,8.0,1,0,0,0,0,1986243.869286,,0,1,1,False,13,115,0,0,0,0,0,0,0,0,0,0,0,1,0,0,0,1,0,0,0,0,0,0,0,0,0,0,0,0,0,0,0,0,0,0,0,0,0,0,0,0,0,0,0,0,0,0,0,0,0,0,0,0,0,0,0,0,0,0,0,0,0,0,0,0,0,0,0,0,0,0,0,0,0,0,0,0,0,0,1,0,0,0,0,0,0,0,0,0,0,0,0,0,0,0,0,0,0,0,0,0,0,0,0,0,0,0,0,0,0,0,0,0,0,0,0,0,0,0,0,0,0,0,0,0,0,0,0,0,0,0,0,0,0,0,0,0,0,0,0,0,0,0,0,0,0,0,0,0,0,0,0,0,0,3,529.8444444444444,4,0.0,0.0,0.0,0.22100232732631037,0.0,0.0,0.0,0.0,0.0,0.0,0.0,0.45837122201639446,0.2900754592558243,0.0,0.0,0.24340025981718963,0.5003067845793084,0.0,0.0,0.0,0.0,0.5192321527381796,0.27885019001031386,22,102,41,0,1,1
133365,30,9,2,351,18,3,0,16.0,1,0,0,0,0,1991301.927807,,0,2,1,False,13,44,0,0,0,0,0,0,0,0,0,0,0,1,0,0,0,0,0,0,0,0,0,0,0,0,0,0,0,0,0,0,0,0,0,0,0,0,0,0,0,0,0,0,0,0,0,0,0,0,0,0,0,0,0,0,0,0,0,0,0,0,0,0,0,0,0,0,0,0,0,0,0,0,0,0,0,0,0,0,0,0,0,0,0,0,0,0,0,0,0,0,0,0,0,0,0,0,0,0,0,0,0,0,0,0,0,0,0,0,0,0,0,0,0,0,0,0,0,0,0,0,0,0,0,0,0,0,0,0,0,0,0,0,0,0,0,0,0,1,0,1,0,0,0,0,0,1,0,1,0,0,0,0,0,5,192.0125,4,0.0,0.0,0.0,0.0,0.0,0.0,0.0,0.0,0.0,0.9861224808672248,0.0,0.0,0.0,0.0,0.0,0.0,0.0,0.0,0.0,0.0,0.0,0.0,0.16601943479083986,46,31,71,11,5,0
133325,4,6,2,348,14,3,0,205.0,1,1,0,0,0,2004809.442803,,0,2,1,False,13,12,0,0,0,0,0,0,0,0,0,0,0,1,0,0,0,0,0,0,0,0,0,0,0,0,0,0,0,0,0,0,0,0,0,0,0,0,0,0,0,0,0,0,0,0,0,0,0,0,0,0,0,0,0,0,0,0,0,0,0,0,0,0,0,0,0,0,0,0,0,0,0,0,0,0,0,0,0,0,0,0,0,0,0,0,0,0,0,0,0,0,0,0,0,0,0,0,0,0,0,0,0,0,0,0,0,0,0,0,0,0,0,0,0,0,0,0,0,0,0,0,0,0,0,0,0,0,0,0,0,0,0,0,0,0,0,0,0,0,0,0,0,0,0,0,0,0,0,0,0,0,0,0,0,1,273.24083333333334,4,0.0,0.0,0.0,0.0,0.0,0.0,0.0,0.0,0.0,0.0,0.0,0.0,0.0,0.0,0.0,0.0,0.0,0.0,0.0,0.0,0.0,1.0,0.0,44,84,73,9,4,1
132612,12,1,2,253,64,1,0,168694.0,1,0,0,0,0,2009054.754401,,0,2,1,False,13,91,0,0,0,0,0,0,0,0,0,0,0,1,0,0,0,0,0,0,0,0,0,0,0,0,0,0,0,0,0,0,0,0,0,0,0,0,0,0,0,0,0,0,0,0,0,0,0,0,0,0,0,0,0,0,0,0,0,0,0,0,0,0,0,0,0,0,0,0,0,0,0,0,0,0,0,0,0,0,0,0,0,0,0,0,0,0,0,0,0,0,0,0,0,0,0,0,0,0,0,0,0,0,0,0,0,0,0,0,0,0,0,0,0,0,0,0,0,0,0,0,0,0,0,0,0,0,0,0,0,0,0,0,0,0,0,0,0,0,0,0,0,0,0,0,0,0,0,0,0,0,0,0,0,1,698.5286111111111,4,0.0,0.0,0.0,0.0,0.0,0.0,0.0,0.0,0.0,0.0,0.0,0.0,0.5671803232565755,0.0,0.5696855872756779,0.0,0.48912128680780925,0.0,0.0,0.0,0.0,0.3384156901687702,0.0,18,92,40,3,0,1
133321,9,11,1,695,38,3,1,9.0,1,0,0,0,0,2056550.115359,,0,1,1,False,13,82,0,0,0,0,0,0,0,0,0,0,0,1,0,0,0,0,0,0,0,0,0,0,0,0,0,0,0,0,0,0,0,0,0,0,0,0,0,0,0,0,0,0,0,0,0,0,0,0,0,0,0,0,0,0,0,0,0,0,0,0,0,0,0,0,0,0,0,0,0,0,0,0,0,0,0,0,0,0,0,0,0,0,0,0,0,0,0,0,0,0,0,0,0,0,0,0,0,0,0,0,0,0,0,0,0,0,0,0,0,0,0,0,0,0,0,0,0,0,0,0,0,0,0,0,0,0,0,0,0,0,0,0,0,0,0,0,0,1,0,1,0,0,0,0,0,0,0,0,0,0,0,0,0,3,268.6661111111111,4,0.0,0.0,0.0,0.30457815848258585,0.0,0.0,0.0,0.0,0.0,0.0,0.0,0.3158560916352517,0.3997724832584203,0.0,0.0,0.0,0.0,0.0,0.0,0.0,0.0,0.2385295739026909,0.7686043707626551,42,84,71,7,4,1
131633,21,6,1,101,5,2,1,8.0,1,0,0,0,0,2067476.099897,,0,1,1,False,13,140,0,0,0,0,0,0,0,0,0,0,0,1,0,0,0,0,0,0,0,0,0,0,0,0,0,0,0,0,0,0,0,0,0,0,0,0,0,0,0,0,0,0,0,0,0,0,0,0,0,0,0,0,0,0,0,0,0,0,0,0,0,0,0,0,0,0,0,0,0,0,0,0,0,0,0,0,0,0,0,0,0,0,0,0,0,0,0,0,0,0,0,0,0,0,0,0,0,0,0,0,0,0,0,0,0,0,0,0,0,0,0,0,0,0,0,0,0,0,0,0,0,0,0,0,0,0,0,0,0,0,0,0,0,0,0,0,0,0,0,0,0,0,0,0,0,0,0,0,0,0,0,0,0,1,369.6988888888889,4,0.0,0.0,0.0,0.0,0.0,0.0,0.0,0.0,0.0,0.2145007682502851,0.0,0.41552902220166804,0.26296321880556744,0.0,0.0,0.22065057121289194,0.4535450285961996,0.0,0.0,0.0,0.0,0.6276020202543634,0.2527871324164211,14,3,24,0,6,0
131713,17,1,1,4,1,2,2,137.0,1,0,0,0,0,2073985.19782,,0,1,1,False,13,45,0,0,0,0,0,0,0,0,0,0,0,1,0,0,0,0,0,0,0,0,0,0,0,0,0,0,0,0,0,0,0,0,0,0,0,0,0,0,0,0,0,0,0,0,0,0,0,0,0,0,0,0,0,0,0,0,0,0,0,0,0,0,0,0,0,0,0,0,0,0,0,0,0,0,0,0,0,0,0,0,0,0,0,0,0,0,0,0,0,0,0,0,0,0,0,0,0,0,0,0,0,0,0,0,0,0,0,0,0,0,0,0,0,0,0,0,0,0,0,0,0,0,0,0,0,1,0,0,0,0,0,0,0,0,0,0,0,0,0,0,0,0,1,1,1,0,0,0,0,0,0,0,0,5,1181.3180555555555,4,0.0,0.0,0.0,0.0,0.0,0.6494146023437927,0.0,0.0,0.0,0.0,0.6593512541199142,0.0,0.0,0.0,0.0,0.0,0.0,0.0,0.0,0.0,0.0,0.37883584565501455,0.0,13,73,26,2,0,1
132259,11,0,1,114,12,0,0,9.0,1,0,0,0,0,2110772.934519,,0,1,1,False,13,46,0,0,0,0,0,0,0,0,0,0,0,1,0,0,0,0,0,0,0,0,0,0,0,0,0,0,0,0,0,0,0,0,0,0,0,0,0,0,0,0,0,0,0,0,0,0,0,0,0,0,0,0,0,0,0,0,0,0,0,0,0,0,0,0,0,0,0,0,0,0,0,0,0,0,0,0,0,0,0,0,0,0,0,0,0,0,0,0,0,0,0,0,0,0,0,0,0,0,0,0,0,0,0,0,0,0,0,0,0,0,0,0,0,0,0,0,0,0,0,0,0,0,0,0,0,0,0,0,0,0,0,0,0,0,0,0,0,0,0,0,0,0,0,0,0,0,0,0,0,0,0,0,0,1,206.6,4,0.23609113202795987,0.0,0.7842208009157069,0.0,0.0,0.0,0.0,0.0,0.0,0.0,0.0,0.0,0.0,0.0,0.5175985399200501,0.0,0.0,0.0,0.0,0.0,0.0,0.0,0.24769025871341044,9,10,31,0,0,1
131784,17,5,1,71,7,5,1,3333.0,1,0,0,0,0,2112819.252949,,0,1,1,False,13,173,0,0,0,0,0,0,0,0,0,0,0,1,0,0,0,0,0,0,0,0,0,0,0,0,0,0,0,0,0,0,0,0,0,0,0,0,0,0,0,0,0,0,0,0,0,0,0,0,0,0,0,0,0,0,0,0,0,0,0,0,0,0,0,0,0,0,0,0,0,0,0,0,0,0,0,0,0,0,0,0,0,0,0,0,0,0,0,0,0,0,0,0,0,0,0,0,0,0,0,0,0,0,0,0,0,0,0,0,0,0,0,0,0,0,0,0,0,0,0,0,0,0,0,0,0,1,0,0,0,0,0,0,0,0,0,0,0,0,0,0,0,0,1,1,1,0,0,0,0,0,0,0,0,5,1121.5313888888888,4,0.0,0.6800255800843921,0.0,0.0,0.0,0.0,0.0,0.0,0.0,0.0,0.0,0.0,0.0,0.0,0.0,0.0,0.60294101075648,0.0,0.0,0.0,0.0,0.4171658518848833,0.0,14,45,26,1,2,1
131416,5,2,1,16,1,1,0,8.0,1,0,0,0,0,2118822.648719,,0,1,1,False,13,18,0,0,0,0,0,0,0,0,0,0,0,1,0,0,0,0,0,0,0,0,0,0,0,0,0,0,0,0,0,0,0,0,0,0,0,0,0,0,0,0,0,0,0,0,0,0,0,0,0,0,0,0,0,0,0,0,0,0,0,0,0,0,0,0,0,0,0,0,0,0,0,0,0,0,0,0,0,0,0,0,0,0,0,0,0,0,0,0,0,0,0,0,0,0,0,0,0,0,0,0,0,0,0,0,0,0,0,0,0,0,0,0,0,0,0,0,0,0,0,0,0,0,0,0,0,0,0,0,0,0,0,0,0,0,0,0,0,0,0,0,0,0,0,0,0,0,0,0,0,0,0,0,0,1,1308.985,4,0.0,0.0,0.0,0.0,0.0,0.0,0.0,0.0,0.0,0.0,0.0,0.6349546157432081,0.0,0.0,0.0,0.0,0.0,0.0,0.0,0.0,0.0,0.0,0.7725494391599769,12,45,20,1,1,1
132662,30,4,1,44,4,2,0,8.0,1,0,0,0,0,2122451.164812,,0,1,1,False,13,19,0,0,0,0,0,0,0,0,0,0,0,1,0,0,0,0,0,0,0,0,0,0,0,0,0,0,0,0,0,0,0,0,0,0,0,0,0,0,0,0,0,0,0,0,0,0,0,0,0,0,0,0,0,0,0,0,0,0,0,0,0,0,0,0,0,0,0,0,0,0,0,0,0,0,0,0,0,0,0,0,0,0,0,0,0,0,0,0,0,0,0,0,0,0,0,0,0,0,0,0,0,0,0,0,0,0,0,0,0,0,0,0,0,0,0,0,0,0,0,0,0,0,0,0,0,0,0,0,0,0,0,0,0,0,0,0,0,1,0,1,0,0,0,0,0,1,0,1,0,0,0,0,0,5,194.1063888888889,4,0.0,0.0,0.0,0.0,0.0,0.0,0.0,0.0,0.0,0.0,0.0,0.0,0.0,0.0,0.0,0.0,0.0,0.0,0.0,0.0,0.0,1.0,0.0,21,12,39,3,1,1
133345,30,15,8,640,9,3,0,30.0,1,0,0,0,0,2139913.123925,,0,8,1,False,13,41,0,0,0,0,0,0,0,0,0,0,0,1,0,0,0,0,0,0,0,0,0,0,0,0,0,0,0,0,0,0,0,0,0,0,0,0,0,0,0,0,0,0,0,0,0,0,0,0,0,0,0,0,0,0,0,0,0,0,0,0,0,0,0,0,0,0,0,0,0,0,0,0,0,0,0,0,0,0,1,0,0,0,0,0,0,0,0,0,0,0,0,0,0,0,0,0,0,0,0,0,0,0,0,0,0,0,0,0,0,0,0,0,0,0,0,0,0,0,0,0,0,0,0,0,0,0,0,0,0,0,0,0,0,0,0,0,0,1,0,1,0,0,0,0,0,0,0,0,0,0,0,0,0,4,226.4611111111111,4,0.0,0.0,0.0,0.0,0.0,0.0,0.0,0.0,0.0,0.0,0.5763832320991705,0.0,0.0,0.0,0.0,0.0,0.4786429213932345,0.0,0.0,0.0,0.0,0.6623317322573814,0.0,48,43,77,3,4,1
132515,11,6,1,32,3,4,0,8.0,1,0,0,0,0,2175784.147453,,0,1,1,False,13,203,0,0,0,0,0,0,0,0,0,0,0,1,0,0,0,0,1,0,0,0,0,0,0,0,0,0,0,0,0,0,0,0,0,0,0,0,0,0,0,0,0,0,0,0,0,0,0,0,0,0,0,0,0,0,0,0,0,0,0,0,0,0,0,0,0,0,0,0,0,0,0,0,0,0,0,0,0,0,0,0,0,0,0,0,0,0,0,0,0,0,0,0,0,0,0,0,0,0,0,0,0,0,0,0,0,0,0,0,0,0,0,0,0,0,0,0,0,0,0,0,0,0,0,0,0,1,0,0,0,0,0,0,0,0,0,0,0,0,0,0,0,0,1,1,1,0,1,0,0,0,0,0,0,7,681.4361111111111,4,0.10295611069783532,0.10928668613789265,0.0,0.2568198201442954,0.0,0.0,0.0,0.0,0.21825131331441683,0.27496443477132937,0.0,0.0,0.0,0.11172539548237555,0.0,0.0,0.0,0.0,0.10538235249731968,0.0,0.0,0.13408517225699654,0.8641146484689917,12,29,36,0,5,0
132974,4,9,3,143,5,2,0,58116.0,1,0,0,0,0,2179270.102234,,0,3,1,False,13,114,0,0,0,0,0,0,0,0,0,0,0,1,0,0,0,0,0,0,0,0,0,0,0,0,0,0,0,0,0,0,0,0,0,0,0,0,0,0,0,0,0,0,0,0,0,0,0,0,0,0,0,0,0,0,0,0,0,0,0,0,0,0,0,0,0,0,0,0,0,0,0,0,0,0,0,0,0,0,0,0,0,0,0,0,0,0,0,0,0,0,0,0,0,0,0,0,0,0,0,0,0,0,0,0,0,0,0,0,0,0,0,0,0,0,0,0,0,0,0,0,0,0,0,0,0,0,0,0,0,0,0,0,0,0,0,0,0,0,0,0,0,0,0,0,0,0,0,0,0,0,0,0,0,1,454.4502777777778,4,0.0,0.0,0.0,0.0,0.0,0.0,0.0,0.0,0.0,0.15604372112568832,0.0,0.0,0.0,0.0,0.0,0.0,0.32994219338938724,0.0,0.0,0.0,0.0,0.5707051507632556,0.7355842147646579,24,35,44,0,2,1
133403,4,2,3,620,36,2,0,269738.0,1,1,0,0,0,2180938.404586,,0,3,1,False,13,25,0,0,0,0,0,0,0,0,0,0,0,1,0,0,0,0,0,0,0,0,0,0,0,0,0,0,0,0,0,0,0,0,0,0,0,0,0,0,0,0,0,0,0,0,0,0,0,0,0,0,0,0,0,0,0,0,0,0,0,0,0,0,0,0,0,0,0,0,0,0,0,0,0,0,0,0,0,0,0,0,0,0,0,0,0,0,0,0,0,0,0,0,0,0,0,0,0,0,0,0,0,0,0,0,0,0,0,0,0,0,0,0,0,0,0,0,0,0,0,0,0,0,0,0,0,0,0,0,0,0,0,0,0,0,0,0,0,0,0,0,0,0,0,0,0,0,0,0,0,0,0,0,0,1,188.22333333333333,4,0.0,0.0,0.0,0.0,0.0,0.0,0.0,0.0,0.0,0.0,0.0,0.0,0.0,0.0,0.0,0.0,1.0,0.0,0.0,0.0,0.0,0.0,0.0,50,35,75,14,6,0
132791,8,13,1,16,2,4,1,8.0,1,1,0,0,0,2187189.828214,,1,1,1,False,13,124,0,0,0,0,0,0,0,0,0,0,0,1,0,0,0,0,0,0,0,0,0,0,0,0,0,0,0,0,0,0,0,0,0,0,0,0,0,0,0,0,0,0,0,0,0,0,0,0,0,0,0,0,0,0,0,0,0,0,0,0,0,0,0,0,0,0,0,0,0,0,0,0,0,0,0,0,0,0,0,0,0,0,0,0,0,0,0,0,0,0,0,0,0,0,0,0,0,0,0,0,0,0,0,0,0,0,0,0,0,0,0,0,0,0,0,0,0,0,0,0,0,0,0,0,0,0,0,0,0,0,0,0,0,0,0,0,0,1,0,1,0,0,0,0,0,0,0,0,0,0,0,0,0,3,372.40527777777777,4,0.0,0.0,0.0,0.0,0.0,0.0,0.0,0.0,0.0,0.0,0.0,0.36043253789719565,0.22809598190161204,0.0,0.0,0.1913937201048993,0.39340786557201435,0.0,0.6417787821618219,0.0,0.0,0.4082895120378056,0.2192691793267463,23,16,41,0,4,1
134670,12,27,8,626,9,3,1,78.0,1,0,0,0,0,-1650.18635,,0,8,1,False,13,176,0,0,0,0,0,0,0,0,0,0,0,1,0,0,0,0,0,0,0,0,0,0,0,0,0,0,0,0,0,0,0,0,0,0,0,0,0,0,0,0,0,0,0,0,0,0,0,0,0,0,0,0,0,0,0,0,0,0,0,0,0,0,0,0,0,0,0,0,0,0,0,0,0,0,0,0,0,0,0,0,0,0,0,0,0,0,0,0,0,0,0,0,0,0,0,0,0,0,0,0,0,0,0,0,0,0,0,0,0,0,0,0,0,0,0,0,0,0,0,0,0,0,0,0,0,0,0,0,0,0,0,0,0,0,0,0,0,1,0,1,0,0,0,0,0,0,0,0,0,0,0,0,0,3,172.06555555555556,4,0.0,0.0,0.0,0.0,0.0,0.0,0.0,0.0,0.0,0.0,0.0,0.0,0.0,0.2345190887382522,0.0,0.0,0.4067926761041402,0.0,0.0,0.0,0.0,0.5629075157936294,0.6801879478118211,271,279,40,7,0,1
133663,20,14,2,636,12,4,0,9.0,1,0,0,0,0,39499.883215,,0,2,1,False,13,55,0,0,0,0,0,0,0,0,0,0,0,1,0,0,0,0,0,0,0,0,0,0,0,0,0,0,0,0,0,0,0,0,0,0,0,0,0,0,0,0,0,0,0,0,0,0,0,0,0,0,0,0,0,0,0,0,0,0,0,0,0,0,0,0,0,0,0,0,0,0,0,0,0,0,0,0,0,0,0,0,0,0,0,0,0,0,0,0,0,0,0,0,0,0,0,0,0,0,0,0,0,0,0,0,0,0,0,0,0,0,0,0,0,0,0,0,0,0,0,0,0,0,0,0,0,0,0,0,0,0,0,0,0,0,0,0,0,0,0,0,0,0,0,0,0,0,0,0,0,0,0,0,0,1,663.1097222222222,4,0.5180357714807087,0.0,0.0,0.0,0.0,0.0,0.0,0.0,0.0,0.0,0.0,0.0,0.0,0.0,0.5678624110985601,0.0,0.0,0.0,0.0,0.0,0.0,0.3373326516681314,0.5434868017222353,78,304,102,1,5,0
133070,9,0,6,246,5,0,0,9.0,1,0,0,0,0,39991.607206,,0,6,1,False,13,8,0,0,0,0,0,0,0,0,0,0,0,1,0,0,0,0,0,0,0,0,0,0,0,0,0,0,0,0,0,0,0,0,0,0,0,0,0,0,0,0,0,0,0,0,0,0,0,0,0,0,0,0,0,0,0,0,0,0,0,0,0,0,0,0,0,0,0,0,0,0,0,0,0,0,0,0,0,0,0,0,0,0,0,0,0,0,0,0,0,0,0,0,0,0,0,0,0,0,0,0,0,0,0,0,0,0,0,0,0,0,0,0,0,0,0,0,0,0,0,0,0,0,0,0,0,0,0,0,0,0,0,0,0,0,0,0,0,0,0,0,0,0,0,0,0,1,0,0,0,0,0,0,0,2,276.71305555555557,4,0.0,0.0,0.0,0.0,0.0,0.0,0.0,0.0,0.0,0.0,0.0,0.0,0.0,0.0,0.0,0.0,0.0,0.0,0.0,0.0,0.0,0.0,0.0,27,19,47,1,4,1
134650,9,4,3,23,4,3,0,9.0,1,1,0,0,0,49774.616115,,0,3,1,False,13,6,0,0,0,0,0,0,0,0,0,0,0,1,0,0,0,0,0,0,0,0,0,0,0,0,0,0,0,0,0,0,0,0,0,0,0,0,0,0,0,0,0,0,0,0,0,0,0,0,0,0,0,0,0,0,0,0,0,0,0,0,0,0,0,0,0,0,0,0,0,0,0,0,0,0,0,0,0,0,0,0,0,0,0,0,0,0,0,0,0,0,0,0,0,0,0,0,0,0,0,0,0,0,0,0,0,0,0,0,0,0,0,0,0,0,0,0,0,0,0,0,0,0,0,0,0,0,0,0,0,0,0,0,0,0,0,0,0,1,0,1,0,0,0,0,0,0,0,0,0,0,0,0,0,3,173.8388888888889,4,0.0,0.0,0.0,0.0,0.0,0.0,0.0,0.0,0.0,1.0,0.0,0.0,0.0,0.0,0.0,0.0,0.0,0.0,0.0,0.0,0.0,0.0,0.0,278,281,45,12,6,0
134627,6,0,1,50,3,0,0,8.0,1,0,0,0,0,65729.375466,,0,1,1,False,13,116,0,0,0,0,0,0,0,0,0,0,0,1,0,0,0,0,0,0,0,0,0,0,0,0,0,0,0,0,0,0,0,0,0,0,0,0,0,0,0,0,0,0,0,0,0,0,0,0,0,0,0,0,0,0,0,0,0,0,0,0,0,0,0,0,0,0,0,0,0,0,0,0,0,0,0,0,0,0,0,0,0,0,0,0,0,0,0,0,0,0,0,0,0,0,0,0,0,0,0,0,0,0,0,0,0,0,0,0,0,0,0,0,0,0,0,0,0,0,0,0,0,0,0,0,0,0,0,0,0,0,0,0,0,0,0,0,0,1,0,1,0,0,0,0,0,0,0,0,0,0,0,0,0,3,182.91833333333332,4,0.0,0.0,0.0,0.0,0.0,0.0,0.0,0.0,0.0,0.2145007682502851,0.0,0.41552902220166804,0.26296321880556744,0.0,0.0,0.22065057121289194,0.4535450285961996,0.0,0.0,0.0,0.0,0.6276020202543634,0.2527871324164211,270,281,42,17,5,0
134547,26,2,3,94,2,2,0,10.0,1,0,0,0,0,130801.866457,,0,3,1,False,13,84,0,0,0,0,0,0,0,0,0,0,0,1,0,0,0,0,0,0,0,0,0,0,0,0,0,0,0,0,0,0,0,0,0,0,0,0,0,0,0,0,0,0,0,0,0,0,0,0,0,0,0,0,0,0,0,0,0,0,0,0,0,0,0,0,0,0,0,0,0,0,0,0,0,0,0,0,0,0,0,0,0,0,0,0,0,0,0,0,0,0,0,0,0,0,0,0,0,0,0,0,0,0,0,0,0,0,0,0,0,0,0,0,0,0,0,0,0,0,0,0,0,0,0,0,0,0,0,0,0,0,0,0,0,0,0,0,0,1,0,1,0,0,0,0,0,0,0,0,0,0,0,0,0,3,203.13305555555556,4,0.0,0.0,0.0,0.0,0.0,0.0,0.0,0.0,0.0,0.0,0.0,0.0,0.0,0.0,0.0,0.0,0.0,0.0,0.4223121513035627,0.0,0.0,0.2686683121597671,0.865719229832963,248,290,44,1,4,1
131244,30,4,2,137,7,2,1,8.0,1,0,0,0,0,140895.75645,,0,2,1,False,13,2,0,0,0,0,0,0,0,0,0,0,0,1,0,0,0,0,0,0,0,0,0,0,0,0,0,0,0,0,0,0,0,0,0,0,0,0,0,0,0,0,0,0,0,0,0,0,0,0,0,0,0,0,0,0,0,0,0,0,0,0,0,0,0,0,0,0,0,0,0,0,0,0,0,0,0,0,0,0,0,0,0,0,0,0,0,0,0,0,0,0,0,0,0,0,0,0,0,0,0,0,0,0,0,0,0,0,0,0,0,0,0,0,0,0,0,0,0,0,0,0,0,0,0,0,0,0,0,0,0,0,0,0,0,0,0,0,0,1,0,1,0,0,0,0,0,1,0,0,0,0,0,0,0,4,2038.608611111111,4,0.0,0.0,0.0,0.0,0.0,0.0,0.0,0.0,0.0,1.0,0.0,0.0,0.0,0.0,0.0,0.0,0.0,0.0,0.0,0.0,0.0,0.0,0.0,15,296,19,0,4,1
132533,3,0,1,20,1,0,0,9.0,1,0,0,0,0,206111.353277,,0,1,1,False,13,6,0,0,0,0,0,0,0,0,0,0,0,1,0,0,0,0,0,0,0,0,0,0,0,0,0,0,0,0,0,0,0,0,0,0,0,0,0,0,0,0,0,0,0,0,0,0,0,0,0,0,0,0,0,0,0,0,0,0,0,0,0,0,0,0,0,0,0,0,0,0,0,0,0,0,0,0,0,0,0,0,0,0,0,0,0,0,0,0,0,0,0,0,0,0,0,0,0,0,0,0,0,0,0,0,0,0,0,0,0,0,0,0,0,0,0,0,0,0,0,0,0,0,0,0,0,0,0,0,0,0,0,0,0,0,0,0,0,0,0,0,0,0,0,0,0,0,0,0,0,0,0,0,0,1,544.6486111111111,4,0.0,0.0,0.0,0.0,0.0,0.0,0.0,0.0,0.0,0.0,0.0,1.0,0.0,0.0,0.0,0.0,0.0,0.0,0.0,0.0,0.0,0.0,0.0,13,17,37,0,5,0
77349,1,0,1,6,1,1,1,836.0,0,0,0,0,0,362338.01798,,0,1,0,False,14,15,0,0,0,0,0,0,0,0,0,0,0,0,0,0,0,0,0,0,0,0,0,0,0,0,0,0,0,0,0,0,0,0,0,0,0,0,0,0,0,0,0,0,0,0,0,0,0,0,0,0,0,0,0,0,0,0,0,0,0,0,0,0,0,0,0,0,0,0,0,0,0,0,0,0,0,0,0,0,0,0,0,0,0,0,0,0,0,0,0,0,0,0,0,0,0,0,0,0,0,0,0,0,0,0,0,0,0,0,0,0,0,0,0,0,0,0,0,0,0,0,0,0,0,0,0,0,0,0,0,0,0,0,0,0,0,0,0,0,0,0,0,0,0,0,0,0,0,0,0,0,0,0,0,0,170.23944444444444,4,0.0,0.0,0.0,0.0,0.0,0.0,0.0,0.0,0.0,0.0,0.0,0.0,0.0,0.0,0.0,0.0,0.0,0.0,0.0,0.0,0.0,0.0,0.0,19,77,43,0,4,1
76878,9,23,15,2670,73,7,2,428764.0,0,0,0,0,0,639532.134215,,15,15,0,False,14,140,0,0,0,0,0,0,0,0,0,0,0,0,0,0,0,0,0,0,0,0,0,0,0,0,0,0,0,0,0,0,0,0,0,0,0,0,0,0,0,0,0,0,0,0,0,0,0,0,0,0,0,0,0,0,0,0,0,0,0,0,0,0,0,0,0,0,0,0,0,0,0,0,0,0,0,0,0,0,0,0,0,0,0,0,0,0,0,0,0,0,0,0,0,0,0,0,0,0,0,0,0,0,0,0,0,0,0,0,0,0,0,0,0,0,0,0,0,0,0,0,0,0,0,0,0,0,0,0,0,0,0,0,0,0,0,0,0,0,0,0,0,0,0,0,0,0,0,0,0,0,0,0,0,0,1844.473888888889,4,0.0,0.0,0.0,0.0,0.0,0.0,0.0,0.0,0.0,0.0,0.0,0.0,0.0,0.18072733656330042,0.0,0.0,0.3134864512790812,0.0,0.0,0.0,0.0,0.32534486832666004,0.8736215378164003,7,244,19,0,4,1
77699,3,0,4,94,2,2,2,25.0,0,0,0,0,0,722244.031609,,0,4,0,False,14,46,0,0,0,0,0,0,0,0,0,0,0,0,0,0,0,0,0,0,0,0,0,0,0,0,0,0,0,0,0,0,0,0,0,0,0,0,0,0,0,0,0,0,0,0,0,0,0,0,0,0,0,0,0,0,0,0,0,0,0,0,0,0,0,0,0,0,0,0,0,0,0,0,0,0,0,0,0,0,0,0,0,0,0,0,0,0,0,0,0,0,0,0,0,0,0,0,0,0,0,0,0,0,0,0,0,0,0,0,0,0,0,0,0,0,0,0,0,0,0,0,0,0,0,0,0,0,0,0,0,0,0,0,0,0,0,0,0,0,0,0,0,0,0,0,0,0,0,0,0,0,0,1,0,1,725.3613888888889,4,0.0,0.0,0.0,0.0,0.0,0.0,0.0,0.0,0.0,0.0,0.0,0.3442317177721085,0.0,0.4332165119551735,0.0,0.0,0.37572486141509065,0.0,0.0,0.0,0.32700064287695274,0.5199168047630486,0.41882681677121497,214,245,40,4,1,1
78105,7,20,11,527,7,2,1,579399.0,0,0,0,0,0,776522.105803,,2,11,0,False,14,103,0,0,0,0,0,0,0,0,0,0,0,0,0,0,0,0,0,0,0,0,0,0,0,0,0,0,0,0,0,0,0,0,0,0,0,0,0,0,0,0,0,0,0,0,0,0,0,0,0,0,0,0,0,0,0,0,0,0,0,0,0,0,0,0,0,0,0,0,0,0,0,0,0,0,0,0,0,0,0,0,0,0,0,0,0,0,0,0,0,0,0,0,0,0,0,0,0,0,0,0,0,0,0,0,0,0,0,0,0,0,0,0,0,0,0,0,0,0,0,0,0,0,0,0,0,0,0,0,0,0,0,0,0,0,0,0,0,0,0,0,0,0,0,0,0,0,0,0,0,0,0,0,0,0,194.5536111111111,4,0.0,0.0,0.0,0.0,0.0,0.0,0.0,0.0,0.0,0.0,0.0,0.0,0.0,0.0,0.0,0.0,0.0,0.0,0.0,0.0,0.0,1.0,0.0,168,249,47,15,2,1
78104,16,4,1,290,9,1,1,24.0,0,0,0,0,0,801076.433672,,4,1,0,False,14,147,0,0,0,0,0,0,0,0,0,0,0,0,0,0,0,0,0,0,0,0,0,0,0,0,0,0,0,0,0,0,0,0,0,0,0,0,0,0,0,0,0,0,0,0,0,0,0,0,0,0,0,0,0,0,0,0,0,0,0,0,0,0,0,0,0,0,0,0,0,0,0,0,0,0,0,0,0,0,0,0,0,0,0,0,0,0,0,0,0,0,0,0,0,0,0,0,0,0,0,0,0,0,0,0,0,0,0,0,0,0,0,0,0,0,0,0,0,0,0,0,0,0,0,0,0,0,0,0,0,0,0,0,0,0,0,0,0,0,0,0,0,0,0,0,0,0,0,0,0,0,0,0,0,0,188.265,4,0.0,0.1325023844342257,0.13821207679697872,0.20758392287084684,0.0,0.0,0.12743667723643864,0.1276407321147862,0.0,0.11112498246383007,0.14147280556606232,0.4305406985908214,0.13623160101834345,0.0,0.0,0.11431096987054319,0.0,0.47664894043772243,0.0,0.4673162937208235,0.10224732204739494,0.40642199130525586,0.13095974380883993,167,247,46,2,2,1
77624,11,0,1,25,1,1,1,419.0,0,0,0,0,0,813880.333198,,0,1,0,False,14,25,0,0,0,0,0,0,0,0,0,0,0,0,0,0,0,0,0,0,0,0,0,0,0,0,0,0,0,0,0,0,0,0,0,0,0,0,0,0,0,0,0,0,0,0,0,0,0,0,0,0,0,0,0,0,0,0,0,0,0,0,0,0,0,0,0,0,0,0,0,0,0,0,0,0,0,0,0,0,0,0,0,0,0,0,0,0,0,0,0,0,0,0,0,0,0,0,0,0,0,0,0,0,0,0,0,0,0,0,0,0,0,0,0,0,0,0,0,0,0,0,0,0,0,0,0,0,0,0,0,0,0,0,0,0,0,0,0,0,0,0,0,0,0,0,0,0,0,0,0,0,0,0,0,0,812.7680555555555,4,0.0,0.0,0.0,0.0,0.0,0.0,0.0,0.0,0.0,0.0,0.0,0.0,0.0,0.0,0.0,0.0,0.0,0.0,0.0,0.0,0.0,1.0,0.0,187,249,36,3,3,1
77140,14,14,17,886,12,4,1,791188.0,0,0,0,0,0,819634.684545,,8,17,0,False,14,213,0,0,0,0,0,0,0,0,0,0,0,0,0,0,0,0,0,0,0,0,0,0,0,0,0,0,0,0,0,0,0,0,0,0,0,0,0,0,0,0,0,0,0,0,0,0,0,0,0,0,0,0,0,0,0,0,0,0,0,0,0,0,0,0,0,0,0,0,0,0,0,0,0,0,0,0,0,0,0,0,0,0,0,0,0,0,0,0,0,0,0,0,0,0,0,0,0,0,0,0,0,0,0,0,0,0,0,0,0,0,0,0,0,0,0,0,0,0,0,0,0,0,0,0,0,0,0,0,0,0,0,0,0,0,0,0,0,0,0,0,0,0,0,0,0,0,0,0,0,0,0,0,0,0,1396.4588888888889,4,0.0,0.25600861370148326,0.0,0.0,0.0,0.0,0.0,0.0,0.0,0.21470521326571942,0.0,0.0,0.0,0.0,0.26437648319698553,0.0,0.6809659672877961,0.0,0.0,0.0,0.0,0.3141001002091524,0.5060561378779603,11,250,30,0,0,1
77938,12,30,21,838,17,3,2,41910.0,0,0,0,0,0,819669.882367,,1,21,0,False,14,314,0,0,0,0,0,0,0,0,0,0,0,0,0,0,0,0,0,0,0,0,0,0,0,0,0,0,0,0,0,0,0,0,0,0,0,0,0,0,0,0,0,0,0,0,0,0,0,0,0,0,0,0,0,0,0,0,0,0,0,0,0,0,0,0,0,0,0,0,0,0,0,0,0,0,0,0,0,0,0,0,0,0,0,0,0,0,0,0,0,0,0,0,0,0,0,0,0,0,0,0,0,0,0,0,0,0,0,0,0,0,0,0,0,0,0,0,0,0,0,0,0,0,0,0,0,0,0,0,0,0,0,0,0,0,0,0,0,0,0,0,0,0,0,0,0,0,0,0,0,0,0,0,0,0,353.95472222222224,4,0.37960297086054556,0.0,0.0,0.157817355443762,0.0,0.0,0.0,0.0,0.0,0.0,0.0,0.0,0.0,0.0,0.41611462018713746,0.0,0.17863407731516345,0.181188105067642,0.38854861370648947,0.0,0.1554687062809403,0.24718848348150577,0.5973792233523577,132,249,67,2,1,1
77864,2,0,1,350,3,1,1,38059.0,0,0,0,0,0,829960.235374,,3,1,0,False,14,46,0,0,0,0,0,0,0,0,0,0,0,0,0,0,0,0,0,0,0,0,0,0,0,0,0,0,0,0,0,0,0,0,0,0,0,0,0,0,0,0,0,0,0,0,0,0,0,0,0,0,0,0,0,0,0,0,0,0,0,0,0,0,0,0,0,0,0,0,0,0,0,0,0,0,0,0,0,0,0,0,0,0,0,0,0,1,0,0,0,0,0,0,0,0,0,0,0,0,0,0,0,0,0,0,0,0,0,0,0,0,0,0,0,0,0,0,0,0,0,0,0,0,0,0,0,0,0,0,0,0,0,0,0,0,0,0,0,0,0,0,0,0,0,0,0,0,0,0,0,1,0,0,0,2,488.31138888888887,4,0.8959700244938548,0.0,0.0,0.0,0.0,0.0,0.0,0.0,0.0,0.0,0.0,0.0,0.0,0.0,0.0,0.0,0.0,0.2851033376046096,0.0,0.27952109771705397,0.0,0.1944781685080525,0.0,156,248,76,1,3,1
77617,4,2,1,128,2,2,1,77405.0,0,0,0,0,0,829026.287187,,4,1,0,False,14,6,0,0,0,0,0,0,0,0,0,0,0,0,0,0,0,0,0,0,0,0,0,0,0,0,0,0,0,0,0,0,0,0,0,0,0,0,0,0,0,0,0,0,0,0,0,0,0,0,0,0,0,0,0,0,0,0,0,0,0,0,0,0,0,0,0,0,0,0,0,0,0,0,0,0,0,0,0,0,0,0,0,0,0,0,0,1,0,0,0,0,0,0,0,0,0,0,0,0,0,0,0,0,0,0,0,0,0,0,0,0,0,0,0,0,0,0,0,0,0,0,0,0,0,0,0,0,0,0,0,0,0,0,0,0,0,0,0,0,0,0,0,0,0,0,0,0,0,0,0,1,0,0,0,2,813.2988888888889,4,0.0,0.0,0.0,0.0,0.0,0.0,0.0,0.0,0.0,0.0,0.0,0.0,0.0,0.0,0.0,0.0,0.0,0.0,0.0,0.0,0.0,0.0,0.0,183,249,36,4,3,1
77989,3,0,3,50,6,2,2,201.0,0,0,0,0,0,830386.260369,,0,3,0,False,14,93,0,0,0,0,0,0,0,0,0,0,0,0,0,0,0,0,0,0,0,0,0,0,0,0,0,0,0,0,0,0,0,0,0,0,0,0,0,0,0,0,0,0,0,0,0,0,0,0,0,0,0,0,0,0,0,0,0,0,0,0,0,0,0,0,0,0,0,0,0,0,0,0,0,0,0,0,0,0,0,0,0,0,0,0,0,1,0,0,0,0,0,0,0,0,0,0,0,0,0,0,0,0,0,0,0,0,0,0,0,0,0,0,0,0,0,0,0,0,0,0,0,0,0,0,0,0,0,0,0,0,0,0,0,0,0,0,0,0,0,0,0,0,0,0,0,0,0,0,0,1,0,0,0,2,305.5422222222222,4,0.0,0.0,0.0,0.222111192963423,0.0,0.0,0.0,0.0,0.0,0.0,0.0,0.2303355357698149,0.0,0.28987787073004706,0.0,0.0,0.25140852160920923,0.0,0.2734204862068729,0.0,0.4376114366311868,0.6957831576700239,0.0,130,247,46,26,3,1
77892,3,0,1,71,5,1,1,1214154.0,0,0,0,0,0,834280.464485,,2,1,0,False,14,3,0,0,0,0,0,0,0,0,0,0,0,0,0,0,0,0,0,0,0,0,0,0,0,0,0,0,0,0,0,0,0,0,0,0,0,0,0,0,0,0,0,0,0,0,0,0,0,0,0,0,0,0,0,0,0,0,0,0,0,0,0,0,0,0,0,0,0,0,0,0,0,0,0,0,0,0,0,0,0,0,0,0,0,0,0,0,0,0,0,0,0,0,0,0,0,0,0,0,0,0,0,0,0,0,0,0,0,0,0,0,0,0,0,0,0,0,0,0,0,0,0,0,0,0,0,0,0,0,0,0,0,0,0,0,0,0,0,0,0,0,0,0,0,0,0,0,0,0,0,0,0,0,0,0,387.3183333333333,4,0.0,0.0,0.0,0.0,0.0,0.0,0.0,0.0,0.0,1.0,0.0,0.0,0.0,0.0,0.0,0.0,0.0,0.0,0.0,0.0,0.0,0.0,0.0,127,244,79,2,0,1
77960,5,5,5,47,4,3,1,10635.0,0,0,0,0,0,879643.105344,,0,5,0,False,14,16,0,0,0,0,0,0,0,0,0,0,0,0,0,0,0,0,0,0,0,0,0,0,0,0,0,0,0,0,0,0,0,0,0,0,0,0,0,0,0,0,0,0,0,0,0,0,0,0,0,0,0,0,0,0,0,0,0,0,0,0,0,0,0,0,0,0,0,0,0,0,0,0,0,0,0,0,0,0,0,0,0,0,0,0,0,0,0,0,0,0,0,0,0,0,0,0,0,0,0,0,0,0,0,0,0,0,0,0,0,0,0,0,0,0,0,0,0,0,0,0,0,0,0,0,0,0,0,0,0,0,0,0,0,0,0,0,0,0,0,0,0,0,0,0,0,0,0,0,0,0,0,0,0,0,315.3302777777778,4,1.0,0.0,0.0,0.0,0.0,0.0,0.0,0.0,0.0,0.0,0.0,0.0,0.0,0.0,0.0,0.0,0.0,0.0,0.0,0.0,0.0,0.0,0.0,135,243,52,5,2,1
77851,6,0,5,3145,17,1,1,19.0,0,0,0,0,0,915962.833824,,2,5,0,False,14,2,0,0,0,0,0,0,0,0,0,0,0,0,0,0,0,0,0,0,0,0,0,0,0,0,0,0,0,0,0,0,0,0,0,0,0,0,0,0,0,0,0,0,0,0,0,0,0,0,0,0,0,0,0,0,0,0,0,0,0,0,0,0,0,0,0,0,0,0,0,0,0,0,0,0,0,0,0,0,0,0,0,0,0,0,0,0,0,0,0,0,0,0,0,0,0,0,0,0,0,0,0,0,0,0,0,0,0,0,0,0,0,0,0,0,0,0,0,0,0,0,0,0,0,0,0,0,0,0,0,0,0,0,0,0,0,0,0,0,0,0,0,0,0,0,0,0,0,0,0,0,0,0,0,0,481.0283333333333,4,0.0,0.0,0.0,0.0,0.0,0.0,0.0,0.0,0.0,1.0,0.0,0.0,0.0,0.0,0.0,0.0,0.0,0.0,0.0,0.0,0.0,0.0,0.0,165,252,66,0,2,1
77865,5,0,1,6,1,1,1,11.0,0,0,0,0,0,930810.055284,,0,1,0,False,14,11,0,0,0,0,0,0,0,0,0,0,0,0,0,0,0,0,0,0,0,0,0,0,0,0,0,0,0,0,0,0,0,0,0,0,0,0,0,0,0,0,0,0,0,0,0,0,0,0,0,0,0,0,0,0,0,0,0,0,0,0,0,0,0,0,0,0,0,0,0,0,0,0,0,0,0,0,0,0,0,0,0,0,0,0,0,0,0,0,0,0,0,0,0,0,0,0,0,0,0,0,0,0,0,0,0,0,0,0,0,0,0,0,0,0,0,0,0,0,0,0,0,0,0,0,0,0,0,0,0,0,0,0,0,0,0,0,0,0,0,0,0,0,0,0,0,0,0,0,0,0,0,0,0,0,458.74833333333333,4,0.0,0.0,0.0,0.0,0.0,0.0,0.0,0.0,0.0,1.0,0.0,0.0,0.0,0.0,0.0,0.0,0.0,0.0,0.0,0.0,0.0,0.0,0.0,157,253,77,1,3,1
77487,24,9,13,160,4,5,3,7.0,1,0,0,0,0,1198778.842361,,1,13,0,False,14,2,0,0,0,0,0,0,0,0,0,0,0,0,0,0,0,0,0,0,0,0,0,0,0,0,0,0,0,0,0,0,0,0,0,0,0,0,0,0,0,0,0,0,0,0,0,0,0,0,0,0,0,0,0,0,0,0,0,0,0,0,0,0,0,0,0,0,0,0,0,0,0,0,0,0,0,0,0,0,0,0,0,0,0,0,0,0,0,0,0,0,0,0,0,0,0,0,0,0,0,0,0,0,0,0,0,0,0,0,0,0,0,0,0,0,0,0,0,0,0,0,0,0,0,0,0,0,0,0,0,0,0,0,0,0,0,0,0,0,0,0,0,0,0,0,0,0,0,0,0,0,0,0,0,0,854.0972222222222,4,0.0,0.0,0.0,0.0,0.0,0.0,0.0,0.0,0.0,1.0,0.0,0.0,0.0,0.0,0.0,0.0,0.0,0.0,0.0,0.0,0.0,0.0,0.0,92,257,56,0,4,1
77730,8,6,10,235,28,2,0,42875.0,0,0,0,0,0,1217448.41103,,8,10,0,False,14,19,0,0,0,0,0,0,0,0,0,0,0,0,0,0,0,0,0,0,0,0,0,0,0,0,0,0,0,0,0,0,0,0,0,0,0,0,0,0,0,0,0,0,0,0,0,0,0,0,0,0,0,0,0,0,0,0,0,0,0,0,0,0,0,0,0,0,0,0,0,0,0,0,0,0,0,0,0,0,0,0,0,0,0,0,0,0,0,0,0,0,0,0,0,0,0,0,0,0,0,0,0,0,0,0,0,0,0,0,0,0,0,0,0,0,0,0,0,0,0,0,0,0,0,0,0,0,0,0,0,0,0,0,0,0,0,0,0,0,0,0,0,0,0,0,0,0,0,0,0,0,0,0,0,0,565.1961111111111,4,0.0,0.0,0.0,0.0,0.0,0.0,0.0,0.0,0.0,0.0,0.0,0.0,0.0,0.0,0.0,0.0,0.0,0.0,0.0,0.0,0.0,0.29639602196793546,0.9550651277067879,217,250,51,1,2,1
78032,5,0,1,18,2,4,4,10.0,0,0,0,0,0,1221455.115951,,1,1,0,False,14,13,0,0,0,0,0,0,0,0,0,0,0,0,0,0,0,0,0,0,0,0,0,0,0,0,0,0,0,0,0,0,0,0,0,0,0,0,0,0,0,0,0,0,0,0,0,0,0,0,0,0,0,0,0,0,0,0,0,0,0,0,0,0,0,0,0,0,0,0,0,0,0,0,0,0,0,0,0,0,0,0,0,0,0,0,0,0,0,0,0,0,0,0,0,0,0,0,0,0,0,0,0,0,0,0,0,0,0,0,0,0,0,0,0,0,0,0,0,0,0,0,0,0,0,0,0,0,0,0,0,0,0,0,0,0,0,0,0,0,0,0,0,0,0,0,0,0,0,0,0,0,0,0,0,0,169.25555555555556,4,0.0,0.0,0.0,0.0,0.0,0.0,0.0,0.0,0.0,0.0,0.0,0.0,0.0,0.0,0.0,0.0,0.0,0.0,0.0,0.0,0.0,0.0,0.0,133,248,50,4,4,1
77700,6,12,1,199,6,2,1,787305.0,0,1,0,0,0,1239421.466053,,4,1,0,False,14,66,0,0,0,0,0,0,0,0,0,0,0,0,0,0,0,0,0,0,0,0,0,0,0,0,0,0,0,0,0,0,0,0,0,0,0,0,0,0,0,0,0,0,0,0,0,0,0,0,0,0,0,0,0,0,0,0,0,0,0,0,0,0,0,0,0,0,0,0,0,0,0,0,0,0,0,0,0,0,0,0,0,0,0,0,0,1,0,0,0,0,0,0,0,0,0,0,0,0,0,0,0,0,0,0,0,0,0,0,0,0,0,0,0,0,0,0,0,0,0,0,0,0,0,0,0,0,0,0,0,0,0,0,0,0,0,0,0,0,0,0,0,0,0,0,0,0,0,0,0,1,0,0,0,2,581.4766666666667,4,0.0,0.0,0.0,0.40646311671877733,0.0,0.0,0.0,0.0,0.0,0.0,0.0,0.0,0.5335010571117929,0.0,0.5358575581181414,0.0,0.0,0.0,0.0,0.0,0.0,0.0,0.5128557635588392,215,235,41,6,1,1
76876,2,2,2,189,2,2,0,6.0,0,0,0,0,0,1248773.994587,,0,2,0,False,14,60,0,0,0,0,0,0,0,0,0,0,0,0,0,0,0,0,0,0,0,0,0,0,0,0,0,0,0,0,0,0,0,0,0,0,0,0,0,0,0,0,0,0,0,0,0,0,0,0,0,0,0,0,0,0,0,0,0,0,0,0,0,0,0,0,0,0,0,0,0,0,0,0,0,0,0,0,0,0,0,0,0,0,0,0,0,0,0,0,0,0,0,0,0,0,0,0,0,0,0,0,0,0,0,0,0,0,0,0,0,0,0,0,0,0,0,0,0,0,0,0,0,0,0,0,0,0,0,0,0,0,0,0,0,0,0,0,0,0,0,0,0,0,0,0,0,0,0,0,0,0,0,0,0,0,173.15027777777777,4,0.3729619960203072,0.0,0.0,0.31011283056883704,0.0,0.0,0.0,0.0,0.0,0.0,0.0,0.0,0.0,0.0,0.0,0.0,0.0,0.0,0.0,0.0,0.3054977092607417,0.24286403761145378,0.7825711409914334,6,0,18,0,4,1
77923,6,0,2,340,34,0,0,16937.0,0,0,0,0,0,1314925.662458,,6,2,0,False,14,22,0,0,0,0,0,0,0,0,0,0,0,0,0,0,0,0,0,0,0,0,0,0,0,0,0,0,0,0,0,0,0,0,0,0,0,0,0,0,0,0,0,0,0,0,0,0,0,0,0,0,0,0,0,0,0,0,0,0,0,0,0,0,0,0,0,0,0,0,0,0,0,0,0,0,0,0,0,0,0,0,0,0,0,0,0,0,0,0,0,0,0,0,0,0,0,0,0,0,0,0,0,0,0,0,0,0,0,0,0,0,0,0,0,0,0,0,0,0,0,0,0,0,0,0,0,0,0,0,0,0,0,0,0,0,0,0,0,0,0,0,0,0,0,0,0,0,0,0,0,0,0,0,0,0,221.7375,4,0.0,0.0,0.0,0.0,0.0,0.0,0.0,0.0,0.0,0.0,0.5659114762353535,0.0,0.0,0.0,0.54735296117386,0.0,0.0,0.0,0.0,0.0,0.0,0.3251492301347892,0.523857724102722,133,217,61,5,1,1
77831,3,0,1,52,2,1,1,8.0,0,0,0,0,0,1337073.534591,,1,1,0,False,14,43,0,0,0,0,0,0,0,0,0,0,0,0,0,0,0,0,0,0,0,0,0,0,0,0,0,0,0,0,0,0,0,0,0,0,0,0,0,0,0,0,0,0,0,0,0,0,0,0,0,0,0,0,0,0,0,0,0,0,0,0,0,0,0,0,0,0,0,0,0,0,0,0,0,0,0,0,0,0,0,0,0,0,0,0,0,0,0,0,0,0,0,0,0,0,0,0,0,0,0,0,0,0,0,0,0,0,0,0,0,0,0,0,0,0,0,0,0,0,0,0,0,0,0,0,0,0,0,0,0,0,0,0,0,0,0,0,0,0,0,0,0,0,0,0,0,0,0,0,0,0,0,0,0,0,172.33388888888888,4,0.0,0.0,0.0,0.0,0.0,0.0,0.0,0.0,0.0,0.6470032568936306,0.0,0.0,0.0,0.0,0.0,0.0,0.0,0.0,0.0,0.0,0.0,0.0,0.7624872363318843,198,109,61,3,0,1
77912,6,19,4,200,3,4,1,40.0,0,1,0,0,0,1338003.855758,,1,4,0,False,14,357,0,0,0,0,0,0,0,0,0,0,0,0,0,0,0,0,0,0,0,0,0,0,0,0,0,0,0,0,0,0,0,0,0,0,0,0,0,0,0,0,0,0,0,0,0,0,0,0,0,0,0,0,0,0,0,0,0,0,0,0,0,0,0,0,0,0,0,0,0,0,0,0,0,0,0,0,0,0,0,0,0,0,0,0,0,0,0,0,0,0,0,0,0,0,0,0,0,0,0,0,0,0,0,0,0,0,0,0,0,0,0,0,0,0,0,0,0,0,0,0,0,0,0,0,0,0,0,0,0,0,0,0,0,0,0,0,0,0,0,0,0,0,0,0,0,0,0,0,0,0,0,0,0,0,221.4738888888889,4,0.31212586989771063,0.33131789602212525,0.0,0.1297642092767936,0.0,0.0,0.0,0.0,0.0,0.2778643987624847,0.0,0.0,0.17032134030587462,0.677422369944583,0.17107365823380202,0.0,0.0,0.0,0.0,0.0,0.12783304904016954,0.4064979800366465,0.0,129,211,61,5,1,1
77281,10,7,8,186,11,2,1,22.0,0,0,0,0,0,1356969.330435,,4,8,0,False,14,7,0,0,0,0,0,0,0,0,0,0,0,0,0,0,0,0,0,0,0,0,0,0,0,0,0,0,0,0,0,0,0,0,0,0,0,0,0,0,0,0,0,0,0,0,0,0,0,0,0,0,0,0,0,0,0,0,0,0,0,0,0,0,0,0,0,0,0,0,0,0,0,0,0,0,0,0,0,0,0,0,0,0,0,0,0,0,0,0,0,0,0,0,0,0,0,0,0,0,0,0,0,0,0,0,0,0,0,0,0,0,0,0,0,0,0,0,0,0,0,0,0,0,0,0,0,0,0,0,0,0,0,0,0,0,0,0,0,0,0,0,0,0,0,0,0,0,0,0,0,0,0,0,0,0,1047.2047222222222,4,0.0,0.0,0.0,0.0,0.0,0.0,0.0,0.0,0.0,0.0,0.0,0.0,0.0,0.0,0.0,0.0,0.8223548294979172,0.0,0.0,0.0,0.0,0.5689749857431797,0.0,11,209,37,0,1,1
77387,8,30,1,377,10,3,0,773195.0,0,0,0,0,0,1406106.450275,,10,1,0,False,14,48,0,0,0,0,0,0,0,0,0,0,0,0,0,0,0,0,0,0,0,0,0,0,0,0,0,0,0,0,0,0,0,0,0,0,0,0,0,0,0,0,0,0,0,0,0,0,0,0,0,0,0,0,0,0,0,0,0,0,0,0,0,0,0,0,0,0,0,0,0,0,0,0,0,0,0,0,0,0,0,0,0,0,0,0,0,0,0,0,0,0,0,0,0,0,0,0,0,0,0,0,0,0,0,0,0,0,0,0,0,0,0,0,0,0,0,0,0,0,0,0,0,0,0,0,0,0,0,0,0,0,0,0,0,0,0,0,0,0,0,0,0,0,0,0,0,0,0,0,0,0,0,0,0,0,878.8983333333333,4,0.0,0.0,0.0,0.0,0.0,0.0,0.0,0.0,0.0,0.5643161771835089,0.0,0.0,0.0,0.0,0.0,0.0,0.0,0.0,0.0,0.0,0.0,0.8255587514943987,0.0,27,204,54,1,1,1
76946,1,7,1,28,3,2,1,5309784.0,0,0,0,0,0,1476651.676171,,2,1,0,False,14,29,0,0,0,0,0,0,0,0,0,0,0,0,0,0,0,0,0,0,0,0,0,0,0,0,0,0,0,0,0,0,0,0,0,0,0,0,0,0,0,0,0,0,0,0,0,0,0,0,0,0,0,0,0,0,0,0,0,0,0,0,0,0,0,0,0,0,0,0,0,0,0,0,0,0,0,0,0,0,0,0,0,0,0,0,0,0,0,0,0,0,0,0,0,0,0,0,0,0,0,0,0,0,0,0,0,0,0,0,0,0,0,0,0,0,0,0,0,0,0,0,0,0,0,0,0,0,0,0,0,0,0,0,0,0,0,0,0,0,0,0,0,0,0,0,0,0,0,0,0,0,0,0,0,0,1482.6161111111112,4,0.0,0.0,0.0,1.0,0.0,0.0,0.0,0.0,0.0,0.0,0.0,0.0,0.0,0.0,0.0,0.0,0.0,0.0,0.0,0.0,0.0,0.0,0.0,9,188,24,0,3,1
77785,5,5,3,4,2,3,2,6714.0,0,0,0,0,0,1488599.141557,,0,3,0,False,14,4,0,0,0,0,0,0,0,0,0,0,0,0,0,0,0,0,0,0,0,0,0,0,0,0,0,0,0,0,0,0,0,0,0,0,0,0,0,0,0,0,0,0,0,0,0,0,0,0,0,0,0,0,0,0,0,0,0,0,0,0,0,0,0,0,0,0,0,0,0,0,0,0,0,0,0,0,0,0,0,0,0,0,0,0,0,0,0,0,0,0,0,0,0,0,0,0,0,0,0,0,0,0,0,0,0,0,0,0,0,0,0,0,0,0,0,0,0,0,0,0,0,0,0,0,0,0,0,0,0,0,0,0,0,0,0,0,0,0,0,0,0,0,0,0,0,0,0,0,0,0,0,0,0,0,458.51694444444445,4,1.0,0.0,0.0,0.0,0.0,0.0,0.0,0.0,0.0,0.0,0.0,0.0,0.0,0.0,0.0,0.0,0.0,0.0,0.0,0.0,0.0,0.0,0.0,223,185,47,3,3,1
77832,7,6,1,71,2,2,1,17.0,0,1,0,0,0,1518184.740716,,4,1,0,False,14,21,0,0,0,0,0,0,0,0,0,0,0,0,0,0,0,0,0,0,0,0,0,0,0,0,0,0,0,0,0,0,0,0,0,0,0,0,0,0,0,0,0,0,0,0,0,0,0,0,0,0,0,0,0,0,0,0,0,0,0,0,0,0,0,0,0,0,0,0,0,0,0,0,0,0,0,0,0,0,0,0,0,0,0,0,0,0,0,0,0,0,0,0,0,0,0,0,0,0,0,0,0,0,0,0,0,0,0,0,0,0,0,0,0,0,0,0,0,0,0,0,0,0,0,0,0,0,0,0,0,0,0,0,0,0,0,0,0,0,0,0,0,0,0,0,0,0,0,0,0,0,0,0,0,0,355.3625,4,0.657977633292238,0.0,0.0,0.0,0.0,0.0,0.0,0.0,0.0,0.0,0.0,0.0,0.0,0.0,0.0,0.0,0.6192640018107418,0.0,0.0,0.0,0.0,0.42845948483898777,0.0,199,174,62,0,0,1
77584,13,11,7,508,17,2,1,1183755.0,0,0,0,0,0,1536187.008836,,10,7,0,False,14,100,0,0,0,0,0,0,0,0,0,0,0,0,0,0,0,0,0,0,0,0,0,0,0,0,0,0,0,0,0,0,0,0,0,0,0,0,0,0,0,0,0,0,0,0,0,0,0,0,0,0,0,0,0,0,0,0,0,0,0,0,0,0,0,0,0,0,0,0,0,0,0,0,0,0,0,0,0,0,0,0,0,0,0,0,0,0,0,0,0,0,0,0,0,0,0,0,0,0,0,0,0,0,0,0,0,0,0,0,0,0,0,0,0,0,0,0,0,0,0,0,0,0,0,0,0,0,0,0,0,0,0,0,0,0,0,0,0,0,0,0,0,0,0,0,0,0,0,0,0,0,0,0,0,0,501.0775,4,0.0,0.0,0.0,0.3527501715084018,0.0,0.0,0.0,0.4338032495220001,0.0,0.0,0.48081330901769825,0.0,0.0,0.0,0.0,0.3885003585004402,0.0,0.0,0.0,0.0,0.0,0.552510715300099,0.0,163,126,38,2,2,1
77819,3,0,1,5,2,3,3,864306.0,0,0,0,0,0,1572115.233869,,1,1,0,False,14,37,0,0,0,0,0,0,0,0,0,0,0,0,0,0,0,0,0,0,0,0,0,0,0,0,0,0,0,0,0,0,0,0,0,0,0,0,0,0,0,0,0,0,0,0,0,0,0,0,0,0,0,0,0,0,0,0,0,0,0,0,0,0,0,0,0,0,0,0,0,0,0,0,0,0,0,0,0,0,0,0,0,0,0,0,0,0,0,0,0,0,0,0,0,0,0,0,0,0,0,0,0,0,0,0,0,0,0,0,0,0,0,0,0,0,0,0,0,0,0,0,0,0,0,0,0,0,0,0,0,0,0,0,0,0,0,0,0,0,0,0,0,0,0,0,0,0,0,0,0,0,0,0,0,0,407.76222222222225,4,0.6755718093394608,0.0,0.0,0.0,0.0,0.0,0.0,0.0,0.0,0.0,0.0,0.0,0.7372941953018533,0.0,0.0,0.0,0.0,0.0,0.0,0.0,0.0,0.0,0.0,216,167,57,10,4,1
77794,10,1,1,813,13,1,1,198.0,0,0,0,0,0,1574546.838263,,4,1,0,False,14,97,0,0,0,0,0,0,0,0,0,0,0,0,0,0,0,0,0,0,0,0,0,0,0,0,0,0,0,0,0,0,0,0,0,0,0,0,0,0,0,0,0,0,0,0,0,0,0,0,0,0,0,0,0,0,0,0,0,0,0,0,0,0,0,0,0,0,0,0,0,0,0,0,0,0,0,0,0,0,0,0,0,0,0,0,0,0,0,0,0,0,0,0,0,0,0,0,0,0,0,0,0,0,0,0,0,0,0,0,0,0,0,0,0,0,0,0,0,0,0,0,0,0,0,0,0,0,0,0,0,0,0,0,0,0,0,0,0,0,0,0,0,0,0,0,0,0,0,0,0,0,0,0,0,0,433.0002777777778,4,0.0,0.0,0.0,0.5553460515207305,0.0,0.0,0.0,0.0,0.0,0.0,0.37848000404903526,0.0,0.0,0.0,0.0,0.0,0.0,0.0,0.0,0.0,0.0,0.6523766725316027,0.35035457287149874,225,166,48,14,3,1
76798,13,29,1,197,7,5,3,53.0,0,1,0,0,0,1598390.788008,,7,1,0,False,14,27,0,0,0,0,0,0,0,0,0,0,0,0,0,0,0,0,0,0,0,0,0,0,0,0,0,0,0,0,0,0,0,0,0,0,0,0,0,0,0,0,0,0,0,0,0,0,0,0,0,0,0,0,0,0,0,0,0,0,0,0,0,0,0,0,0,0,0,0,0,0,0,0,0,0,0,0,0,0,0,0,0,0,0,0,0,1,0,0,0,0,0,0,0,0,0,0,0,0,0,0,0,0,0,0,0,0,0,0,0,0,0,0,0,0,0,0,0,0,0,0,0,0,0,0,0,0,0,0,0,0,0,0,0,0,0,0,0,0,0,0,0,0,0,0,0,0,0,0,0,1,0,0,0,2,726.4138888888889,4,0.0,0.0,0.0,0.0,0.0,0.0,0.0,0.0,0.0,0.0,0.0,0.0,0.0,0.0,0.0,0.0,0.0,0.0,0.0,0.0,0.0,0.0,0.0,9,0,17,0,1,1
77397,4,28,1,188,5,4,2,103733.0,0,0,0,0,0,1598410.094198,,9,1,0,False,14,42,0,0,0,0,0,0,0,0,0,0,0,0,0,0,0,0,0,0,0,0,0,0,0,0,0,0,0,0,0,0,0,0,0,0,0,0,0,0,0,0,0,0,0,0,0,0,0,0,0,0,0,0,0,0,0,0,0,0,0,0,0,0,0,0,0,0,0,0,0,0,0,0,0,0,0,0,0,0,0,0,0,0,0,0,0,1,0,0,0,0,0,0,0,0,0,0,0,0,0,0,0,0,0,0,0,0,0,0,0,0,0,0,0,0,0,0,0,0,0,0,0,0,0,0,0,0,0,0,0,0,0,0,0,0,0,0,0,0,0,0,0,0,0,0,0,0,0,0,0,1,0,0,0,2,687.1583333333333,4,0.0,0.0,0.0,0.0,0.0,0.0,0.0,0.0,0.0,0.0,0.0,0.0,0.0,0.0,0.0,0.0,0.0,0.0,0.0,0.0,0.0,0.0,0.0,33,125,60,1,1,1
77868,14,1,2,327,13,1,1,538223.0,0,0,0,0,0,1678991.710635,,4,2,0,False,14,80,0,0,0,0,0,0,0,0,0,0,0,0,0,0,0,0,0,0,0,0,0,0,0,0,0,0,0,0,0,0,0,0,0,0,0,0,0,0,0,0,0,0,0,0,0,0,0,0,0,0,0,0,0,0,0,0,0,0,0,0,0,0,0,0,0,0,0,0,0,0,0,0,0,0,0,0,0,0,0,0,0,0,0,0,0,0,0,0,0,0,0,0,0,0,0,0,0,0,0,0,0,0,0,0,0,0,0,0,0,0,0,0,0,0,0,0,0,0,0,0,0,0,0,0,0,0,0,0,0,0,0,0,0,0,0,0,0,0,0,0,0,0,0,0,0,0,0,0,0,0,0,0,0,0,218.70055555555555,4,0.0,0.5109295447165346,0.0,0.8004441554447849,0.0,0.0,0.0,0.0,0.0,0.0,0.0,0.0,0.0,0.0,0.0,0.0,0.0,0.0,0.0,0.0,0.0,0.31343285461170084,0.0,152,146,78,18,3,1
77854,7,9,5,58,2,3,1,84689.0,0,0,0,0,0,1713569.422321,,0,5,0,False,14,72,0,0,0,0,0,0,0,0,0,0,0,0,0,0,0,0,0,0,0,0,0,0,0,0,0,0,0,0,0,0,0,0,0,0,0,0,0,0,0,0,0,0,0,0,0,0,0,0,0,0,0,0,0,0,0,0,0,0,0,0,0,0,0,0,0,0,0,0,0,0,0,0,0,0,0,0,0,0,0,0,0,0,0,0,0,0,0,0,0,0,0,0,0,0,0,0,0,0,0,0,0,0,0,0,0,0,0,0,0,0,0,0,0,0,0,0,0,0,0,0,0,0,0,0,0,0,0,0,0,0,0,0,0,0,0,0,0,0,0,0,0,0,0,0,0,0,0,0,0,0,0,0,0,0,247.33638888888888,4,0.0,0.0,0.0,0.0,0.0,0.0,0.0,0.0,0.5512196862727337,0.2314851430813053,0.2947028823985012,0.0,0.0,0.0,0.0,0.0,0.0,0.0,0.0,0.0,0.0,0.5079721088242694,0.5456061159487277,167,147,69,0,2,1
77647,16,0,1,2,1,1,1,15463.0,0,0,0,0,0,1825988.559475,,0,1,0,False,14,163,0,0,0,0,0,0,0,0,0,0,0,0,0,0,0,0,0,0,0,0,0,0,0,0,0,0,0,0,0,0,0,0,0,0,0,0,0,0,0,0,0,0,0,0,0,0,0,0,0,0,0,0,0,0,0,0,0,0,0,0,0,0,0,0,0,0,0,0,0,0,0,0,0,0,0,0,0,0,0,0,0,0,0,0,0,0,0,0,0,0,0,0,0,0,0,0,0,0,0,0,0,0,0,0,0,0,0,0,0,0,0,0,0,0,0,0,0,0,0,0,0,0,0,0,0,0,0,0,0,0,0,0,0,0,0,0,0,0,0,0,0,0,0,0,0,0,0,0,0,0,0,0,0,0,509.305,4,0.0,0.0,0.0,0.24914699581923527,0.0,0.0,0.0,0.0,0.0,0.0,0.16979891317900025,0.0,0.0,0.0,0.16423052338662367,0.0,0.0,0.14302125367912855,0.0,0.0,0.0,0.682915822552438,0.6287235792056897,199,137,42,3,4,1
77860,14,0,2,61,10,2,2,9.0,0,0,0,0,0,1841559.623032,,1,2,0,False,14,103,0,0,0,0,0,0,0,0,0,0,0,0,0,0,0,0,0,0,0,0,0,0,0,0,0,0,0,0,0,0,0,0,0,0,0,0,0,0,0,0,0,0,0,0,0,0,0,0,0,0,0,0,0,0,0,0,0,0,0,0,0,0,0,0,0,0,0,0,0,0,0,0,0,0,0,0,0,0,0,0,0,0,0,0,0,0,0,0,0,0,0,0,0,0,0,0,0,0,0,0,0,0,0,0,0,0,0,0,0,0,0,0,0,0,0,0,0,0,0,0,0,0,0,0,0,0,0,0,0,0,0,0,0,0,0,0,0,0,0,0,0,0,0,0,0,0,0,0,0,0,0,0,0,0,218.99805555555557,4,0.0,0.5752469513142136,0.0,0.0,0.0,0.0,0.0,0.0,0.0,0.0,0.0,0.0,0.0,0.5880834656704566,0.0,0.0,0.0,0.0,0.0,0.0,0.0,0.0,0.5685497185020212,167,136,73,1,2,1
77530,4,6,1,191,2,4,2,38.0,1,0,0,0,0,1852286.534489,,3,1,0,False,14,176,0,0,0,0,0,0,0,0,0,0,0,0,0,0,0,0,0,0,0,0,0,0,0,0,0,0,0,0,0,0,0,0,0,0,0,0,0,0,0,0,0,0,0,0,0,0,0,0,0,0,0,0,0,0,0,0,0,0,0,0,0,0,0,0,0,0,0,0,0,0,0,0,0,0,0,0,0,0,0,0,0,0,0,0,0,0,0,0,0,0,0,0,0,0,0,0,0,0,0,0,0,0,0,0,0,0,0,0,0,0,0,0,0,0,0,0,0,0,0,0,0,0,0,0,0,0,0,0,0,0,0,0,0,0,0,0,0,0,0,0,0,0,0,0,0,0,0,0,0,0,0,0,0,0,599.5430555555556,4,0.30988658073133923,0.0,0.0,0.2576664800471026,0.0,0.0,0.0,0.0,0.0,0.27587091216660253,0.17560512070713383,0.0,0.0,0.0,0.0,0.0,0.0,0.0,0.0,0.0,0.38074780361366933,0.40358163566843935,0.6502225364743432,123,132,48,1,0,1
77754,14,2,1,43,4,3,2,9.0,0,0,0,0,0,1863760.503796,,6,1,0,False,14,144,0,0,0,0,0,0,0,0,0,0,0,0,0,0,0,0,0,0,0,0,0,0,0,0,0,0,0,0,0,0,0,0,0,0,0,0,0,0,0,0,0,0,0,0,0,0,0,0,0,0,0,0,0,0,0,0,0,0,0,0,0,0,0,0,0,0,0,0,0,0,0,0,0,0,0,0,0,0,0,0,0,0,0,0,0,1,0,0,0,0,0,0,0,0,0,0,0,0,0,0,0,0,0,0,0,0,0,0,0,0,0,0,0,0,0,0,0,0,0,0,0,0,0,0,0,0,0,0,0,0,0,0,0,0,0,0,0,0,0,0,0,0,0,0,0,0,0,0,0,1,0,0,0,2,373.9580555555556,4,0.0,0.13547963601789945,0.1413176218502521,0.1061241064973835,0.0,0.0,0.1303001053229622,0.1305087451958539,0.0,0.0,0.14465161730003082,0.44021469790931533,0.13929264593168691,0.13850283551291495,0.0,0.11687947093964882,0.0,0.48735896515791194,0.0,0.4778166192923041,0.10454475995986598,0.4155540572859557,0.0,215,131,45,13,3,1
77829,8,4,1,165,3,2,2,48.0,0,0,0,0,0,1865267.022772,,4,1,0,False,14,89,0,0,0,0,0,0,0,0,0,0,0,0,0,0,0,0,0,0,0,0,0,0,0,0,0,0,0,0,0,0,0,0,0,0,0,0,0,0,0,0,0,0,0,0,0,0,0,0,0,0,0,0,0,0,0,0,0,0,0,0,0,0,0,0,0,0,0,0,0,0,0,0,0,0,0,0,0,0,0,0,0,0,0,0,0,1,0,0,0,0,0,0,0,0,0,0,0,0,0,0,0,0,0,0,0,0,0,0,0,0,0,0,0,0,0,0,0,0,0,0,0,0,0,0,0,0,0,0,0,0,0,0,0,0,0,0,0,0,0,0,0,0,0,0,0,0,0,0,0,1,0,0,0,2,264.97277777777776,4,0.6776578498020345,0.0,0.0,0.0,0.0,0.0,0.0,0.0,0.0,0.0,0.0,0.0,0.0,0.7353773443625276,0.0,0.0,0.0,0.0,0.0,0.0,0.0,0.0,0.0,205,129,60,11,0,1
77770,13,20,11,112,9,4,0,586086.0,0,0,0,0,0,1916785.016871,,3,11,0,False,14,79,0,0,0,0,0,0,0,0,0,0,0,0,0,0,0,0,0,0,0,0,0,0,0,0,0,0,0,0,0,0,0,0,0,0,0,0,0,0,0,0,0,0,0,0,0,0,0,0,0,0,0,0,0,0,0,0,0,0,0,0,0,0,0,0,0,0,0,0,0,0,0,0,0,0,0,0,0,0,0,0,0,0,0,0,0,0,0,0,0,0,0,0,0,0,0,0,0,0,0,0,0,0,0,0,0,0,0,0,0,0,0,0,0,0,0,0,0,0,0,0,0,0,0,0,0,0,0,0,0,0,0,0,0,0,0,0,0,0,0,0,0,0,0,0,0,0,0,0,0,0,0,0,0,0,345.50944444444445,4,0.8379928823303993,0.0,0.0,0.0,0.0,0.0,0.0,0.0,0.0,0.0,0.0,0.0,0.0,0.0,0.0,0.0,0.0,0.0,0.0,0.0,0.0,0.5456811607189581,0.0,220,127,45,0,3,1
77837,12,5,2,92,3,4,2,345.0,0,0,0,0,0,1932464.457638,,8,2,0,False,14,32,0,0,0,0,0,0,0,0,0,0,0,0,0,0,0,0,0,0,0,0,0,0,0,0,0,0,0,0,0,0,0,0,0,0,0,0,0,0,0,0,0,0,0,0,0,0,0,0,0,0,0,0,0,0,0,0,0,0,0,0,0,0,0,0,0,0,0,0,0,0,0,0,0,0,0,0,0,0,0,0,0,0,0,0,0,1,0,0,0,0,0,0,0,0,0,0,0,0,0,0,0,0,0,0,0,0,0,0,0,0,0,0,0,0,0,0,0,0,0,0,0,0,0,0,0,0,0,0,0,0,0,0,0,0,0,0,0,0,0,0,0,0,0,0,0,0,0,0,0,1,0,0,0,2,234.4725,4,0.0,0.0,0.0,0.0,0.0,0.0,0.0,0.0,0.0,0.0,0.0,0.0,0.0,0.0,0.0,0.0,0.0,0.0,0.0,0.0,0.0,1.0,0.0,188,127,63,0,1,1
77810,7,0,1,2,1,1,1,6.0,0,0,0,0,0,1932653.22274,,0,1,0,False,14,16,0,0,0,0,0,0,0,0,0,0,0,0,0,0,0,0,0,0,0,0,0,0,0,0,0,0,0,0,0,0,0,0,0,0,0,0,0,0,0,0,0,0,0,0,0,0,0,0,0,0,0,0,0,0,0,0,0,0,0,0,0,0,0,0,0,0,0,0,0,0,0,0,0,0,0,0,0,0,0,0,0,0,0,0,0,0,0,0,0,0,0,0,0,0,0,0,0,0,0,0,0,0,0,0,0,0,0,0,0,0,0,0,0,0,0,0,0,0,0,0,0,0,0,0,0,0,0,0,0,0,0,0,0,0,0,0,0,0,0,0,0,0,0,0,0,0,0,0,0,0,0,0,0,0,314.03694444444443,4,0.0,0.0,0.0,0.0,0.0,0.0,0.0,0.0,0.0,0.0,0.0,0.0,0.0,0.0,0.0,0.0,0.0,0.0,0.0,0.0,0.0,0.0,1.0,220,126,50,8,4,1
77498,3,0,1,98,2,2,2,250.0,1,0,0,0,0,2017084.983106,,3,1,0,False,14,212,0,0,0,0,0,0,0,0,0,0,0,0,0,0,0,0,0,0,0,0,0,0,0,0,0,0,0,0,0,0,0,0,0,0,0,0,0,0,0,0,0,0,0,0,0,0,0,0,0,0,0,0,0,0,0,0,0,0,0,0,0,0,0,0,0,0,0,0,0,0,0,0,0,0,0,0,0,0,0,0,0,0,0,0,0,0,0,0,0,0,0,0,0,0,0,0,0,0,0,0,0,0,0,0,0,0,0,0,0,0,0,0,0,0,0,0,0,0,0,0,0,0,0,0,0,0,0,0,0,0,0,0,0,0,0,0,0,0,0,0,0,0,0,0,0,0,0,0,0,0,0,0,0,0,621.0922222222222,4,0.13422026993011144,0.0,0.0,0.33480699056646424,0.0,0.0,0.0,0.0,0.0,0.35846148816268664,0.3042373328563777,0.0,0.0,0.0,0.0,0.0,0.126323110810246,0.0,0.0,0.0,0.43976582533921077,0.34960427102338004,0.563257977510751,100,133,55,0,4,1
77399,2,1,1,8,1,3,3,7.0,0,0,0,0,0,2025241.820644,,1,1,0,False,14,0,0,0,0,0,0,0,0,0,0,0,0,0,0,0,0,0,0,0,0,0,0,0,0,0,0,0,0,0,0,0,0,0,0,0,0,0,0,0,0,0,0,0,0,0,0,0,0,0,0,0,0,0,0,0,0,0,0,0,0,0,0,0,0,0,0,0,0,0,0,0,0,0,0,0,0,0,0,0,0,0,0,0,0,0,0,0,0,0,0,0,0,0,0,0,0,0,0,0,0,0,0,0,0,0,0,0,0,0,0,0,0,0,0,0,0,0,0,0,0,0,0,0,0,0,0,0,0,0,0,0,0,0,0,0,0,0,0,0,0,0,0,0,0,0,0,0,0,0,0,0,0,0,0,0,694.4372222222222,4,0.0,0.0,0.0,0.0,0.0,0.0,0.0,0.0,0.0,0.0,0.0,0.0,0.0,0.0,0.0,0.0,0.0,0.0,0.0,0.0,0.0,0.0,0.0,35,126,58,1,1,1
77768,1,0,1,77,3,1,1,943692.0,0,0,0,0,0,2090530.855569,,0,1,0,False,14,52,0,0,0,0,0,0,0,0,0,0,0,0,0,0,0,0,0,0,0,0,0,0,0,0,0,0,0,0,0,0,0,0,0,0,0,0,0,0,0,0,0,0,0,0,0,0,0,0,0,0,0,0,0,0,0,0,0,0,0,0,0,0,0,0,0,0,0,0,0,0,0,0,0,0,0,0,0,0,0,0,0,0,0,0,0,0,0,0,0,0,0,0,0,0,1,0,0,0,0,0,0,0,0,0,0,0,0,0,0,0,0,0,0,0,0,0,0,0,0,0,0,0,0,0,0,0,0,0,0,0,0,0,0,0,0,0,0,0,0,0,0,0,0,0,0,0,0,0,0,0,1,1,0,3,298.7447222222222,4,0.31982766374797544,0.0,0.0,0.0,0.0,0.0,0.0,0.0,0.0,0.2847207811517361,0.0,0.27577931015712986,0.0,0.0,0.35058989797716744,0.0,0.0,0.0,0.0,0.0,0.7859241934229242,0.0,0.0,218,117,43,23,3,1
77626,4,1,4,141,8,3,2,1692.0,0,0,0,0,0,2108457.074029,,0,4,0,False,14,139,0,0,0,0,0,0,0,0,0,0,0,0,0,0,0,0,0,0,0,0,0,0,0,0,0,0,0,0,0,0,0,0,0,0,0,0,0,0,0,0,0,0,0,0,0,0,0,0,0,0,0,0,0,0,0,0,0,0,0,0,0,0,0,0,0,0,0,0,0,0,0,0,0,0,0,0,0,0,0,0,0,0,0,0,0,0,0,0,0,0,0,0,0,0,0,0,0,0,0,0,0,0,0,0,0,0,0,0,0,0,0,0,0,0,0,0,0,0,0,0,0,0,0,0,0,0,0,0,0,0,0,0,0,0,0,0,0,0,0,0,0,0,0,0,0,0,0,0,0,0,0,0,0,0,453.11861111111114,4,0.5166843740587734,0.0,0.0,0.28641068966774785,0.0,0.0,0.0,0.0,0.0,0.3066459331398617,0.0,0.29701591700372726,0.0,0.0,0.0,0.0,0.32418937155634653,0.0,0.0,0.0,0.5642966106290395,0.11215088453483074,0.18068967010676476,189,116,38,0,3,1
77107,4,0,1,91,2,1,1,609.0,0,0,0,0,0,2108480.973868,,0,1,0,False,14,61,0,0,0,0,0,0,0,0,0,0,0,0,0,0,0,0,0,0,0,0,0,0,0,0,0,0,0,0,0,0,0,0,0,0,0,0,0,0,0,0,0,0,0,0,0,0,0,0,0,0,0,0,0,0,0,0,0,0,0,0,0,0,0,0,0,0,0,0,0,0,0,0,0,0,0,0,0,0,0,0,0,0,0,0,0,0,0,0,0,0,0,0,0,0,0,0,0,0,0,0,0,0,0,0,0,0,0,0,0,0,0,0,0,0,0,0,0,0,0,0,0,0,0,0,0,0,0,0,0,0,0,0,0,0,0,0,0,0,0,0,0,0,0,0,0,0,0,0,0,0,0,0,0,0,1102.891111111111,4,0.0,0.0,0.0,0.0,0.0,0.0,0.0,0.0,0.0,0.504541375823502,0.0,0.24434829099492683,0.3092665478296282,0.0,0.0,0.0,0.26670327872535715,0.0,0.0,0.0,0.6963511273019005,0.18452800271516337,0.0,8,115,26,0,4,1
77111,1,0,1,34,2,1,1,3903348.0,0,0,0,0,0,2108493.549662,,0,1,0,False,14,59,0,0,0,0,0,0,0,0,0,0,0,0,0,0,0,0,0,0,0,0,0,0,0,0,0,0,0,0,0,0,0,0,0,0,0,0,0,0,0,0,0,0,0,0,0,0,0,0,0,0,0,0,0,0,0,0,0,0,0,0,0,0,0,0,0,0,0,0,0,0,0,0,0,0,0,0,0,0,0,0,0,0,0,0,0,0,0,0,0,0,0,0,0,0,0,0,0,0,0,0,0,0,0,0,0,0,0,0,0,0,0,0,0,0,0,0,0,0,0,0,0,0,0,0,0,0,0,0,0,0,0,0,0,0,0,0,0,0,0,0,0,0,0,0,0,0,0,0,0,0,0,0,0,0,1101.1261111111112,4,0.0,0.0,0.0,0.0,0.0,0.0,0.0,0.0,0.0,0.504541375823502,0.0,0.24434829099492683,0.3092665478296282,0.0,0.0,0.0,0.26670327872535715,0.0,0.0,0.0,0.6963511273019005,0.18452800271516337,0.0,9,114,27,1,4,1
76613,15,0,3,315,27,2,2,130.0,0,0,0,0,0,2110035.247748,,0,3,0,False,14,101,0,0,0,0,0,0,0,0,0,0,0,0,0,0,0,0,0,0,0,0,0,0,0,0,0,0,0,0,0,0,0,0,0,0,0,0,0,0,0,0,0,0,0,0,0,0,0,0,0,0,0,0,0,0,0,0,0,0,0,0,0,0,0,0,0,0,0,0,0,0,0,0,0,0,0,0,0,0,0,0,0,0,0,0,0,0,0,0,0,0,0,0,0,0,0,0,0,0,0,0,0,0,0,0,0,0,0,0,0,0,0,0,0,0,0,0,0,0,0,0,0,0,0,0,0,0,0,0,0,0,0,0,0,0,0,0,0,0,0,0,0,0,0,0,0,0,0,0,0,0,0,0,0,0,1775.4047222222223,4,0.0,0.0,0.0,0.0,0.0,0.0,0.0,0.0,0.0,0.0,0.0,0.0,0.0,0.0,0.0,0.0,0.6061943920361853,0.0,0.0,0.0,0.0,0.4194168176490992,0.6757350754082416,7,114,11,2,4,1
77792,1,0,3,231,7,1,1,912418.0,0,0,0,0,0,2112198.992547,,1,3,0,False,14,63,0,0,0,0,0,0,0,0,0,0,0,0,0,0,0,0,0,0,0,0,0,0,0,0,0,0,0,0,0,0,0,0,0,0,0,0,0,0,0,0,0,0,0,0,0,0,0,0,0,0,0,0,0,0,0,0,0,0,0,0,0,0,0,0,0,0,0,0,0,0,0,0,0,0,0,0,0,0,0,0,0,0,0,0,0,0,0,0,0,0,0,0,0,0,1,0,0,0,0,0,0,0,0,0,0,0,0,0,0,0,0,0,0,0,0,0,0,0,0,0,0,0,0,0,0,0,0,0,0,0,0,0,0,0,0,0,0,0,0,0,0,0,0,0,0,0,0,0,0,0,1,1,0,3,284.04277777777776,4,0.0,0.0,0.0,0.0,0.0,0.0,0.0,0.0,0.0,0.5643862066071434,0.0,0.2733310123881843,0.0,0.0,0.0,0.0,0.0,0.0,0.0,0.0,0.7789469606195593,0.0,0.0,224,113,47,25,3,1
77767,1,0,1,75,7,1,1,943870.0,0,0,0,0,0,2113689.739004,,0,1,0,False,14,46,0,0,0,0,0,0,0,0,0,0,0,0,0,0,0,0,0,0,0,0,0,0,0,0,0,0,0,0,0,0,0,0,0,0,0,0,0,0,0,0,0,0,0,0,0,0,0,0,0,0,0,0,0,0,0,0,0,0,0,0,0,0,0,0,0,0,0,0,0,0,0,0,0,0,0,0,0,0,0,0,0,0,0,0,0,0,0,0,0,0,0,0,0,0,1,0,0,0,0,0,0,0,0,0,0,0,0,0,0,0,0,0,0,0,0,0,0,0,0,0,0,0,0,0,0,0,0,0,0,0,0,0,0,0,0,0,0,0,0,0,0,0,0,0,0,0,0,0,0,0,1,1,0,3,292.3594444444444,4,0.0,0.0,0.0,0.0,0.0,0.0,0.0,0.0,0.0,0.32346344258235754,0.0,0.31330528349763564,0.0,0.0,0.0,0.0,0.0,0.0,0.0,0.0,0.8928668437372036,0.0,0.0,217,113,42,22,3,1
77788,2,0,1,11,2,1,1,7.0,0,0,0,0,0,2114082.294944,,0,1,0,False,14,72,0,0,0,0,0,0,0,0,0,0,0,0,0,0,0,0,0,0,0,0,0,0,0,0,0,0,0,0,0,0,0,0,0,0,0,0,0,0,0,0,0,0,0,0,0,0,0,0,0,0,0,0,0,0,0,0,0,0,0,0,0,0,0,0,0,0,0,0,0,0,0,0,0,0,0,0,0,0,0,0,0,0,0,0,0,0,0,0,0,0,0,0,0,0,0,0,0,0,0,0,0,0,0,0,0,0,0,0,0,0,0,0,0,0,0,0,0,0,0,0,0,0,0,0,0,0,0,0,0,0,0,0,0,0,0,0,0,0,0,0,0,0,0,0,0,0,0,0,0,0,0,0,0,0,284.4658333333333,4,0.0,0.0,0.0,0.33619468037121264,0.0,0.0,0.0,0.4134437247568242,0.0,0.0,0.0,0.0,0.0,0.0,0.0,0.0,0.0,0.0,0.0,0.0,0.6623828142206097,0.5265799376870398,0.0,226,111,48,17,3,1
77766,1,0,2,94,5,1,1,944075.0,0,0,0,0,0,2113702.303991,,0,2,0,False,14,48,0,0,0,0,0,0,0,0,0,0,0,0,0,0,0,0,0,0,0,0,0,0,0,0,0,0,0,0,0,0,0,0,0,0,0,0,0,0,0,0,0,0,0,0,0,0,0,0,0,0,0,0,0,0,0,0,0,0,0,0,0,0,0,0,0,0,0,0,0,0,0,0,0,0,0,0,0,0,0,0,0,0,0,0,0,0,0,0,0,0,0,0,0,0,1,0,0,0,0,0,0,0,0,0,0,0,0,0,0,0,0,0,0,0,0,0,0,0,0,0,0,0,0,0,0,0,0,0,0,0,0,0,0,0,0,0,0,0,0,0,0,0,0,0,0,0,0,0,0,0,1,1,0,3,292.41027777777776,4,0.0,0.0,0.0,0.0,0.0,0.0,0.0,0.0,0.0,0.3005045629095399,0.0,0.29106741251211066,0.0,0.0,0.37002520021881613,0.0,0.0,0.0,0.0,0.0,0.8294926884831935,0.0,0.0,216,112,41,21,3,1
77115,14,5,9,1027,115,7,3,250706.0,0,0,0,0,0,2116994.517093,,20,9,0,False,14,96,0,0,0,0,0,0,0,0,0,0,0,0,0,0,0,0,0,0,0,0,0,0,0,0,0,0,0,0,0,0,0,0,0,0,0,0,0,0,0,0,0,0,0,0,0,0,0,0,0,0,0,0,0,0,0,0,0,0,0,0,0,0,0,0,0,0,0,0,0,0,0,0,0,0,0,0,0,0,0,0,0,0,0,0,0,0,0,0,0,0,0,0,0,0,0,0,0,0,0,0,0,0,0,0,0,0,0,0,0,0,0,0,0,0,0,0,0,0,0,0,0,0,0,0,0,0,0,0,0,0,0,0,0,0,0,0,0,0,0,0,0,0,0,0,0,0,0,0,0,0,0,0,0,0,1097.46,4,0.0,0.0,0.0,0.7368071250557631,0.0,0.0,0.0,0.0,0.0,0.0,0.0,0.0,0.0,0.0,0.0,0.0,0.5559965635527613,0.0,0.0,0.0,0.0,0.38468569220154436,0.0,9,110,28,0,4,1
77793,1,0,1,1,1,1,1,911665.0,0,0,0,0,0,2138506.35681,,0,1,0,False,14,53,0,0,0,0,0,0,0,0,0,0,0,0,0,0,0,0,0,0,0,0,0,0,0,0,0,0,0,0,0,0,0,0,0,0,0,0,0,0,0,0,0,0,0,0,0,0,0,0,0,0,0,0,0,0,0,0,0,0,0,0,0,0,0,0,0,0,0,0,0,0,0,0,0,0,0,0,0,0,0,0,0,0,0,0,0,0,0,0,0,0,0,0,0,0,0,0,0,0,0,0,0,0,0,0,0,0,0,0,0,0,0,0,0,0,0,0,0,0,0,0,0,0,0,0,0,0,0,0,0,0,0,0,0,0,0,0,0,0,0,0,0,0,0,0,0,0,0,0,0,0,0,1,0,1,276.5316666666667,4,0.0,0.0,0.0,0.0,0.0,0.0,0.0,0.0,0.0,0.2968847515813867,0.0,0.28756127900496403,0.0,0.0,0.0,0.0,0.0,0.0,0.0,0.0,0.2731669344990297,0.8686470980737173,0.0,224,108,47,26,3,1
76457,1,0,3,63,2,1,1,11.0,0,0,0,0,0,2169141.184492,,0,3,0,False,14,65,0,0,0,0,0,0,0,0,0,0,0,0,0,0,0,0,0,0,0,0,0,0,0,0,0,0,0,0,0,0,0,0,0,0,0,0,0,0,0,0,0,0,0,0,0,0,0,0,0,0,0,0,0,0,0,0,0,0,0,0,0,0,0,0,0,0,0,0,0,0,0,0,0,0,0,0,0,0,0,0,0,0,0,0,0,0,0,0,0,0,0,0,0,0,0,0,0,0,0,0,0,0,0,0,0,0,0,0,0,0,0,0,0,0,0,0,0,0,0,0,0,0,0,0,0,0,0,0,0,0,0,0,0,0,0,0,0,0,0,0,0,0,0,0,0,0,0,0,0,0,0,0,0,0,1927.4619444444445,4,0.0,0.0,0.0,0.0,0.0,0.0,0.0,0.34877397181773684,0.0,0.607290491991727,0.0,0.0,0.0,0.0,0.0,0.0,0.0,0.0,0.0,0.0,0.5587746799529067,0.44421372329370157,0.0,5,110,6,0,4,1
77797,3,0,4,321,19,0,0,1384.0,0,0,0,0,0,2173227.538467,,5,4,0,False,14,214,0,0,0,0,0,0,0,0,0,0,0,0,0,0,0,0,0,0,0,0,0,0,0,0,0,0,0,0,0,0,0,0,0,0,0,0,0,0,0,0,0,0,0,0,0,0,0,0,0,0,0,0,0,0,0,0,0,0,0,0,0,0,0,0,0,0,0,0,0,0,0,0,0,0,0,0,0,0,0,0,0,0,0,0,0,0,0,0,0,0,0,0,0,0,0,0,0,0,0,0,0,0,0,0,0,0,0,0,0,0,0,0,0,0,0,0,0,0,0,0,0,0,0,0,0,0,0,0,0,0,0,0,0,0,0,0,0,0,0,0,0,0,0,0,0,0,0,0,0,0,0,0,0,0,264.705,4,0.0,0.12094348087720079,0.1261550857252034,0.09473762420708431,0.0,0.0,0.11631968286616057,0.11650593692779655,0.0,0.10143094593339226,0.12913136339155107,0.39298229212413766,0.24869475523757575,0.12364230913700702,0.0,0.10433900233286095,0.0,0.435068261292943,0.0,0.42654975210113877,0.09332773211279578,0.5193546271694582,0.11953541318262013,220,109,48,11,3,1
77817,2,0,1,107,3,0,0,6.0,0,0,0,0,0,2182754.278093,,4,1,0,False,14,43,0,0,0,0,0,0,0,0,0,0,0,0,0,0,0,0,0,0,0,0,0,0,0,0,0,0,0,0,0,0,0,0,0,0,0,0,0,0,0,0,0,0,0,0,0,0,0,0,0,0,0,0,0,0,0,0,0,0,0,0,0,0,0,0,0,0,0,0,0,0,0,0,0,0,0,0,0,0,0,0,0,0,0,0,0,0,0,0,0,0,0,0,0,0,0,0,0,0,0,0,0,0,0,0,0,0,0,0,0,0,0,0,0,0,0,0,0,0,0,0,0,0,0,0,0,0,0,0,0,0,0,0,0,0,0,0,0,0,0,0,0,0,0,0,0,0,0,0,0,0,0,0,0,0,239.7122222222222,4,0.0,0.4139365220340683,0.0,0.6484907228669582,0.0,0.0,0.0,0.0,0.0,0.0,0.0,0.0,0.0,0.0,0.0,0.0,0.0,0.0,0.0,0.0,0.638839837582026,0.0,0.0,218,108,55,5,4,1
77816,3,3,2,79,3,3,1,16.0,0,0,0,0,0,2182903.05997,,2,2,0,False,14,150,0,0,0,0,0,0,0,0,0,0,0,0,0,0,0,0,0,0,0,0,0,0,0,0,0,0,0,0,0,0,0,0,0,0,0,0,0,0,0,0,0,0,0,0,0,0,0,0,0,0,0,0,0,0,0,0,0,0,0,0,0,0,0,0,0,0,0,0,0,0,0,0,0,0,0,0,0,0,0,0,0,0,0,0,0,0,0,0,0,0,0,0,0,0,0,0,0,0,0,0,0,0,0,0,0,0,0,0,0,0,0,0,0,0,0,0,0,0,0,0,0,0,0,0,0,0,0,0,0,0,0,0,0,0,0,0,0,0,0,0,0,0,0,0,0,0,0,0,0,0,0,0,0,0,239.83083333333335,4,0.0,0.14135100810206913,0.14744199865196714,0.11072327825972768,0.0,0.0,0.13594700860262954,0.13616469044198456,0.0,0.0,0.15092048170436972,0.459292578278026,0.14532926499040205,0.0,0.0,0.12194475516285792,0.0,0.5084799683367214,0.0,0.49852407941195287,0.10907548651934303,0.34685056231189926,0.0,217,107,54,12,4,1
77261,4,0,4,333,16,2,2,92.0,0,0,0,0,0,2184053.274213,,5,4,0,False,14,296,0,0,0,0,0,0,0,0,0,0,0,0,0,0,0,0,0,0,0,0,0,0,0,0,0,0,0,0,0,0,0,0,0,0,0,0,0,0,0,0,0,0,0,0,0,0,0,0,0,0,0,0,0,0,0,0,0,0,0,0,0,0,0,0,0,0,0,0,0,0,0,0,0,0,0,0,0,0,0,0,0,0,0,0,0,0,0,0,0,0,0,0,0,0,0,0,0,0,0,0,0,0,0,0,0,0,0,0,0,0,0,0,0,0,0,0,0,0,0,0,0,0,0,0,0,0,0,0,0,0,0,0,0,0,0,0,0,0,0,0,0,0,0,0,0,0,0,0,0,0,0,0,0,0,839.0527777777778,4,0.0,0.1669968885934584,0.1741929919954987,0.7848734810956712,0.0,0.0,0.0,0.08043479825656082,0.0,0.21008142301402377,0.0,0.13565596835204852,0.0,0.0,0.0,0.0,0.22210033508422897,0.15018388224549512,0.0,0.2208649886951946,0.12886548964259817,0.102445262843744,0.33010530097937846,9,106,35,0,0,1
76199,9,0,2,72,4,2,1,107215.0,0,0,0,0,0,2184970.646338,,0,2,0,False,14,276,0,0,0,0,0,0,0,0,0,0,0,0,0,0,0,0,0,0,0,0,0,0,0,0,0,0,0,0,0,0,0,0,0,0,0,0,0,0,0,0,0,0,0,0,0,0,0,0,0,0,0,0,0,0,0,0,0,0,0,0,0,0,0,0,0,0,0,0,0,0,0,0,0,0,0,0,0,0,0,0,0,0,0,0,0,1,0,0,0,0,0,0,0,0,0,0,0,0,0,0,0,0,0,0,0,0,0,0,0,0,0,0,0,0,0,0,0,0,0,0,0,0,0,0,0,0,0,0,0,0,0,0,0,0,0,0,0,0,0,0,0,0,0,0,0,0,0,0,0,1,0,0,0,2,2222.7319444444443,4,0.0,0.0,0.0,0.0,0.0,0.0,0.0,0.0,0.0,0.0,0.0,0.19036031505328538,0.0,0.0,0.24199931240457254,0.0,0.2077760395097556,0.0,0.0,0.0,0.36166304374016783,0.7187856438443702,0.46322288549897894,2,103,3,0,6,0
77799,1,0,1,12,4,0,0,9.0,0,0,0,0,0,2185207.194173,,5,1,0,False,14,0,0,0,0,0,0,0,0,0,0,0,0,0,0,0,0,0,0,0,0,0,0,0,0,0,0,0,0,0,0,0,0,0,0,0,0,0,0,0,0,0,0,0,0,0,0,0,0,0,0,0,0,0,0,0,0,0,0,0,0,0,0,0,0,0,0,0,0,0,0,0,0,0,0,0,0,0,0,0,0,0,0,0,0,0,0,0,0,0,0,0,0,0,0,0,0,0,0,0,0,0,0,0,0,0,0,0,0,0,0,0,0,0,0,0,0,0,0,0,0,0,0,0,0,0,0,0,0,0,0,0,0,0,0,0,0,0,0,0,0,0,0,0,0,0,0,0,0,0,0,0,0,0,0,0,252.15055555555554,4,0.0,0.0,0.0,0.0,0.0,0.0,0.0,0.0,0.0,0.0,0.0,0.0,0.0,0.0,0.0,0.0,0.0,0.0,0.0,0.0,0.0,0.0,0.0,216,105,44,5,4,1
77828,2,0,1,325,4,2,2,347053.0,0,0,0,0,0,2191585.703803,,0,1,0,False,14,40,0,0,0,0,0,0,0,0,0,0,0,0,0,0,0,0,0,0,0,0,0,0,0,0,0,0,0,0,0,0,0,0,0,0,0,0,0,0,0,0,0,0,0,0,0,0,0,0,0,0,0,0,0,0,0,0,0,0,0,0,0,0,0,0,0,0,0,0,0,0,0,0,0,0,0,0,0,0,0,0,0,0,0,0,0,1,0,0,0,0,0,0,0,0,0,0,0,0,0,0,0,0,0,0,0,0,0,0,0,0,0,0,0,0,0,0,0,0,0,0,0,0,0,0,0,0,0,0,0,0,0,0,0,0,0,0,0,0,0,0,0,0,0,0,0,0,0,0,0,1,0,0,0,2,176.13444444444445,4,0.0,0.0,0.0,0.0,0.0,0.0,0.0,0.0,0.0,0.0,0.0,0.0,0.0,0.0,0.0,0.0,0.521834007436435,0.0,0.0,0.0,0.45416226986973934,0.7220982629182796,0.0,205,102,59,10,0,1
76594,6,12,3,60,1,3,0,5172451.0,0,0,0,0,0,2194014.960225,,1,3,0,False,14,19,0,0,0,0,0,0,0,0,0,0,0,0,0,0,0,0,0,0,0,0,0,0,0,0,0,0,0,0,0,0,0,0,0,0,0,0,0,0,0,0,0,0,0,0,0,0,0,0,0,0,0,0,0,0,0,0,0,0,0,0,0,0,0,0,0,0,0,0,0,0,0,0,0,0,0,0,0,0,0,0,0,0,0,0,0,0,0,0,0,0,0,0,0,0,0,0,0,0,0,0,0,0,0,0,0,0,0,0,0,0,0,0,0,0,0,0,0,0,0,0,0,0,0,0,0,0,0,0,0,0,0,0,0,0,0,0,0,0,0,0,0,0,0,0,0,0,0,0,0,0,0,0,0,0,1767.4611111111112,4,0.0,0.0,0.0,0.0,0.0,0.0,0.0,0.0,0.0,0.0,0.0,0.0,0.0,0.0,0.0,0.0,0.5191597780443472,0.0,0.0,0.5162721544984586,0.0,0.35919887220892516,0.5787161286453834,6,101,10,0,4,1
77827,1,0,1,56,4,1,1,605385.0,0,0,0,0,0,2198195.71336,,1,1,0,False,14,53,0,0,0,0,0,0,0,0,0,0,0,0,0,0,0,0,0,0,0,0,0,0,0,0,0,0,0,0,0,0,0,0,0,0,0,0,0,0,0,0,0,0,0,0,0,0,0,0,0,0,0,0,0,0,0,0,0,0,0,0,0,0,0,0,0,0,0,0,0,0,0,0,0,0,0,0,0,0,0,0,0,0,0,0,0,0,0,0,0,0,0,0,0,0,1,0,0,0,0,0,0,0,0,0,0,0,0,0,0,0,0,0,0,0,0,0,0,0,0,0,0,0,0,0,0,0,0,0,0,0,0,0,0,0,0,0,0,0,0,0,0,0,0,0,0,0,0,0,0,0,1,1,0,3,174.88805555555555,4,0.0,0.0,0.0,0.0,0.0,0.0,0.0,0.0,0.0,0.5643862066071434,0.0,0.2733310123881843,0.0,0.0,0.0,0.0,0.0,0.0,0.0,0.0,0.7789469606195593,0.0,0.0,204,101,58,29,0,1
77814,1,0,1,23,3,2,2,8.0,0,0,0,0,0,2198397.772216,,0,1,0,False,14,61,0,0,0,0,0,0,0,0,0,0,0,0,0,0,0,0,0,0,0,0,0,0,0,0,0,0,0,0,0,0,0,0,0,0,0,0,0,0,0,0,0,0,0,0,0,0,0,0,0,0,0,0,0,0,0,0,0,0,0,0,0,0,0,0,0,0,0,0,0,0,0,0,0,0,0,0,0,0,0,0,0,0,0,0,0,0,0,0,0,0,0,0,0,0,0,0,0,0,0,0,0,0,0,0,0,0,0,0,0,0,0,0,0,0,0,0,0,0,0,0,0,0,0,0,0,0,0,0,0,0,0,0,0,0,0,0,0,0,0,0,0,0,0,0,0,0,0,0,0,0,0,0,0,0,236.1038888888889,4,0.0,0.0,0.0,0.4905324748741871,0.0,0.0,0.0,0.0,0.0,0.5251891564092671,0.0,0.0,0.0,0.32009757690123725,0.0,0.0,0.0,0.0,0.0,0.0,0.4832323355250605,0.38415920169752443,0.0,219,100,53,16,4,1
77781,1,0,1,46,3,1,1,25.0,0,0,0,0,0,2198409.073416,,0,1,0,False,14,68,0,0,0,0,0,0,0,0,0,0,0,0,0,0,0,0,0,0,0,0,0,0,0,0,0,0,0,0,0,0,0,0,0,0,0,0,0,0,0,0,0,0,0,0,0,0,0,0,0,0,0,0,0,0,0,0,0,0,0,0,0,0,0,0,0,0,0,0,0,0,0,0,0,0,0,0,0,0,0,0,0,0,0,0,0,0,0,0,0,0,0,0,0,0,0,0,0,0,0,0,0,0,0,0,0,0,0,0,0,0,0,0,0,0,0,0,0,0,0,0,0,0,0,0,0,0,0,0,0,0,0,0,0,0,0,0,0,0,0,0,0,0,0,0,0,0,0,0,0,0,0,0,0,0,263.05055555555555,4,0.0,0.0,0.0,0.5315279889992511,0.0,0.0,0.0,0.0,0.0,0.28454052529552565,0.0,0.27560471511887374,0.0,0.34684925065865596,0.35036794058444404,0.0,0.0,0.0,0.0,0.0,0.5236177514789916,0.20813236471878271,0.0,222,99,45,14,3,1
77796,1,0,5,118,11,1,1,6.0,0,0,0,0,0,2199609.773142,,0,5,0,False,14,66,0,0,0,0,0,0,0,0,0,0,0,0,0,0,0,0,0,0,0,0,0,0,0,0,0,0,0,0,0,0,0,0,0,0,0,0,0,0,0,0,0,0,0,0,0,0,0,0,0,0,0,0,0,0,0,0,0,0,0,0,0,0,0,0,0,0,0,0,0,0,0,0,0,0,0,0,0,0,0,0,0,0,0,0,0,0,0,0,0,0,0,0,0,0,0,0,0,0,0,0,0,0,0,0,0,0,0,0,0,0,0,0,0,0,0,0,0,0,0,0,0,0,0,0,0,0,0,0,0,0,0,0,0,0,0,0,0,0,0,0,0,0,0,0,0,0,0,0,0,0,0,0,0,0,257.49194444444447,4,0.0,0.0,0.39813697912874735,0.2989855802864996,0.0,0.0,0.0,0.3676849134725797,0.0,0.0,0.0,0.0,0.0,0.0,0.39416536550278786,0.0,0.3384229390667353,0.0,0.0,0.0,0.5890721110247272,0.0,0.0,219,98,48,3,3,1
77813,1,0,1,23,3,1,1,9.0,0,0,0,0,0,2198443.872144,,2,1,0,False,14,16,0,0,0,0,0,0,0,0,0,0,0,0,0,0,0,0,0,0,0,0,0,0,0,0,0,0,0,0,0,0,0,0,0,0,0,0,0,0,0,0,0,0,0,0,0,0,0,0,0,0,0,0,0,0,0,0,0,0,0,0,0,0,0,0,0,0,0,0,0,0,0,0,0,0,0,0,0,0,0,0,0,0,0,0,0,0,0,0,0,0,0,0,0,0,0,0,0,0,0,0,0,0,0,0,0,0,0,0,0,0,0,0,0,0,0,0,0,0,0,0,0,0,0,0,0,0,0,0,0,0,0,0,0,0,0,0,0,0,0,0,0,0,0,0,0,0,0,0,0,0,0,0,0,0,237.4111111111111,4,0.0,0.0,0.0,0.0,0.0,0.0,0.0,0.0,0.0,0.0,0.0,0.0,0.0,0.0,0.0,0.0,0.0,0.0,0.0,0.0,0.0,0.0,0.0,219,98,52,15,4,1
77811,2,0,3,62,5,1,1,152.0,0,0,0,0,0,2200902.809294,,0,3,0,False,14,74,0,0,0,0,0,0,0,0,0,0,0,0,0,0,0,0,0,0,0,0,0,0,0,0,0,0,0,0,0,0,0,0,0,0,0,0,0,0,0,0,0,0,0,0,0,0,0,0,0,0,0,0,0,0,0,0,0,0,0,0,0,0,0,0,0,0,0,0,0,0,0,0,0,0,0,0,0,0,0,0,0,0,0,0,0,0,0,0,0,0,0,0,0,0,0,0,0,0,0,0,0,0,0,0,0,0,0,0,0,0,0,0,0,0,0,0,0,0,0,0,0,0,0,0,0,0,0,0,0,0,0,0,0,0,0,0,0,0,0,0,0,0,0,0,0,0,0,0,0,0,0,0,0,0,238.3125,4,0.0,0.0,0.0,0.0,0.0,0.0,0.0,0.35615527228713617,0.0,0.0,0.0,0.0,0.0,0.0,0.38180536631474593,0.0,0.0,0.33249776610163007,0.0,0.32598755717861233,0.5706003439665627,0.22680743455252467,0.36541629338937226,221,96,51,13,4,1
77782,2,0,1,1,1,1,1,844.0,0,0,0,0,0,2201930.004271,,1,1,0,False,14,8,0,0,0,0,0,0,0,0,0,0,0,0,0,0,0,0,0,0,0,0,0,0,0,0,0,0,0,0,0,0,0,0,0,0,0,0,0,0,0,0,0,0,0,0,0,0,0,0,0,0,0,0,0,0,0,0,0,0,0,0,0,0,0,0,0,0,0,0,0,0,0,0,0,0,0,0,0,0,0,0,0,0,0,0,0,0,0,0,0,0,0,0,0,0,0,0,0,0,0,0,0,0,0,0,0,0,0,0,0,0,0,0,0,0,0,0,0,0,0,0,0,0,0,0,0,0,0,0,0,0,0,0,0,0,0,0,0,0,0,0,0,0,0,0,0,0,0,0,0,0,0,0,0,0,261.2638888888889,4,0.0,0.0,0.0,0.0,0.0,0.0,0.0,0.0,0.0,0.0,0.0,0.0,0.0,0.0,0.0,0.0,0.0,0.0,0.0,0.0,0.0,0.0,0.0,222,95,45,2,3,1
77777,2,2,1,5,1,3,2,6735.0,0,0,0,0,0,2201982.497296,,0,1,0,False,14,14,0,0,0,0,0,0,0,0,0,0,0,0,0,0,0,0,0,0,0,0,0,0,0,0,0,0,0,0,0,0,0,0,0,0,0,0,0,0,0,0,0,0,0,0,0,0,0,0,0,0,0,0,0,0,0,0,0,0,0,0,0,0,0,0,0,0,0,0,0,0,0,0,0,0,0,0,0,0,0,0,0,0,0,0,0,0,0,0,0,0,0,0,0,0,0,0,0,0,0,0,0,0,0,0,0,0,0,0,0,0,0,0,0,0,0,0,0,0,0,0,0,0,0,0,0,0,0,0,0,0,0,0,0,0,0,0,0,0,0,0,0,0,0,0,0,0,0,0,0,0,0,0,0,0,263.3436111111111,4,1.0,0.0,0.0,0.0,0.0,0.0,0.0,0.0,0.0,0.0,0.0,0.0,0.0,0.0,0.0,0.0,0.0,0.0,0.0,0.0,0.0,0.0,0.0,221,94,44,1,3,1
77818,1,0,7,443,17,0,0,579503.0,0,0,0,0,0,2205682.120789,,16,7,0,False,14,22,0,0,0,0,0,0,0,0,0,0,0,0,0,0,0,0,0,0,0,0,0,0,0,0,0,0,0,0,0,0,0,0,0,0,0,0,0,0,0,0,0,0,0,0,0,0,0,0,0,0,0,0,0,0,0,0,0,0,0,0,0,0,0,0,0,0,0,0,0,0,0,0,0,0,0,0,0,0,0,0,0,0,0,0,0,0,0,0,0,0,0,0,0,0,0,0,0,0,0,0,0,0,0,0,0,0,0,0,0,0,0,0,0,0,0,0,0,0,0,0,0,0,0,0,0,0,0,0,0,0,0,0,0,0,0,0,0,0,0,0,0,0,0,0,0,0,0,0,0,0,0,0,0,0,232.91722222222222,4,0.0,0.0,0.0,0.0,0.0,0.0,0.0,0.0,0.0,0.0,0.0,0.0,0.0,1.0,0.0,0.0,0.0,0.0,0.0,0.0,0.0,0.0,0.0,219,90,56,22,4,1
77802,3,0,1,56,4,1,1,8.0,0,0,0,0,0,2210634.437486,,2,1,0,False,14,80,0,0,0,0,0,0,0,0,0,0,0,0,0,0,0,0,0,0,0,0,0,0,0,0,0,0,0,0,0,0,0,0,0,0,0,0,0,0,0,0,0,0,0,0,0,0,0,0,0,0,0,0,0,0,0,0,0,0,0,0,0,0,0,0,0,0,0,0,0,0,0,0,0,0,0,0,0,0,0,0,0,0,0,0,0,0,0,0,0,0,0,0,0,0,0,0,0,0,0,0,0,0,0,0,0,0,0,0,0,0,0,0,0,0,0,0,0,0,0,0,0,0,0,0,0,0,0,0,0,0,0,0,0,0,0,0,0,0,0,0,0,0,0,0,0,0,0,0,0,0,0,0,0,0,239.33694444444444,4,0.0,0.0,0.0,0.6825829040288234,0.0,0.0,0.0,0.0,0.0,0.7308081684871741,0.0,0.0,0.0,0.0,0.0,0.0,0.0,0.0,0.0,0.0,0.0,0.0,0.0,218,89,47,27,4,1
77800,1,0,1,34,3,1,1,24.0,0,0,0,0,0,2223021.727581,,0,1,0,False,14,40,0,0,0,0,0,0,0,0,0,0,0,0,0,0,0,0,0,0,0,0,0,0,0,0,0,0,0,0,0,0,0,0,0,0,0,0,0,0,0,0,0,0,0,0,0,0,0,0,0,0,0,0,0,0,0,0,0,0,0,0,0,0,0,0,0,0,0,0,0,0,0,0,0,0,0,0,0,0,0,0,0,0,0,0,0,0,0,0,0,0,0,0,0,0,0,0,0,0,0,0,0,0,0,0,0,0,0,0,0,0,0,0,0,0,0,0,0,0,0,0,0,0,0,0,0,0,0,0,0,0,0,0,0,0,0,0,0,0,0,0,0,0,0,0,0,0,0,0,0,0,0,0,0,0,239.32694444444445,4,0.4406166376963888,0.0,0.0,0.0,0.0,0.0,0.0,0.0,0.0,0.0,0.0,0.0,0.0,0.47814615149189643,0.48299681224181584,0.0,0.0,0.0,0.0,0.0,0.3609144495008757,0.0,0.46226407593965346,216,90,45,9,4,1
77764,1,0,1,46,2,1,1,88142.0,0,0,0,0,0,2223068.216217,,4,1,0,False,14,1,0,0,0,0,0,0,0,0,0,0,0,0,0,0,0,0,0,0,0,0,0,0,0,0,0,0,0,0,0,0,0,0,0,0,0,0,0,0,0,0,0,0,0,0,0,0,0,0,0,0,0,0,0,0,0,0,0,0,0,0,0,0,0,0,0,0,0,0,0,0,0,0,0,0,0,0,0,0,0,0,0,0,0,0,0,1,0,0,0,0,0,0,0,0,0,0,0,0,0,0,0,0,0,0,0,0,0,0,0,0,0,0,0,0,0,0,0,0,0,0,0,0,0,0,0,0,0,0,0,0,0,0,0,0,0,0,0,0,0,0,0,0,0,0,0,0,0,0,0,1,0,0,0,2,262.6502777777778,4,0.0,0.0,0.0,0.0,0.0,0.0,0.0,0.0,0.0,0.0,0.0,0.0,0.0,0.0,0.0,0.0,0.0,0.0,0.0,0.0,0.0,0.0,0.0,214,89,39,7,3,1
77791,1,0,2,37,3,1,1,673650.0,0,0,0,0,0,2228079.240383,,0,2,0,False,14,28,0,0,0,0,0,0,0,0,0,0,0,0,0,0,0,0,0,0,0,0,0,0,0,0,0,0,0,0,0,0,0,0,0,0,0,0,0,0,0,0,0,0,0,0,0,0,0,0,0,0,0,0,0,0,0,0,0,0,0,0,0,0,0,0,0,0,0,0,0,0,0,0,0,0,0,0,0,0,0,0,0,0,0,0,0,0,0,0,0,0,0,0,0,0,0,0,0,0,0,0,0,0,0,0,0,0,0,0,0,0,0,0,0,0,0,0,0,0,0,0,0,0,0,0,0,0,0,0,0,0,0,0,0,0,0,0,0,0,0,0,0,0,0,0,0,0,0,0,0,0,0,0,0,0,252.33027777777778,4,0.0,0.0,0.0,0.0,0.0,0.0,0.0,0.0,0.0,0.0,0.0,0.7980097845746185,0.0,0.0,0.0,0.0,0.0,0.0,0.0,0.0,0.0,0.602644491987748,0.0,226,87,47,24,3,1
77807,1,3,2,18,2,2,1,571.0,0,0,0,0,0,2228113.559514,,0,2,0,False,14,11,0,0,0,0,0,0,0,0,0,0,0,0,0,0,0,0,0,0,0,0,0,0,0,0,0,0,0,0,0,0,0,0,0,0,0,0,0,0,0,0,0,0,0,0,0,0,0,0,0,0,0,0,0,0,0,0,0,0,0,0,0,0,0,0,0,0,0,0,0,0,0,0,0,0,0,0,0,0,0,0,0,0,0,0,0,0,0,0,0,0,0,0,0,0,0,0,0,0,0,0,0,0,0,0,0,0,0,0,0,0,0,0,0,0,0,0,0,0,0,0,0,0,0,0,0,0,0,0,0,0,0,0,0,0,0,0,0,0,0,0,0,0,0,0,0,0,0,0,0,0,0,0,0,0,233.46694444444444,4,0.0,0.0,0.0,0.0,0.0,0.0,0.0,0.0,0.0,0.0,0.0,0.0,0.0,0.0,0.0,0.0,0.0,0.0,0.0,0.0,0.0,0.0,0.0,221,86,50,28,4,1
77752,7,0,5,123,8,1,1,558.0,0,0,0,0,0,2236822.192344,,1,5,0,False,14,87,0,0,0,0,0,0,0,0,0,0,0,0,0,0,0,0,0,0,0,0,0,0,0,0,0,0,0,0,0,0,0,0,0,0,0,0,0,0,0,0,0,0,0,0,0,0,0,0,0,0,0,0,0,0,0,0,0,0,0,0,0,0,0,0,0,0,0,0,0,0,0,0,0,0,0,0,0,0,0,0,0,0,0,0,0,0,0,0,0,0,0,0,0,0,0,0,0,0,0,0,0,0,0,0,0,0,0,0,0,0,0,0,0,0,0,0,0,0,0,0,0,0,0,0,0,0,0,0,0,0,0,0,0,0,0,0,0,0,0,0,0,0,0,0,0,0,0,0,0,0,0,0,0,0,271.68055555555554,4,0.0,0.0,0.0,0.0,0.0,0.0,0.0,0.0,0.0,0.0,0.0,0.0,0.0,0.0,0.0,0.0,0.0,0.0,0.0,0.0,0.0,0.0,1.0,217,85,47,11,2,1
77805,1,0,1,37,8,0,0,13.0,0,0,0,0,0,2239264.448807,,2,1,0,False,14,5,0,0,0,0,0,0,0,0,0,0,0,0,0,0,0,0,0,0,0,0,0,0,0,0,0,0,0,0,0,0,0,0,0,0,0,0,0,0,0,0,0,0,0,0,0,0,0,0,0,0,0,0,0,0,0,0,0,0,0,0,0,0,0,0,0,0,0,0,0,0,0,0,0,0,0,0,0,0,0,0,0,0,0,0,0,0,0,0,0,0,0,0,0,0,0,0,0,0,0,0,0,0,0,0,0,0,0,0,0,0,0,0,0,0,0,0,0,0,0,0,0,0,0,0,0,0,0,0,0,0,0,0,0,0,0,0,0,0,0,0,0,0,0,0,0,0,0,0,0,0,0,0,0,0,231.88055555555556,4,0.0,0.0,0.0,0.0,0.0,0.0,0.0,0.0,0.0,0.0,0.0,0.0,0.0,0.0,0.0,0.0,0.0,0.0,0.0,0.0,0.0,1.0,0.0,219,83,48,17,4,1
77806,8,0,5,1658,26,0,0,119.0,0,0,0,0,0,2239287.13143,,3,5,0,False,14,60,0,0,0,0,0,0,0,0,0,0,0,0,0,0,0,0,0,0,0,0,0,0,0,0,0,0,0,0,0,0,0,0,0,0,0,0,0,0,0,0,0,0,0,0,0,0,0,0,0,0,0,0,0,0,0,0,0,0,0,0,0,0,0,0,0,0,0,0,0,0,0,0,0,0,0,0,0,0,0,0,0,0,0,0,0,0,0,0,0,0,0,0,0,0,0,0,0,0,0,0,0,0,0,0,0,0,0,0,0,0,0,0,0,0,0,0,0,0,0,0,0,0,0,0,0,0,0,0,0,0,0,0,0,0,0,0,0,0,0,0,0,0,0,0,0,0,0,0,0,0,0,0,0,0,231.6575,4,0.0,0.0,0.0,0.0,0.0,0.0,0.0,0.0,0.0,0.0,0.0,0.0,0.0,0.8574680420316001,0.0,0.0,0.0,0.0,0.0,0.0,0.0,0.5145372259559982,0.0,220,82,49,18,4,1
77605,3,0,1,414,7,0,0,17.0,0,0,0,0,0,3147304.027134,,1,1,0,False,14,40,0,0,0,0,0,0,0,0,0,0,0,0,0,0,0,0,0,0,0,0,0,0,0,0,0,0,0,0,0,0,0,0,0,0,0,0,0,0,0,0,0,0,0,0,0,0,0,0,0,0,0,0,0,0,0,0,0,0,0,0,0,0,0,0,0,0,0,0,0,0,0,0,0,0,0,0,0,0,0,0,0,0,0,0,0,0,0,0,0,0,0,0,0,0,0,0,0,0,0,0,0,0,0,0,0,0,0,0,0,0,0,0,0,0,0,0,0,0,0,0,0,0,0,0,0,0,0,0,0,0,0,0,0,0,0,0,0,0,0,0,0,0,0,0,0,0,0,0,0,0,0,0,0,0,185.3372222222222,4,0.0,0.0,0.0,0.0,0.0,0.0,0.0,0.0,0.0,1.0,0.0,0.0,0.0,0.0,0.0,0.0,0.0,0.0,0.0,0.0,0.0,0.0,0.0,178,229,45,1,3,1
76743,12,0,1,111,2,1,1,7.0,0,0,0,0,0,3172175.927019,,3,1,0,False,14,38,0,0,0,0,0,0,0,0,0,0,0,0,0,0,0,0,0,0,0,0,0,0,0,0,0,0,0,0,0,0,0,0,0,0,0,0,0,0,0,0,0,0,0,0,0,0,0,0,0,0,0,0,0,0,0,0,0,0,0,0,0,0,0,0,0,0,0,0,0,0,0,0,0,0,0,0,0,0,0,0,0,0,0,0,0,0,0,0,0,0,0,0,0,0,0,0,0,0,0,0,0,0,0,0,0,0,0,0,0,0,0,0,0,0,0,0,0,0,0,0,0,0,0,0,0,0,0,0,0,0,0,0,0,0,0,0,0,0,0,0,0,0,0,0,0,0,0,0,0,0,0,0,0,0,1326.1672222222223,4,0.0,0.0,0.0,0.0,0.0,0.0,0.0,0.0,0.0,0.0,0.0,0.0,0.0,0.0,0.0,0.0,0.0,0.0,0.0,0.0,0.0,1.0,0.0,10,228,16,1,4,1
77174,2,3,5,198,7,2,1,2438602.0,0,0,0,0,0,3251668.538214,,4,5,0,False,14,64,0,0,0,0,0,0,0,0,0,0,0,0,0,0,0,0,0,0,0,0,0,0,0,0,0,0,0,0,0,0,0,0,0,0,0,0,0,0,0,0,0,0,0,0,0,0,0,0,0,0,0,0,0,0,0,0,0,0,0,0,0,0,0,0,0,0,0,0,0,0,0,0,0,0,0,0,0,0,0,0,0,0,0,0,0,0,0,0,0,0,0,0,0,0,0,0,0,0,0,0,0,0,0,0,0,0,0,0,0,0,0,0,0,0,0,0,0,0,0,0,0,0,0,0,0,0,0,0,0,0,0,0,0,0,0,0,0,0,0,0,0,0,0,0,0,0,0,0,0,0,0,0,0,0,687.9905555555556,4,0.0,0.0,0.0,0.6019714017442734,0.0,0.0,0.0,0.0,0.0,0.644501371179687,0.0,0.0,0.0,0.0,0.0,0.0,0.0,0.0,0.0,0.0,0.0,0.47143230057934926,0.0,10,226,32,0,1,1
76665,5,1,2,33,4,1,0,1506092.0,0,0,0,0,0,3386943.651001,,5,2,0,False,14,51,0,0,0,0,0,0,0,0,0,0,0,0,0,0,0,0,0,0,0,0,0,0,0,0,0,0,0,0,0,0,0,0,0,0,0,0,0,0,0,0,0,0,0,0,0,0,0,0,0,0,0,0,0,0,0,0,0,0,0,0,0,0,0,0,0,0,0,0,0,0,0,0,0,0,0,0,0,0,0,0,0,0,0,0,0,0,0,0,0,0,0,0,0,0,0,0,0,0,0,0,0,0,0,0,0,0,0,0,0,0,0,0,0,0,0,0,0,0,0,0,0,0,0,0,0,0,0,0,0,0,0,0,0,0,0,0,0,0,0,0,0,0,0,0,0,0,0,0,0,0,0,0,0,0,1337.9219444444445,4,0.6776578498020345,0.0,0.0,0.0,0.0,0.0,0.0,0.0,0.0,0.0,0.0,0.0,0.0,0.7353773443625276,0.0,0.0,0.0,0.0,0.0,0.0,0.0,0.0,0.0,9,224,14,0,1,1
76740,30,3,4,1565,733,2,1,45.0,0,0,0,0,0,3408597.215259,,22,4,0,False,14,438,0,0,0,0,0,0,0,0,0,0,0,0,0,0,0,0,0,0,0,0,0,0,0,0,0,0,0,0,0,0,0,0,0,0,0,0,0,0,0,0,0,0,0,0,0,0,0,0,0,0,0,0,0,0,0,0,0,0,0,0,0,0,0,0,0,0,0,0,0,0,0,0,0,0,0,0,0,0,0,0,0,0,0,0,0,0,0,0,0,0,0,0,0,0,0,0,0,0,0,0,0,0,0,0,0,0,0,0,0,0,0,0,0,0,0,0,0,0,0,0,0,0,0,0,0,0,0,0,0,0,0,0,0,0,0,0,0,0,0,0,0,0,0,0,0,0,0,0,0,0,0,0,0,0,889.0983333333334,4,0.059937034918478536,0.0,0.0,0.2491841494952284,0.0,0.0,0.0,0.0,0.0,0.0,0.13585938735194397,0.0,0.0,0.06504217073585282,0.13140401121575168,0.0,0.05641050124237566,0.0,0.0,0.0,0.883712783424259,0.27320706454438504,0.18864520100290552,9,3,15,0,4,1
76460,14,4,1,35,5,4,3,894679.0,0,0,0,0,0,3697109.618454,,5,1,0,False,14,100,0,0,0,0,0,0,0,0,0,0,0,0,0,0,0,0,0,0,0,0,0,0,0,0,0,0,0,0,0,0,0,0,0,0,0,0,0,0,0,0,0,0,0,0,0,0,0,0,0,0,0,0,0,0,0,0,0,0,0,0,0,0,0,0,0,0,0,0,0,0,0,0,0,0,0,0,0,0,0,0,0,0,0,0,0,0,0,0,0,0,0,0,0,0,0,0,0,0,0,0,0,0,0,0,0,0,0,0,0,0,0,0,0,0,0,0,0,0,0,0,0,0,0,0,0,0,0,0,0,0,0,0,0,0,0,0,0,0,0,0,0,0,0,0,0,0,0,0,0,0,0,0,0,0,1500.4916666666666,4,0.3363224759892024,0.0,0.0,0.0,0.0,0.0,0.0,0.0,0.0,0.0,0.0,0.0,0.0,0.0,0.7373424872802561,0.3079890218655083,0.0,0.0,0.0,0.0,0.2754858325618994,0.2190052480676115,0.3528459555991912,6,198,7,1,4,1
77300,3,1,1,147,2,1,0,17.0,0,0,0,0,0,3723335.779208,,2,1,0,False,14,64,0,0,0,0,0,0,0,0,0,0,0,0,0,0,0,0,0,0,0,0,0,0,0,0,0,0,0,0,0,0,0,0,0,0,0,0,0,0,0,0,0,0,0,0,0,0,0,0,0,0,0,0,0,0,0,0,0,0,0,0,0,0,0,0,0,0,0,0,0,0,0,0,0,0,0,0,0,0,0,0,0,0,0,0,0,0,0,0,0,0,0,0,0,0,0,0,0,0,0,0,0,0,0,0,0,0,0,0,0,0,0,0,0,0,0,0,0,0,0,0,0,0,0,0,0,0,0,0,0,0,0,0,0,0,0,0,0,0,0,0,0,0,0,0,0,0,0,0,0,0,0,0,0,0,368.5975,4,0.0,0.0,0.0,0.0,0.0,0.0,0.0,0.0,0.0,0.6358699920238979,0.0,0.6159009083938831,0.0,0.0,0.0,0.0,0.0,0.0,0.0,0.0,0.0,0.46511872063282683,0.0,13,193,39,1,2,1
77412,5,7,3,592,15,2,1,508334.0,0,0,0,0,0,3719261.954077,,8,3,0,False,14,5,0,0,0,0,0,0,0,0,0,0,0,0,0,0,0,0,0,0,0,0,0,0,0,0,0,0,0,0,0,0,0,0,0,0,0,0,0,0,0,0,0,0,0,0,0,0,0,0,0,0,0,0,0,0,0,0,0,0,0,0,0,0,0,0,0,0,0,0,0,0,0,0,0,0,0,0,0,0,0,0,0,0,0,0,0,0,0,0,0,0,0,0,0,0,0,0,0,0,0,0,0,0,0,0,0,0,0,0,0,0,0,0,0,0,0,0,0,0,0,0,0,0,0,0,0,0,0,0,0,0,0,0,0,0,0,0,0,0,0,0,0,0,0,0,0,0,0,0,0,0,0,0,0,0,218.29194444444445,4,0.0,0.0,0.0,0.0,0.0,0.0,0.0,0.0,0.0,0.0,0.0,0.0,0.0,0.0,0.0,0.0,0.0,0.0,0.0,0.0,0.0,0.0,0.0,43,194,64,3,2,1
76257,4,0,1,10,4,1,1,5903749.0,0,0,0,0,0,3744519.678457,,1,1,0,False,14,112,0,0,0,0,0,0,0,0,0,0,0,0,0,0,0,0,0,0,0,0,0,0,0,0,0,0,0,0,0,0,0,0,0,0,0,0,0,0,0,0,0,0,0,0,0,0,0,0,0,0,0,0,0,0,0,0,0,0,0,0,0,0,0,0,0,0,0,0,0,0,0,0,0,0,0,0,0,0,0,0,0,0,0,0,0,0,0,0,0,0,0,0,0,0,0,0,0,0,0,0,0,0,0,0,0,0,0,0,0,0,0,0,0,0,0,0,0,0,0,0,0,0,0,0,0,0,0,0,0,0,0,0,0,0,0,0,0,0,0,0,0,0,0,0,0,0,0,0,0,0,0,0,0,0,1701.1922222222222,4,0.0,0.13679809094138623,0.1426928906344057,0.10715688053505235,0.0,0.0,0.13156815431130764,0.1317788246167849,0.0,0.0,0.1460593317184129,0.44449876046594267,0.14064820814186196,0.0,0.0,0.11801691357268447,0.0,0.4921018242768498,0.0,0.4824666146181442,0.10556216418049452,0.4195981284756007,0.0,2,184,3,0,2,1
77445,7,6,1,60,3,2,1,26462.0,0,0,0,0,0,3769469.93017,,5,1,0,False,14,9,0,0,0,0,0,0,0,0,0,0,0,0,0,0,0,0,0,0,0,0,0,0,0,0,0,0,0,0,0,0,0,0,0,0,0,0,0,0,0,0,0,0,0,0,0,0,0,0,0,0,0,0,0,0,0,0,0,0,0,0,0,0,0,0,0,0,0,0,0,0,0,0,0,0,0,0,0,0,0,0,0,0,0,0,0,1,0,0,0,0,0,0,0,0,0,0,0,0,0,0,0,0,0,0,0,0,0,0,0,0,0,0,0,0,0,0,0,0,0,0,0,0,0,0,0,0,0,0,0,0,0,0,0,0,0,0,0,0,0,0,0,0,0,0,0,0,0,0,0,1,0,0,0,2,172.83583333333334,4,0.0,0.0,0.0,0.0,0.0,0.0,0.0,0.0,0.0,0.0,0.0,0.0,0.0,0.0,0.0,0.0,0.0,0.0,0.0,0.0,0.0,0.0,0.0,66,182,57,0,3,1
75965,15,4,1,60,2,3,2,10.0,0,0,0,0,0,3813085.632806,,0,1,0,False,14,74,0,0,0,0,0,0,0,0,0,0,0,0,0,0,0,0,0,0,0,0,0,0,0,0,0,0,0,0,0,0,0,0,0,0,0,0,0,0,0,0,0,0,0,0,0,0,0,0,0,0,0,0,0,0,0,0,0,0,0,0,0,0,0,0,0,0,0,0,0,0,0,0,0,0,0,0,0,0,0,0,0,0,0,0,0,0,0,0,0,0,0,0,0,0,0,0,0,0,0,0,0,0,0,0,0,0,0,0,0,0,0,0,0,0,0,0,0,0,0,0,0,0,0,0,0,0,0,0,0,0,0,0,0,0,0,0,0,0,0,0,0,0,0,0,0,0,0,0,0,0,0,0,0,0,2068.5308333333332,4,0.0,0.0,0.0,0.0,0.0,0.0,0.0,0.0,0.0,0.0,0.0,0.0,0.0,0.0,0.0,0.0,0.0,0.0,0.0,0.0,0.0,0.5273583657928256,0.8496429567932169,1,174,1,0,0,1
77116,11,0,1,172,6,1,1,18.0,0,0,0,0,0,3814587.640718,,2,1,0,False,14,33,0,0,0,0,0,0,0,0,0,0,0,0,0,0,0,0,0,0,0,0,0,0,0,0,0,0,0,0,0,0,0,0,0,0,0,0,0,0,0,0,0,0,0,0,0,0,0,0,0,0,0,0,0,0,0,0,0,0,0,0,0,0,0,0,0,0,0,0,0,0,0,0,0,0,0,0,0,0,0,0,0,0,0,0,0,0,0,0,0,0,0,0,0,0,0,0,0,0,0,0,0,0,0,0,0,0,0,0,0,0,0,0,0,0,0,0,0,0,0,0,0,0,0,0,0,0,0,0,0,0,0,0,0,0,0,0,0,0,0,0,0,0,0,0,0,0,0,0,0,0,0,0,0,0,624.8752777777778,4,0.0,0.0,0.0,0.0,0.0,0.0,0.0,0.0,0.0,0.0,0.0,0.0,0.0,0.0,0.0,0.0,0.0,0.0,0.0,0.0,0.0,0.0,1.0,10,173,29,0,4,1
77378,3,6,1,990,39,3,1,426.0,1,0,0,0,0,3821902.883849,,2,1,0,False,14,15,0,0,0,0,0,0,0,0,0,0,0,0,0,0,0,0,0,0,0,0,0,0,0,0,0,0,0,0,0,0,0,0,0,0,0,0,0,0,0,0,0,0,0,0,0,0,0,0,0,0,0,0,0,0,0,0,0,0,0,0,0,0,0,0,0,0,0,0,0,0,0,0,0,0,0,0,0,0,0,0,0,0,0,0,0,0,0,0,0,0,0,0,0,0,0,0,0,0,0,0,0,0,0,0,0,0,0,0,0,0,0,0,0,0,0,0,0,0,0,0,0,0,0,0,0,0,0,0,0,0,0,0,0,0,0,0,0,0,0,0,0,0,0,0,0,0,0,0,0,0,0,0,0,0,213.61055555555555,4,0.0,0.0,0.0,0.0,0.0,0.0,0.0,0.0,0.0,0.0,0.0,0.0,0.0,0.0,0.0,0.0,0.0,0.0,0.0,0.0,1.0,0.0,0.0,22,172,50,1,1,1
76588,14,4,8,110,22,3,2,1603.0,0,1,0,0,0,3893877.681297,,18,8,0,False,14,42,0,0,0,0,0,0,0,0,0,0,0,0,0,0,0,0,0,0,0,0,0,0,0,0,0,0,0,0,0,0,0,0,0,0,0,0,0,0,0,0,0,0,0,0,0,0,0,0,0,0,0,0,0,0,0,0,0,0,0,0,0,0,0,0,0,0,0,0,0,0,0,0,0,0,0,0,0,0,0,0,0,0,0,0,0,0,0,0,0,0,0,0,0,0,0,0,0,0,0,0,0,0,0,0,0,0,0,0,0,0,0,0,0,0,0,0,0,0,0,0,0,0,0,0,0,0,0,0,0,0,0,0,0,0,0,0,0,0,0,0,0,0,0,0,0,0,0,0,0,0,0,0,0,0,1299.8575,4,0.0,0.0,0.0,0.0,0.0,0.0,0.0,0.0,0.0,0.0,0.0,0.0,0.0,0.0,0.0,0.0,0.5857255462436565,0.0,0.0,0.0,0.0,0.8105094598322529,0.0,5,151,9,0,3,1
76891,9,4,7,331,6,4,1,15.0,0,0,0,0,0,3918559.2895,,1,7,0,False,14,88,0,0,0,0,0,0,0,0,0,0,0,0,0,0,0,0,0,0,0,0,0,0,0,0,0,0,0,0,0,0,0,0,0,0,0,0,0,0,0,0,0,0,0,0,0,0,0,0,0,0,0,0,0,0,0,0,0,0,0,0,0,0,0,0,0,0,0,0,0,0,0,0,0,0,0,0,0,0,0,0,0,0,0,0,0,0,0,0,0,0,0,0,0,0,0,0,0,0,0,0,0,0,0,0,0,0,0,0,0,0,0,0,0,0,0,0,0,0,0,0,0,0,0,0,0,0,0,0,0,0,0,0,0,0,0,0,0,0,0,0,0,0,0,0,0,0,0,0,0,0,0,0,0,0,866.1288888888889,4,0.0,0.0,0.0,0.15528530132918014,0.0,0.20847059656494654,0.0,0.0,0.0,0.3325127716722452,0.0,0.3220704242917109,0.0,0.0,0.0,0.0,0.0,0.0,0.0,0.0,0.76487167188328,0.36483381090687816,0.0,6,143,20,1,0,1
76892,30,5,1,148,13,2,2,14489.0,0,0,0,0,0,3929771.532275,,7,1,0,False,14,125,0,0,0,0,0,0,0,0,0,0,0,0,0,0,0,0,0,0,0,0,0,0,0,0,0,0,0,0,0,0,0,0,0,0,0,0,0,0,0,0,0,0,0,0,0,0,0,0,0,0,0,0,0,0,0,0,0,0,0,0,0,0,0,0,0,0,0,0,0,0,0,0,0,0,0,0,0,0,0,0,0,0,0,0,0,1,0,0,0,0,0,0,0,0,0,0,0,0,0,0,0,0,0,0,0,0,0,0,0,0,0,0,0,0,0,0,0,0,0,0,0,0,0,0,0,0,0,0,0,0,0,0,0,0,0,0,0,0,0,0,0,0,0,0,0,0,0,0,0,1,0,0,0,2,862.4455555555555,4,0.3231438010618412,0.0,0.0,0.2686896785660821,0.0,0.0,0.0,0.0,0.0,0.0,0.0,0.0,0.0,0.0,0.0,0.0,0.0,0.0,0.0,0.0,0.0,0.8416944256241918,0.33901981408248466,7,139,21,0,0,1
76406,27,30,23,1661,8,6,2,8.0,0,1,0,0,0,3939700.414417,,1,23,0,False,14,24,0,0,0,0,0,0,0,0,0,0,0,0,0,0,0,0,0,0,0,0,0,0,0,0,0,0,0,0,0,0,0,0,0,0,0,0,0,0,0,0,0,0,0,0,0,0,0,0,0,0,0,0,0,0,0,0,0,0,0,0,0,0,0,0,0,0,0,0,0,0,0,0,0,0,0,0,0,0,0,0,0,0,0,0,0,0,0,0,0,0,0,0,0,0,0,0,0,0,0,0,0,0,0,0,0,0,0,0,0,0,0,0,0,0,0,0,0,0,0,0,0,0,0,0,0,0,0,0,0,0,0,0,0,0,0,0,0,0,0,0,0,0,0,0,0,0,0,0,0,0,0,0,0,0,1376.4697222222221,4,0.0,0.0,0.0,0.0,0.0,0.0,0.0,0.0,0.0,0.0,0.0,0.0,0.0,0.0,0.0,0.0,0.0,0.6088652575840191,0.0,0.5969438540831384,0.5224376835370081,0.0,0.0,4,60,5,0,2,1
76331,6,0,1,10,2,0,0,13.0,0,0,0,0,0,3943820.170328,,4,1,0,False,14,29,0,0,0,0,0,0,0,0,0,0,0,0,0,0,0,0,0,0,0,0,0,0,0,0,0,0,0,0,0,0,0,0,0,0,0,0,0,0,0,0,0,0,0,0,0,0,0,0,0,0,0,0,0,0,0,0,0,0,0,0,0,0,0,0,0,0,0,0,0,0,0,0,0,0,0,0,0,0,0,0,0,0,0,0,0,0,0,0,0,0,0,0,0,0,0,0,0,0,0,0,0,0,0,0,0,0,0,0,0,0,0,0,0,0,0,0,0,0,0,0,0,0,0,0,0,0,0,0,0,0,0,0,0,0,0,0,0,0,0,0,0,0,0,0,0,0,0,0,0,0,0,0,0,0,1572.5388888888888,4,0.0,0.0,0.0,0.0,0.0,0.0,0.0,0.0,0.0,0.5559465433493862,0.0,0.0,0.0,0.0,0.0,0.0,0.0,0.0,0.0,0.0,0.5115325464954092,0.0,0.6551777581800156,4,133,4,0,6,0
76951,8,2,1,217,10,2,1,49.0,0,0,0,0,0,3993666.486185,,8,1,0,False,14,67,0,0,0,0,0,0,0,0,0,0,0,0,0,0,0,0,0,0,0,0,0,0,0,0,0,0,0,0,0,0,0,0,0,0,0,0,0,0,0,0,0,0,0,0,0,0,0,0,0,0,0,0,0,0,0,0,0,0,0,0,0,0,0,0,0,0,0,0,0,0,0,0,0,0,0,0,0,0,0,0,0,0,0,0,0,0,0,0,0,0,0,0,0,0,0,0,0,0,0,0,0,0,0,0,0,0,0,0,0,0,0,0,0,0,0,0,0,0,0,0,0,0,0,0,0,0,0,0,0,0,0,0,0,0,0,0,0,0,0,0,0,0,0,0,0,0,0,0,0,0,0,0,0,0,776.2383333333333,4,0.0,0.0,0.0,0.0,0.0,0.0,0.0,0.0,0.0,0.0,0.0,0.7980097845746185,0.0,0.0,0.0,0.0,0.0,0.0,0.0,0.0,0.0,0.602644491987748,0.0,10,120,25,0,3,1
76969,20,30,13,1339,51,2,2,32.0,0,0,0,0,0,3993758.960208,,6,13,0,False,14,188,0,0,0,0,0,0,0,0,0,0,0,0,0,0,0,0,0,0,0,0,0,0,0,0,0,0,0,0,0,0,0,0,0,0,0,0,0,0,0,0,0,0,0,0,0,0,0,0,0,0,0,0,0,0,0,0,0,0,0,0,0,0,0,0,0,0,0,0,0,0,0,0,0,0,0,0,0,0,0,0,0,0,0,0,0,0,0,0,0,0,0,0,0,0,0,0,0,0,0,0,0,0,0,0,0,0,0,0,0,0,0,0,0,0,0,0,0,0,0,0,0,0,0,0,0,0,0,0,0,0,0,0,0,0,0,0,0,0,0,0,0,0,0,0,0,0,0,0,0,0,0,0,0,0,768.0408333333334,4,0.0,0.9560377547324426,0.0,0.0,0.0,0.0,0.0,0.0,0.0,0.0,0.0,0.0,0.0,0.0,0.0,0.0,0.0,0.0,0.0,0.0,0.0,0.2932436044079222,0.0,11,119,26,0,3,1
77347,2,0,1,112,4,1,1,14.0,0,0,0,0,0,3994488.690051,,2,1,0,False,14,128,0,0,0,0,0,0,0,0,0,0,0,0,0,0,0,0,0,0,0,0,0,0,0,0,0,0,0,0,0,0,0,0,0,0,0,0,0,0,0,0,0,0,0,0,0,0,0,0,0,0,0,0,0,0,0,0,0,0,0,0,0,0,0,0,0,0,0,0,0,0,0,0,0,0,0,0,0,0,0,0,0,0,0,0,0,0,0,0,0,0,0,0,0,0,0,0,0,0,0,0,0,0,0,0,0,0,0,0,0,0,0,0,0,0,0,0,0,0,0,0,0,0,0,0,0,0,0,0,0,0,0,0,0,0,0,0,0,0,0,0,0,0,0,0,0,0,0,0,0,0,0,0,0,0,245.73388888888888,4,0.12668290824371484,0.13447239934013366,0.140266982092677,0.1053351163908175,0.0,0.0,0.12933137637553063,0.12953846509476855,0.0,0.0,0.14357619062540142,0.4369418784446449,0.13825706105672533,0.0,0.0,0.11601051901839683,0.0,0.48373564700196287,0.0,0.47426424464513817,0.10376751166045452,0.4124645797792587,0.13290682308955556,18,117,42,0,4,1
76625,2,0,1,8,1,0,0,12.0,0,0,0,0,0,4048350.745374,,0,1,0,False,14,8,0,0,0,0,0,0,0,0,0,0,0,0,0,0,0,0,0,0,0,0,0,0,0,0,0,0,0,0,0,0,0,0,0,0,0,0,0,0,0,0,0,0,0,0,0,0,0,0,0,0,0,0,0,0,0,0,0,0,0,0,0,0,0,0,0,0,0,0,0,0,0,0,0,0,0,0,0,0,0,0,0,0,0,0,0,0,0,0,0,0,0,0,0,0,0,0,0,0,0,0,0,0,0,0,0,0,0,0,0,0,0,0,0,0,0,0,0,0,0,0,0,0,0,0,0,0,0,0,0,0,0,0,0,0,0,0,0,0,0,0,0,0,0,0,0,0,0,0,0,0,0,0,0,0,1226.0347222222222,4,0.0,0.0,0.0,0.0,0.0,0.0,0.0,0.0,0.0,0.0,0.0,0.0,0.0,0.0,0.0,0.0,0.0,0.0,0.0,0.0,0.0,0.0,0.0,8,103,12,0,5,0
76630,12,0,17,5969,15,0,0,75.0,0,0,0,0,0,4335678.834111,,2,17,0,False,14,1,0,0,0,0,0,0,0,0,0,0,0,0,0,0,0,0,0,0,0,0,0,0,0,0,0,0,0,0,0,0,0,0,0,0,0,0,0,0,0,0,0,0,0,0,0,0,0,0,0,0,0,0,0,0,0,0,0,0,0,0,0,0,0,0,0,0,0,0,0,0,0,0,0,0,0,0,0,0,0,0,0,0,0,0,0,0,0,0,0,0,0,0,0,0,0,0,0,0,0,0,0,0,0,0,0,0,0,0,0,0,0,0,0,0,0,0,0,0,0,0,0,0,0,0,0,0,0,0,0,0,0,0,0,0,0,0,0,0,0,0,0,0,0,0,0,0,0,0,0,0,0,0,0,0,1133.2447222222222,4,0.0,0.0,0.0,0.0,0.0,0.0,0.0,0.0,0.0,0.0,0.0,0.0,0.0,0.0,0.0,0.0,0.0,0.0,0.0,0.0,0.0,0.0,0.0,9,59,13,0,5,0
77149,7,8,10,315,23,2,1,4022.0,0,0,0,0,0,4341984.594225,,10,10,0,False,14,23,0,0,0,0,0,0,0,0,0,0,0,0,0,0,0,0,0,0,0,0,0,0,0,0,0,0,0,0,0,0,0,0,0,0,0,0,0,0,0,0,0,0,0,0,0,0,0,0,0,0,0,0,0,0,0,0,0,0,0,0,0,0,0,0,0,0,0,0,0,0,0,0,0,0,0,0,0,0,0,0,0,0,0,0,0,0,0,0,0,0,0,0,0,0,0,0,0,0,0,0,0,0,0,0,0,0,0,0,0,0,0,0,0,0,0,0,0,0,0,0,0,0,0,0,0,0,0,0,0,0,0,0,0,0,0,0,0,0,0,0,0,0,0,0,0,0,0,0,0,0,0,0,0,0,410.1686111111111,4,0.0,0.0,0.0,0.6620910381544105,0.0,0.0,0.0,0.0,0.0,0.0,0.0,0.0,0.0,0.0,0.0,0.0,0.7494234164980536,0.0,0.0,0.0,0.0,0.0,0.0,10,54,31,0,0,1
77285,3,0,1,47,2,0,0,12.0,0,0,0,0,0,4343174.074862,,0,1,0,False,14,72,0,0,0,0,0,0,0,0,0,0,0,0,0,0,0,0,0,0,0,0,0,0,0,0,0,0,0,0,0,0,0,0,0,0,0,0,0,0,0,0,0,0,0,0,0,0,0,0,0,0,0,0,0,0,0,0,0,0,0,0,0,0,0,0,0,0,0,0,0,0,0,0,0,0,0,0,0,0,0,0,0,0,0,0,0,0,0,0,0,0,0,0,0,0,0,0,0,0,0,0,0,0,0,0,0,0,0,0,0,0,0,0,0,0,0,0,0,0,0,0,0,0,0,0,0,0,0,0,0,0,0,0,0,0,0,0,0,0,0,0,0,0,0,0,0,0,0,0,0,0,0,0,0,0,216.05027777777778,4,0.0,0.8523912110191108,0.0,0.0,0.0,0.0,0.0,0.0,0.0,0.0,0.0,0.0,0.0,0.0,0.0,0.0,0.0,0.0,0.0,0.0,0.0,0.5229046025589886,0.0,12,53,38,0,1,1
77323,3,1,1,69,13,2,1,78467.0,0,0,0,0,0,4358022.475109,,10,1,0,False,14,25,0,0,0,0,0,0,0,0,0,0,0,0,0,0,0,0,0,0,0,0,0,0,0,0,0,0,0,0,0,0,0,0,0,0,0,0,0,0,0,0,0,0,0,0,0,0,0,0,0,0,0,0,0,0,0,0,0,0,0,0,0,0,0,0,0,0,0,0,0,0,0,0,0,0,0,0,0,0,0,0,0,0,0,0,0,1,0,0,0,0,0,0,0,0,0,0,0,0,0,0,0,0,0,0,0,0,0,0,0,0,0,0,0,0,0,0,0,0,0,0,0,0,0,0,0,0,0,0,0,0,0,0,0,0,0,0,0,0,0,0,0,0,0,0,0,0,0,0,0,1,0,0,0,2,169.70444444444445,4,0.0,0.0,0.0,0.0,0.0,0.0,0.0,0.0,0.0,0.0,0.0,0.0,0.0,0.0,0.0,0.0,0.8361471133359633,0.0,0.0,0.0,0.0,0.2892588301451299,0.4660336190051174,14,50,40,0,3,1
77224,3,0,1,302,5,1,1,22.0,0,0,0,0,0,4360491.86704,,5,1,0,False,14,80,0,0,0,0,0,0,0,0,0,0,0,0,0,0,0,0,0,0,0,0,0,0,0,0,0,0,0,0,0,0,0,0,0,0,0,0,0,0,0,0,0,0,0,0,0,0,0,0,0,0,0,0,0,0,0,0,0,0,0,0,0,0,0,0,0,0,0,0,0,0,0,0,0,0,0,0,0,0,0,0,0,0,0,0,0,0,0,0,0,0,0,0,0,0,0,0,0,0,0,0,0,0,0,0,0,0,0,0,0,0,0,0,0,0,0,0,0,0,0,0,0,0,0,0,0,0,0,0,0,0,0,0,0,0,0,0,0,0,0,0,0,0,0,0,0,0,0,0,0,0,0,0,0,0,314.37083333333334,4,0.0,0.0,0.0,0.4733595284295132,0.0,0.0,0.0,0.0,0.0,0.5068029216168549,0.0,0.0,0.0,0.6177826986572582,0.0,0.0,0.0,0.0,0.0,0.0,0.0,0.3707102544108594,0.0,8,49,34,1,4,1
75778,14,3,1,40,1,3,2,37.0,0,0,0,0,0,4366640.587099,,0,1,0,False,14,1120,0,0,0,0,0,0,0,0,0,0,0,0,0,0,0,0,0,0,0,0,0,0,0,0,0,0,0,0,0,0,0,0,0,0,0,0,0,0,0,0,0,0,0,0,0,0,0,0,0,0,0,0,0,0,0,0,0,0,0,0,0,0,0,0,0,0,0,0,0,0,0,0,0,0,0,0,0,0,0,0,0,0,0,0,0,0,0,0,0,0,0,0,0,0,0,0,0,0,0,0,0,0,0,0,0,0,0,0,0,0,0,0,0,0,0,0,0,0,0,0,0,0,0,0,0,0,0,0,0,0,0,0,0,0,0,0,0,0,0,0,0,0,0,0,0,0,0,0,0,0,0,0,0,0,2185.6869444444446,4,0.0,0.0,0.0,0.1945418827382034,0.0,0.0,0.0,0.0,0.0,0.0,0.0,0.0,0.0,0.0,0.0,0.0,0.22020271233398944,0.0,0.0,0.0,0.0,0.609419830062096,0.736390991300488,0,45,0,0,3,1
76113,5,5,2,62,1,2,2,65243.0,0,0,0,0,0,4417479.786576,,2,2,0,False,14,264,0,0,0,0,0,0,0,0,0,0,0,0,0,0,0,0,0,0,0,0,0,0,0,0,0,0,0,0,0,0,0,0,0,0,0,0,0,0,0,0,0,0,0,0,0,0,0,0,0,0,0,0,0,0,0,0,0,0,0,0,0,0,0,0,0,0,0,0,0,0,0,0,0,0,0,0,0,0,0,0,0,0,0,0,0,0,0,0,0,0,0,0,0,0,0,0,0,0,0,0,0,0,0,0,0,0,0,0,0,0,0,0,0,0,0,0,0,0,0,0,0,0,0,0,0,0,0,0,0,0,0,0,0,0,0,0,0,0,0,0,0,0,0,0,0,0,0,0,0,0,0,0,0,0,175.6447222222222,4,0.0,0.12494079384575023,0.1303246478757243,0.19573761048785573,0.0,0.0,0.1201641743050217,0.12035658426502129,0.0,0.0,0.13339929474086967,0.40597078229594835,0.12845719305948433,0.0,0.0,0.10778751931058984,0.0,0.4494477383053198,0.0,0.550809603953927,0.19282462937933095,0.38322847129785687,0.0,1,0,2,0,1,1
77176,7,0,1,30,2,1,1,14.0,0,0,0,0,0,4422705.505436,,0,1,0,False,14,18,0,0,0,0,0,0,0,0,0,0,0,0,0,0,0,0,0,0,0,0,0,0,0,0,0,0,0,0,0,0,0,0,0,0,0,0,0,0,0,0,0,0,0,0,0,0,0,0,0,0,0,0,0,0,0,0,0,0,0,0,0,0,0,0,0,0,0,0,0,0,0,0,0,0,0,0,0,0,0,0,0,0,0,0,0,0,0,0,0,0,0,0,0,0,0,0,0,0,0,0,0,0,0,0,0,0,0,0,0,0,0,0,0,0,0,0,0,0,0,0,0,0,0,0,0,0,0,0,0,0,0,0,0,0,0,0,0,0,0,0,0,0,0,0,0,0,0,0,0,0,0,0,0,0,360.0105555555556,4,0.0,0.0,0.0,0.0,0.0,0.0,0.0,0.0,0.0,0.0,0.0,0.0,0.0,0.0,0.0,0.0,0.0,0.0,0.0,0.0,0.0,0.0,0.0,11,38,33,0,1,1
76939,3,0,1,12,8,0,0,165800.0,0,0,0,0,0,4498007.23105,,5,1,0,False,14,9,0,0,0,0,0,0,0,0,0,0,0,0,0,0,0,0,0,0,0,0,0,0,0,0,0,0,0,0,0,0,0,0,0,0,0,0,0,0,0,0,0,0,0,0,0,0,0,0,0,0,0,0,0,0,0,0,0,0,0,0,0,0,0,0,0,0,0,0,0,0,0,0,0,0,0,0,0,0,0,0,0,0,0,0,0,0,0,0,0,0,0,0,0,0,0,0,0,0,0,0,0,0,0,0,0,0,0,0,0,0,0,0,0,0,0,0,0,0,0,0,0,0,0,0,0,0,0,0,0,0,0,0,0,0,0,0,0,0,0,0,0,0,0,0,0,0,0,0,0,0,0,0,0,0,650.7741666666667,4,0.0,0.0,0.0,0.0,0.0,0.0,0.0,0.0,0.0,0.0,0.0,0.6349546157432081,0.0,0.0,0.0,0.0,0.0,0.0,0.0,0.0,0.0,0.0,0.7725494391599769,8,16,23,0,3,1
77280,4,0,3,249,1,1,1,479402.0,0,0,0,0,0,4504798.544755,,1,3,0,False,14,35,0,0,0,0,0,0,0,0,0,0,0,0,0,0,0,0,0,0,0,0,0,0,0,0,0,0,0,0,0,0,0,0,0,0,0,0,0,0,0,0,0,0,0,0,0,0,0,0,0,0,0,0,0,0,0,0,0,0,0,0,0,0,0,0,0,0,0,0,0,0,0,0,0,0,0,0,0,0,0,0,0,0,0,0,0,0,0,0,0,0,0,0,0,0,0,0,0,0,0,0,0,0,0,0,0,0,0,0,0,0,0,0,0,0,0,0,0,0,0,0,0,0,0,0,0,0,0,0,0,0,0,0,0,0,0,0,0,0,0,0,0,0,0,0,0,0,0,0,0,0,0,0,0,0,172.96277777777777,4,0.0,0.0,0.0,0.0,0.0,0.0,0.0,0.0,0.0,0.0,0.0,0.0,0.0,0.0,0.0,0.0,0.0,0.0,0.0,0.0,0.0,1.0,0.0,10,13,36,0,1,1
76532,3,0,2,125,8,0,0,3543103.0,0,0,0,0,0,4524500.219915,,11,2,0,False,14,64,0,0,0,0,0,0,0,0,0,0,0,0,0,0,0,0,0,0,0,0,0,0,0,0,0,0,0,0,0,0,0,0,0,0,0,0,0,0,0,0,0,0,0,0,0,0,0,0,0,0,0,0,0,0,0,0,0,0,0,0,0,0,0,0,0,0,0,0,0,0,0,0,0,0,0,0,0,0,0,0,0,0,0,0,0,0,0,0,0,0,0,0,0,0,0,0,0,0,0,0,0,0,0,0,0,0,0,0,0,0,0,0,0,0,0,0,0,0,0,0,0,0,0,0,0,0,0,0,0,0,0,0,0,0,0,0,0,0,0,0,0,0,0,0,0,0,0,0,0,0,0,0,0,0,1081.8338888888889,4,0.5435137573112178,0.0,0.0,0.0,0.0,0.0,0.0,0.0,0.0,0.0,0.6159918169633208,0.0,0.0,0.0,0.0,0.0,0.0,0.0,0.0,0.0,0.0,0.0,0.5702165176910166,6,2,8,0,1,1
76915,13,3,1,1961,16,3,1,6.0,0,0,0,0,0,4524672.853563,,10,1,0,False,14,169,0,0,0,0,0,0,0,0,0,0,0,0,0,0,0,0,0,0,0,0,0,0,0,0,0,0,0,0,0,0,0,0,0,0,0,0,0,0,0,0,0,0,0,0,0,0,0,0,0,0,0,0,0,0,0,0,0,0,0,0,0,0,0,0,0,0,0,0,0,0,0,0,0,0,0,0,0,0,0,0,0,0,0,0,0,0,0,0,0,0,0,0,0,0,0,0,0,0,0,0,0,0,0,0,0,0,0,0,0,0,0,0,0,0,0,0,0,0,0,0,0,0,0,0,0,0,0,0,0,0,0,0,0,0,0,0,0,0,0,0,0,0,0,0,0,0,0,0,0,0,0,0,0,0,670.1605555555556,4,0.0,0.0,0.0,0.21434245174294783,0.0,0.0,0.0,0.0,0.0,0.0,0.8764733100891354,0.0,0.0,0.0,0.0,0.0,0.0,0.0,0.0,0.0,0.0,0.3357234408285819,0.27044707681990987,7,6,22,0,1,1
35207,8,0,3,6,1,2,2,1601.0,0,0,0,0,0,31567.998331,,1,3,0,False,15,104,0,0,0,0,0,0,0,0,0,0,0,0,0,0,0,0,0,0,0,0,0,0,0,0,0,0,0,0,0,0,0,0,0,0,0,0,0,0,0,0,0,0,0,0,0,0,0,0,0,0,0,0,0,0,0,0,0,0,0,0,0,0,0,0,0,0,0,0,0,0,0,0,0,0,0,0,0,0,0,0,0,0,0,0,0,0,0,0,0,0,0,0,0,0,0,0,0,0,0,0,0,0,0,0,0,0,0,0,0,0,0,0,0,0,0,0,0,0,0,0,0,0,0,0,0,0,0,0,0,0,0,0,0,0,0,0,0,0,0,0,0,0,0,0,0,0,0,0,0,0,0,0,0,0,292.60777777777776,4,0.1987769225898428,0.21099933751663252,0.0,0.16528030945207184,0.0,0.0,0.0,0.0,0.42137687717396954,0.35391510547577815,0.0,0.17140031585942217,0.0,0.21570774321787467,0.21789603874261312,0.1820309801710875,0.3741628478606287,0.18975622795355918,0.2034612572552789,0.18604085656052596,0.16282059607432584,0.38831650290867775,0.0,77,108,39,1,2,1
34815,7,3,9,22,2,4,2,238927.0,0,0,0,0,0,178562.604504,,0,9,0,False,15,584,0,0,0,0,0,0,0,0,0,0,0,0,0,0,0,0,0,0,0,0,0,0,0,0,0,0,0,0,0,0,0,0,0,0,0,0,0,0,0,0,0,0,0,0,0,0,0,0,0,0,0,0,0,0,0,0,0,0,0,0,0,0,0,0,0,0,0,0,0,0,0,0,0,0,0,0,0,0,0,0,0,0,0,0,0,0,0,0,0,0,0,0,0,0,0,0,0,0,0,0,0,0,0,0,0,0,0,0,0,0,0,0,0,0,0,0,0,0,0,0,0,0,0,0,0,0,0,0,0,0,0,0,0,0,0,0,0,0,0,0,0,0,0,0,0,0,0,0,0,0,0,0,0,0,841.3227777777778,4,0.07939399306863204,0.252827336121625,0.0,0.26406010460471185,0.0,0.0,0.08105382598070372,0.08118361144717041,0.25245480533972287,0.2827162536267569,0.0,0.1369188667578221,0.08664768041249701,0.25846912478710404,0.17406081515115868,0.2908218155243359,0.5977813151053245,0.07579101462376932,0.08126497501720653,0.07430704874492064,0.13006517162788706,0.3101969518260603,0.0832946096473089,51,104,60,2,1,1
33141,26,30,29,274,8,2,1,277.0,0,0,0,0,0,194035.632711,,0,29,0,False,15,131,0,0,0,0,0,0,0,0,0,0,0,0,0,0,0,0,0,0,0,0,0,0,0,0,0,0,0,0,0,0,0,0,0,0,0,0,0,0,0,0,0,0,0,0,0,0,0,0,0,0,0,0,0,0,0,0,0,0,0,0,0,0,0,0,0,0,0,0,0,0,0,0,0,0,0,0,0,0,0,0,0,0,0,0,0,0,0,0,0,0,0,0,0,0,0,0,0,0,0,0,0,0,0,0,0,0,0,0,0,0,0,0,0,0,0,0,0,0,0,0,0,0,0,0,0,0,0,0,0,0,0,0,0,0,0,0,0,0,0,0,0,0,0,0,0,0,0,0,0,0,0,0,0,0,817.5272222222222,4,0.21645718728141125,0.0,0.0,0.0,0.0,0.0,0.0,0.0,0.0,0.0,0.2453219523786549,0.0,0.0,0.7046817723620589,0.0,0.0,0.4074428589491242,0.0,0.0,0.0,0.0,0.42285541449901365,0.22709170080882343,16,7,27,0,1,1
35068,2,3,1,15,1,3,2,1682.0,0,0,0,0,0,273751.666078,,0,1,0,False,15,147,0,0,0,0,0,0,0,0,0,0,0,0,0,0,0,0,0,0,0,0,0,0,0,0,0,0,0,0,0,0,0,0,0,0,0,0,0,0,0,0,0,0,0,0,0,0,0,0,0,0,0,0,0,0,0,0,0,0,0,0,0,0,0,0,0,0,0,0,0,0,0,0,0,0,0,0,0,0,0,0,0,0,0,0,0,0,0,0,0,0,0,0,0,0,0,0,0,0,0,0,0,0,0,0,0,0,0,0,0,0,0,0,0,0,0,0,0,0,0,0,0,0,0,0,0,0,0,0,0,0,0,0,0,0,0,0,0,0,0,0,0,0,0,0,0,0,0,0,0,0,0,0,0,0,468.86,4,0.19117979588024617,0.20293507793423413,0.0,0.15896340184957486,0.0,0.0,0.0,0.0,0.4052721227252337,0.17019434837364883,0.0,0.16484950553052005,0.0,0.20746353138424672,0.2095681916551394,0.17507387265873642,0.5397938750734673,0.1825038664172409,0.19568509827402916,0.17893049413999199,0.15659769714223465,0.37347529479664804,0.0,96,105,51,1,1,1
35184,1,0,4,67,3,1,1,1714.0,0,0,0,0,0,266214.771716,,0,4,0,False,15,355,0,0,0,0,0,0,0,0,0,0,0,0,0,0,0,0,0,0,0,0,0,0,0,0,0,0,0,0,0,0,0,0,0,0,0,0,0,0,0,0,0,0,0,0,0,0,0,0,0,0,0,0,0,0,0,0,0,0,0,0,0,0,0,0,0,0,0,0,0,0,0,0,0,0,0,0,0,0,0,0,0,0,0,0,0,0,0,0,0,0,0,0,0,0,0,0,0,0,0,0,0,0,0,0,0,0,0,0,0,0,0,0,0,0,0,0,0,0,0,0,0,0,0,0,0,0,0,0,0,0,0,0,0,0,0,0,0,0,0,0,0,0,0,0,0,0,0,0,0,0,0,0,0,0,314.1144444444444,4,0.12633979970641654,0.2682163874228335,0.0,0.31514947891626593,0.0,0.0,0.1289810947156747,0.1291876225549286,0.1339105907503241,0.11247171692849693,0.0,0.10893961579221292,0.0,0.2742015795214044,0.13849163943626727,0.3470889468788822,0.594531531130437,0.0,0.0,0.0,0.20697293456499874,0.3290779671401375,0.1325468576743356,79,112,43,21,1,1
35046,1,0,3,5,3,1,1,1701.0,0,0,0,0,0,274120.007701,,0,3,0,False,15,28,0,0,0,0,0,0,0,0,0,0,0,0,0,0,0,0,0,0,0,0,0,0,0,0,0,0,0,0,0,0,0,0,0,0,0,0,0,0,0,0,0,0,0,0,0,0,0,0,0,0,0,0,0,0,0,0,0,0,0,0,0,0,0,0,0,0,0,0,0,0,0,0,0,0,0,0,0,0,0,0,0,0,0,0,0,0,0,0,0,0,0,0,0,0,0,0,0,0,0,0,0,0,0,0,0,0,0,0,0,0,0,0,0,0,0,0,0,0,0,0,0,0,0,0,0,0,0,0,0,0,0,0,0,0,0,0,0,0,0,0,0,0,0,0,0,0,0,0,0,0,0,0,0,0,499.6463888888889,4,0.0,0.0,0.0,0.0,0.0,0.0,0.0,0.0,0.0,0.0,0.0,0.0,0.0,0.0,0.0,0.0,0.8223548294979172,0.0,0.0,0.0,0.0,0.5689749857431797,0.0,95,113,46,13,0,1
34997,21,30,45,1249,16,3,2,478.0,0,0,0,0,0,274495.050318,,0,45,0,False,15,508,0,0,0,0,0,0,0,0,0,0,0,0,0,0,0,0,0,0,0,0,0,0,0,0,0,0,0,0,0,0,0,0,0,0,0,0,0,0,0,0,0,0,0,0,0,0,0,0,0,0,0,0,0,0,0,0,0,0,0,0,0,0,0,0,0,0,0,0,0,0,0,0,0,0,0,0,0,0,0,0,0,0,0,0,0,0,0,0,0,0,0,0,0,0,0,0,0,0,0,0,0,0,0,0,0,0,0,0,0,0,0,0,0,0,0,0,0,0,0,0,0,0,0,0,0,0,0,0,0,0,0,0,0,0,0,0,0,0,0,0,0,0,0,0,0,0,0,0,0,0,0,0,0,0,601.7136111111112,4,0.15587398967464394,0.2481875772769274,0.0,0.25921420769868225,0.0,0.0,0.07956636733893076,0.07969377104844351,0.2478218829907016,0.2081459914129295,0.0,0.20160930189791157,0.0,0.253725830702657,0.2562998092328406,0.2854848012935609,0.586811136063369,0.07440013642268717,0.0797736414755723,0.07294340353184223,0.12767828166691664,0.3045043749357954,0.08176602928192934,94,111,49,0,3,1
35278,1,0,1,6,1,2,2,1599.0,0,0,0,0,0,276459.026571,,0,1,0,False,15,147,0,0,0,0,0,0,0,0,0,0,0,0,0,0,0,0,0,0,0,0,0,0,0,0,0,0,0,0,0,0,0,0,0,0,0,0,0,0,0,0,0,0,0,0,0,0,0,0,0,0,0,0,0,0,0,0,0,0,0,0,0,0,0,0,0,0,0,0,0,0,0,0,0,0,0,0,0,0,0,0,0,0,0,0,0,0,0,0,0,0,0,0,0,0,0,0,0,0,0,0,0,0,0,0,0,0,0,0,0,0,0,0,0,0,0,0,0,0,0,0,0,0,0,0,0,0,0,0,0,0,0,0,0,0,0,0,0,0,0,0,0,0,0,0,0,0,0,0,0,0,0,0,0,0,212.0975,4,0.178541657402555,0.1895198443573533,0.0,0.14845496147694143,0.0,0.0,0.18227429897502775,0.0,0.37848118917199536,0.15894347464526634,0.0,0.15395195817578466,0.0,0.19374893970036758,0.19571446922352845,0.1635004329220775,0.5041102417105504,0.1704392592453621,0.18274913211389726,0.16710210844467813,0.14624564413025842,0.4650484313287991,0.0,80,109,42,1,5,0
34991,1,0,6,12,1,2,2,1617.0,0,0,0,0,0,278293.302148,,1,6,0,False,15,26,0,0,0,0,0,0,0,0,0,0,0,0,0,0,0,0,0,0,0,0,0,0,0,0,0,0,0,0,0,0,0,0,0,0,0,0,0,0,0,0,0,0,0,0,0,0,0,0,0,0,0,0,0,0,0,0,0,0,0,0,0,0,0,0,0,0,0,0,0,0,0,0,0,0,0,0,0,0,0,0,0,0,0,0,0,0,0,0,0,0,0,0,0,0,0,0,0,0,0,0,0,0,0,0,0,0,0,0,0,0,0,0,0,0,0,0,0,0,0,0,0,0,0,0,0,0,0,0,0,0,0,0,0,0,0,0,0,0,0,0,0,0,0,0,0,0,0,0,0,0,0,0,0,0,603.1619444444444,4,0.0,0.0,0.0,0.0,0.0,0.0,0.0,0.0,0.0,0.0,0.0,0.0,0.0,0.0,0.0,0.0,0.6061943920361853,0.0,0.0,0.0,0.0,0.4194168176490992,0.6757350754082416,92,108,53,10,3,1
34578,5,15,7,110,2,4,1,1475974.0,0,0,0,0,0,285289.240658,,1,7,0,False,15,9,0,0,0,0,0,0,0,0,0,0,0,0,0,0,0,0,0,0,0,0,0,0,0,0,0,0,0,0,0,0,0,0,0,0,0,0,0,0,0,0,0,0,0,0,0,0,0,0,0,0,0,0,0,0,0,0,0,0,0,0,0,0,0,0,0,0,0,0,0,0,0,0,0,0,0,0,0,0,0,0,0,0,0,0,0,0,0,0,0,0,0,0,0,0,0,0,0,0,0,0,0,0,0,0,0,0,0,0,0,0,0,0,0,0,0,0,0,0,0,0,0,0,0,0,0,0,0,0,0,0,0,0,0,0,0,0,0,0,0,0,0,0,0,0,0,0,0,0,0,0,0,0,0,0,1227.2413888888889,4,0.6616158644836645,0.0,0.0,0.0,0.0,0.0,0.0,0.0,0.0,0.0,0.7498429487989691,0.0,0.0,0.0,0.0,0.0,0.0,0.0,0.0,0.0,0.0,0.0,0.0,125,108,78,2,5,0
35011,2,0,1,2,1,2,2,1828412.0,0,0,0,0,0,286424.246043,,1,1,0,False,15,564,1,0,0,0,0,0,0,0,0,0,0,0,0,0,0,0,0,0,0,0,0,0,0,0,0,0,0,0,0,0,0,0,0,0,0,0,0,0,0,0,0,0,0,0,0,0,0,0,0,0,0,0,0,0,0,0,0,0,0,0,0,0,0,0,0,0,0,0,0,0,0,0,0,0,0,0,0,0,0,0,0,0,0,0,0,0,0,0,0,0,0,0,0,0,0,0,0,0,0,0,0,0,0,0,0,0,0,0,0,0,0,0,0,0,0,0,0,0,0,0,0,0,0,0,0,0,0,0,0,0,0,0,0,0,0,0,0,0,0,0,0,0,0,0,0,0,0,0,0,0,0,0,0,1,510.57916666666665,4,0.07144855382328676,0.22752536854102556,0.0,0.23763400563721712,0.0,0.0,0.07294227717151663,0.07305907421784115,0.22719011917778273,0.12721156024050678,0.08097628421907042,0.18482484586421566,0.0,0.23260254913800893,0.15664149187082835,0.26171750955408274,0.6052024204611912,0.06820614732133158,0.0731322952410986,0.06687069092382823,0.11704875969088521,0.41873048737840035,0.22487643600810583,103,99,53,0,4,1
35187,4,0,3,66,33,1,1,64903.0,0,0,0,0,0,287988.250012,,0,3,0,False,15,336,0,0,0,0,0,0,0,0,0,0,0,0,0,0,0,0,0,0,0,0,0,0,0,0,0,0,0,0,0,0,0,0,0,0,0,0,0,0,0,0,0,0,0,0,0,0,0,0,0,0,0,0,0,0,0,0,0,0,0,0,0,0,0,0,0,0,0,0,0,0,0,0,0,0,0,0,0,0,0,0,0,0,0,0,0,0,0,0,0,0,0,0,0,0,0,0,0,0,0,0,0,0,0,0,0,0,0,0,0,0,0,0,0,0,0,0,0,0,0,0,0,0,0,0,0,0,0,0,0,0,0,0,0,0,0,0,0,0,0,0,0,0,0,0,0,0,0,0,0,0,0,0,0,0,304.4136111111111,4,0.133933113519096,0.14216840594911812,0.0,0.11136356353595543,0.0,0.0,0.0,0.0,0.4258767797807776,0.11923152693036096,0.0,0.11548713835648206,0.0,0.14534086393399007,0.14681530688797864,0.2452998629177123,0.6302642495445611,0.12785509549265026,0.13708935277631523,0.12535173015191858,0.21941248604865835,0.34885631314939414,0.14051323000945556,78,106,39,3,1,1
35050,0,0,2,28,2,1,1,,0,0,0,0,0,426579.930123,,0,2,0,False,15,14,0,0,0,0,0,0,0,0,0,0,0,0,0,0,0,0,0,0,0,0,0,0,0,0,0,0,0,0,0,0,0,0,0,0,0,0,0,0,0,0,0,0,0,0,0,0,0,0,0,0,0,0,0,0,0,0,0,0,0,0,0,0,0,0,0,0,0,0,0,0,0,0,0,0,0,0,0,0,0,0,0,0,0,0,0,0,0,0,0,0,0,0,0,0,0,0,0,0,0,0,0,0,0,0,0,0,0,0,0,0,0,0,0,0,0,0,0,0,0,0,0,0,0,0,0,0,0,0,0,0,0,0,0,0,0,0,0,0,0,0,0,0,0,0,0,0,0,0,0,0,0,0,0,0,419.30361111111114,4,0.0,0.0,0.0,0.0,0.0,0.0,0.0,0.0,0.0,0.0,0.0,0.6017494325822957,0.0,0.0,0.0,0.0,0.656802410965721,0.0,0.0,0.0,0.0,0.45443174772071265,0.0,97,98,49,2,1,1
34764,5,13,8,638,4,3,2,82167.0,0,0,0,0,0,472725.012153,,0,8,0,False,15,186,0,0,0,0,0,0,0,0,0,0,0,0,0,0,0,0,0,0,0,0,0,0,0,0,0,0,0,0,0,0,0,0,0,0,0,0,0,0,0,0,0,0,0,0,0,0,0,0,0,0,0,0,0,0,0,0,0,0,0,0,0,0,0,0,0,0,0,0,0,0,0,0,0,0,0,0,0,0,0,0,0,0,0,0,0,0,0,0,0,0,0,0,0,0,0,0,0,0,0,0,0,0,0,0,0,0,0,0,0,0,0,0,0,0,0,0,0,0,0,0,0,0,0,0,0,0,0,0,0,0,0,0,0,0,0,0,0,0,0,0,0,0,0,0,0,0,0,0,0,0,0,0,1,1,802.3958333333334,4,0.15460496677056482,0.16411133214232118,0.0,0.2571038571051101,0.0,0.0,0.0,0.0,0.3277390415576081,0.13763426963447614,0.0,0.1333119548922142,0.0,0.16777344189580057,0.3389509143247075,0.14158028645324436,0.43652528100282845,0.1475888394640376,0.1582483545233087,0.14469909319331253,0.2532776191286201,0.5033755029378327,0.0,37,107,76,0,6,0
34995,3,2,10,125,5,2,1,1693.0,0,0,0,0,0,536791.184738,,0,10,0,False,15,60,0,0,0,0,0,0,0,0,0,0,0,0,0,0,0,0,0,0,0,0,0,0,0,0,0,0,0,0,0,0,0,0,0,0,0,0,0,0,0,0,0,0,0,0,0,0,0,0,0,0,0,0,0,0,0,0,0,0,0,0,0,0,0,0,0,0,0,0,0,0,0,0,0,0,0,0,0,0,0,0,0,0,0,0,0,0,0,0,0,0,0,0,0,0,0,0,0,0,0,0,0,0,0,0,0,0,0,0,0,0,0,0,0,0,0,0,0,0,0,0,0,0,0,0,0,0,0,0,0,0,0,0,0,0,0,0,0,0,0,0,0,0,0,0,0,0,0,0,0,0,0,0,0,0,530.2822222222222,4,0.0,0.0,0.0,0.0,0.0,0.0,0.0,0.0,0.0,0.0,0.0,0.0,0.0,0.6645815048783432,0.0,0.0,0.3842571199829755,0.0,0.0,0.0,0.5016396497874893,0.3987926163773734,0.0,93,103,54,27,3,1
35154,18,30,16,444,2,4,3,6153.0,0,0,0,0,0,535922.521368,,0,16,0,False,15,493,0,0,0,0,0,0,0,0,0,0,0,0,0,0,0,0,0,0,0,0,0,0,0,0,0,0,0,0,0,0,0,0,0,0,0,0,0,0,0,0,0,0,0,0,0,0,0,0,0,0,0,0,0,0,0,0,0,0,0,0,0,0,0,0,0,0,0,0,0,0,0,0,0,0,0,0,0,0,0,0,0,0,0,0,0,0,0,0,0,0,0,0,0,0,0,0,0,0,0,0,0,0,0,0,0,0,0,0,0,0,0,0,0,0,0,0,0,0,0,0,0,0,0,0,0,0,0,0,0,0,0,0,0,0,0,0,0,0,0,0,0,0,0,0,0,0,0,0,0,0,0,0,1,1,278.1933333333333,4,0.07409255487229031,0.2359450954760909,0.0,0.24642780938218448,0.0,0.0,0.07564155444219725,0.07576267364056652,0.2355974399881519,0.3957573248083342,0.1679457304816769,0.19166441168041887,0.0,0.2412101605032841,0.16243811400888158,0.27140253931010927,0.5578651882741771,0.0707301609705388,0.07583860425627816,0.06934528512467782,0.12138022655545876,0.28948392423746333,0.07773271248020341,86,95,48,4,6,0
35241,1,0,1,6,1,1,1,1744.0,0,0,0,0,0,538145.170235,,0,1,0,False,15,58,0,0,0,0,0,0,0,0,0,0,0,0,0,0,0,0,0,0,0,0,0,0,0,0,0,0,0,0,0,0,0,0,0,0,0,0,0,0,0,0,0,0,0,0,0,0,0,0,0,0,0,0,0,0,0,0,0,0,0,0,0,0,0,0,0,0,0,0,0,0,0,0,0,0,0,0,0,0,0,0,0,0,0,0,0,0,0,0,0,0,0,0,0,0,0,0,0,0,0,0,0,0,0,0,0,0,0,0,0,0,0,0,0,0,0,0,0,0,0,0,0,0,0,0,0,0,0,0,0,0,0,0,0,0,0,0,0,0,0,0,0,0,0,0,0,0,0,0,0,0,0,0,0,0,191.14,4,0.0,0.0,0.0,0.0,0.0,0.0,0.0,0.0,0.0,0.33333701024708556,0.0,0.0,0.0,0.0,0.0,0.0,0.7048149294658069,0.0,0.0,0.0,0.0,0.48765088993181793,0.39283452285962583,78,102,43,35,3,1
35243,11,8,5,4,2,4,3,4488.0,0,0,0,0,0,540327.246007,,0,5,0,False,15,190,0,0,0,0,0,0,0,0,0,0,0,0,0,0,0,0,0,0,0,0,0,0,0,0,0,0,0,0,0,0,0,0,0,0,0,0,0,0,0,0,0,0,0,0,0,0,0,0,0,0,0,0,0,0,0,0,0,0,0,0,0,0,0,0,0,0,0,0,0,0,0,0,0,0,0,0,0,0,0,0,0,0,0,0,0,0,0,0,0,0,0,0,0,0,0,0,0,0,0,0,0,0,0,0,0,0,0,0,0,0,0,0,0,0,0,0,0,0,0,0,0,0,0,0,0,0,0,0,0,0,0,0,0,0,0,0,0,0,0,0,0,0,0,0,0,0,0,0,0,0,0,0,0,0,189.75444444444443,4,0.15857539402358797,0.16832589341598825,0.17557926528695203,0.1318532848492851,0.0,0.0,0.0,0.0,0.33615574413619403,0.14116887053716007,0.0,0.13673555395189596,0.0,0.17208205021512532,0.17382777512400457,0.1452162254503336,0.5969809800397706,0.15137908477562378,0.1623123480202177,0.14841512661127543,0.25978206968137263,0.41304219592710284,0.0,79,100,45,0,3,1
34931,14,0,20,158,7,1,1,959.0,0,0,0,0,0,550862.117299,,0,20,0,False,15,189,0,0,0,0,0,0,0,0,0,0,0,0,0,0,0,0,0,0,0,0,0,0,0,0,0,0,0,0,0,0,0,0,0,0,0,0,0,0,0,0,0,0,0,0,0,0,0,0,0,0,0,0,0,0,0,0,0,0,0,0,0,0,0,0,0,0,0,0,0,0,0,0,0,0,0,0,0,0,0,0,0,0,0,0,0,0,0,0,0,0,0,0,0,0,0,0,0,0,0,0,0,0,0,0,0,0,0,0,0,0,0,0,0,0,0,0,0,0,0,0,0,0,0,0,0,0,0,0,0,0,0,0,0,0,0,0,0,0,0,0,0,0,0,0,0,0,0,0,0,0,0,0,0,0,588.7888888888889,4,0.18400061818076155,0.390628932503409,0.0,0.15299401316842184,0.0,0.0,0.0,0.0,0.3900533566820149,0.163803215540827,0.2085372699234935,0.1586590820685288,0.0,0.19967286735977482,0.40339698698835447,0.16849950408298314,0.1731745174682261,0.17565048694887336,0.18833673760033975,0.17221130183531852,0.3014342906601261,0.23963370815910195,0.19304054467925924,86,97,57,0,0,1
33932,23,10,38,212,9,1,2,63609.0,0,0,0,0,0,558352.532663,,0,38,0,False,15,523,0,0,0,0,0,0,0,0,0,0,0,0,0,0,0,0,0,0,0,0,0,0,0,0,0,0,0,0,0,0,0,0,0,0,0,0,0,0,0,0,0,0,0,0,0,0,0,0,0,0,0,0,0,0,0,0,0,0,0,0,0,0,0,0,0,0,0,0,0,0,0,0,0,0,0,0,0,0,0,0,0,0,0,0,0,0,0,0,0,0,0,0,0,0,0,0,0,0,0,0,0,0,0,0,0,0,0,0,0,0,0,0,0,0,0,0,0,0,0,0,0,0,0,0,0,0,0,0,0,0,0,0,0,0,0,0,0,0,0,0,0,0,0,0,0,0,0,0,0,0,0,0,0,0,490.77194444444444,4,0.07032235788203647,0.22393903777754884,0.0,0.2338883391634969,0.0,0.0,0.07179253666453185,0.07190749271684764,0.22360907272661168,0.12520640918906198,0.0,0.12127438332296911,0.0,0.2289361901601689,0.15417245641893346,0.2575922308571489,0.661847797787609,0.06713105927306144,0.07197955960590932,0.06581665278481594,0.11520379809210628,0.4121303177440416,0.1475545724019473,80,113,119,0,3,1
34224,10,0,2,48,10,2,2,431095.0,0,0,0,0,0,560884.200322,,1,2,0,False,15,212,0,0,0,0,0,0,0,0,0,0,0,0,0,0,0,0,0,0,0,0,0,0,0,0,0,0,0,0,0,0,0,0,0,0,0,0,0,0,0,0,0,0,0,0,0,0,0,0,0,0,0,0,0,0,0,0,0,0,0,0,0,0,0,0,0,0,0,0,0,0,0,0,0,0,0,0,0,0,0,0,0,0,0,0,0,0,0,0,0,0,0,0,0,0,0,0,0,0,0,0,0,0,0,0,0,0,0,0,0,0,0,0,0,0,0,0,0,0,0,0,0,0,0,0,0,0,0,0,0,0,0,0,0,0,0,0,0,0,0,0,0,0,0,0,0,0,0,0,0,0,0,0,0,0,1529.378888888889,4,0.23290664395380414,0.12361381526888075,0.0,0.29048806333690036,0.0,0.0,0.0,0.0,0.2468633506939564,0.207340918621134,0.0,0.3012442678404752,0.0,0.12637223147726534,0.12765424288987187,0.10664272324697875,0.438406088855859,0.11116855429236538,0.11919763618568571,0.10899190654342404,0.09538833307244017,0.606653209074678,0.0,131,94,75,0,3,1
34770,13,30,24,650,21,4,2,28715.0,0,0,0,0,0,559299.737806,,0,24,0,False,15,100,0,0,0,0,0,0,0,0,0,0,0,0,0,0,0,0,0,0,0,0,0,0,0,0,0,0,0,0,0,0,0,0,0,0,0,0,0,0,0,0,0,0,0,0,0,0,0,0,0,0,0,0,0,0,0,0,0,0,0,0,0,0,0,0,0,0,0,0,0,0,0,0,0,0,0,0,0,0,0,0,0,0,0,0,0,0,0,0,0,0,0,0,0,0,0,0,0,0,0,0,0,0,0,0,0,0,0,0,0,0,0,0,0,0,0,0,0,0,0,0,0,0,0,0,0,0,0,0,0,0,0,0,0,0,0,0,0,0,0,0,0,0,0,0,0,0,0,0,0,0,0,0,0,0,770.0241666666667,4,0.23877528907122467,0.0,0.0,0.0,0.0,0.0,0.0,0.0,0.0,0.0,0.0,0.0,0.0,0.0,0.0,0.0,0.8989055771024343,0.0,0.0,0.0,0.19558374477210486,0.31096965055132425,0.0,36,96,77,0,0,1
35158,14,30,91,3570,19,4,0,86597.0,0,0,0,0,0,601484.69568,,1,91,0,False,15,7,0,0,0,0,0,0,0,0,0,0,0,0,0,0,0,0,0,0,0,0,0,0,0,0,0,0,0,0,0,0,0,0,0,0,0,0,0,0,0,0,0,0,0,0,0,0,0,0,0,0,0,0,0,0,0,0,0,0,0,0,0,0,0,0,0,0,0,0,0,0,0,0,0,0,0,0,0,0,0,0,0,0,0,0,0,0,0,0,0,0,0,0,0,0,0,0,0,0,0,0,0,0,0,0,0,0,0,0,0,0,0,0,0,0,0,0,0,0,0,0,0,0,0,0,0,0,0,0,0,0,0,0,0,0,0,0,0,0,0,0,0,0,0,0,0,0,0,0,0,0,0,0,0,0,245.75444444444443,4,0.657977633292238,0.0,0.0,0.0,0.0,0.0,0.0,0.0,0.0,0.0,0.0,0.0,0.0,0.0,0.0,0.0,0.6192640018107418,0.0,0.0,0.0,0.0,0.42845948483898777,0.0,87,102,50,0,0,1
32970,20,0,5,29,2,3,3,46696.0,0,0,0,0,0,640110.115435,,1,5,0,False,15,986,0,0,0,0,0,0,0,0,0,0,0,0,0,0,0,0,0,0,0,0,0,0,0,0,0,0,0,0,0,0,0,0,0,0,0,0,0,0,0,0,0,0,0,0,0,0,0,0,0,0,0,0,0,0,0,0,0,0,0,0,0,0,0,0,0,0,0,0,0,0,0,0,0,0,0,0,0,0,0,0,0,0,0,0,0,0,0,0,0,0,0,0,0,0,0,0,0,0,0,0,0,0,0,0,0,0,0,0,0,0,0,0,0,0,0,0,0,0,0,0,0,0,0,0,0,0,0,0,0,0,0,0,0,0,0,0,0,0,0,0,0,0,0,0,0,0,0,0,0,0,0,0,0,0,622.5680555555556,4,0.0698467286603151,0.2965658846714341,0.0,0.2903830277876952,0.0,0.0,0.07130696380594775,0.07142114234653979,0.22209668018981416,0.24871913720045308,0.0,0.24090827442434912,0.0,0.22738776736506872,0.1531297023409144,0.31981248914935223,0.5258970823935576,0.06667701457892677,0.07149272180714501,0.1307429963057457,0.11442461072586621,0.3183777731292093,0.21983486813189548,9,3,17,0,3,1
35201,2,0,1,10,1,2,2,147.0,0,0,0,0,0,645387.156105,,0,1,0,False,15,134,0,0,0,0,0,0,0,0,0,0,0,0,0,0,0,0,0,0,0,0,0,0,0,0,0,0,0,0,0,0,0,0,0,0,0,0,0,0,0,0,0,0,0,0,0,0,0,0,0,0,0,0,0,0,0,0,0,0,0,0,0,0,0,0,0,0,0,0,0,0,0,0,0,0,0,0,0,0,0,0,0,0,0,0,0,0,0,0,0,0,0,0,0,0,0,0,0,0,0,0,0,0,0,0,0,0,0,0,0,0,0,0,0,0,0,0,0,0,0,0,0,0,0,0,0,0,0,0,0,0,0,0,0,0,0,0,0,0,0,0,0,0,0,0,0,0,0,0,0,0,0,0,0,0,194.5625,4,0.35119032481535745,0.18639217498902422,0.0,0.14600499093606026,0.0,0.0,0.0,0.0,0.3722350674221804,0.15632041087783086,0.0,0.15141127002033875,0.0,0.3811029540998843,0.1924845691969381,0.16080216511010795,0.3305272321403969,0.16762647912668885,0.17973320064487597,0.16434440173729953,0.1438321342260645,0.4573736797037715,0.0,79,102,40,0,2,1
34982,5,30,44,4138,19,4,2,46615.0,1,0,0,0,0,644663.878764,,0,44,0,False,15,485,0,0,0,0,0,0,0,0,0,0,0,0,0,0,0,0,0,0,0,0,0,0,0,0,0,0,0,0,0,0,0,0,0,0,0,0,0,0,0,0,0,0,0,0,0,0,0,0,0,0,0,0,0,0,0,0,0,0,0,0,0,0,0,0,0,0,0,0,0,0,0,0,0,0,0,0,0,0,0,0,0,0,0,0,0,0,0,0,0,0,0,0,0,0,0,0,0,0,0,0,0,0,0,0,0,0,0,0,0,0,0,0,0,0,0,0,0,0,0,0,0,0,0,0,0,0,0,0,0,0,0,0,0,0,0,0,0,0,0,0,0,0,0,0,0,0,0,0,0,0,0,0,1,1,498.71694444444444,4,0.07703393495438315,0.24531181532394997,0.0,0.2562106796238693,0.0,0.0,0.0786444278347846,0.07877035531110106,0.24495035835582962,0.13715612888750833,0.0,0.13284882984449764,0.0,0.2507858967284108,0.168886700293185,0.28217687452816403,0.6525131916224697,0.07353805829626281,0.0788493002755696,0.07209820464276369,0.12619886698924498,0.35113874531523726,0.08081860218410711,94,100,51,0,3,1
34713,6,0,16,77,2,2,2,530181.0,1,0,0,0,0,670080.44431,,0,16,0,False,15,27,0,0,0,0,0,0,0,0,0,0,0,0,0,0,0,0,0,0,0,0,0,0,0,0,0,0,0,0,0,0,0,0,0,0,0,0,0,0,0,0,0,0,0,0,0,0,0,0,0,0,0,0,0,0,0,0,0,0,0,0,0,0,0,0,0,0,0,0,0,0,0,0,0,0,0,0,0,0,0,0,0,0,0,0,0,0,0,0,0,0,0,0,0,0,0,0,0,0,0,0,0,0,0,0,0,0,0,0,0,0,0,0,0,0,0,0,0,0,0,0,0,0,0,0,0,0,0,0,0,0,0,0,0,0,0,0,0,0,0,0,0,0,0,0,0,0,0,0,0,0,0,0,0,0,848.2877777777778,4,0.7736044435987611,0.0,0.0,0.0,0.0,0.0,0.0,0.0,0.0,0.0,0.0,0.0,0.0,0.0,0.0,0.0,0.0,0.0,0.0,0.0,0.6336688132173235,0.0,0.0,55,98,71,5,2,1
33460,5,10,13,158,6,3,2,1016234.0,0,0,0,0,0,670075.590487,,0,13,0,False,15,9,0,0,0,0,0,0,0,0,0,0,0,0,0,0,0,0,0,0,0,0,0,0,0,0,0,0,0,0,0,0,0,0,0,0,0,0,0,0,0,0,0,0,0,0,0,0,0,0,0,0,0,0,0,0,0,0,0,0,0,0,0,0,0,0,0,0,0,0,0,0,0,0,0,0,0,0,0,0,0,0,0,0,0,0,0,0,0,0,0,0,0,0,0,0,0,0,0,0,0,0,0,0,0,0,0,0,0,0,0,0,0,0,0,0,0,0,0,0,0,0,0,0,0,0,0,0,0,0,0,0,0,0,0,0,0,0,0,0,0,0,0,0,0,0,0,0,0,0,0,0,0,0,0,0,511.635,4,0.0,0.0,0.0,0.0,0.0,0.0,0.0,0.0,0.0,0.0,0.0,0.0,0.0,0.0,0.0,0.0,0.8223548294979172,0.0,0.0,0.0,0.0,0.5689749857431797,0.0,13,32,41,0,4,1
34647,10,1,10,5,1,2,3,128490.0,0,0,0,0,0,670084.352391,,1,10,0,False,15,39,0,0,0,0,0,0,0,0,0,0,0,0,0,0,0,0,0,0,0,0,0,0,0,0,0,0,0,0,0,0,0,0,0,0,0,0,0,0,0,0,0,0,0,0,0,0,0,0,0,0,0,0,0,0,0,0,0,0,0,0,0,0,0,0,0,0,0,0,0,0,0,0,0,0,0,0,0,0,0,0,0,0,0,0,0,0,0,0,0,0,0,0,0,0,0,0,0,0,0,0,0,0,0,0,0,0,0,0,0,0,0,0,0,0,0,0,0,0,0,0,0,0,0,0,0,0,0,0,0,0,0,0,0,0,0,0,0,0,0,0,0,0,0,0,0,0,0,0,0,0,0,0,0,0,274.01916666666665,4,0.0,0.0,0.0,0.0,0.0,0.0,0.0,0.0,0.0,0.0,0.0,0.0,0.0,0.0,0.0,0.657595733308477,0.0,0.0,0.0,0.0,0.0,0.0,0.7533709919651052,86,49,71,3,4,1
34495,2,8,14,503,8,2,1,1623.0,0,0,0,0,0,699078.730098,,0,14,0,False,15,36,0,0,0,0,0,0,0,0,0,0,0,0,0,0,0,0,0,0,0,0,0,0,0,0,0,0,0,0,0,0,0,0,0,0,0,0,0,0,0,0,0,0,0,0,0,0,0,0,0,0,0,0,0,0,0,0,0,0,0,0,0,0,0,0,0,0,0,0,0,0,0,0,0,0,0,0,0,1,0,0,0,0,0,0,0,0,0,0,0,0,0,0,0,0,0,0,0,0,0,0,0,0,0,0,0,0,0,0,0,0,0,0,0,0,0,0,0,0,0,0,0,0,0,0,0,0,0,0,0,0,0,0,0,0,0,0,0,0,0,0,0,0,0,0,0,0,0,0,0,0,0,0,0,1,1200.9122222222222,4,0.6171370506698308,0.0,0.0,0.0,0.0,0.0,0.0,0.0,0.0,0.0,0.0,0.0,0.0,0.0,0.6764956261030612,0.0,0.0,0.0,0.0,0.0,0.0,0.40186506261924526,0.0,124,99,77,3,1,1
34135,7,30,75,389,3,3,5,68981.0,0,0,0,0,0,716228.00691,,0,75,0,False,15,893,0,0,0,0,0,0,0,0,0,0,0,0,0,0,0,0,0,0,0,0,0,0,0,0,0,0,0,0,0,0,0,0,0,0,0,0,0,0,0,0,0,0,0,0,0,0,0,0,0,0,0,0,0,0,0,0,0,0,0,0,0,0,0,0,0,0,0,0,0,0,0,0,0,0,0,0,0,0,0,0,0,0,0,0,0,0,0,0,0,0,0,0,0,0,0,0,0,0,0,0,0,0,0,0,0,0,0,0,0,0,0,0,0,0,0,0,0,0,0,0,0,0,0,0,0,0,0,0,0,0,0,0,0,0,0,0,0,0,0,0,0,0,0,0,0,0,0,0,0,0,0,0,1,1,1581.5394444444444,4,0.0,0.0,0.06562394486825661,0.049281062211456,0.0,0.0,0.0,0.0,0.0,0.052762825736309166,0.0,0.10221168700535137,0.0,0.0,0.0,0.0,0.5020328307524126,0.0,0.0,0.0,0.5825718950584613,0.5403206573008341,0.31090246260810783,138,100,71,1,6,0
34941,10,13,10,658,7,4,3,64078.0,0,0,0,0,0,800555.531309,,0,10,0,False,15,351,0,0,0,0,0,0,0,0,0,0,0,0,0,0,0,0,0,0,0,0,0,0,0,0,0,0,0,0,0,0,0,0,0,0,0,0,0,0,0,0,0,0,0,0,0,0,0,0,0,0,0,0,0,0,0,0,0,0,0,0,0,0,0,0,0,0,0,0,0,0,0,0,0,0,0,0,0,0,0,0,0,0,0,0,0,0,0,0,0,0,0,0,0,0,0,0,0,0,0,0,0,0,0,0,0,0,0,0,0,0,0,0,0,0,0,0,0,0,0,0,0,0,0,0,0,0,0,0,0,0,0,0,0,0,0,0,0,0,0,0,0,0,0,0,0,0,0,0,0,0,0,0,1,1,502.73555555555555,4,0.12913602482136222,0.27415270678137715,0.0,0.3221245484506128,0.0,0.0,0.13183577849097944,0.13204687732316192,0.1368743769672042,0.11496100565878888,0.0,0.1113507300285706,0.0,0.280270366594023,0.14155681605758197,0.3547709190890493,0.6076900449387314,0.0,0.0,0.0,0.0,0.3363613099872117,0.13548046096638897,87,92,53,0,1,1
34110,10,10,19,287,4,3,1,856894.0,0,0,0,0,0,800672.261077,,0,19,0,False,15,392,0,0,0,0,0,0,0,0,0,0,0,0,0,0,0,0,0,0,0,0,0,0,0,0,0,0,0,0,0,0,0,0,0,0,0,0,0,0,0,0,0,0,0,0,0,0,0,0,0,0,0,0,0,0,0,0,0,0,0,0,0,0,0,0,0,0,0,0,0,0,0,0,0,0,0,0,0,0,0,0,0,0,0,0,0,0,0,0,0,0,0,0,0,0,0,0,0,0,0,0,0,0,0,0,0,0,0,0,0,0,0,0,0,0,0,0,0,0,0,0,0,0,0,0,0,0,0,0,0,0,0,0,0,0,0,0,0,0,0,0,0,0,0,0,0,0,0,0,0,0,0,0,1,1,1581.3780555555556,4,0.5375638997857162,0.22824707264773686,0.0,0.17879083054359698,0.0,0.0,0.0,0.0,0.3418661398243326,0.09571130381427585,0.12184970809240543,0.1854111051070325,0.0,0.11667017895980022,0.23570753145430562,0.09845537631598922,0.30356105280779755,0.10263374297007549,0.11004640325490317,0.10062420432829629,0.08806502631268921,0.49006847023795214,0.0,136,93,68,1,5,0
33736,13,30,137,2206,22,3,0,2955285.0,0,0,0,0,0,812637.19356,,0,137,0,False,15,316,0,0,0,0,0,0,0,0,0,0,0,0,0,0,0,0,0,0,0,0,0,0,0,0,0,0,0,0,0,0,0,0,0,0,0,0,0,0,0,0,0,0,0,0,0,0,0,0,0,0,0,0,0,0,0,0,0,0,0,0,0,0,0,0,0,0,0,0,0,0,0,0,0,0,0,0,0,0,0,0,0,0,0,0,0,0,0,0,0,0,0,0,0,0,0,0,0,0,0,0,0,0,0,0,0,0,0,0,0,0,0,0,0,0,0,0,0,0,0,0,0,0,0,0,0,0,0,0,0,0,0,0,0,0,0,0,0,0,0,0,0,0,0,0,0,0,0,0,0,0,0,0,1,1,1960.3305555555555,4,0.14719145700241396,0.0,0.0,0.0,0.1664709001302635,0.0,0.15026868256149617,0.0,0.0,0.2620690538490341,0.0,0.12691947281063024,0.0,0.0,0.16134888798815983,0.0,0.41559332453106906,0.1405117621495654,0.0,0.13776058298087457,0.6028315675163329,0.38339039291898847,0.3088459083758733,45,92,79,0,3,1
35083,1,0,1,9,1,1,1,1575.0,0,0,0,0,0,892138.816554,,0,1,0,False,15,79,0,0,0,0,0,0,0,0,0,0,0,0,0,0,0,0,0,0,0,0,0,0,0,0,0,0,0,0,0,0,0,0,0,0,0,0,0,0,0,0,0,0,0,0,0,0,0,0,0,0,0,0,0,0,0,0,0,0,0,0,0,0,0,0,0,0,0,0,0,0,0,0,0,0,0,0,0,0,0,0,0,0,0,0,0,0,0,0,0,0,0,0,0,0,0,0,0,0,0,0,0,0,0,0,0,0,0,0,0,0,0,0,0,0,0,0,0,0,0,0,0,0,0,0,0,0,0,0,0,0,0,0,0,0,0,0,0,0,0,0,0,0,0,0,0,0,0,0,0,0,0,0,0,0,289.05333333333334,4,0.0,0.0,0.0,0.0,0.0,0.0,0.0,0.0,0.0,0.4142869560387468,0.0,0.40127654357120723,0.0,0.0,0.0,0.0,0.43798861620948104,0.0,0.0,0.0,0.38118999773895407,0.30303776146802053,0.48823327053246357,96,92,52,15,2,1
34989,3,8,87,115,3,2,1,1656.0,0,0,0,0,0,900268.844705,,0,87,0,False,15,37,0,0,0,0,0,0,0,0,0,0,0,0,0,0,0,0,0,0,0,0,0,0,0,0,0,0,0,0,0,0,0,0,0,0,0,0,0,0,0,0,0,0,0,0,0,0,0,0,0,0,0,0,0,0,0,0,0,0,0,0,0,0,0,0,0,0,0,0,0,0,0,0,0,0,0,0,0,0,0,0,0,0,0,0,0,0,0,0,0,0,0,0,0,0,0,0,0,0,0,0,0,0,0,0,0,0,0,0,0,0,0,0,0,0,0,0,0,0,0,0,0,0,0,0,0,0,0,0,0,0,0,0,0,0,0,0,0,0,0,0,0,0,0,0,0,0,0,0,0,0,0,0,0,0,431.4111111111111,4,0.0,0.0,0.0,0.0,0.0,0.0,0.0,0.0,0.0,0.0,0.0,0.0,0.0,0.0,0.5193799534441512,0.0,0.44592981961442946,0.0,0.0,0.0,0.3881013812679932,0.6170643222524452,0.0,91,93,52,26,3,1
34785,8,9,7,109,8,4,1,1684.0,0,0,0,0,0,954612.170513,,1,7,0,False,15,506,0,0,0,0,0,0,0,0,0,0,0,0,0,0,0,0,0,0,0,0,0,0,0,0,0,0,0,0,0,0,0,0,0,0,0,0,0,0,0,0,0,0,0,0,0,0,0,0,0,0,0,0,0,0,0,0,0,0,0,0,0,0,0,0,0,0,0,0,0,0,0,0,0,0,0,0,0,0,0,0,0,0,0,0,0,0,0,0,0,0,0,0,0,0,0,0,0,0,0,0,0,0,0,0,0,0,0,0,0,0,0,0,0,0,0,0,0,0,0,0,0,0,0,0,0,0,0,0,0,0,0,0,0,0,0,0,0,0,0,0,0,0,0,0,0,0,0,0,0,0,0,0,0,0,650.1811111111111,4,0.1072133417061483,0.227611372368611,0.0,0.26743930930775545,0.0,0.0,0.1094547736621304,0.10963003545495591,0.11363799814111561,0.09544473433829341,0.12151033947511194,0.0924473545185923,0.0,0.2326904721228623,0.1175255263727563,0.2945434926335632,0.7063363824416581,0.0,0.0,0.0,0.08781975279763912,0.34907397175064864,0.11248071927403103,42,92,79,18,0,1
34163,6,9,5,106,2,2,2,56857.0,0,0,0,0,0,978330.633037,,0,5,0,False,15,173,0,0,0,0,0,0,0,0,0,0,0,0,0,0,0,0,0,0,0,0,0,0,0,0,0,0,0,0,0,0,0,0,0,0,0,0,0,0,0,0,0,0,0,0,0,0,0,0,0,0,0,0,0,0,0,0,0,0,0,0,0,0,0,0,0,0,0,0,0,0,0,0,0,0,0,0,0,0,0,0,0,0,0,0,0,0,0,0,0,0,0,0,0,0,0,0,0,0,0,0,0,0,0,0,0,0,0,0,0,0,0,0,0,0,0,0,0,0,0,0,0,0,0,0,0,0,0,0,0,0,0,0,0,0,0,0,0,0,0,0,0,0,0,0,0,0,0,0,0,0,0,0,0,0,232.59277777777777,4,0.14725554120559964,0.312620008753696,0.0,0.12244098108518298,0.0,0.0,0.15033410652686638,0.0,0.31215937590407705,0.13109157672495236,0.0,0.12697473099917908,0.0,0.15979802914712066,0.3228382721047254,0.2697000250536021,0.5543656873532936,0.14057293814781252,0.15072573395916322,0.137820561170985,0.241237611307786,0.2876679850450861,0.0,133,116,76,0,0,1
33200,7,30,32,170,5,7,1,621839.0,0,0,0,0,0,978842.671875,,0,32,0,False,15,274,1,0,0,0,0,0,0,0,0,0,0,0,0,0,0,0,0,0,0,0,0,0,0,0,0,0,0,0,0,0,0,0,0,0,0,0,0,0,0,0,0,0,0,0,0,0,0,0,0,0,0,0,0,0,0,0,0,0,0,0,0,0,0,0,0,0,0,0,0,0,0,0,0,0,0,0,0,0,0,0,0,0,0,0,0,0,0,0,0,0,0,0,0,0,0,0,0,0,0,0,0,0,0,0,0,0,0,0,0,0,0,0,0,0,0,0,0,0,0,0,0,0,0,0,0,0,0,0,0,0,0,0,0,0,0,0,0,0,0,0,0,0,0,0,0,0,0,0,0,0,0,0,0,1,1458.4944444444445,4,0.26640094315771634,0.14139071524934776,0.0,0.11075438172036843,0.0,0.0,0.0,0.0,0.2823647635787846,0.3557379171640107,0.0,0.11485539973042566,0.0,0.14454581923032714,0.14601219667521048,0.1219790108672786,0.5014532585873828,0.12715570157303027,0.13633944555199262,0.12466603016050025,0.21821225419211915,0.5204219950221921,0.0,17,115,30,0,3,1
35009,12,3,14,239,2,4,2,39283.0,0,0,0,0,0,1031404.698072,,0,14,0,False,15,529,0,0,0,0,0,0,0,0,0,0,0,0,0,0,0,0,0,0,0,0,0,0,0,0,0,0,0,0,0,0,0,0,0,0,0,0,0,0,0,0,0,0,0,0,0,0,0,0,0,0,0,0,0,0,0,0,0,0,0,0,0,0,0,0,0,0,0,0,0,0,0,0,0,0,0,0,0,0,0,0,0,0,0,0,0,0,0,0,0,0,0,0,0,0,0,0,0,0,0,0,0,0,0,0,0,0,0,0,0,0,0,0,0,0,0,0,0,0,0,0,0,0,0,0,0,0,0,0,0,0,0,0,0,0,0,0,0,0,0,0,0,0,0,0,0,0,0,0,0,0,0,0,0,0,328.9244444444444,4,0.0,0.13370655061068407,0.0,0.1047352106447299,0.0,0.0,0.06429740342910405,0.0,0.06675476972717055,0.0,0.1427584938808706,0.0,0.13746965787906726,0.20503527611836958,0.6213459072291919,0.0,0.474200766153318,0.0,0.06446490119518014,0.0,0.15476480063183262,0.49213860820800176,0.0,102,85,52,1,3,1
34883,7,6,5,14,2,3,2,6493.0,0,0,0,0,0,1087130.982905,,1,5,0,False,15,195,0,0,0,0,0,0,0,0,0,0,0,0,0,0,0,0,0,0,0,0,0,0,0,0,0,0,0,0,0,0,0,0,0,0,0,0,0,0,0,0,0,0,0,0,0,0,0,0,0,0,0,0,0,0,0,0,0,0,0,0,0,0,0,0,0,0,0,0,0,0,0,0,0,0,0,0,0,0,0,0,0,0,0,0,0,0,0,0,0,0,0,0,0,0,0,0,0,0,0,0,0,0,0,0,0,0,0,0,0,0,0,0,0,0,0,0,0,0,0,0,0,0,0,0,0,0,0,0,0,0,0,0,0,0,0,0,0,0,0,0,0,0,0,0,0,0,0,0,0,0,0,0,0,0,401.9488888888889,4,0.2645698298544648,0.14041886276046206,0.0,0.32997932642505634,0.0,0.0,0.0,0.0,0.28042392257112914,0.11776424800561355,0.0,0.11406593837227968,0.0,0.14355228005818785,0.290017156644726,0.12114058519629925,0.4980065075290932,0.12628169379372292,0.13540231308711095,0.12380913519764981,0.10835618350192758,0.5168448618968575,0.0,67,101,60,0,4,1
34968,5,0,13,12,4,2,2,1893.0,0,0,0,0,0,1087218.063913,,0,13,0,False,15,4,0,0,0,0,0,0,0,0,0,0,0,0,0,0,0,0,0,0,0,0,0,0,0,0,0,0,0,0,0,0,0,0,0,0,0,0,0,0,0,0,0,0,0,0,0,0,0,0,0,0,0,0,0,0,0,0,0,0,0,0,0,0,0,0,0,0,0,0,0,0,0,0,0,0,0,0,0,0,0,0,0,0,0,0,0,0,0,0,0,0,0,0,0,0,0,0,0,0,0,0,0,0,0,0,0,0,0,0,0,0,0,0,0,0,0,0,0,0,0,0,0,0,0,0,0,0,0,0,0,0,0,0,0,0,0,0,0,0,0,0,0,0,0,0,0,0,0,0,0,0,0,0,1,1,339.5913888888889,4,0.0,0.0,0.0,0.0,0.0,0.0,0.0,0.0,0.0,1.0,0.0,0.0,0.0,0.0,0.0,0.0,0.0,0.0,0.0,0.0,0.0,0.0,0.0,93,93,53,5,2,1
35119,2,2,2,2,1,1,0,1578.0,0,0,0,0,0,1146879.641103,,1,2,0,False,15,15,0,0,0,0,0,0,0,0,0,0,0,0,0,0,0,0,0,0,0,0,0,0,0,0,0,0,0,0,0,0,0,0,0,0,0,0,0,0,0,0,0,0,0,0,0,0,0,0,0,0,0,0,0,0,0,0,0,0,0,0,0,0,0,0,0,0,0,0,0,0,0,0,0,0,0,0,0,0,0,0,0,0,0,0,0,0,0,0,0,0,0,0,0,0,0,0,0,0,0,0,0,0,0,0,0,0,0,0,0,0,0,0,0,0,0,0,0,0,0,0,0,0,0,0,0,0,0,0,0,0,0,0,0,0,0,0,0,0,0,0,0,0,0,0,0,0,0,0,0,0,0,0,0,0,171.23277777777778,4,0.0,0.0,0.0,0.0,0.0,0.0,0.0,0.0,0.0,0.0,0.0,0.0,0.0,0.0,0.0,0.0,0.8223548294979172,0.0,0.0,0.0,0.0,0.5689749857431797,0.0,85,86,42,32,4,1
34910,12,3,16,68,34,4,3,23972.0,0,0,0,0,0,1147041.509715,,0,16,0,False,15,116,0,0,0,0,0,0,0,0,0,0,0,0,0,0,0,0,0,0,0,0,0,0,0,0,0,0,0,0,0,0,0,0,0,0,0,0,0,0,0,0,0,0,0,0,0,0,0,0,0,0,0,0,0,0,0,0,0,0,0,0,0,0,0,0,0,0,0,0,0,0,0,0,0,0,0,0,0,0,0,0,0,0,0,0,0,0,0,0,0,0,0,0,0,0,0,0,0,0,0,0,0,0,0,0,0,0,0,0,0,0,0,0,0,0,0,0,0,0,0,0,0,0,0,0,0,0,0,0,0,0,0,0,0,0,0,0,0,0,0,0,0,0,0,0,0,0,0,0,0,0,0,0,0,0,436.7738888888889,4,0.0,0.0,0.0,0.0,0.0,0.0,0.0,0.0,0.0,0.2901621987626535,0.0,0.0,0.0,0.0,0.0,0.0,0.3067625906630498,0.0,0.0,0.0,0.8009443185070094,0.4244888809265312,0.0,76,85,67,7,0,1
34719,8,30,37,268,9,4,2,508896.0,0,2,0,0,0,1169258.352976,,0,37,0,False,15,57,0,0,0,0,0,0,0,0,0,0,0,0,0,0,0,0,0,0,0,0,0,0,0,0,0,0,0,0,0,0,0,0,0,0,0,0,0,0,0,0,0,0,0,0,0,0,0,0,0,0,0,0,0,0,0,0,0,0,0,0,0,0,0,0,0,0,0,0,0,0,0,0,0,0,0,0,0,0,0,0,0,0,0,0,0,0,0,0,0,0,0,0,0,0,0,0,0,0,0,0,0,0,0,0,0,0,0,0,0,0,0,0,0,0,0,0,0,0,0,0,0,0,0,0,0,0,0,0,0,0,0,0,0,0,0,0,0,0,0,0,0,0,0,0,0,0,0,0,0,0,0,0,0,0,708.43,4,0.0,0.0,0.0,0.0,0.0,0.0,0.0,0.0,0.0,0.0,0.0,0.0,0.0,0.0,0.0,0.0,0.7475701549482,0.0,0.0,0.0,0.0,0.5172325898704485,0.4166645070156956,50,85,74,1,2,1
35103,4,4,3,3,1,2,1,6794.0,0,0,0,0,0,1227210.953277,,0,3,0,False,15,415,0,0,0,0,0,0,0,0,0,0,0,0,0,0,0,0,0,0,0,0,0,0,0,0,0,0,0,0,0,0,0,0,0,0,0,0,0,0,0,0,0,0,0,0,0,0,0,0,0,0,0,0,0,0,0,0,0,0,0,0,0,0,0,0,0,0,0,0,0,0,0,0,0,0,0,0,0,0,0,0,0,0,0,0,0,0,0,0,0,0,0,0,0,0,0,0,0,0,0,0,0,0,0,0,0,0,0,0,0,0,0,0,0,0,0,0,0,0,0,0,0,0,0,0,0,0,0,0,0,0,0,0,0,0,0,0,0,0,0,0,0,0,0,0,0,0,0,0,0,0,0,0,0,0,168.47416666666666,4,0.162636011841841,0.17263619090121257,0.0,0.1352296333751766,0.0,0.0,0.0,0.0,0.34476363701107793,0.28956752391188423,0.184323673670617,0.1402369220562261,0.0,0.17648853107937035,0.17827895852053346,0.14893475691729857,0.4592008410428095,0.155255427714802,0.1664686574940277,0.1522155718904868,0.13321713630650997,0.5295236367029618,0.0,92,85,49,1,3,1
34564,24,30,92,1561,25,6,1,2729.0,0,0,0,0,0,1323043.247543,,0,92,0,False,15,350,0,0,0,0,0,0,0,0,0,0,0,0,0,0,0,0,0,0,0,0,0,0,0,0,0,0,0,0,0,0,0,0,0,0,0,0,0,0,0,0,0,0,0,0,0,0,0,0,0,0,0,0,0,0,0,0,0,0,0,0,0,0,0,0,0,0,0,0,0,0,0,0,0,0,0,0,0,0,0,0,0,0,0,0,0,0,0,0,0,0,0,0,0,0,0,0,0,0,0,0,0,0,0,0,0,0,0,0,0,0,0,0,0,0,0,0,0,0,0,0,0,0,0,0,0,0,0,0,0,0,0,0,0,0,0,0,0,0,0,0,0,0,0,0,0,0,0,0,0,0,0,0,1,1,956.7969444444444,4,0.3824213963940304,0.0,0.0,0.0,0.0,0.0,0.0,0.0,0.0,0.0,0.0,0.3297523036343025,0.0,0.0,0.0,0.0,0.3599207515977017,0.0,0.0,0.0,0.6264920384237176,0.2490237755811654,0.4012097099825135,123,92,74,3,4,1
34858,4,6,11,899,31,2,1,2002.0,0,0,0,0,0,1326473.632498,,0,11,0,False,15,36,0,0,0,0,0,0,0,0,0,0,0,0,0,0,0,0,0,0,0,0,0,0,0,0,0,0,0,0,0,0,0,0,0,0,0,0,0,0,0,0,0,0,0,0,0,0,0,0,0,0,0,0,0,0,0,0,0,0,0,0,0,0,0,0,0,0,0,0,0,0,0,0,0,0,0,0,0,0,0,0,0,0,0,0,0,0,0,0,0,0,0,0,0,0,0,0,0,0,0,0,0,0,0,0,0,0,0,0,0,0,0,0,0,0,0,0,0,0,0,0,0,0,0,0,0,0,0,0,0,0,0,0,0,0,0,0,0,0,0,0,0,0,0,0,0,0,0,0,0,0,0,0,0,0,476.0052777777778,4,0.0,0.0,0.0,0.0,0.0,0.0,0.0,0.0,0.0,0.44261299014356825,0.0,0.0,0.0,0.0,0.0,0.0,0.4679352034708791,0.0,0.0,0.0,0.4072530941482954,0.6475147130494225,0.0,59,91,56,10,3,1
34850,2,0,1,1,1,1,1,1557.0,0,0,0,0,0,1332464.709383,,1,1,0,False,15,8,0,0,0,0,0,0,0,0,0,0,0,0,0,0,0,0,0,0,0,0,0,0,0,0,0,0,0,0,0,0,0,0,0,0,0,0,0,0,0,0,0,0,0,0,0,0,0,0,0,0,0,0,0,0,0,0,0,0,0,0,0,0,0,0,0,0,0,0,0,0,0,0,0,0,0,0,0,0,0,0,0,0,0,0,0,0,0,0,0,0,0,0,0,0,0,0,0,0,0,0,0,0,0,0,0,0,0,0,0,0,0,0,0,0,0,0,0,0,0,0,0,0,0,0,0,0,0,0,0,0,0,0,0,0,0,0,0,0,0,0,0,0,0,0,0,0,0,0,0,0,0,0,0,0,480.31333333333333,4,0.0,0.0,0.0,0.0,0.0,0.0,0.0,0.0,0.0,0.6139777425726712,0.0,0.0,0.0,0.0,0.0,0.0,0.6491038588906828,0.0,0.0,0.0,0.0,0.4491052348821946,0.0,54,90,58,32,3,1
35053,5,0,1,6,1,1,1,25326.0,0,0,0,0,0,1371597.733739,,0,1,0,False,15,161,0,0,0,0,0,0,0,0,0,0,0,0,0,0,0,0,0,0,0,0,0,0,0,0,0,0,0,0,0,0,0,0,0,0,0,0,0,0,0,0,0,0,0,0,0,0,0,0,0,0,0,0,0,0,0,0,0,0,0,0,0,0,0,0,0,0,0,0,0,0,0,0,0,0,0,0,0,0,0,0,0,0,0,0,0,0,0,0,0,0,0,0,0,0,0,0,0,0,0,0,0,0,0,0,0,0,0,0,0,0,0,0,0,0,0,0,0,0,0,0,0,0,0,0,0,0,0,0,0,0,0,0,0,0,0,0,0,0,0,0,0,0,0,0,0,0,0,0,0,0,0,0,0,0,173.59222222222223,4,0.1600224271240413,0.16986190182975314,0.0,0.13305647320492645,0.0,0.0,0.0,0.0,0.3392232344720543,0.28491413105813435,0.0,0.13798329401772097,0.0,0.17365233433258506,0.1754139893404749,0.14654135338864585,0.6024285543231436,0.1527604500734081,0.16379348159484167,0.14976944518091773,0.26215263452245574,0.31260846821733457,0.16788430820691577,98,90,50,0,1,1
33027,5,22,32,464,5,2,2,8830156.0,0,1,0,0,0,1382947.469892,,0,32,0,False,15,253,0,0,0,0,0,0,0,0,0,0,0,0,0,0,0,0,0,0,0,0,0,0,0,0,0,0,0,0,0,0,0,0,0,0,0,0,0,0,0,0,0,0,0,0,0,0,0,0,0,0,0,0,0,0,0,0,0,0,0,0,0,0,0,0,0,0,0,0,0,0,0,0,0,0,0,0,0,0,0,0,0,0,0,0,0,0,0,0,0,0,0,0,0,0,0,0,0,0,0,0,0,0,0,0,0,0,0,0,0,0,0,0,0,0,0,0,0,0,0,0,0,0,0,0,0,0,0,0,0,0,0,0,0,0,0,0,0,0,0,0,0,0,0,0,0,0,0,0,0,0,0,0,0,0,2636.8108333333334,4,0.22479460024234282,0.11930839634317351,0.0,0.09345682740011318,0.0,0.0,0.1147471093543189,0.0,0.47653040112277845,0.1000596593641241,0.0,0.09691735082480574,0.0,0.12197073803656377,0.12320809751292189,0.3087852016683679,0.42313658303242313,0.10729659874635486,0.11504603098187309,0.10519576275350653,0.09206599621544376,0.5123332589038755,0.2358387297868077,11,89,19,1,3,1
34537,1,17,27,198,4,4,2,1662.0,0,0,0,0,0,1389965.554088,,0,27,0,False,15,806,0,0,0,0,0,0,0,0,0,0,0,0,0,0,0,0,0,0,0,0,0,0,0,0,0,0,0,0,0,0,0,0,0,0,0,0,0,0,0,0,0,0,0,0,0,0,0,0,0,0,0,0,0,0,0,0,0,0,0,0,0,0,0,0,0,0,0,0,0,0,0,0,0,0,0,0,0,0,0,0,0,0,0,0,0,0,0,0,0,0,0,0,0,0,0,0,0,0,0,0,0,0,0,0,0,0,0,0,0,0,0,0,0,0,0,0,0,0,0,0,0,0,0,0,0,0,0,0,0,0,0,0,0,0,0,0,0,0,0,0,0,0,0,0,0,0,0,0,0,0,0,0,1,1,837.4616666666667,4,0.3008860248751728,0.15969346715280755,0.0,0.2501826401839742,0.0,0.0,0.0,0.0,0.0,0.13392916522006484,0.17050472657640608,0.0,0.0,0.163256993181102,0.49473957096563087,0.0,0.1415913508494362,0.0,0.0,0.0,0.4929188085047192,0.4898246714262141,0.0,121,99,75,2,3,1
35060,1,0,2,2,1,1,1,1642.0,0,0,0,0,0,1399271.573576,,0,2,0,False,15,55,0,0,0,0,0,0,0,0,0,0,0,0,0,0,0,0,0,0,0,0,0,0,0,0,0,0,0,0,0,0,0,0,0,0,0,0,0,0,0,0,0,0,0,0,0,0,0,0,0,0,0,0,0,0,0,0,0,0,0,0,0,0,0,0,0,0,0,0,0,0,0,0,0,0,0,0,0,0,0,0,0,0,0,0,0,0,0,0,0,0,0,0,0,0,0,0,0,0,0,0,0,0,0,0,0,0,0,0,0,0,0,0,0,0,0,0,0,0,0,0,0,0,0,0,0,0,0,0,0,0,0,0,0,0,0,0,0,0,0,0,0,0,0,0,0,0,0,0,0,0,0,0,0,0,169.5536111111111,4,0.0,0.0,0.0,0.0,0.0,0.0,0.0,0.0,0.0,0.44812160713564964,0.0,0.4340486394511294,0.0,0.0,0.0,0.0,0.47375897247548204,0.0,0.0,0.0,0.0,0.32778673504540246,0.528107087754024,97,88,52,14,1,1
34389,17,7,27,96,4,3,2,69968.0,0,0,0,0,0,1407182.545206,,1,27,0,False,15,392,0,0,0,0,0,0,0,0,0,0,0,0,0,0,0,0,0,0,0,0,0,0,0,0,0,0,0,0,0,0,0,0,0,0,0,0,0,0,0,0,0,0,0,0,0,0,0,0,0,0,0,0,0,0,0,0,0,0,0,0,0,0,0,0,0,0,0,0,0,0,0,0,0,0,0,0,0,0,0,0,0,0,0,0,0,0,0,0,0,0,0,0,0,0,0,0,0,0,0,0,0,0,0,0,0,0,0,0,0,0,0,0,0,0,0,0,0,0,0,0,0,0,0,0,0,0,0,0,0,0,0,0,0,0,0,0,0,0,0,0,0,0,0,0,0,0,0,0,0,0,0,0,1,1,1124.2716666666668,4,0.17001951526953682,0.2707105378685772,0.09412526375633205,0.49479120642783675,0.0,0.0,0.0,0.0,0.18020777127819934,0.22703518809771098,0.09634588703716652,0.14660353042890673,0.0,0.18450092427209544,0.0931863176154844,0.07784811891012845,0.3200320499799516,0.08115193020321065,0.0870130794962832,0.07956299916670087,0.13926505380895995,0.5535634513932308,0.17837255199595103,120,89,77,0,3,1
34319,2,8,7,67,2,4,2,2904288.0,0,0,0,0,0,1647561.916784,,0,7,0,False,15,121,0,0,0,0,0,0,0,0,0,0,0,0,0,0,0,0,0,0,0,0,0,0,0,0,0,0,0,0,0,0,0,0,0,0,0,0,0,0,0,0,0,0,0,0,0,0,0,0,0,0,0,0,0,0,0,0,0,0,0,0,0,0,0,0,0,0,0,0,0,0,0,0,0,0,0,0,0,0,0,0,0,0,0,0,0,0,0,0,0,0,0,0,0,0,0,0,0,0,0,0,0,0,0,0,0,0,0,0,0,0,0,0,0,0,0,0,0,0,0,0,0,0,0,0,0,0,0,0,0,0,0,0,0,0,0,0,0,0,0,0,0,0,0,0,0,0,0,0,0,0,0,0,0,0,813.4152777777778,4,0.17982065866519942,0.1908774889751732,0.0,0.14951843364325346,0.0,0.0,0.0,0.0,0.5717887163093138,0.3201641646778866,0.0,0.15505480863521245,0.0,0.195136879871406,0.19711648966456358,0.16467168484833666,0.33848099102115325,0.17166021815741866,0.18405827404817338,0.16829916133866693,0.1472932896277857,0.3512848896835337,0.0,111,97,67,0,1,1
34946,8,0,2,2,1,4,4,57929.0,0,0,0,0,0,1755050.261032,,0,2,0,False,15,292,0,0,0,0,0,0,0,0,0,0,0,0,0,0,0,0,0,0,0,0,0,0,0,0,0,0,0,0,0,0,0,0,0,0,0,0,0,0,0,0,0,0,0,0,0,0,0,0,0,0,0,0,0,0,0,0,0,0,0,0,0,0,0,0,0,0,0,0,0,0,0,0,0,0,0,0,0,0,0,0,0,0,0,0,0,0,0,0,0,0,0,0,0,0,0,0,0,0,0,0,0,0,0,0,0,0,0,0,0,0,0,0,0,0,0,0,0,0,0,0,0,0,0,0,0,0,0,0,0,0,0,0,0,0,0,0,0,0,0,0,0,0,0,0,0,0,0,0,0,0,0,0,0,0,232.09972222222223,4,0.30454815490258064,0.16163712087179896,0.0,0.12661382576391722,0.0,0.0,0.0,0.0,0.3227979103156244,0.2711184753252339,0.0,0.13130208795015794,0.0,0.16524401912277167,0.33384074818670595,0.1394457626768936,0.4299440427907808,0.145363728222551,0.1558625359622625,0.14251754897854274,0.12472954975988773,0.49578640274337754,0.0,90,108,49,0,1,1
34332,14,3,10,252,15,2,1,124375.0,0,0,0,0,0,1767901.582676,,0,10,0,False,15,68,0,0,0,0,0,0,0,0,0,0,0,0,0,0,0,0,0,0,0,0,0,0,0,0,0,0,0,0,0,0,0,0,0,0,0,0,0,0,0,0,0,0,0,0,0,0,0,0,0,0,0,0,0,0,0,0,0,0,0,0,0,0,0,0,0,0,0,0,0,0,0,0,0,0,0,0,0,0,0,0,0,0,0,0,0,0,0,0,0,0,0,0,0,0,0,0,0,0,0,0,0,0,0,0,0,0,0,0,0,0,0,0,0,0,0,0,0,0,0,0,0,0,0,0,0,0,0,0,0,0,0,0,0,0,0,0,0,0,0,0,0,0,0,0,0,0,0,0,0,0,0,0,0,0,171.35416666666666,4,0.0,0.0,0.0,0.0,0.0,0.0,0.0,0.0,0.0,0.5526066697854729,0.0,0.26762620832451545,0.0,0.0,0.3402251061511775,0.0,0.29211085104117085,0.0,0.0,0.0,0.5084594919912326,0.404214242671993,0.0,115,123,72,20,2,1
34157,12,30,141,6251,32,4,0,485.0,0,0,0,0,0,1760039.160131,,0,141,0,False,15,11,0,0,0,0,0,0,0,0,0,0,0,0,0,0,0,0,0,0,0,0,0,0,0,0,0,0,0,0,0,0,0,0,0,0,0,0,0,0,0,0,0,0,0,0,0,0,0,0,0,0,0,0,0,0,0,0,0,0,0,0,0,0,0,0,0,0,0,0,0,0,0,0,0,0,0,0,0,0,0,0,0,0,0,0,0,0,0,0,0,0,0,0,0,0,0,0,0,0,0,0,0,0,0,0,0,0,0,0,0,0,0,0,0,0,0,0,0,0,0,0,0,0,0,0,0,0,0,0,0,0,0,0,0,0,0,0,0,0,0,0,0,0,0,0,0,0,0,0,0,0,0,0,0,0,1269.2283333333332,4,0.657977633292238,0.0,0.0,0.0,0.0,0.0,0.0,0.0,0.0,0.0,0.0,0.0,0.0,0.0,0.0,0.0,0.6192640018107418,0.0,0.0,0.0,0.0,0.42845948483898777,0.0,133,107,75,0,0,1
34915,7,0,4,9,1,1,1,1925.0,0,0,0,0,0,1772915.911908,,0,4,0,False,15,30,0,0,0,0,0,0,0,0,0,0,0,0,0,0,0,0,0,0,0,0,0,0,0,0,0,0,0,0,0,0,0,0,0,0,0,0,0,0,0,0,0,0,0,0,0,0,0,0,0,0,0,0,0,0,0,0,0,0,0,0,0,0,0,0,0,0,0,0,0,0,0,0,0,0,0,0,0,0,0,0,0,0,0,0,0,0,0,0,0,0,0,0,0,0,0,0,0,0,0,0,0,0,0,0,0,0,0,0,0,0,0,0,0,0,0,0,0,0,0,0,0,0,0,0,0,0,0,0,0,0,0,0,0,0,0,0,0,0,0,0,0,0,0,0,0,0,0,0,0,0,0,0,0,0,245.07861111111112,4,0.0,0.0,0.0,0.0,0.0,0.0,0.0,0.0,0.0,0.6139777425726712,0.0,0.0,0.0,0.0,0.0,0.0,0.6491038588906828,0.0,0.0,0.0,0.0,0.4491052348821946,0.0,80,103,66,19,0,1
33125,25,30,47,1909,19,4,3,82621.0,0,0,0,0,0,1818648.712544,,0,47,0,False,15,28,0,0,0,0,0,0,0,0,0,0,0,0,0,0,0,0,0,0,0,0,0,0,0,0,0,0,0,0,0,0,0,0,0,0,0,0,0,0,0,0,0,0,0,0,0,0,0,0,0,0,0,0,0,0,0,0,0,0,0,0,0,0,0,0,0,0,0,0,0,0,0,0,0,0,0,0,0,0,0,0,0,0,0,0,0,0,0,0,0,0,0,0,0,0,0,0,0,0,0,0,0,0,0,0,0,0,0,0,0,0,0,0,0,0,0,0,0,0,0,0,0,0,0,0,0,0,0,0,0,0,0,0,0,0,0,0,0,0,0,0,0,0,0,0,0,0,0,0,0,0,0,0,1,1,2424.5691666666667,4,0.40034375433859504,0.0,0.0,0.0,0.0,0.0,0.0,0.0,0.0,0.0,0.0,0.0,0.0,0.0,0.0,0.0,0.7535772125601812,0.0,0.0,0.0,0.0,0.5213887830324953,0.0,15,101,26,0,0,1
34156,8,7,32,179,4,5,1,161125.0,0,0,0,0,0,1829046.411367,,0,32,0,False,15,167,0,0,0,0,0,0,0,0,0,0,0,0,0,0,0,0,0,0,0,0,0,0,0,0,0,0,0,0,0,0,0,0,0,0,0,0,0,0,0,0,0,0,0,0,0,0,0,0,0,0,0,0,0,0,0,0,0,0,0,0,0,0,0,0,0,0,0,0,0,0,0,0,0,0,0,0,0,0,0,0,0,0,0,0,0,0,0,0,0,0,0,0,0,0,0,0,0,0,0,0,0,0,0,0,0,0,0,0,0,0,0,0,0,0,0,0,0,0,0,0,0,0,0,0,0,0,0,0,0,0,0,0,0,0,0,0,0,0,0,0,0,0,0,0,0,0,0,0,0,0,0,0,0,0,1253.1077777777778,4,0.20321365749536044,0.2157088788135002,0.0,0.16896939422401924,0.0,0.0,0.0,0.0,0.4307820811331503,0.18090727557692898,0.23031238570958884,0.17522600022097842,0.0,0.2205223769351897,0.2227595155902659,0.18609394277805522,0.38251422661135276,0.1939916194121446,0.20800254731160822,0.1901933202942444,0.16645477962304056,0.3969837936605243,0.0,134,105,74,2,0,1
34829,2,3,3,402,1,2,1,2094.0,0,0,0,0,0,1833860.92807,,0,3,0,False,15,17,0,0,0,0,0,0,0,0,0,0,0,0,0,0,0,0,0,0,0,0,0,0,0,0,0,0,0,0,0,0,0,0,0,0,0,0,0,0,0,0,0,0,0,0,0,0,0,0,0,0,0,0,0,0,0,0,0,0,0,0,0,0,0,0,0,0,0,0,0,0,0,0,0,0,0,0,0,0,0,0,0,0,0,0,0,0,0,0,0,0,0,0,0,0,0,0,0,0,0,0,0,0,0,0,0,0,0,0,0,0,0,0,0,0,0,0,0,0,0,0,0,0,0,0,0,0,0,0,0,0,0,0,0,0,0,0,0,0,0,0,0,0,0,0,0,0,0,0,0,0,0,0,0,0,359.5752777777778,4,0.0,0.0,0.0,0.0,0.0,0.0,0.0,0.0,0.0,0.0,0.0,0.0,0.0,0.0,0.0,0.0,0.8223548294979172,0.0,0.0,0.0,0.0,0.5689749857431797,0.0,54,98,57,9,2,1
34972,1,0,2,4,2,2,3,1788.0,0,0,0,0,0,1833936.512697,,0,2,0,False,15,16,0,0,0,0,0,0,0,0,0,0,0,0,0,0,0,0,0,0,0,0,0,0,0,0,0,0,0,0,0,0,0,0,0,0,0,0,0,0,0,0,0,0,0,0,0,0,0,0,0,0,0,0,0,0,0,0,0,0,0,0,0,0,0,0,0,0,0,0,0,0,0,0,0,0,0,0,0,0,0,0,0,0,0,0,0,0,0,0,0,0,0,0,0,0,0,0,0,0,0,0,0,0,0,0,0,0,0,0,0,0,0,0,0,0,0,0,0,0,0,0,0,0,0,0,0,0,0,0,0,0,0,0,0,0,0,0,0,0,0,0,0,0,0,0,0,0,0,0,0,0,0,0,0,0,192.6025,4,0.0,0.0,0.0,0.0,0.0,0.0,0.0,0.0,0.0,0.0,0.0,0.0,0.0,0.0,0.0,0.0,0.8223548294979172,0.0,0.0,0.0,0.0,0.5689749857431797,0.0,95,97,55,21,2,1
34836,15,20,15,634,10,3,1,6028.0,0,0,0,0,0,1833879.638504,,0,15,0,False,15,509,0,0,0,0,0,0,0,0,0,0,0,0,0,0,0,0,0,0,0,0,0,0,0,0,0,0,0,0,0,0,0,0,0,0,0,0,0,0,0,0,0,0,0,0,0,0,0,0,0,0,0,0,0,0,0,0,0,0,0,0,0,0,0,0,0,0,0,0,0,0,0,0,0,0,0,0,0,0,0,0,0,0,0,0,0,0,0,0,0,0,0,0,0,0,0,0,0,0,0,0,0,0,0,0,0,0,0,0,0,0,0,0,0,0,0,0,0,0,0,0,0,0,0,0,0,0,0,0,0,0,0,0,0,0,0,0,0,0,0,0,0,0,0,0,0,0,0,0,0,0,0,0,0,0,185.87416666666667,4,0.12038059608708242,0.12778256999502227,0.0,0.10009482949060673,0.0,0.0,0.0,0.0,0.3827828627484831,0.10716664390993505,0.1364334593436041,0.2076022902844334,0.0,0.13063401108562053,0.131959257076204,0.22047828906705402,0.679786356568804,0.1149176047936914,0.1232174596019691,0.11266755173345207,0.19721042216882542,0.3135559968870453,0.1262948791543463,54,123,56,2,2,1
34896,10,30,20,620,6,2,2,2168.0,0,0,0,0,0,1917987.95089,,0,20,0,False,15,659,0,0,0,0,0,0,0,0,0,0,0,0,0,0,0,0,0,0,0,0,0,0,0,0,0,0,0,0,0,0,0,0,0,0,0,0,0,0,0,0,0,0,0,0,0,0,0,0,0,0,0,0,0,0,0,0,0,0,0,0,0,0,0,0,0,0,0,0,0,0,0,0,0,0,0,0,0,0,0,0,0,0,0,0,0,0,0,0,0,0,0,0,0,0,0,0,0,0,0,0,0,0,0,0,0,0,0,0,0,0,0,0,0,0,0,0,0,0,0,0,0,0,0,0,0,0,0,0,0,0,0,0,0,0,0,0,0,0,0,0,0,0,0,0,0,0,0,0,0,0,0,0,0,0,261.28055555555557,4,0.12428236993362071,0.19788638474221198,0.0,0.2583477535323727,0.0,0.0,0.06344032587176375,0.06354190814979249,0.2634597429525008,0.16596019104263704,0.0,0.16074831915726098,0.20345580291459275,0.20230217766878922,0.13623631828709964,0.2276244276473036,0.5263646853546655,0.05932115612936291,0.06360559091041147,0.058159665258356384,0.45810540684063317,0.28325409749052843,0.13038834664373863,73,102,65,3,5,0
34005,1,0,2,2,1,2,2,5000322.0,0,0,0,0,0,1930229.918917,,0,2,0,False,15,454,0,0,0,0,0,0,0,0,0,0,0,0,0,0,0,0,0,0,0,0,0,0,0,0,0,0,0,0,0,0,0,0,0,0,0,0,0,0,0,0,0,0,0,0,0,0,0,0,0,0,0,0,0,0,0,0,0,0,0,0,0,0,0,0,0,0,0,0,0,0,0,0,0,0,0,0,0,0,0,0,0,0,0,0,0,0,0,0,0,0,0,0,0,0,0,0,0,0,0,0,0,0,0,0,0,0,0,0,0,0,0,0,0,0,0,0,0,0,0,0,0,0,0,0,0,0,0,0,0,0,0,0,0,0,0,0,0,0,0,0,0,0,0,0,0,0,0,0,0,0,0,0,0,0,1388.975,4,0.08016091634808337,0.2552695759216275,0.0,0.26661084973754123,0.0,0.0,0.08183678277164713,0.08196782192862263,0.25489344659885466,0.21408540886991748,0.0,0.20736219581172266,0.0,0.26096586265299376,0.17574219287282464,0.29363107113521203,0.6035557117423471,0.07652313416130106,0.08204997144748874,0.07502483359623226,0.1313215640086183,0.3131933657155166,0.08409921176797704,103,103,127,0,0,1
32306,17,30,13,542,13,4,1,216513.0,0,0,0,0,0,1967757.459646,,0,13,0,False,15,234,0,0,0,0,0,0,0,0,0,0,0,0,0,0,0,0,0,0,0,0,0,0,0,0,0,0,0,0,0,0,0,0,0,0,0,0,0,0,0,0,0,0,0,0,0,0,0,0,0,0,0,0,0,0,0,0,0,0,0,0,0,0,0,0,0,0,0,0,0,0,0,0,0,0,0,0,0,0,0,0,0,0,0,0,0,0,0,0,0,0,0,0,0,0,0,0,0,0,0,0,0,0,0,0,0,0,0,0,0,0,0,0,0,0,0,0,0,0,0,0,0,0,0,0,0,0,0,0,0,0,0,0,0,0,0,0,0,0,0,0,0,0,0,0,0,0,0,0,0,0,0,0,0,0,374.74194444444447,4,0.4937527526862095,0.0,0.0,0.410548703006025,0.0,0.0,0.0,0.0,0.0,0.0,0.0,0.0,0.0,0.0,0.0,0.0,0.46470167079027147,0.0,0.0,0.0,0.0,0.32152012370883293,0.518010761364905,4,2,3,0,0,1
34454,4,0,3,14,2,1,1,621929.0,0,0,0,0,0,2008616.96174,,0,3,0,False,15,160,0,0,0,0,0,0,0,0,0,0,0,0,0,0,0,0,0,0,0,0,0,0,0,0,0,0,0,0,0,0,0,0,0,0,0,0,0,0,0,0,0,0,0,0,0,0,0,0,0,0,0,0,0,0,0,0,0,0,0,0,0,0,0,0,0,0,0,0,0,0,0,0,0,0,0,0,0,0,0,0,0,0,0,0,0,0,0,0,0,0,0,0,0,0,0,0,0,0,0,0,0,0,0,0,0,0,0,0,0,0,0,0,0,0,0,0,0,0,0,0,0,0,0,0,0,0,0,0,0,0,0,0,0,0,0,0,0,0,0,0,0,0,0,0,0,0,0,0,0,0,0,0,1,1,874.6225,4,0.0,0.30271180753025223,0.0,0.3556809832598563,0.0,0.0,0.14556940645487454,0.14580249592463654,0.0,0.2538735015753013,0.0,0.2459007693375904,0.0,0.3094667576508724,0.15630310625088775,0.2611521329053925,0.5367955810649377,0.0,0.0,0.0,0.0,0.37140082009355846,0.0,121,114,88,0,0,1
34548,1,0,8,474,5,1,1,1570.0,0,0,0,0,0,2015820.326133,,0,8,0,False,15,29,0,0,0,0,0,0,0,0,0,0,0,0,0,0,0,0,0,0,0,0,0,0,0,0,0,0,0,0,0,0,0,0,0,0,0,0,0,0,0,0,0,0,0,0,0,0,0,0,0,0,0,0,0,0,0,0,0,0,0,0,0,0,0,0,0,0,0,0,0,0,0,0,0,0,0,0,0,0,0,0,0,0,0,0,0,0,0,0,0,0,0,0,0,0,0,0,0,0,0,0,0,0,0,0,0,0,0,0,0,0,0,0,0,0,0,0,0,0,0,0,0,0,0,0,0,0,0,0,0,0,0,0,0,0,0,0,0,0,0,0,0,0,0,0,0,0,0,0,0,0,0,0,0,0,783.0033333333333,4,0.657977633292238,0.0,0.0,0.0,0.0,0.0,0.0,0.0,0.0,0.0,0.0,0.0,0.0,0.0,0.0,0.0,0.6192640018107418,0.0,0.0,0.0,0.0,0.42845948483898777,0.0,123,115,73,2,3,1
33049,3,0,5,145,2,2,2,7519725.0,0,0,0,0,0,2055638.551867,,0,5,0,False,15,253,0,0,0,0,0,0,0,0,0,0,0,0,0,0,0,0,0,0,0,0,0,0,0,0,0,0,0,0,0,0,0,0,0,0,0,0,0,0,0,0,0,0,0,0,0,0,0,0,0,0,0,0,0,0,0,0,0,0,0,0,0,0,0,0,0,0,0,0,0,0,0,0,0,0,0,0,0,0,0,0,0,0,0,0,0,0,0,0,0,0,0,0,0,0,0,0,0,0,0,0,0,0,0,0,0,0,0,0,0,0,0,0,0,0,0,0,0,0,0,0,0,0,0,0,0,0,0,0,0,0,0,0,0,0,0,0,0,0,0,0,0,0,0,0,0,0,0,0,0,0,0,0,0,0,2447.3044444444445,4,0.22479460024234282,0.11930839634317351,0.0,0.09345682740011318,0.0,0.0,0.1147471093543189,0.0,0.47653040112277845,0.1000596593641241,0.0,0.09691735082480574,0.0,0.12197073803656377,0.12320809751292189,0.3087852016683679,0.42313658303242313,0.10729659874635486,0.11504603098187309,0.10519576275350653,0.09206599621544376,0.5123332589038755,0.2358387297868077,14,118,22,4,3,1
34923,7,13,25,111,6,4,1,1696.0,0,0,0,0,0,2022683.624141,,0,25,0,False,15,103,0,0,0,0,0,0,0,0,0,0,0,0,0,0,0,0,0,0,0,0,0,0,0,0,0,0,0,0,0,0,0,0,0,0,0,0,0,0,0,0,0,0,0,0,0,0,0,0,0,0,0,0,0,0,0,0,0,0,0,0,0,0,0,0,0,0,0,0,0,0,0,0,0,0,0,0,0,0,0,0,0,0,0,0,0,0,0,0,0,0,0,0,0,0,0,0,0,0,0,0,0,0,0,0,0,0,0,0,0,0,0,0,0,0,0,0,0,0,0,0,0,0,0,0,0,0,0,0,0,0,0,0,0,0,0,0,0,0,0,0,0,0,0,0,0,0,0,0,0,0,0,0,0,0,186.38083333333333,4,0.0,0.0,0.0,0.0,0.0,0.0,0.0,0.0,0.0,0.0,0.0,0.0,0.0,0.41073474353130723,0.0,0.0,0.35622662186900117,0.0,0.0,0.0,0.0,0.739403587705577,0.39709180149707457,83,119,60,11,0,1
34908,6,5,9,35,2,3,2,24115.0,0,0,0,0,0,2075357.94167,,0,9,0,False,15,324,0,0,0,0,0,0,0,0,0,0,0,0,0,0,0,0,0,0,0,0,0,0,0,0,0,0,0,0,0,0,0,0,0,0,0,0,0,0,0,0,0,0,0,0,0,0,0,0,0,0,0,0,0,0,0,0,0,0,0,0,0,0,0,0,0,0,0,0,0,0,0,0,0,0,0,0,0,0,0,0,0,0,0,0,0,0,0,0,0,0,0,0,0,0,0,0,0,0,0,0,0,0,0,0,0,0,0,0,0,0,0,0,0,0,0,0,0,0,0,0,0,0,0,0,0,0,0,0,0,0,0,0,0,0,0,0,0,0,0,0,0,0,0,0,0,0,0,0,0,0,0,0,0,0,179.2902777777778,4,0.13269839615696175,0.14085776816462947,0.0,0.11033691283103186,0.0,0.0,0.13547262575302263,0.0,0.4219506599414879,0.11813234217651958,0.0,0.11442247278509876,0.0,0.1440009795438515,0.14546182974047833,0.2430384654804723,0.6244538999514095,0.12667641083361258,0.1358255383275267,0.12419612379345012,0.2173897420171407,0.34564023808462463,0.1392178511435151,75,120,67,1,0,1
34776,2,0,5,7,1,1,1,1202312.0,0,0,0,0,0,2075499.242541,,0,5,0,False,15,41,0,0,0,0,0,0,0,0,0,0,0,0,0,0,0,0,0,0,0,0,0,0,0,0,0,0,0,0,0,0,0,0,0,0,0,0,0,0,0,0,0,0,0,0,0,0,0,0,0,0,0,0,0,0,0,0,0,0,0,0,0,0,0,0,0,0,0,0,0,0,0,0,0,0,0,0,0,0,0,0,0,0,0,0,0,0,0,0,0,0,0,0,0,0,0,0,0,0,0,0,0,0,0,0,0,0,0,0,0,0,0,0,0,0,0,0,0,0,0,0,0,0,0,0,0,0,0,0,0,0,0,0,0,0,0,0,0,0,0,0,0,0,0,0,0,0,0,0,0,0,0,0,0,0,344.66305555555556,4,0.7643923955643267,0.0,0.0,0.0,0.0,0.0,0.0,0.0,0.0,0.34024323821941377,0.0,0.32955812056364114,0.0,0.0,0.0,0.0,0.35970880306551645,0.0,0.0,0.0,0.0,0.248877131567228,0.0,37,119,78,4,0,1
34889,10,9,3,76,5,5,3,2271.0,0,0,0,0,0,2089408.695154,,0,3,0,False,15,40,1,0,0,0,0,0,0,0,0,0,0,0,0,0,0,0,0,0,0,0,0,0,0,0,0,0,0,0,0,0,0,0,0,0,0,0,0,0,0,0,0,0,0,0,0,0,0,0,0,0,0,0,0,0,0,0,0,0,0,0,0,0,0,0,0,0,0,0,0,0,0,0,0,0,0,0,0,0,0,0,0,0,0,0,0,0,0,0,0,0,0,0,0,0,0,0,0,0,0,0,0,0,0,0,0,0,0,0,0,0,0,0,0,0,0,0,0,0,0,0,0,0,0,0,0,0,0,0,0,0,0,0,0,0,0,0,0,0,0,0,0,0,0,0,0,0,0,0,0,0,0,0,0,1,231.48638888888888,4,0.0,0.0,0.0,0.0,0.0,0.0,0.0,0.0,0.0,0.6470032568936306,0.0,0.0,0.0,0.0,0.0,0.0,0.0,0.0,0.0,0.0,0.0,0.0,0.7624872363318843,69,124,61,2,4,1
32830,19,30,3,377,10,5,2,2251.0,0,1,0,0,0,2271644.197849,,1,3,0,False,15,237,0,0,0,0,0,0,0,0,0,0,0,0,0,0,0,0,0,0,0,0,0,0,0,0,0,0,0,0,0,0,0,0,0,0,0,0,0,0,0,0,0,0,0,0,0,0,0,0,0,0,0,0,0,0,0,0,0,0,0,0,0,0,0,0,0,0,0,0,0,0,0,0,0,0,0,0,0,0,0,0,0,0,0,0,0,0,0,0,0,0,0,0,0,0,0,0,0,0,0,0,0,0,0,0,0,0,0,0,0,0,0,0,0,0,0,0,0,0,0,0,0,0,0,0,0,0,0,0,0,0,0,0,0,0,0,0,0,0,0,0,0,0,0,0,0,0,0,0,0,0,0,0,0,0,638.2930555555556,4,0.0,0.14307951396095106,0.0,0.11207725399542498,0.0,0.0,0.0,0.0,0.28573738424976053,0.0,0.0,0.11622725537698175,0.0,0.1462723031288867,0.29551239055290485,0.0,0.5074427156428775,0.12867447446141153,0.13796791089770402,0.12615506592034106,0.5520465614568694,0.2633190092116294,0.2828274611453634,12,1,14,0,3,1
34587,1,16,6,166,2,4,2,2215588.0,0,0,0,0,0,2362440.709489,,0,6,0,False,15,17,0,0,0,0,0,0,0,0,0,0,0,0,0,0,0,0,0,0,0,0,0,0,0,0,0,0,0,0,0,0,0,0,0,0,0,0,0,0,0,0,0,0,0,0,0,0,0,0,0,0,0,0,0,0,0,0,0,0,0,0,0,0,0,0,0,0,0,0,0,0,0,0,0,0,0,0,0,0,0,0,0,0,0,0,0,0,0,0,0,0,0,0,0,0,0,0,0,0,0,0,0,0,0,0,0,0,0,0,0,0,0,0,0,0,0,0,0,0,0,0,0,0,0,0,0,0,0,0,0,0,0,0,0,0,0,0,0,0,0,0,0,0,0,0,0,0,0,0,0,0,0,0,0,0,615.4452777777777,4,0.4890349778034709,0.0,0.5414736796402476,0.0,0.0,0.0,0.0,0.0,0.0,0.0,0.5542482420795201,0.0,0.0,0.0,0.0,0.0,0.0,0.0,0.0,0.0,0.40057450105239,0.0,0.0,125,127,79,3,6,0
33023,3,13,15,356,2,2,2,7519998.0,0,1,0,0,0,2390045.866905,,0,15,0,False,15,253,0,0,0,0,0,0,0,0,0,0,0,0,0,0,0,0,0,0,0,0,0,0,0,0,0,0,0,0,0,0,0,0,0,0,0,0,0,0,0,0,0,0,0,0,0,0,0,0,0,0,0,0,0,0,0,0,0,0,0,0,0,0,0,0,0,0,0,0,0,0,0,0,0,0,0,0,0,0,0,0,0,0,0,0,0,0,0,0,0,0,0,0,0,0,0,0,0,0,0,0,0,0,0,0,0,0,0,0,0,0,0,0,0,0,0,0,0,0,0,0,0,0,0,0,0,0,0,0,0,0,0,0,0,0,0,0,0,0,0,0,0,0,0,0,0,0,0,0,0,0,0,0,0,0,2301.0625,4,0.22479460024234282,0.11930839634317351,0.0,0.09345682740011318,0.0,0.0,0.1147471093543189,0.0,0.47653040112277845,0.1000596593641241,0.0,0.09691735082480574,0.0,0.12197073803656377,0.12320809751292189,0.3087852016683679,0.42313658303242313,0.10729659874635486,0.11504603098187309,0.10519576275350653,0.09206599621544376,0.5123332589038755,0.2358387297868077,10,106,18,0,3,1
33079,5,24,26,333,3,2,1,6897016.0,0,1,0,0,0,2390048.88337,,0,26,0,False,15,253,0,0,0,0,0,0,0,0,0,0,0,0,0,0,0,0,0,0,0,0,0,0,0,0,0,0,0,0,0,0,0,0,0,0,0,0,0,0,0,0,0,0,0,0,0,0,0,0,0,0,0,0,0,0,0,0,0,0,0,0,0,0,0,0,0,0,0,0,0,0,0,0,0,0,0,0,0,0,0,0,0,0,0,0,0,0,0,0,0,0,0,0,0,0,0,0,0,0,0,0,0,0,0,0,0,0,0,0,0,0,0,0,0,0,0,0,0,0,0,0,0,0,0,0,0,0,0,0,0,0,0,0,0,0,0,0,0,0,0,0,0,0,0,0,0,0,0,0,0,0,0,0,0,0,1942.2716666666668,4,0.22479460024234282,0.11930839634317351,0.0,0.09345682740011318,0.0,0.0,0.1147471093543189,0.0,0.47653040112277845,0.1000596593641241,0.0,0.09691735082480574,0.0,0.12197073803656377,0.12320809751292189,0.3087852016683679,0.42313658303242313,0.10729659874635486,0.11504603098187309,0.10519576275350653,0.09206599621544376,0.5123332589038755,0.2358387297868077,15,78,23,5,3,1
34742,10,5,9,10,1,3,1,6062.0,0,0,0,0,0,2438106.161367,,0,9,0,False,15,712,0,0,0,0,0,0,0,0,0,0,0,0,0,0,0,0,0,0,0,0,0,0,0,0,0,0,0,0,0,0,0,0,0,0,0,0,0,0,0,0,0,0,0,0,0,0,0,0,0,0,0,0,0,0,0,0,0,0,0,0,0,0,0,0,0,0,0,0,0,0,0,0,0,0,0,0,0,0,0,0,0,0,0,0,0,0,0,0,0,0,0,0,0,0,0,0,0,0,0,0,0,0,0,0,0,0,0,0,0,0,0,0,0,0,0,0,0,0,0,0,0,0,0,0,0,0,0,0,0,0,0,0,0,0,0,0,0,0,0,0,0,0,0,0,0,0,0,0,0,0,0,0,0,0,241.1327777777778,4,0.07785801361963363,0.24793606440926594,0.0,0.2589515204625514,0.0,0.0,0.0794857349179273,0.07961300951673805,0.2475707407170063,0.20793505662011313,0.0,0.13426999425006994,0.0,0.2534687053784164,0.17069338362876407,0.35649436435333925,0.5862164626585745,0.074324739451286,0.07969279900331216,0.07286948281106896,0.1275488927139623,0.35489508917497203,0.08168316772726321,41,77,77,0,4,1
34520,8,13,20,48,4,4,2,605792.0,0,0,0,0,0,2441221.742783,,0,20,0,False,15,69,0,0,0,0,0,0,0,0,0,0,0,0,0,0,0,0,0,0,0,0,0,0,0,0,0,0,0,0,0,0,0,0,0,0,0,0,0,0,0,0,0,0,0,0,0,0,0,0,0,0,0,0,0,0,0,0,0,0,0,0,0,0,0,0,0,0,0,0,0,0,0,0,0,0,0,0,0,0,0,0,0,0,0,0,0,0,0,0,0,0,0,0,0,0,0,0,0,0,0,0,0,0,0,0,0,0,0,0,0,0,0,0,0,0,0,0,0,0,0,0,0,0,0,0,0,0,0,0,0,0,0,0,0,0,0,0,0,0,0,0,0,0,0,0,0,0,0,0,0,0,0,0,0,0,690.3711111111111,4,0.0,0.0,0.0,0.0,0.0,0.0,0.0,0.0,0.0,0.0,0.0,0.0,0.0,0.0,0.0,0.0,0.393777727576851,0.0,0.0,0.0,0.0,0.27244891000495786,0.8779013000910305,124,120,72,0,2,1
34823,6,7,8,28,3,3,2,2096.0,0,0,0,0,0,2441273.822327,,0,8,0,False,15,244,0,0,0,0,0,0,0,0,0,0,0,0,0,0,0,0,0,0,0,0,0,0,0,0,0,0,0,0,0,0,0,0,0,0,0,0,0,0,0,0,0,0,0,0,0,0,0,0,0,0,0,0,0,0,0,0,0,0,0,0,0,0,0,0,0,0,0,0,0,0,0,0,0,0,0,0,0,0,0,0,0,0,0,0,0,0,0,0,0,0,0,0,0,0,0,0,0,0,0,0,0,0,0,0,0,0,0,0,0,0,0,0,0,0,0,0,0,0,0,0,0,0,0,0,0,0,0,0,0,0,0,0,0,0,0,0,0,0,0,0,0,0,0,0,0,0,0,0,0,0,0,0,0,0,196.8238888888889,4,0.13715654391366638,0.29118007789635947,0.0,0.22808760419541602,0.0,0.0,0.0,0.0,0.2907510359115921,0.122101127418246,0.0,0.11826662090698037,0.0,0.2976776999030981,0.15034877900832483,0.12560180427483514,0.38725986702704723,0.26186448681376184,0.14038874584573827,0.25673725682162013,0.11234659408425077,0.5358785998864933,0.0,53,119,59,0,2,1
34568,0,0,1,4,1,2,2,,0,0,0,0,0,2442253.498048,,0,1,0,False,15,132,1,0,0,0,0,0,0,0,0,0,0,0,0,0,0,0,0,0,0,0,0,0,0,0,0,0,0,0,0,0,0,0,0,0,0,0,0,0,0,0,0,0,0,0,0,0,0,0,0,0,0,0,0,0,0,0,0,0,0,0,0,0,0,0,0,0,0,0,0,0,0,0,0,0,0,0,0,0,0,0,0,0,0,0,0,0,0,0,0,0,0,0,0,0,0,0,0,0,0,0,0,0,0,0,0,0,0,0,0,0,0,0,0,0,0,0,0,0,0,0,0,0,0,0,0,0,0,0,0,0,0,0,0,0,0,0,0,0,0,0,0,0,0,0,0,0,0,0,0,0,0,0,0,1,642.8986111111111,4,0.16956495721157305,0.17999118394393665,0.0,0.2819819145503582,0.0,0.0,0.0,0.0,0.35945194853117945,0.3019042599847362,0.0,0.14621157650540126,0.0,0.18400764924012816,0.18587435605993438,0.1552799739614661,0.4787646357109598,0.16186993064565589,0.17356088891612168,0.15870056479032107,0.13889271977247444,0.44166677125541526,0.0,124,118,75,0,4,1
34509,6,0,2,51,2,2,1,1751.0,0,0,0,0,0,2445262.924009,,0,2,0,False,15,136,0,0,0,0,0,0,0,0,0,0,0,0,0,0,0,0,0,0,0,0,0,0,0,0,0,0,0,0,0,0,0,0,0,0,0,0,0,0,0,0,0,0,0,0,0,0,0,0,0,0,0,0,0,0,0,0,0,0,0,0,0,0,0,0,0,0,0,0,0,0,0,0,0,0,0,0,0,0,0,0,0,0,0,0,0,0,0,0,0,0,0,0,0,0,0,0,0,0,0,0,0,0,0,0,0,0,0,0,0,0,0,0,0,0,0,0,0,0,0,0,0,0,0,0,0,0,0,0,0,0,0,0,0,0,0,0,0,0,0,0,0,0,0,0,0,0,0,0,0,0,0,0,0,0,695.6102777777778,4,0.18805495403576292,0.19961809550770412,0.0,0.15636513832725102,0.0,0.0,0.0,0.0,0.39864793274917765,0.3348250291113548,0.0,0.16215503339473633,0.0,0.2040725311946668,0.2061427907044716,0.17221228281007667,0.3539806142461938,0.17952083300654614,0.1924866170714886,0.17600586765020879,0.1540381011633463,0.48982776708943804,0.0,120,116,70,2,2,1
33957,19,0,33,162,4,2,1,1497.0,0,0,0,0,0,2528863.287368,,1,33,0,False,15,316,0,0,0,0,0,0,0,0,0,0,0,0,0,0,0,0,0,0,0,0,0,0,0,0,0,0,0,0,0,0,0,0,0,0,0,0,0,0,0,0,0,0,0,0,0,0,0,0,0,0,0,0,0,0,0,0,0,0,0,0,0,0,0,0,0,0,0,0,0,0,0,0,0,0,0,0,0,0,0,0,0,0,0,0,0,0,0,0,0,0,0,0,0,0,0,0,0,0,0,0,0,0,0,0,0,0,0,0,0,0,0,0,0,0,0,0,0,0,0,0,0,0,0,0,0,0,0,0,0,0,0,0,0,0,0,0,0,0,0,0,0,0,0,0,0,0,0,0,0,0,0,0,0,0,1268.5277777777778,4,0.5871040117008409,0.1558009801996058,0.0,0.0,0.0,0.0,0.0,0.0,0.0,0.0,0.0,0.12656123726130175,0.0,0.31855529240550867,0.4826804218999173,0.0,0.13814009829857096,0.0,0.0,0.0,0.36067803003975396,0.1911541287061656,0.307974177811644,85,103,122,4,4,1
34629,6,22,28,108,4,3,1,1188416.0,0,0,0,0,0,2613695.721659,,0,28,0,False,15,51,0,0,0,0,0,0,0,0,0,0,0,0,0,0,0,0,0,0,0,0,0,0,0,0,0,0,0,0,0,0,0,0,0,0,0,0,0,0,0,0,0,0,0,0,0,0,0,0,0,0,0,0,0,0,0,0,0,0,0,0,0,0,0,0,0,0,0,0,0,0,0,0,0,0,0,0,0,0,0,0,0,0,0,0,0,0,0,0,0,0,0,0,0,0,0,0,0,0,0,0,0,0,0,0,0,0,0,0,0,0,0,0,0,0,0,0,0,0,0,0,0,0,0,0,0,0,0,0,0,0,0,0,0,0,0,0,0,0,0,0,0,0,0,0,0,0,0,0,0,0,0,0,0,0,477.33416666666665,4,0.0,0.0,0.0,0.0,0.0,0.0,0.0,0.0,0.0,0.0,0.0,0.0,0.0,0.0,0.29202350435061003,0.0,0.752177598045727,0.0,0.0,0.0,0.0,0.5204204107194225,0.279488336092184,104,102,67,0,2,1
34111,5,30,43,478,1,3,3,162529.0,0,0,0,0,0,2623765.16237,,0,43,0,False,15,663,0,0,0,0,0,0,0,0,0,0,0,0,0,0,0,0,0,0,0,0,0,0,0,0,0,0,0,0,0,0,0,0,0,0,0,0,0,0,0,0,0,0,0,0,0,0,0,0,0,0,0,0,0,0,0,0,0,0,0,0,0,0,0,0,0,0,0,0,0,0,0,0,0,0,0,0,0,0,0,0,0,0,0,0,0,0,0,0,0,0,0,0,0,0,0,0,0,0,0,0,0,0,0,0,0,0,0,0,0,0,0,0,0,0,0,0,0,0,0,0,0,0,0,0,0,0,0,0,0,0,0,0,0,0,0,0,0,0,0,0,0,0,0,0,0,0,0,0,0,0,0,0,1,1,1073.4247222222223,4,0.10669090561617241,0.0,0.0,0.0,0.0,0.11909595635261018,0.0,0.0,0.0,0.09497964507773149,0.12091823605181776,0.0,0.0,0.0,0.0,0.0,0.20082700026776878,0.0,0.0,0.0,0.6991345523133674,0.5557967705204008,0.33579784790021056,137,100,69,0,5,0
33889,15,1,14,21,2,2,2,155907.0,0,0,0,0,0,2628661.091415,,0,14,0,False,15,633,0,0,0,0,0,0,0,0,0,0,0,0,0,0,0,0,0,0,0,0,0,0,0,0,0,0,0,0,0,0,0,0,0,0,0,0,0,0,0,0,0,0,0,0,0,0,0,0,0,0,0,0,0,0,0,0,0,0,0,0,0,0,0,0,0,0,0,0,0,0,0,0,0,0,0,0,0,0,0,0,0,0,0,0,0,0,0,0,0,0,0,0,0,0,0,0,0,0,0,0,0,0,0,0,0,0,0,0,0,0,0,0,0,0,0,0,0,0,0,0,0,0,0,0,0,0,0,0,0,0,0,0,0,0,0,0,0,0,0,0,0,0,0,0,0,0,0,0,0,0,0,0,0,0,1292.4941666666666,4,0.07228023036413003,0.30689841705317417,0.0,0.24040011659705407,0.0,0.0,0.07379134097355354,0.07390949756262974,0.22983466105191047,0.1286923301751618,0.1638377311838061,0.12465083122719332,0.0,0.23531009286152343,0.15846483254240962,0.264763957681814,0.54421965054503,0.06900008155278925,0.07398357089435365,0.06764908015545469,0.11841123244030544,0.47067177817127565,0.15166269740818591,77,83,114,0,2,1
34633,2,0,3,3,1,1,1,1617648.0,0,0,0,0,0,2683788.395274,,0,3,0,False,15,531,0,0,0,0,0,0,0,0,0,0,0,0,0,0,0,0,0,0,0,0,0,0,0,0,0,0,0,0,0,0,0,0,0,0,0,0,0,0,0,0,0,0,0,0,0,0,0,0,0,0,0,0,0,0,0,0,0,0,0,0,0,0,0,0,0,0,0,0,0,0,0,0,0,0,0,0,0,0,0,0,0,0,0,0,0,0,0,0,0,0,0,0,0,0,0,0,0,0,0,0,0,0,0,0,0,0,0,0,0,0,0,0,0,0,0,0,0,0,0,0,0,0,0,0,0,0,0,0,0,0,0,0,0,0,0,0,0,0,0,0,0,0,0,0,0,0,0,0,0,0,0,0,0,0,449.3516666666667,4,0.06791128286131427,0.21626105546279573,0.0,0.22586923472531423,0.0,0.0,0.06933105503849621,0.06944206970325664,0.2159424036060686,0.24182715502091778,0.0,0.2927909130796307,0.0,0.2210868752899192,0.14888649375001067,0.24876041389228526,0.6391556591729944,0.06482940123708643,0.06951166570423563,0.0635600605393851,0.11125391631569964,0.35377777963574125,0.07124775537730257,101,98,69,0,3,1
34247,1,4,12,18,1,2,0,1117510.0,0,0,0,0,0,2690703.401032,,1,12,0,False,15,132,0,0,0,0,0,0,0,0,0,0,0,0,0,0,0,0,0,0,0,0,0,0,0,0,0,0,0,0,0,0,0,0,0,0,0,0,0,0,0,0,0,0,0,0,0,0,0,0,0,0,0,0,0,0,0,0,0,0,0,0,0,0,0,0,0,0,0,0,0,0,0,0,0,0,0,0,0,0,0,0,0,0,0,0,0,0,0,0,0,0,0,0,0,0,0,0,0,0,0,0,0,0,0,0,0,0,0,0,0,0,0,0,0,0,0,0,0,0,0,0,0,0,0,0,0,0,0,0,0,0,0,0,0,0,0,0,0,0,0,0,0,0,0,0,0,0,0,0,0,0,0,0,0,0,842.9402777777777,4,0.4849084277908773,0.0,0.0,0.0,0.0,0.0,0.0,0.0,0.0,0.0,0.0,0.0,0.0,0.0,0.0,0.0,0.4563777221469212,0.0,0.0,0.0,0.39719439372389803,0.6315218167091873,0.0,128,74,77,15,4,1
34569,3,0,2,8,1,1,1,842291.0,0,0,0,0,0,2701191.55132,,0,2,0,False,15,487,0,0,0,0,0,0,0,0,0,0,0,0,0,0,0,0,0,0,0,0,0,0,0,0,0,0,0,0,0,0,0,0,0,0,0,0,0,0,0,0,0,0,0,0,0,0,0,0,0,0,0,0,0,0,0,0,0,0,0,0,0,0,0,0,0,0,0,0,0,0,0,0,0,0,0,0,0,0,0,0,0,0,0,0,0,0,0,0,0,0,0,0,0,0,0,0,0,0,0,0,0,0,0,0,0,0,0,0,0,0,0,0,0,0,0,0,0,0,0,0,0,0,0,0,0,0,0,0,0,0,0,0,0,0,0,0,0,0,0,0,0,0,0,0,0,0,0,0,0,0,0,0,0,0,565.9502777777777,4,0.16358127280896187,0.2604593612511901,0.0,0.3400390125545003,0.0,0.0,0.08350057420904619,0.0836342774715737,0.2600755849911185,0.21843789510026881,0.09269749302874304,0.14105199669478666,0.0,0.26627145694727417,0.17931513826227663,0.29960076893323373,0.46186977411729335,0.0780788958990978,0.08371809713999172,0.07655013397464533,0.13399141106691556,0.42608103577225676,0.08580899975930126,123,87,76,0,4,1
34184,30,30,26,449,18,3,2,179.0,0,0,0,0,0,2697871.359072,,0,26,0,False,15,542,0,0,0,0,0,0,0,0,0,0,0,0,0,0,0,0,0,0,0,0,0,0,0,0,0,0,0,0,0,0,0,0,0,0,0,0,0,0,0,0,0,0,0,0,0,0,0,0,0,0,0,0,0,0,0,0,0,0,0,0,0,0,0,0,0,0,0,0,0,0,0,0,0,0,0,0,0,0,0,0,0,0,0,0,0,0,0,0,0,0,0,0,0,0,0,0,0,0,0,0,0,0,0,0,0,0,0,0,0,0,0,0,0,0,0,0,0,0,0,0,0,0,0,0,0,0,0,0,0,0,0,0,0,0,0,0,0,0,0,0,0,0,0,0,0,0,0,0,0,0,0,0,0,0,811.2897222222222,4,0.06955207765476673,0.22148610789708015,0.0,0.23132642900472758,0.0,0.0,0.07100615274448481,0.0711198496186847,0.14743983809227462,0.12383495316525288,0.0,0.11994599698380914,0.0,0.37738087277820465,0.1524837190337576,0.25477067867796277,0.5891383868857321,0.06639573512934524,0.07119112711869063,0.0650957260725708,0.1709128594166431,0.4529066924712162,0.07296916220607633,135,45,73,0,1,1
33269,5,0,1,4,1,1,1,5333949.0,0,0,0,0,0,2704880.376288,,0,1,0,False,15,160,0,0,0,0,0,0,0,0,0,0,0,0,0,0,0,0,0,0,0,0,0,0,0,0,0,0,0,0,0,0,0,0,0,0,0,0,0,0,0,0,0,0,0,0,0,0,0,0,0,0,0,0,0,0,0,0,0,0,0,0,0,0,0,0,0,0,0,0,0,0,0,0,0,0,0,0,0,0,0,0,0,0,0,0,0,0,0,0,0,0,0,0,0,0,0,0,0,0,0,0,0,0,0,0,0,0,0,0,0,0,0,0,0,0,0,0,0,0,0,0,0,0,0,0,0,0,0,0,0,0,0,0,0,0,0,0,0,0,0,0,0,0,0,0,0,0,0,0,0,0,0,0,0,0,2008.4030555555555,4,0.19055692303307378,0.20227390582029783,0.0,0.15844549154294246,0.0,0.0,0.0,0.0,0.40395172691772074,0.3392796942205814,0.0,0.32862483603755516,0.0,0.20678760535407828,0.20888540854193444,0.17450347367370583,0.3586901340088299,0.1819092601599642,0.1950475469378644,0.1783475300991644,0.1560874944138003,0.3722584945634045,0.0,17,84,32,0,0,1
34554,2,0,2,4,1,2,2,40700.0,0,0,0,0,0,2713534.509189,,1,2,0,False,15,454,0,0,0,0,0,0,0,0,0,0,0,0,0,0,0,0,0,0,0,0,0,0,0,0,0,0,0,0,0,0,0,0,0,0,0,0,0,0,0,0,0,0,0,0,0,0,0,0,0,0,0,0,0,0,0,0,0,0,0,0,0,0,0,0,0,0,0,0,0,0,0,0,0,0,0,0,0,0,0,0,0,0,0,0,0,0,0,0,0,0,0,0,0,0,0,0,0,0,0,0,0,0,0,0,0,0,0,0,0,0,0,0,0,0,0,0,0,0,0,0,0,0,0,0,0,0,0,0,0,0,0,0,0,0,0,0,0,0,0,0,0,0,0,0,0,0,0,0,0,0,0,0,0,0,583.82,4,0.0787692449275386,0.250837847973283,0.0,0.26198222625255335,0.0,0.0,0.08041601668112383,0.08054478087097018,0.2504682486211339,0.28049157078762155,0.0,0.20376218654586697,0.0,0.2564352416304627,0.17269113759118396,0.28853335034434197,0.5930773979579705,0.07519461817527663,0.0806255041943432,0.07372232956429702,0.12904169401887855,0.3077560244770774,0.08263916771110001,126,82,74,2,4,1
34274,1,18,15,121,7,3,1,348264.0,0,0,0,0,0,2718078.260012,,1,15,0,False,15,35,0,0,0,0,0,0,0,0,0,0,0,0,0,0,0,0,0,0,0,0,0,0,0,0,0,0,0,0,0,0,0,0,0,0,0,0,0,0,0,0,0,0,0,0,0,0,0,0,0,0,0,0,0,0,0,0,0,0,0,0,0,0,0,0,0,0,0,0,0,0,0,0,0,0,0,0,0,0,0,0,0,0,0,0,0,0,0,0,0,0,0,0,0,0,0,0,0,0,0,0,0,0,0,0,0,0,0,0,0,0,0,0,0,0,0,0,0,0,0,0,0,0,0,0,0,0,0,0,0,0,0,0,0,0,0,0,0,0,0,0,0,0,0,0,0,0,0,0,0,0,0,0,0,0,840.9352777777777,4,0.0,0.0,0.0,0.0,0.0,0.0,0.0,0.0,0.0,0.6139777425726712,0.0,0.0,0.0,0.0,0.0,0.0,0.6491038588906828,0.0,0.0,0.0,0.0,0.4491052348821946,0.0,108,79,76,18,0,1
34632,9,22,1,22,1,6,4,598722.0,0,0,0,0,0,2718542.891463,,0,1,0,False,15,86,0,0,0,0,0,0,0,0,0,0,0,0,0,0,0,0,0,0,0,0,0,0,0,0,0,0,0,0,0,0,0,0,0,0,0,0,0,0,0,0,0,0,0,0,0,0,0,0,0,0,0,0,0,0,0,0,0,0,0,0,0,0,0,0,0,0,0,0,0,0,0,0,0,0,0,0,0,0,0,0,0,0,0,0,0,0,0,0,0,0,0,0,0,0,0,0,0,0,0,0,0,0,0,0,0,0,0,0,0,0,0,0,0,0,0,0,0,0,0,0,0,0,0,0,0,0,0,0,0,0,0,0,0,0,0,0,0,0,0,0,0,0,0,0,0,0,0,0,0,0,0,0,0,0,445.5152777777778,4,0.7452005435671998,0.0,0.0,0.0,0.0,0.0,0.0,0.0,0.0,0.3317006390140549,0.0,0.0,0.0,0.0,0.0,0.0,0.35067747550318445,0.0,0.0,0.0,0.0,0.2426284913371254,0.390906074794191,102,78,68,0,2,1
34553,4,4,14,53,1,3,2,349947.0,0,0,0,0,0,2954175.453082,,2,14,0,False,15,271,0,0,0,0,0,0,0,0,0,0,0,0,0,0,0,0,0,0,0,0,0,0,0,0,0,0,0,0,0,0,0,0,0,0,0,0,0,0,0,0,0,0,0,0,0,0,0,0,0,0,0,0,0,0,0,0,0,0,0,0,0,0,0,0,0,0,0,0,0,0,0,0,0,0,0,0,0,0,0,0,0,0,0,0,0,0,0,0,0,0,0,0,0,0,0,0,0,0,0,0,0,0,0,0,0,0,0,0,0,0,0,0,0,0,0,0,0,0,0,0,0,0,0,0,0,0,0,0,0,0,0,0,0,0,0,0,0,0,0,0,0,0,0,0,0,0,0,0,0,0,0,0,0,0,518.8533333333334,4,0.0,0.0,0.0,0.0,0.11519664165998096,0.0,0.0,0.0,0.1079589958847329,0.0,0.0,0.35130937641591825,0.22232248406964752,0.0,0.33495674049814544,0.0,0.3834500423783662,0.0,0.10425571133394952,0.0,0.5005860268202806,0.5306066786977024,0.0,125,75,73,0,4,1
34134,4,4,5,19,2,3,2,165197.0,0,0,0,0,0,3027807.592644,,1,5,0,False,15,126,0,0,0,0,0,0,0,0,0,0,0,0,0,0,0,0,0,0,0,0,0,0,0,0,0,0,0,0,0,0,0,0,0,0,0,0,0,0,0,0,0,0,0,0,0,0,0,0,0,0,0,0,0,0,0,0,0,0,0,0,0,0,0,0,0,0,0,0,0,0,0,0,0,0,0,0,0,0,0,0,0,0,0,0,0,0,0,0,0,0,0,0,0,0,0,0,0,0,0,0,0,0,0,0,0,0,0,0,0,0,0,0,0,0,0,0,0,0,0,0,0,0,0,0,0,0,0,0,0,0,0,0,0,0,0,0,0,0,0,0,0,0,0,0,0,0,0,0,0,0,0,0,0,0,911.645,4,0.20090827144974316,0.21326173896442907,0.0,0.16705249706079905,0.0,0.0,0.0,0.0,0.4258950129567951,0.3577098948644527,0.0,0.3464762482142997,0.0,0.21802062967667019,0.22023238879623147,0.18398277375456465,0.18908736996472986,0.1917908540803673,0.2056428330289401,0.188035645303399,0.3291328197208057,0.2616534366207428,0.0,138,62,70,0,6,0
34642,2,4,2,28,2,5,4,941659.0,0,0,0,0,0,3044804.716884,,0,2,0,False,15,463,0,0,0,0,0,0,0,0,0,0,0,0,0,0,0,0,0,0,0,0,0,0,0,0,0,0,0,0,0,0,0,0,0,0,0,0,0,0,0,0,0,0,0,0,0,0,0,0,0,0,0,0,0,0,0,0,0,0,0,0,0,0,0,0,0,0,0,0,0,0,0,0,0,0,0,0,0,0,0,0,0,0,0,0,0,0,0,0,0,0,0,0,0,0,0,0,0,0,0,0,0,0,0,0,0,0,0,0,0,0,0,0,0,0,0,0,0,0,0,0,0,0,0,0,0,0,0,0,0,0,0,0,0,0,0,0,0,0,0,0,0,0,0,0,0,0,0,0,0,0,0,0,0,0,314.27805555555557,4,0.0,0.0,0.0,0.5706337894190648,0.0,0.0,0.0,0.0,0.0,0.0,0.2592659457869359,0.0,0.0,0.0,0.0,0.0,0.0,0.0,0.0,0.0,0.0,0.2979268886136924,0.7199984838660485,94,64,71,0,3,1
34015,1,3,9,709,3,1,2,1462.0,0,0,0,0,0,3046823.773419,,0,9,0,False,15,17,0,0,0,0,0,0,0,0,0,0,0,0,0,0,0,0,0,0,0,0,0,0,0,0,0,0,0,0,0,0,0,0,0,0,0,0,0,0,0,0,0,0,0,0,0,0,0,0,0,0,0,0,0,0,0,0,0,0,0,0,0,0,0,0,0,0,0,0,0,0,0,0,0,0,0,0,0,0,0,0,0,0,0,0,0,0,0,0,0,0,0,0,0,0,0,0,0,0,0,0,0,0,0,0,0,0,0,0,0,0,0,0,0,0,0,0,0,0,0,0,0,0,0,0,0,0,0,0,0,0,0,0,0,0,0,0,0,0,0,0,0,0,0,0,0,0,0,0,0,0,0,0,0,0,1076.9,4,0.0,0.0,0.0,0.0,0.0,0.0,0.0,0.0,0.0,0.0,0.0,0.0,0.0,0.0,0.0,0.0,0.6061943920361853,0.0,0.0,0.0,0.0,0.4194168176490992,0.6757350754082416,109,73,131,3,0,1
34444,9,2,14,26,1,3,2,206931.0,0,0,0,0,0,3050444.171168,,1,14,0,False,15,28,0,0,0,0,0,0,0,0,0,0,0,0,0,0,0,0,0,0,0,0,0,0,0,0,0,0,0,0,0,0,0,0,0,0,0,0,0,0,0,0,0,0,0,0,0,0,0,0,0,0,0,0,0,0,0,0,0,0,0,0,0,0,0,0,0,0,0,0,0,0,0,0,0,0,0,0,0,0,0,0,0,0,0,0,0,0,0,0,0,0,0,0,0,0,0,0,0,0,0,0,0,0,0,0,0,0,0,0,0,0,0,0,0,0,0,0,0,0,0,0,0,0,0,0,0,0,0,0,0,0,0,0,0,0,0,0,0,0,0,0,0,0,0,0,0,0,0,0,0,0,0,0,0,0,603.8880555555555,4,0.0,0.0,0.0,0.0,0.0,0.0,0.0,0.0,0.0,0.6139777425726712,0.0,0.0,0.0,0.0,0.0,0.0,0.6491038588906828,0.0,0.0,0.0,0.0,0.4491052348821946,0.0,122,71,84,2,6,0
32473,30,30,53,4484,27,5,0,1184.0,1,0,0,0,0,3046991.79686,,0,53,0,False,15,150,0,0,0,0,0,0,0,0,0,0,0,0,0,0,0,0,0,0,0,0,0,0,0,0,0,0,0,0,0,0,0,0,0,0,0,0,0,0,0,0,0,0,0,0,0,0,0,0,0,0,0,0,0,0,0,0,0,0,0,0,0,0,0,0,0,0,0,0,0,0,0,0,0,0,0,0,0,0,0,0,0,0,0,0,0,0,0,0,0,0,0,0,0,0,0,0,0,0,0,0,0,0,0,0,0,0,0,0,0,0,0,0,0,0,0,0,0,0,0,0,0,0,0,0,0,0,0,0,0,0,0,0,0,0,0,0,0,0,0,0,0,0,0,0,0,0,0,0,0,0,0,0,1,1,1203.9705555555556,4,0.1758421493936095,0.18665434873498848,0.0,0.14621035725793208,0.0,0.0,0.0,0.0,0.37275864230943667,0.15654028656570737,0.0,0.15162424065520996,0.0,0.19081950114773566,0.19275531232523546,0.161028344701545,0.4964882130216333,0.16786225759731419,0.17998600807356757,0.16457556373449314,0.2880688885433136,0.458017008056587,0.0,8,6,8,0,1,1
34515,7,10,7,336,1,4,3,196.0,0,0,0,0,0,3051139.161426,,0,7,0,False,15,480,0,0,0,0,0,0,0,0,0,0,0,0,0,0,0,0,0,0,0,0,0,0,0,0,0,0,0,0,0,0,0,0,0,0,0,0,0,0,0,0,0,0,0,0,0,0,0,0,0,0,0,0,0,0,0,0,0,0,0,0,0,0,0,0,0,0,0,0,0,0,0,0,0,0,0,0,0,0,0,0,0,0,0,0,0,0,0,0,0,0,0,0,0,0,0,0,0,0,0,0,0,0,0,0,0,0,0,0,0,0,0,0,0,0,0,0,0,0,0,0,0,0,0,0,0,0,0,0,0,0,0,0,0,0,0,0,0,0,0,0,0,0,0,0,0,0,0,0,0,0,0,0,0,0,524.1269444444445,4,0.08587762292976138,0.2734742239128829,0.0,0.35703038129146947,0.0,0.0,0.08767300441191053,0.08781338867676737,0.2730712707827857,0.152901994764802,0.0,0.14810020704254123,0.0,0.37276899136461433,0.1882753149533162,0.31457148391261613,0.48494888960328414,0.08198041090712756,0.0879013967201686,0.08037525846096914,0.0703434059280704,0.3355288710551657,0.09009677940231237,123,70,71,5,2,1
34725,2,6,4,68,3,4,3,329743.0,0,0,0,0,0,3058535.499366,,0,4,0,False,15,120,0,0,0,0,0,0,0,0,0,0,0,0,0,0,0,0,0,0,0,0,0,0,0,0,0,0,0,0,0,0,0,0,0,0,0,0,0,0,0,0,0,0,0,0,0,0,0,0,0,0,0,0,0,0,0,0,0,0,0,0,0,0,0,0,0,0,0,0,0,0,0,0,0,0,0,0,0,0,0,0,0,0,0,0,0,0,0,0,0,0,0,0,0,0,0,0,0,0,0,0,0,0,0,0,0,0,0,0,0,0,0,0,0,0,0,0,0,0,0,0,0,0,0,0,0,0,0,0,0,0,0,0,0,0,0,0,0,0,0,0,0,0,0,0,0,0,0,0,0,0,0,0,0,0,174.1797222222222,4,0.38509057184053297,0.20438452935986237,0.0,0.16009878825876062,0.0,0.0,0.19657069124732238,0.0,0.4081667541612137,0.17140995113387741,0.0,0.16602693307649985,0.0,0.20894532701264085,0.21106501969124325,0.17632432712377324,0.362432879951162,0.1838073891598535,0.19708276716180723,0.18020849428890479,0.15771618664973355,0.3761428193271058,0.0,51,69,74,0,3,1
34484,2,0,5,138,6,2,2,2311.0,0,0,0,0,0,3060768.216699,,0,5,0,False,15,139,0,0,0,0,0,0,0,0,0,0,0,0,0,0,0,0,0,0,0,0,0,0,0,0,0,0,0,0,0,0,0,0,0,0,0,0,0,0,0,0,0,0,0,0,0,0,0,0,0,0,0,0,0,0,0,0,0,0,0,0,0,0,0,0,0,0,0,0,0,0,0,0,0,0,0,0,0,0,0,0,0,0,0,0,0,0,0,0,0,0,0,0,0,0,0,0,0,0,0,0,0,0,0,0,0,0,0,0,0,0,0,0,0,0,0,0,0,0,0,0,0,0,0,0,0,0,0,0,0,0,0,0,0,0,0,0,0,0,0,0,0,0,0,0,0,0,0,0,0,0,0,0,0,0,553.2647222222222,4,0.23512257068695674,0.0,0.0,0.0,0.0,0.0,0.0,0.0,0.0,0.0,0.0,0.0,0.0,0.5102982624106713,0.0,0.0,0.44257718400274226,0.0,0.0,0.0,0.5777752760883265,0.30621252277676897,0.24667411207938755,125,67,86,28,1,1
34103,15,4,7,92,5,4,3,1550208.0,0,0,0,0,0,3145294.368127,,0,7,0,False,15,769,0,0,0,0,0,0,0,0,0,0,0,0,0,0,0,0,0,0,0,0,0,0,0,0,0,0,0,0,0,0,0,0,0,0,0,0,0,0,0,0,0,0,0,0,0,0,0,0,0,0,0,0,0,0,0,0,0,0,0,0,0,0,0,0,0,0,0,0,0,0,0,0,0,0,0,0,0,0,0,0,0,0,0,0,0,0,0,0,0,0,0,0,0,0,0,0,0,0,0,0,0,0,0,0,0,0,0,0,0,0,0,0,0,0,0,0,0,0,0,0,0,0,0,0,0,0,0,0,0,0,0,0,0,0,0,0,0,0,0,0,0,0,0,0,0,0,0,0,0,0,0,0,1,1,945.9386111111111,4,0.06452362449710995,0.20547317836015996,0.0,0.26825258397466895,0.0,0.0,0.0658725733458456,0.06597805020095529,0.20517042200094412,0.1148819745876328,0.14625581839053653,0.2225483617536297,0.0,0.28007769198093746,0.3536487535891278,0.23635135222684614,0.4858178259645141,0.061595478181978296,0.06604417450378783,0.0603894567509793,0.21140834387849095,0.4201625938810184,0.13538732359437716,134,61,67,0,5,0
34355,3,20,5,120,3,5,3,1579.0,0,0,0,0,0,3124107.678249,,0,5,0,False,15,47,0,0,0,0,0,0,0,0,0,0,0,0,0,0,0,0,0,0,0,0,0,0,0,0,0,0,0,0,0,0,0,0,0,0,0,0,0,0,0,0,0,0,0,0,0,0,0,0,0,0,0,0,0,0,0,0,0,0,0,0,0,0,0,0,0,0,0,0,0,0,0,0,0,0,0,0,0,0,0,0,0,0,0,0,0,0,0,0,0,0,0,0,0,0,0,0,0,0,0,0,0,0,0,0,0,0,0,0,0,0,0,0,0,0,0,0,0,0,0,0,0,0,0,0,0,0,0,0,0,0,0,0,0,0,0,0,0,0,0,0,0,0,0,0,0,0,0,0,0,0,0,0,0,0,671.1683333333333,4,0.0,0.0,0.0,0.0,0.0,0.0,0.0,0.0,0.0,0.3438565559563765,0.0,0.0,0.0,0.0,0.0,0.0,0.7270576827130697,0.0,0.0,0.0,0.3163862097924143,0.5030403176554651,0.0,116,63,75,6,2,1
34393,13,26,9,88,2,4,2,15737.0,0,0,0,0,0,3196730.370911,,0,9,0,False,15,631,0,0,0,0,0,0,0,0,0,0,0,0,0,0,0,0,0,0,0,0,0,0,0,0,0,0,0,0,0,0,0,0,0,0,0,0,0,0,0,0,0,0,0,0,0,0,0,0,0,0,0,0,0,0,0,0,0,0,0,0,0,0,0,0,0,0,0,0,0,0,0,0,0,0,0,0,0,0,0,0,0,0,0,0,0,0,0,0,0,0,0,0,0,0,0,0,0,0,0,0,0,0,0,0,0,0,0,0,0,0,0,0,0,0,0,0,0,0,0,0,0,0,0,0,0,0,0,0,0,0,0,0,0,0,0,0,0,0,0,0,0,0,0,0,0,0,0,0,0,0,0,0,1,1,620.1616666666666,4,0.06455275113880221,0.20556593111064647,0.07147467415730593,0.2683736760081272,0.0,0.0,0.06590230891721417,0.0660078333856839,0.2052630380840307,0.2873345837934842,0.0,0.2226488224212149,0.0,0.2101530914942483,0.1415233577401349,0.23645804370928294,0.6075464115412076,0.06162328302767401,0.06607398753772115,0.06041671718593603,0.21150377582502053,0.378317033719407,0.06772421942700822,120,49,77,1,3,1
34617,9,2,3,15,2,2,1,1643.0,0,0,0,0,0,3210502.462647,,0,3,0,False,15,4,0,0,0,0,0,0,0,0,0,0,0,0,0,0,0,0,0,0,0,0,0,0,0,0,0,0,0,0,0,0,0,0,0,0,0,0,0,0,0,0,0,0,0,0,0,0,0,0,0,0,0,0,0,0,0,0,0,0,0,0,0,0,0,0,0,0,0,0,0,0,0,0,0,0,0,0,0,0,0,0,0,0,0,0,0,0,0,0,0,0,0,0,0,0,0,0,0,0,0,0,0,0,0,0,0,0,0,0,0,0,0,0,0,0,0,0,0,0,0,0,0,0,0,0,0,0,0,0,0,0,0,0,0,0,0,0,0,0,0,0,0,0,0,0,0,0,0,0,0,0,0,0,0,0,317.38,4,0.0,0.0,0.0,0.0,0.0,0.0,0.0,0.0,0.0,0.0,0.0,0.0,0.0,0.0,0.0,0.0,0.0,0.0,0.0,0.0,0.0,0.0,0.0,113,46,67,18,1,1
34353,3,2,10,1655,10,2,1,1603.0,0,0,0,0,0,3210867.803314,,0,10,0,False,15,622,0,0,0,0,0,0,0,0,0,0,0,0,0,0,0,0,0,0,0,0,0,0,0,0,0,0,0,0,0,0,0,0,0,0,0,0,0,0,0,0,0,0,0,0,0,0,0,0,0,0,0,0,0,0,0,0,0,0,0,0,0,0,0,0,0,0,0,0,0,0,0,0,0,0,0,0,0,0,0,0,0,0,0,0,0,0,0,0,0,0,0,0,0,0,0,0,0,0,0,0,0,0,0,0,0,0,0,0,0,0,0,0,0,0,0,0,0,0,0,0,0,0,0,0,0,0,0,0,0,0,0,0,0,0,0,0,0,0,0,0,0,0,0,0,0,0,0,0,0,0,0,0,0,0,647.4736111111112,4,0.09368889183587234,0.19889928722587671,0.0,0.23370312056002102,0.0,0.0,0.09564757787941566,0.095800731235982,0.09930310861374352,0.08340483795601293,0.10618239177010048,0.16157112650669753,0.0,0.20333768285768053,0.3081007313008609,0.25738824089580137,0.5290589389174041,0.0,0.0,0.0,0.306966845356308,0.48806393773941137,0.09829181493632604,114,55,73,12,2,1
34562,9,4,8,80,2,3,2,1740.0,0,0,0,0,0,3211488.819041,,0,8,0,False,15,352,0,0,0,0,0,0,0,0,0,0,0,0,0,0,0,0,0,0,0,0,0,0,0,0,0,0,0,0,0,0,0,0,0,0,0,0,0,0,0,0,0,0,0,0,0,0,0,0,0,0,0,0,0,0,0,0,0,0,0,0,0,0,0,0,0,0,0,0,0,0,0,0,0,0,0,0,0,0,0,0,0,0,0,0,0,0,0,0,0,0,0,0,0,0,0,0,0,0,0,0,0,0,0,0,0,0,0,0,0,0,0,0,0,0,0,0,0,0,0,0,0,0,0,0,0,0,0,0,0,0,0,0,0,0,0,0,0,0,0,0,0,0,0,0,0,0,0,0,0,0,0,0,0,0,435.10083333333336,4,0.12102300385881441,0.2569289563977538,0.0,0.30188694846450304,0.0,0.0,0.12355314445457699,0.12375098092056049,0.12827519102271864,0.10773853578583487,0.0,0.10435507712562209,0.13208004983266206,0.2626622718543581,0.13266345405689026,0.33248229817591995,0.5695116816188163,0.0,0.0,0.0,0.0,0.3940365999035712,0.25393769667311167,123,54,74,17,4,1
34588,3,4,6,40,8,4,4,37726.0,0,0,0,0,0,3212643.438906,,0,6,0,False,15,497,0,0,0,0,0,0,0,0,0,0,0,0,0,0,0,0,0,0,0,0,0,0,0,0,0,0,0,0,0,0,0,0,0,0,0,0,0,0,0,0,0,0,0,0,0,0,0,0,0,0,0,0,0,0,0,0,0,0,0,0,0,0,0,0,0,0,0,0,0,0,0,0,0,0,0,0,0,0,0,0,0,0,0,0,0,0,0,0,0,0,0,0,0,0,0,0,0,0,0,0,0,0,0,0,0,0,0,0,0,0,0,0,0,0,0,0,0,0,0,0,0,0,0,0,0,0,0,0,0,0,0,0,0,0,0,0,0,0,0,0,0,0,0,0,0,0,0,0,0,0,0,0,0,0,372.91777777777776,4,0.0748610140225538,0.23839222620185568,0.0,0.4357214097912127,0.0,0.0,0.07642607921329539,0.07654845461286355,0.23804096496646598,0.19993098289748093,0.0,0.19365228038314555,0.0,0.24371189843491256,0.16412285892389805,0.27421742084708806,0.5636511489456869,0.07146374667953623,0.0766251727513773,0.07006450744024706,0.12263913503713242,0.29248633886357384,0.07853892592881744,126,52,80,0,0,1
34523,3,3,8,26,2,2,2,601958.0,0,0,0,0,0,3212723.648051,,0,8,0,False,15,122,0,0,0,0,0,0,0,0,0,0,0,0,0,0,0,0,0,0,0,0,0,0,0,0,0,0,0,0,0,0,0,0,0,0,0,0,0,0,0,0,0,0,0,0,0,0,0,0,0,0,0,0,0,0,0,0,0,0,0,0,0,0,0,0,0,0,0,0,0,0,0,0,0,0,0,0,0,0,0,0,0,0,0,0,0,0,0,0,0,0,0,0,0,0,0,0,0,0,0,0,0,0,0,0,0,0,0,0,0,0,0,0,0,0,0,0,0,0,0,0,0,0,0,0,0,0,0,0,0,0,0,0,0,0,0,0,0,0,0,0,0,0,0,0,0,0,0,0,0,0,0,0,0,0,470.3,4,0.19935666958416481,0.21161473205104542,0.0,0.1657623611982052,0.0,0.0,0.0,0.0,0.4226058527252335,0.17747366199235245,0.0,0.34380043407669025,0.0,0.21633687015149053,0.21853154799534646,0.1825618864365267,0.3752541203464281,0.1903096654521211,0.20405466644392056,0.18658345791488243,0.1632954738919213,0.3894490555333678,0.0,124,51,74,2,3,1
34507,6,4,4,25,1,3,2,14349.0,0,0,0,0,0,3212845.529721,,1,4,0,False,15,19,0,0,0,0,0,0,0,0,0,0,0,0,0,0,0,0,0,0,0,0,0,0,0,0,0,0,0,0,0,0,0,0,0,0,0,0,0,0,0,0,0,0,0,0,0,0,0,0,0,0,0,0,0,0,0,0,0,0,0,0,0,0,0,0,0,0,0,0,0,0,0,0,0,0,0,0,0,0,0,0,0,0,0,0,0,0,0,0,0,0,0,0,0,0,0,0,0,0,0,0,0,0,0,0,0,0,0,0,0,0,0,0,0,0,0,0,0,0,0,0,0,0,0,0,0,0,0,0,0,0,0,0,0,0,0,0,0,0,0,0,0,0,0,0,0,0,0,0,0,0,0,0,0,0,483.2061111111111,4,0.0,0.0,0.0,0.0,0.0,0.0,0.0,0.0,0.0,0.6891971221173169,0.0,0.0,0.0,0.0,0.0,0.0,0.0,0.0,0.0,0.7245738933091698,0.0,0.0,0.0,119,50,70,1,2,1
34326,5,0,25,26,1,1,1,14779.0,0,0,0,0,0,3213352.401176,,0,25,0,False,15,326,0,0,0,0,0,0,0,0,0,0,0,0,0,0,0,0,0,0,0,0,0,0,0,0,0,0,0,0,0,0,0,0,0,0,0,0,0,0,0,0,0,0,0,0,0,0,0,0,0,0,0,0,0,0,0,0,0,0,0,0,0,0,0,0,0,0,0,0,0,0,0,0,0,0,0,0,0,0,0,0,0,0,0,0,0,0,0,0,0,0,0,0,0,0,0,0,0,0,0,0,0,0,0,0,0,0,0,0,0,0,0,0,0,0,0,0,0,0,0,0,0,0,0,0,0,0,0,0,0,0,0,0,0,0,0,0,0,0,0,0,0,0,0,0,0,0,0,0,0,0,0,0,0,0,662.1383333333333,4,0.1376476963465102,0.1461113914100224,0.0,0.11445218867010741,0.0,0.0,0.0,0.0,0.43768830667806413,0.12253836697002556,0.0,0.1186901292349479,0.0,0.1493718362835858,0.15088717233960852,0.25210315923794063,0.6477443834455587,0.13140110685336343,0.14089147267231558,0.12882831164826813,0.22549780603698516,0.2688987805138889,0.14441030980924088,114,48,71,0,2,1
34282,2,22,58,962,8,4,1,63127.0,0,0,0,0,0,3223253.125533,,0,58,0,False,15,12,0,0,0,0,0,0,0,0,0,0,0,0,0,0,0,0,0,0,0,0,0,0,0,0,0,0,0,0,0,0,0,0,0,0,0,0,0,0,0,0,0,0,0,0,0,0,0,0,0,0,0,0,0,0,0,0,0,0,0,0,0,0,0,0,0,0,0,0,0,0,0,0,0,0,0,0,0,0,0,0,0,0,0,0,0,0,0,0,0,0,0,0,0,0,0,0,0,0,0,0,0,0,0,0,0,0,0,0,0,0,0,0,0,0,0,0,0,0,0,0,0,0,0,0,0,0,0,0,0,0,0,0,0,0,0,0,0,0,0,0,0,0,0,0,0,0,0,0,0,0,0,0,0,0,695.8125,4,0.5677484494123642,0.0,0.0,0.0,0.0,0.0,0.0,0.0,0.0,0.5054277673170745,0.0,0.0,0.0,0.0,0.0,0.0,0.53434366005081,0.0,0.0,0.0,0.0,0.3697043726793583,0.0,109,50,77,16,0,1
34240,8,30,16,229,15,4,3,265575.0,0,0,0,0,0,3225205.532193,,0,16,0,False,15,92,0,0,0,0,0,0,0,0,0,0,0,0,0,0,0,0,0,0,0,0,0,0,0,0,0,0,0,0,0,0,0,0,0,0,0,0,0,0,0,0,0,0,0,0,0,0,0,0,0,0,0,0,0,0,0,0,0,0,0,0,0,0,0,0,0,0,0,0,0,0,0,0,0,0,0,0,0,0,0,0,0,0,0,0,0,0,0,0,0,0,0,0,0,0,0,0,0,0,0,0,0,0,0,0,0,0,0,0,0,0,0,0,0,0,0,0,0,0,0,0,0,0,0,0,0,0,0,0,0,0,0,0,0,0,0,0,0,0,0,0,0,0,0,0,0,0,0,0,0,0,0,0,0,0,770.8133333333334,4,0.5792103373050815,0.0,0.0,0.0,0.0,0.0,0.0,0.0,0.0,0.0,0.0,0.0,0.0,0.0,0.0,0.0,0.5451311613359756,0.0,0.0,0.0,0.47443823530269136,0.37716808319672585,0.0,125,50,75,14,4,1
34301,4,0,1,6,1,3,3,173141.0,0,0,0,0,0,3227577.617285,,1,1,0,False,15,381,0,0,0,0,0,0,0,0,0,0,0,0,0,0,0,0,0,0,0,0,0,0,0,0,0,0,0,0,0,0,0,0,0,0,0,0,0,0,0,0,0,0,0,0,0,0,0,0,0,0,0,0,0,0,0,0,0,0,0,0,0,0,0,0,0,0,0,0,0,0,0,0,0,0,0,0,0,0,0,0,0,0,0,0,0,0,0,0,0,0,0,0,0,0,0,0,0,0,0,0,0,0,0,0,0,0,0,0,0,0,0,0,0,0,0,0,0,0,0,0,0,0,0,0,0,0,0,0,0,0,0,0,0,0,0,0,0,0,0,0,0,0,0,0,0,0,0,0,0,0,0,0,0,0,682.1194444444444,4,0.1624820937835846,0.17247280871428253,0.0,0.13510165260171741,0.0,0.0,0.0,0.0,0.51665603116682,0.14464673919416296,0.18414923049766424,0.14010420240518262,0.0,0.1763215030534084,0.1781102360413439,0.29758761134163764,0.4587662552398094,0.15510849461125992,0.16631111223555844,0.15207151569409802,0.13309106015206812,0.31741349861578655,0.17046481797031884,111,48,84,0,1,1
34459,6,0,3,19,1,1,1,68.0,0,0,0,0,0,3232232.552603,,0,3,0,False,15,11,0,0,0,0,0,0,0,0,0,0,0,0,0,0,0,0,0,0,0,0,0,0,0,0,0,0,0,0,0,0,0,0,0,0,0,0,0,0,0,0,0,0,0,0,0,0,0,0,0,0,0,0,0,0,0,0,0,0,0,0,0,0,0,0,0,0,0,0,0,0,0,0,0,0,0,0,0,0,0,0,0,0,0,0,0,0,0,0,0,0,0,0,0,0,0,0,0,0,0,0,0,0,0,0,0,0,0,0,0,0,0,0,0,0,0,0,0,0,0,0,0,0,0,0,0,0,0,0,0,0,0,0,0,0,0,0,0,0,0,0,0,0,0,0,0,0,0,0,0,0,0,0,0,0,531.3716666666667,4,0.0,0.0,0.0,0.0,0.0,0.0,0.0,0.0,0.0,0.6139777425726712,0.0,0.0,0.0,0.0,0.0,0.0,0.6491038588906828,0.0,0.0,0.0,0.0,0.4491052348821946,0.0,123,46,91,0,0,1
34687,2,0,4,101,1,1,1,2713.0,0,0,0,0,0,3286658.591042,,0,4,0,False,15,32,0,0,0,0,0,0,0,0,0,0,0,0,0,0,0,0,0,0,0,0,0,0,0,0,0,0,0,0,0,0,0,0,0,0,0,0,0,0,0,0,0,0,0,0,0,0,0,0,0,0,0,0,0,0,0,0,0,0,0,0,0,0,0,0,0,0,0,0,0,0,0,0,0,0,0,0,0,0,0,0,0,0,0,0,0,0,0,0,0,0,0,0,0,0,0,0,0,0,0,0,0,0,0,0,0,0,0,0,0,0,0,0,0,0,0,0,0,0,0,0,0,0,0,0,0,0,0,0,0,0,0,0,0,0,0,0,0,0,0,0,0,0,0,0,0,0,0,0,0,0,0,0,0,0,170.9338888888889,4,0.0,0.0,0.0,0.0,0.0,0.0,0.0,0.0,0.0,0.0,0.0,0.0,0.0,0.0,0.0,0.0,0.8223548294979172,0.0,0.0,0.0,0.0,0.5689749857431797,0.0,63,46,70,5,0,1
32943,3,6,1,5,1,3,3,441.0,0,0,0,0,0,3299044.273975,,0,1,0,False,15,354,0,0,0,0,0,0,0,0,0,0,0,0,0,0,0,0,0,0,0,0,0,0,0,0,0,0,0,0,0,0,0,0,0,0,0,0,0,0,0,0,0,0,0,0,0,0,0,0,0,0,0,0,0,0,0,0,0,0,0,0,0,0,0,0,0,0,0,0,0,0,0,0,0,0,0,0,0,0,0,0,0,0,0,0,0,0,0,0,0,0,0,0,0,0,0,0,0,0,0,0,0,0,0,0,0,0,0,0,0,0,0,0,0,0,0,0,0,0,0,0,0,0,0,0,0,0,0,0,0,0,0,0,0,0,0,0,0,0,0,0,0,0,0,0,0,0,0,0,0,0,0,0,0,0,2112.2741666666666,4,0.12874178787098667,0.13665787556001271,0.0,0.10704704681758143,0.0,0.0,0.0,0.0,0.40936954723970065,0.11461004335879765,0.1459096237454498,0.11101078947140011,0.0,0.1397073672218322,0.14112465990638703,0.23579189706533282,0.6058348393876728,0.12289935737059256,0.13177568945250304,0.12049302393152031,0.2109079300325135,0.3353344388468222,0.2701337104115816,8,44,17,0,3,1
34637,0,0,1,2,1,1,1,,0,0,0,0,0,3306713.600043,,0,1,0,False,15,192,0,0,0,0,0,0,0,0,0,0,0,0,0,0,0,0,0,0,0,0,0,0,0,0,0,0,0,0,0,0,0,0,0,0,0,0,0,0,0,0,0,0,0,0,0,0,0,0,0,0,0,0,0,0,0,0,0,0,0,0,0,0,0,0,0,0,0,0,0,0,0,0,0,0,0,0,0,0,0,0,0,0,0,0,0,0,0,0,0,0,0,0,0,0,0,0,0,0,0,0,0,0,0,0,0,0,0,0,0,0,0,0,0,0,0,0,0,0,0,0,0,0,0,0,0,0,0,0,0,0,0,0,0,0,0,0,0,0,0,0,0,0,0,0,0,0,0,0,0,0,0,0,0,0,268.47833333333335,4,0.0,0.0,0.0,0.0,0.0,0.0,0.0,0.0,0.0,0.4228317966245832,0.0,0.0,0.0,0.0,0.0,0.14498483807033116,0.745037188972182,0.0,0.3241074393931982,0.0,0.12968406660318813,0.30928804119681497,0.16610109485869667,102,43,70,0,3,1
34618,0,0,1,2,1,1,1,,0,0,0,0,0,3308417.266303,,0,1,0,False,15,8,0,0,0,0,0,0,0,0,0,0,0,0,0,0,0,0,0,0,0,0,0,0,0,0,0,0,0,0,0,0,0,0,0,0,0,0,0,0,0,0,0,0,0,0,0,0,0,0,0,0,0,0,0,0,0,0,0,0,0,0,0,0,0,0,0,0,0,0,0,0,0,0,0,0,0,0,0,0,0,0,0,0,0,0,0,0,0,0,0,0,0,0,0,0,0,0,0,0,0,0,0,0,0,0,0,0,0,0,0,0,0,0,0,0,0,0,0,0,0,0,0,0,0,0,0,0,0,0,0,0,0,0,0,0,0,0,0,0,0,0,0,0,0,0,0,0,0,0,0,0,0,0,0,0,306.91083333333336,4,0.0,0.0,0.0,0.0,0.0,0.0,0.0,0.0,0.0,0.0,0.0,0.0,0.0,0.0,0.0,0.0,0.0,0.0,0.0,0.0,0.0,0.0,0.0,114,42,65,0,1,1
34551,8,10,26,2641,17,2,2,474.0,0,0,0,0,0,3321035.07729,,0,26,0,False,15,531,0,0,0,0,0,0,0,0,0,0,0,0,0,0,0,0,0,0,0,0,0,0,0,0,0,0,0,0,0,0,0,0,0,0,0,0,0,0,0,0,0,0,0,0,0,0,0,0,0,0,0,0,0,0,0,0,0,0,0,0,0,0,0,0,0,0,0,0,0,0,0,0,0,0,0,0,0,0,0,0,0,0,0,0,0,0,0,0,0,0,0,0,0,0,0,0,0,0,0,0,0,0,0,0,0,0,0,0,0,0,0,0,0,0,0,0,0,0,0,0,0,0,0,0,0,0,0,0,0,0,0,0,0,0,0,0,0,0,0,0,0,0,0,0,0,0,0,0,0,0,0,0,0,0,418.0419444444444,4,0.13430576442457579,0.2138459556750763,0.0,0.27918354424742,0.0,0.0,0.06855679905446102,0.06866657396066796,0.2135308623695173,0.17934490896765803,0.0,0.11580846581276996,0.0,0.21861788305996083,0.2944476015336905,0.24598237685043975,0.6320178751948065,0.06410541756452638,0.06873539274687367,0.06285025225519075,0.1100114859155427,0.30609858912553195,0.21135628380835925,124,41,72,0,3,1
33424,12,18,9,146,17,4,3,1205.0,0,0,0,0,0,3311557.122326,,0,9,0,False,15,125,0,0,0,0,0,0,0,0,0,0,0,0,0,0,0,0,0,0,0,0,0,0,0,0,0,0,0,0,0,0,0,0,0,0,0,0,0,0,0,0,0,0,0,0,0,0,0,0,0,0,0,0,0,0,0,0,0,0,0,0,0,0,0,0,0,0,0,0,0,0,0,0,0,0,0,0,0,0,0,0,0,0,0,0,0,0,0,0,0,0,0,0,0,0,0,0,0,0,0,0,0,0,0,0,0,0,0,0,0,0,0,0,0,0,0,0,0,0,0,0,0,0,0,0,0,0,0,0,0,0,0,0,0,0,0,0,0,0,0,0,0,0,0,0,0,0,0,0,0,0,0,0,0,0,1637.5469444444445,4,0.2656409513783158,0.0,0.0,0.0,0.0,0.0,0.0,0.0,0.0,0.0,0.3010644166743645,0.0,0.0,0.0,0.0,0.0,0.2500113533833234,0.0,0.0,0.0,0.2175897356777898,0.17297910965484248,0.8360755705637346,15,42,41,2,2,1
34245,7,2,7,217,17,5,4,1659.0,0,1,0,0,0,3535582.620232,,0,7,0,False,15,19,0,0,0,0,0,0,0,0,0,0,0,0,0,0,0,0,0,0,0,0,0,0,0,0,0,0,0,0,0,0,0,0,0,0,0,0,0,0,0,0,0,0,0,0,0,0,0,0,0,0,0,0,0,0,0,0,0,0,0,0,0,0,0,0,0,0,0,0,0,0,0,0,0,0,0,0,0,0,0,0,0,0,0,0,0,0,0,0,0,0,0,0,0,0,0,0,0,0,0,0,0,0,0,0,0,0,0,0,0,0,0,0,0,0,0,0,0,0,0,0,0,0,0,0,0,0,0,0,0,0,0,0,0,0,0,0,0,0,0,0,0,0,0,0,0,0,0,0,0,0,0,0,0,0,683.4555555555555,4,0.0,0.0,0.0,0.8237691928545381,0.0,0.0,0.0,0.0,0.0,0.0,0.0,0.0,0.0,0.0,0.0,0.0,0.46621377374006634,0.0,0.0,0.0,0.0,0.3225663250849798,0.0,127,40,76,11,4,1
34645,3,0,2,14,2,4,4,7999.0,0,0,0,0,0,3537941.126392,,0,2,0,False,15,555,0,0,0,0,0,0,0,0,0,0,0,0,0,0,0,0,0,0,0,0,0,0,0,0,0,0,0,0,0,0,0,0,0,0,0,0,0,0,0,0,0,0,0,0,0,0,0,0,0,0,0,0,0,0,0,0,0,0,0,0,0,0,0,0,0,0,0,0,0,0,0,0,0,0,0,0,0,0,0,0,0,0,0,0,0,0,0,0,0,0,0,0,0,0,0,0,0,0,0,0,0,0,0,0,0,0,0,0,0,0,0,0,0,0,0,0,0,0,0,0,0,0,0,0,0,0,0,0,0,0,0,0,0,0,0,0,0,0,0,0,0,0,0,0,0,0,0,0,0,0,0,0,0,0,195.97444444444446,4,0.07420938063096692,0.2363171229332697,0.0,0.2468163655041823,0.0,0.0,0.07576082259269387,0.07588213276628683,0.23596891927802557,0.1981906684471646,0.0,0.19196661937651552,0.0,0.2415904896746816,0.16269423901280128,0.2718304744463225,0.5587448046401093,0.07084168505998267,0.07595818310592757,0.06945462560509856,0.3039290333911724,0.3865871590348423,0.07785527787324653,88,38,71,1,3,1
34452,6,4,6,36,2,4,3,150847.0,0,0,0,0,0,3536024.270426,,0,6,0,False,15,18,0,0,0,0,0,0,0,0,0,0,0,0,0,0,0,0,0,0,0,0,0,0,0,0,0,0,0,0,0,0,0,0,0,0,0,0,0,0,0,0,0,0,0,0,0,0,0,0,0,0,0,0,0,0,0,0,0,0,0,0,0,0,0,0,0,0,0,0,0,0,0,0,0,0,0,0,0,0,0,0,0,0,0,0,0,0,0,0,0,0,0,0,0,0,0,0,0,0,0,0,0,0,0,0,0,0,0,0,0,0,0,0,0,0,0,0,0,0,0,0,0,0,0,0,0,0,0,0,0,0,0,0,0,0,0,0,0,0,0,0,0,0,0,0,0,0,0,0,0,0,0,0,0,0,453.4583333333333,4,0.0,0.0,0.0,0.0,0.0,0.0,0.0,0.0,0.0,0.6139777425726712,0.0,0.0,0.0,0.0,0.0,0.0,0.6491038588906828,0.0,0.0,0.0,0.0,0.4491052348821946,0.0,121,39,87,3,0,1
34253,10,7,13,40,2,3,2,439.0,0,0,0,0,0,3563203.890424,,0,13,0,False,15,1174,0,0,0,0,0,0,0,0,0,0,0,0,0,0,0,0,0,0,0,0,0,0,0,0,0,0,0,0,0,0,0,0,0,0,0,0,0,0,0,0,0,0,0,0,0,0,0,0,0,0,0,0,0,0,0,0,0,0,0,0,0,0,0,0,0,0,0,0,0,0,0,0,0,0,0,0,0,0,0,0,0,0,0,0,0,0,0,0,0,0,0,0,0,0,0,0,0,0,0,0,0,0,0,0,0,0,0,0,0,0,0,0,0,0,0,0,0,0,0,0,0,0,0,0,0,0,0,0,0,0,0,0,0,0,0,0,0,0,0,0,0,0,0,0,0,0,0,0,0,0,0,0,0,0,665.2944444444445,4,0.06567288457273789,0.20913295603604495,0.0,0.21842444371048847,0.0,0.0,0.0670458601724194,0.06715321572450905,0.20882480714348955,0.23385638098863287,0.0,0.1698842050552275,0.21501890360797207,0.21379971382830634,0.2879582038952778,0.24056111531830351,0.5562798205879913,0.06269258369124692,0.06722051779783832,0.061465081255549225,0.16138037664639804,0.4276463038893015,0.0688993848712241,119,35,75,0,4,1
33196,5,22,24,64,2,3,2,91760.0,0,0,0,0,0,3577729.122192,,0,24,0,False,15,234,0,0,0,0,0,0,0,0,0,0,0,0,0,0,0,0,0,0,0,0,0,0,0,0,0,0,0,0,0,0,0,0,0,0,0,0,0,0,0,0,0,0,0,0,0,0,0,0,0,0,0,0,0,0,0,0,0,0,0,0,0,0,0,0,0,0,0,0,0,0,0,0,0,0,0,0,0,0,0,0,0,0,0,0,0,0,0,0,0,0,0,0,0,0,0,0,0,0,0,0,0,0,0,0,0,0,0,0,0,0,0,0,0,0,0,0,0,0,0,0,0,0,0,0,0,0,0,0,0,0,0,0,0,0,0,0,0,0,0,0,0,0,0,0,0,0,0,0,0,0,0,0,0,0,192.13777777777779,4,0.0,0.0,0.0,0.14986474147753565,0.0,0.0,0.0,0.18429987309072363,0.0,0.0,0.40854388218592014,0.0,0.0,0.0,0.0,0.0,0.5088974480779754,0.0,0.0,0.0,0.1476344436841277,0.7041970397174885,0.0,16,1,29,0,3,1
33487,6,0,1,3,1,1,1,2494877.0,0,0,0,0,0,3690661.608982,,0,1,0,False,15,471,0,0,0,0,0,0,0,0,0,0,0,0,0,0,0,0,0,0,0,0,0,0,0,0,0,0,0,0,0,0,0,0,0,0,0,0,0,0,0,0,0,0,0,0,0,0,0,0,0,0,0,0,0,0,0,0,0,0,0,0,0,0,0,0,0,0,0,0,0,0,0,0,0,0,0,0,0,0,0,0,0,0,0,0,0,0,0,0,0,0,0,0,0,0,0,0,0,0,0,0,0,0,0,0,0,0,0,0,0,0,0,0,0,0,0,0,0,0,0,0,0,0,0,0,0,0,0,0,0,0,0,0,0,0,0,0,0,0,0,0,0,0,0,0,0,0,0,0,0,0,0,0,0,0,1084.2422222222222,4,0.07726222176370771,0.2460387865171401,0.0,0.2569699491406199,0.0,0.0,0.07887748727167031,0.07900378792873874,0.24567625838657675,0.20634387791497702,0.0,0.3331063043375868,0.0,0.2515290901304047,0.169387188889154,0.2830130937656904,0.5817305661140266,0.07375598522291296,0.07908296684327179,0.07231186462398718,0.12657285199601387,0.30186799726389135,0.08105810469475525,15,116,43,1,5,0
34549,2,0,5,179,5,1,1,327932.0,0,0,0,0,0,3889305.282428,,0,5,0,False,15,19,0,0,0,0,0,0,0,0,0,0,0,0,0,0,0,0,0,0,0,0,0,0,0,0,0,0,0,0,0,0,0,0,0,0,0,0,0,0,0,0,0,0,0,0,0,0,0,0,0,0,0,0,0,0,0,0,0,0,0,0,0,0,0,0,0,0,0,0,0,0,0,0,0,0,0,0,0,0,0,0,0,0,0,0,0,0,0,0,0,0,0,0,0,0,0,0,0,0,0,0,0,0,0,0,0,0,0,0,0,0,0,0,0,0,0,0,0,0,0,0,0,0,0,0,0,0,0,0,0,0,0,0,0,0,0,0,0,0,0,0,0,0,0,0,0,0,0,0,0,0,0,0,0,0,261.5186111111111,4,0.0,0.0,0.0,0.0,0.0,0.0,0.0,0.0,0.0,0.0,0.0,0.0,0.0,0.0,0.0,0.0,0.8223548294979172,0.0,0.0,0.0,0.0,0.5689749857431797,0.0,123,78,73,3,3,1
33332,7,0,11,73,1,1,1,68511.0,0,0,0,0,0,4004990.820322,,0,11,0,False,15,122,0,0,0,0,0,0,0,0,0,0,0,0,0,0,0,0,0,0,0,0,0,0,0,0,0,0,0,0,0,0,0,0,0,0,0,0,0,0,0,0,0,0,0,0,0,0,0,0,0,0,0,0,0,0,0,0,0,0,0,0,0,0,0,0,0,0,0,0,0,0,0,0,0,0,0,0,0,0,0,0,0,0,0,0,0,0,0,0,0,0,0,0,0,0,0,0,0,0,0,0,0,0,0,0,0,0,0,0,0,0,0,0,0,0,0,0,0,0,0,0,0,0,0,0,0,0,0,0,0,0,0,0,0,0,0,0,0,0,0,0,0,0,0,0,0,0,0,0,0,0,0,0,0,0,1574.088888888889,4,0.18715878888695683,0.1986668268682668,0.0,0.1556199891862692,0.0,0.0,0.0,0.0,0.5951222981722373,0.16661471977389114,0.0,0.16138229283931224,0.0,0.2031000351962337,0.20516042900252018,0.17139161500665695,0.35229373983511036,0.17866533672435564,0.1915693330854563,0.17516712173478083,0.15330404138513593,0.3656201406194838,0.0,12,86,36,0,3,1
34561,2,0,3,189,3,1,1,1607.0,0,0,0,0,0,4006276.301166,,0,3,0,False,15,12,0,0,0,0,0,0,0,0,0,0,0,0,0,0,0,0,0,0,0,0,0,0,0,0,0,0,0,0,0,0,0,0,0,0,0,0,0,0,0,0,0,0,0,0,0,0,0,0,0,0,0,0,0,0,0,0,0,0,0,0,0,0,0,0,0,0,0,0,0,0,0,0,0,0,0,0,0,0,0,0,0,0,0,0,0,0,0,0,0,0,0,0,0,0,0,0,0,0,0,0,0,0,0,0,0,0,0,0,0,0,0,0,0,0,0,0,0,0,0,0,0,0,0,0,0,0,0,0,0,0,0,0,0,0,0,0,0,0,0,0,0,0,0,0,0,0,0,0,0,0,0,0,0,0,214.38166666666666,4,0.0,0.0,0.0,0.0,0.0,0.0,0.0,0.0,0.0,0.0,0.0,0.0,0.0,0.0,0.0,0.0,0.8223548294979172,0.0,0.0,0.0,0.0,0.5689749857431797,0.0,122,87,73,4,4,1
33080,6,30,53,910,4,3,2,6136005.0,0,1,0,0,0,4059186.783751,,0,53,0,False,15,253,0,0,0,0,0,0,0,0,0,0,0,0,0,0,0,0,0,0,0,0,0,0,0,0,0,0,0,0,0,0,0,0,0,0,0,0,0,0,0,0,0,0,0,0,0,0,0,0,0,0,0,0,0,0,0,0,0,0,0,0,0,0,0,0,0,0,0,0,0,0,0,0,0,0,0,0,0,0,0,0,0,0,0,0,0,0,0,0,0,0,0,0,0,0,0,0,0,0,0,0,0,0,0,0,0,0,0,0,0,0,0,0,0,0,0,0,0,0,0,0,0,0,0,0,0,0,0,0,0,0,0,0,0,0,0,0,0,0,0,0,0,0,0,0,0,0,0,0,0,0,0,0,0,0,1895.0275,4,0.22479460024234282,0.11930839634317351,0.0,0.09345682740011318,0.0,0.0,0.1147471093543189,0.0,0.47653040112277845,0.1000596593641241,0.0,0.09691735082480574,0.0,0.12197073803656377,0.12320809751292189,0.3087852016683679,0.42313658303242313,0.10729659874635486,0.11504603098187309,0.10519576275350653,0.09206599621544376,0.5123332589038755,0.2358387297868077,16,85,24,6,3,1
34450,8,0,3,19,2,3,3,88545.0,0,0,0,0,0,4163719.928636,,0,3,0,False,15,458,0,0,0,0,0,0,0,0,0,0,0,0,0,0,0,0,0,0,0,0,0,0,0,0,0,0,0,0,0,0,0,0,0,0,0,0,0,0,0,0,0,0,0,0,0,0,0,0,0,0,0,0,0,0,0,0,0,0,0,0,0,0,0,0,0,0,0,0,0,0,0,0,0,0,0,0,0,0,0,0,0,0,0,0,0,0,0,0,0,0,0,0,0,0,0,0,0,0,0,0,0,0,0,0,0,0,0,0,0,0,0,0,0,0,0,0,0,0,0,0,0,0,0,0,0,0,0,0,0,0,0,0,0,0,0,0,0,0,0,0,0,0,0,0,0,0,0,0,0,0,0,0,0,0,218.65916666666666,4,0.08016091634808337,0.2552695759216275,0.0,0.26661084973754123,0.0,0.0,0.08183678277164713,0.08196782192862263,0.25489344659885466,0.21408540886991748,0.0,0.20736219581172266,0.0,0.26096586265299376,0.17574219287282464,0.29363107113521203,0.6035557117423471,0.07652313416130106,0.08204997144748874,0.07502483359623226,0.1313215640086183,0.3131933657155166,0.08409921176797704,123,114,86,0,6,0
33972,4,4,7,55,2,2,1,281890.0,0,0,0,0,0,4237775.073925,,0,7,0,False,15,262,0,0,0,0,0,0,0,0,0,0,0,0,0,0,0,0,0,0,0,0,0,0,0,0,0,0,0,0,0,0,0,0,0,0,0,0,0,0,0,0,0,0,0,0,0,0,0,0,0,0,0,0,0,0,0,0,0,0,0,0,0,0,0,0,0,0,0,0,0,0,0,0,0,0,0,0,0,0,0,0,0,0,0,0,0,0,0,0,0,0,0,0,0,0,0,0,0,0,0,0,0,0,0,0,0,0,0,0,0,0,0,0,0,0,0,0,0,0,0,0,0,0,0,0,0,0,0,0,0,0,0,0,0,0,0,0,0,0,0,0,0,0,0,0,0,0,0,0,0,0,0,0,0,0,804.7063888888889,4,0.25977113548318914,0.1378719842795702,0.0,0.10799808423427995,0.0,0.0,0.0,0.0,0.41300650657913335,0.11562827265894268,0.0,0.11199704194246973,0.0,0.14094856852132084,0.2847569057010339,0.35683011233954137,0.4889738032866893,0.1239912313720007,0.13294642339618798,0.12156351935962217,0.10639084902614993,0.4228920606626915,0.0,92,93,126,5,5,0
34455,3,0,1,7,1,2,2,130768.0,0,0,0,0,0,4252588.576951,,1,1,0,False,15,46,0,0,0,0,0,0,0,0,0,0,0,0,0,0,0,0,0,0,0,0,0,0,0,0,0,0,0,0,0,0,0,0,0,0,0,0,0,0,0,0,0,0,0,0,0,0,0,0,0,0,0,0,0,0,0,0,0,0,0,0,0,0,0,0,0,0,0,0,0,0,0,0,0,0,0,0,0,0,0,0,0,0,0,0,0,0,0,0,0,0,0,0,0,0,0,0,0,0,0,0,0,0,0,0,0,0,0,0,0,0,0,0,0,0,0,0,0,0,0,0,0,0,0,0,0,0,0,0,0,0,0,0,0,0,0,0,0,0,0,0,0,0,0,0,0,0,0,0,0,0,0,0,0,0,251.14027777777778,4,0.37643309309608175,0.0,0.0,0.31299900060984315,0.0,0.0,0.0,0.0,0.0,0.6702254774442353,0.0,0.0,0.0,0.0,0.0,0.0,0.0,0.0,0.0,0.0,0.3083409271129248,0.24512433399489017,0.39492720212047483,122,100,89,0,0,1
32385,5,6,4,1011,99,4,3,1226.0,0,0,0,0,0,4390137.395046,,1,4,0,False,15,507,0,0,0,0,0,0,0,0,0,0,0,0,0,0,0,0,0,0,0,0,0,0,0,0,0,0,0,0,0,0,0,0,0,0,0,0,0,0,0,0,0,0,0,0,0,0,0,0,0,0,0,0,0,0,0,0,0,0,0,0,0,0,0,0,0,0,0,0,0,0,0,0,0,0,0,0,0,0,0,0,0,0,0,0,0,0,0,0,0,0,0,0,0,0,0,0,0,0,0,0,0,0,0,0,0,0,0,0,0,0,0,0,0,0,0,0,0,0,0,0,0,0,0,0,0,0,0,0,0,0,0,0,0,0,0,0,0,0,0,0,0,0,0,0,0,0,0,0,0,0,0,0,0,0,1481.0313888888888,4,0.2838605946118998,0.20087642847680934,0.0,0.15735081754774174,0.0,0.0,0.0,0.0,0.4011608904826341,0.08423391657137727,0.10723788869932246,0.08158860519389947,0.0,0.10267947179925084,0.20744225340712416,0.17329785770544695,0.6233710044080247,0.09032623941185966,0.09684999766319176,0.08855767808678301,0.1550091114352318,0.369686621488804,0.09926887626545462,5,10,5,0,3,1
33034,3,11,15,59,2,2,1,4173918.0,0,1,0,0,0,4417388.765201,,0,15,0,False,15,253,0,0,0,0,0,0,0,0,0,0,0,0,0,0,0,0,0,0,0,0,0,0,0,0,0,0,0,0,0,0,0,0,0,0,0,0,0,0,0,0,0,0,0,0,0,0,0,0,0,0,0,0,0,0,0,0,0,0,0,0,0,0,0,0,0,0,0,0,0,0,0,0,0,0,0,0,0,0,0,0,0,0,0,0,0,0,0,0,0,0,0,0,0,0,0,0,0,0,0,0,0,0,0,0,0,0,0,0,0,0,0,0,0,0,0,0,0,0,0,0,0,0,0,0,0,0,0,0,0,0,0,0,0,0,0,0,0,0,0,0,0,0,0,0,0,0,0,0,0,0,0,0,0,0,1605.5697222222223,4,0.22479460024234282,0.11930839634317351,0.0,0.09345682740011318,0.0,0.0,0.1147471093543189,0.0,0.47653040112277845,0.1000596593641241,0.0,0.09691735082480574,0.0,0.12197073803656377,0.12320809751292189,0.3087852016683679,0.42313658303242313,0.10729659874635486,0.11504603098187309,0.10519576275350653,0.09206599621544376,0.5123332589038755,0.2358387297868077,12,110,20,2,3,1
33048,7,22,31,1907,7,2,1,5617916.0,0,1,0,0,0,4418920.181209,,0,31,0,False,15,253,0,0,0,0,0,0,0,0,0,0,0,0,0,0,0,0,0,0,0,0,0,0,0,0,0,0,0,0,0,0,0,0,0,0,0,0,0,0,0,0,0,0,0,0,0,0,0,0,0,0,0,0,0,0,0,0,0,0,0,0,0,0,0,0,0,0,0,0,0,0,0,0,0,0,0,0,0,0,0,0,0,0,0,0,0,0,0,0,0,0,0,0,0,0,0,0,0,0,0,0,0,0,0,0,0,0,0,0,0,0,0,0,0,0,0,0,0,0,0,0,0,0,0,0,0,0,0,0,0,0,0,0,0,0,0,0,0,0,0,0,0,0,0,0,0,0,0,0,0,0,0,0,0,0,1682.8072222222222,4,0.22479460024234282,0.11930839634317351,0.0,0.09345682740011318,0.0,0.0,0.1147471093543189,0.0,0.47653040112277845,0.1000596593641241,0.0,0.09691735082480574,0.0,0.12197073803656377,0.12320809751292189,0.3087852016683679,0.42313658303242313,0.10729659874635486,0.11504603098187309,0.10519576275350653,0.09206599621544376,0.5123332589038755,0.2358387297868077,13,123,21,3,3,1
34202,3,9,8,36,1,3,2,138432.0,0,0,0,0,0,4424589.207751,,1,8,0,False,15,81,0,0,0,0,0,0,0,0,0,0,0,0,0,0,0,0,0,0,0,0,0,0,0,0,0,0,0,0,0,0,0,0,0,0,0,0,0,0,0,0,0,0,0,0,0,0,0,0,0,0,0,0,0,0,0,0,0,0,0,0,0,0,0,0,0,0,0,0,0,0,0,0,0,0,0,0,0,0,0,0,0,0,0,0,0,0,0,0,0,0,0,0,0,0,0,0,0,0,0,0,0,0,0,0,0,0,0,0,0,0,0,0,0,0,0,0,0,0,0,0,0,0,0,0,0,0,0,0,0,0,0,0,0,0,0,0,0,0,0,0,0,0,0,0,0,0,0,0,0,0,0,0,0,0,472.8625,4,0.0,0.0,0.0,0.0,0.0,0.0,0.0,0.0,0.0,0.0,0.0,0.0,0.0,0.0,0.0,0.0,0.5567834669854095,0.282372050261417,0.0,0.2768432881804687,0.0,0.38523013889695157,0.6206558869435884,131,119,74,3,2,1
34031,0,0,1,2,1,1,1,,0,0,0,0,0,4437193.628484,,0,1,0,False,15,359,0,0,0,0,0,0,0,0,0,0,0,0,0,0,0,0,0,0,0,0,0,0,0,0,0,0,0,0,0,0,0,0,0,0,0,0,0,0,0,0,0,0,0,0,0,0,0,0,0,0,0,0,0,0,0,0,0,0,0,0,0,0,0,0,0,0,0,0,0,0,0,0,0,0,0,0,0,0,0,0,0,0,0,0,0,0,0,0,0,0,0,0,0,0,0,0,0,0,0,0,0,0,0,0,0,0,0,0,0,0,0,0,0,0,0,0,0,0,0,0,0,0,0,0,0,0,0,0,0,0,0,0,0,0,0,0,0,0,0,0,0,0,0,0,0,0,0,0,0,0,0,0,0,0,209.56583333333333,4,0.133933113519096,0.14216840594911812,0.0,0.11136356353595543,0.0,0.0,0.0,0.0,0.4258767797807776,0.11923152693036096,0.0,0.11548713835648206,0.0,0.14534086393399007,0.14681530688797864,0.2452998629177123,0.6302642495445611,0.12785509549265026,0.13708935277631523,0.12535173015191858,0.21941248604865835,0.34885631314939414,0.14051323000945556,113,174,112,0,1,1
34475,1,2,3,44,1,2,2,115791.0,0,0,0,0,0,4433546.702691,,0,3,0,False,15,352,0,0,0,0,0,0,0,0,0,0,0,0,0,0,0,0,0,0,0,0,0,0,0,0,0,0,0,0,0,0,0,0,0,0,0,0,0,0,0,0,0,0,0,0,0,0,0,0,0,0,0,0,0,0,0,0,0,0,0,0,0,0,0,0,0,0,0,0,0,0,0,0,0,0,0,0,0,0,0,0,0,0,0,0,0,0,0,0,0,0,0,0,0,0,0,0,0,0,0,0,0,0,0,0,0,0,0,0,0,0,0,0,0,0,0,0,0,0,0,0,0,0,0,0,0,0,0,0,0,0,0,0,0,0,0,0,0,0,0,0,0,0,0,0,0,0,0,0,0,0,0,0,1,1,180.64666666666668,4,0.2471898305810932,0.26238906314632937,0.0,0.0,0.0,0.0,0.0,0.0,0.0,0.0,0.0,0.21314554268585595,0.0,0.0,0.2709654833132531,0.2263653474596084,0.2326458468301446,0.23597210998347756,0.25301505353578974,0.23135184514979384,0.6074285943409882,0.3219283516926844,0.0,120,123,85,8,1,1
34410,2,14,14,1516,78,4,1,1366.0,0,0,0,0,0,4441214.809465,,0,14,0,False,15,202,0,0,0,0,0,0,0,0,0,0,0,0,0,0,0,0,0,0,0,0,0,0,0,0,0,0,0,0,0,0,0,0,0,0,0,0,0,0,0,0,0,0,0,0,0,0,0,0,0,0,0,0,0,0,0,0,0,0,0,0,0,0,0,0,0,0,0,0,0,0,0,0,0,0,0,0,0,0,0,0,0,0,0,0,0,0,0,0,0,0,0,0,0,0,0,0,0,0,0,0,0,0,0,0,0,0,0,0,0,0,0,0,0,0,0,0,0,0,0,0,0,0,0,0,0,0,0,0,0,0,0,0,0,0,0,0,0,0,0,0,0,0,0,0,0,0,0,0,0,0,0,0,0,0,263.8308333333333,4,0.33229230843123564,0.0,0.0,0.0,0.0,0.0,0.0,0.33978250257856124,0.0,0.0,0.0,0.0,0.0,0.0,0.0,0.0,0.6254822482656076,0.0,0.0,0.0,0.2721846732748047,0.43276179639732687,0.34861778643198604,123,123,79,24,4,1
34395,2,4,20,16,1,4,3,417392.0,0,0,0,0,0,4441997.089653,,1,20,0,False,15,44,0,0,0,0,0,0,0,0,0,0,0,0,0,0,0,0,0,0,0,0,0,0,0,0,0,0,0,0,0,0,0,0,0,0,0,0,0,0,0,0,0,0,0,0,0,0,0,0,0,0,0,0,0,0,0,0,0,0,0,0,0,0,0,0,0,0,0,0,0,0,0,0,0,0,0,0,0,0,0,0,0,0,0,0,0,0,0,0,0,0,0,0,0,0,0,0,0,0,0,0,0,0,0,0,0,0,0,0,0,0,0,0,0,0,0,0,0,0,0,0,0,0,0,0,0,0,0,0,0,0,0,0,0,0,0,0,0,0,0,0,0,0,0,0,0,0,0,0,0,0,0,0,0,0,276.4241666666667,4,0.0,0.0,0.0,0.0,0.0,0.0,0.0,0.0,0.0,0.6139777425726712,0.0,0.0,0.0,0.0,0.0,0.0,0.6491038588906828,0.0,0.0,0.0,0.0,0.4491052348821946,0.0,121,121,78,1,3,1
33098,5,2,14,155,1,2,1,681494.0,0,0,0,0,0,4501934.05889,,0,14,0,False,15,578,0,0,0,0,0,0,0,0,0,0,0,0,0,0,0,0,0,0,0,0,0,0,0,0,0,0,0,0,0,0,0,0,0,0,0,0,0,0,0,0,0,0,0,0,0,0,0,0,0,0,0,0,0,0,0,0,0,0,0,0,0,0,0,0,0,0,0,0,0,0,0,0,0,0,0,0,0,0,0,0,0,0,0,0,0,0,0,0,0,0,0,0,0,0,0,0,0,0,0,0,0,0,0,0,0,0,0,0,0,0,0,0,0,0,0,0,0,0,0,0,0,0,0,0,0,0,0,0,0,0,0,0,0,0,0,0,0,0,0,0,0,0,0,0,0,0,0,0,0,0,0,0,0,0,1754.0830555555556,4,0.07025211187645104,0.2982871225079115,0.0,0.23365470476792094,0.0,0.0,0.07172082207640629,0.07183566329748296,0.37230951072798135,0.12508133872236946,0.0,0.12115324061295696,0.0,0.3049433367157531,0.154018451354813,0.25733491830631106,0.5950680017302376,0.06706400110114175,0.071907658197902,0.06575090759227147,0.11508871937620463,0.3202256049187982,0.07370358901824772,16,123,25,0,4,1
34418,2,4,8,22,2,3,3,841463.0,0,0,0,0,0,4505876.349832,,0,8,0,False,15,457,0,0,0,0,0,0,0,0,0,0,0,0,0,0,0,0,0,0,0,0,0,0,0,0,0,0,0,0,0,0,0,0,0,0,0,0,0,0,0,0,0,0,0,0,0,0,0,0,0,0,0,0,0,0,0,0,0,0,0,0,0,0,0,0,0,0,0,0,0,0,0,0,0,0,0,0,0,0,0,0,0,0,0,0,0,0,0,0,0,0,0,0,0,0,0,0,0,0,0,0,0,0,0,0,0,0,0,0,0,0,0,0,0,0,0,0,0,0,0,0,0,0,0,0,0,0,0,0,0,0,0,0,0,0,0,0,0,0,0,0,0,0,0,0,0,0,0,0,0,0,0,0,0,0,237.75611111111112,4,0.09167007493096108,0.2919200804880739,0.0,0.30488968547615625,0.0,0.0,0.09358655502651383,0.09373640822039042,0.29148994813962864,0.0816076227950955,0.0,0.07904478846593482,0.0,0.29843421549652516,0.20097449883466112,0.2518420152796834,0.6039351826413373,0.08750999566993073,0.0938303524128108,0.08579657557287813,0.15017614769331256,0.23877354543829193,0.19234762763760618,121,121,77,0,4,1
34461,2,10,24,581,35,2,2,1608.0,0,0,0,0,0,4509391.671705,,0,24,0,False,15,121,0,0,0,0,0,0,0,0,0,0,0,0,0,0,0,0,0,0,0,0,0,0,0,0,0,0,0,0,0,0,0,0,0,0,0,0,0,0,0,0,0,0,0,0,0,0,0,0,0,0,0,0,0,0,0,0,0,0,0,0,0,0,0,0,0,0,0,0,0,0,0,0,0,0,0,0,0,0,0,0,0,0,0,0,0,0,0,0,0,0,0,0,0,0,0,0,0,0,0,0,0,0,0,0,0,0,0,0,0,0,0,0,0,0,0,0,0,0,0,0,0,0,0,0,0,0,0,0,0,0,0,0,0,0,0,0,0,0,0,0,0,0,0,0,0,0,0,0,0,0,0,0,0,0,176.1536111111111,4,0.0,0.28858065579290487,0.0,0.4521028421482446,0.0,0.0,0.0,0.0,0.0,0.0,0.0,0.0,0.0,0.2950202722438163,0.0,0.0,0.5117369622094177,0.0,0.0,0.0,0.0,0.531094705715653,0.28522089554989133,125,119,93,27,0,1
34174,5,5,16,787,8,2,1,3088.0,0,0,0,0,0,4796379.25077,,1,16,0,False,15,134,0,0,0,0,0,0,0,0,0,0,0,0,0,0,0,0,0,0,0,0,0,0,0,0,0,0,0,0,0,0,0,0,0,0,0,0,0,0,0,0,0,0,0,0,0,0,0,0,0,0,0,0,0,0,0,0,0,0,0,0,0,0,0,0,0,0,0,0,0,0,0,0,0,0,0,0,0,0,0,0,0,0,0,0,0,0,0,0,0,0,0,0,0,0,0,0,0,0,0,0,0,0,0,0,0,0,0,0,0,0,0,0,0,0,0,0,0,0,0,0,0,0,0,0,0,0,0,0,0,0,0,0,0,0,0,0,0,0,0,0,0,0,0,0,0,0,0,0,0,0,0,0,0,0,404.0627777777778,4,0.2867488059078261,0.0,0.0,0.4768554695179624,0.0,0.0,0.0,0.0,0.0,0.0,0.0,0.0,0.0,0.0,0.0,0.0,0.26987727861269667,0.0,0.0,0.0,0.46975887234003416,0.18672404568331916,0.6016734750770699,133,125,77,14,1,1
34152,3,9,13,320,8,2,3,12722.0,0,0,0,0,0,4797288.277777,,0,13,0,False,15,60,0,0,0,0,0,0,0,0,0,0,0,0,0,0,0,0,0,0,0,0,0,0,0,0,0,0,0,0,0,0,0,0,0,0,0,0,0,0,0,0,0,0,0,0,0,0,0,0,0,0,0,0,0,0,0,0,0,0,0,0,0,0,0,0,0,0,0,0,0,0,0,0,0,0,0,0,0,0,0,0,0,0,0,0,0,0,0,0,0,0,0,0,0,0,0,0,0,0,0,0,0,0,0,0,0,0,0,0,0,0,0,0,0,0,0,0,0,0,0,0,0,0,0,0,0,0,0,0,0,0,0,0,0,0,0,0,0,0,0,0,0,0,0,0,0,0,0,0,0,0,0,0,0,0,430.19638888888886,4,0.3808499644172033,0.0,0.0,0.0,0.0,0.0,0.0,0.0,0.0,0.6780895567303061,0.0,0.3283972975618143,0.0,0.0,0.0,0.0,0.35844177844526465,0.0,0.0,0.0,0.31195884015795433,0.248000496215449,0.0,131,124,73,13,0,1
34295,0,0,1,3,1,2,2,,0,0,0,0,0,4846995.286658,,0,1,0,False,15,114,0,0,0,0,0,0,0,0,0,0,0,0,0,0,0,0,0,0,0,0,0,0,0,0,0,0,0,0,0,0,0,0,0,0,0,0,0,0,0,0,0,0,0,0,0,0,0,0,0,0,0,0,0,0,0,0,0,0,0,0,0,0,0,0,0,0,0,0,0,0,0,0,0,0,0,0,0,0,0,0,0,0,0,0,0,0,0,0,0,0,0,0,0,0,0,0,0,0,0,0,0,0,0,0,0,0,0,0,0,0,0,0,0,0,0,0,0,0,0,0,0,0,0,0,0,0,0,0,0,0,0,0,0,0,0,0,0,0,0,0,0,0,0,0,0,0,0,0,0,0,0,0,0,0,238.33083333333335,4,0.2206958049961535,0.23426597031575025,0.0,0.18350556226189532,0.0,0.0,0.0,0.0,0.4678415779006856,0.3929408810923336,0.0,0.1903004141141838,0.0,0.2394935660192427,0.24192316215197965,0.20210330847102975,0.20771065834096544,0.2106804096552819,0.22589667538085592,0.20655534890999072,0.18077461936928613,0.2874237850355,0.0,108,123,81,0,0,1
34170,21,30,45,1021,47,4,0,2469.0,0,0,0,0,0,4835285.601427,,1,45,0,False,15,899,0,0,0,0,0,0,0,0,0,0,0,0,0,0,0,0,0,0,0,0,0,0,0,0,0,0,0,0,0,0,0,0,0,0,0,0,0,0,0,0,0,0,0,0,0,0,0,0,0,0,0,0,0,0,0,0,0,0,0,0,0,0,0,0,0,0,0,0,0,0,0,0,0,0,0,0,0,0,0,0,0,0,0,0,0,0,0,0,0,0,0,0,0,0,0,0,0,0,0,0,0,0,0,0,0,0,0,0,0,0,0,0,0,0,0,0,0,0,0,0,0,0,0,0,0,0,0,0,0,0,0,0,0,0,0,0,0,0,0,0,0,0,0,0,0,0,0,0,0,0,0,0,0,0,394.9375,4,0.2547524836206126,0.18027781955882743,0.0,0.282430970207942,0.0,0.0,0.0866928033110662,0.08683161805276278,0.18001218753457687,0.15119252096958904,0.09624132057404622,0.07322220908014745,0.0,0.18430068106829248,0.09308518030756281,0.2332908855328491,0.5594482453865854,0.0,0.0,0.0,0.13911390616207137,0.33177759355555886,0.4454474001477291,133,124,78,6,1,1
33673,17,5,12,9,1,4,3,165506.0,0,0,0,0,0,4861274.742702,,0,12,0,False,15,280,0,0,0,0,0,0,0,0,0,0,0,0,0,0,0,0,0,0,0,0,0,0,0,0,0,0,0,0,0,0,0,0,0,0,0,0,0,0,0,0,0,0,0,0,0,0,0,0,0,0,0,0,0,0,0,0,0,0,0,0,0,0,0,0,0,0,0,0,0,0,0,0,0,0,0,0,0,0,0,0,0,0,0,0,0,0,0,0,0,0,0,0,0,0,0,0,0,0,0,0,0,0,0,0,0,0,0,0,0,0,0,0,0,0,0,0,0,0,0,0,0,0,0,0,0,0,0,0,0,0,0,0,0,0,0,0,0,0,0,0,0,0,0,0,0,0,0,0,0,0,0,0,0,0,897.8347222222222,4,0.0890761959329318,0.28365996543470123,0.0,0.29626258494778906,0.0,0.0,0.09093844767235264,0.09108406064876812,0.1888280026862304,0.23789540708430965,0.0,0.15361630434297147,0.0,0.2899897777184086,0.19528776265538675,0.24471594153372744,0.5868463476250669,0.08503382948312639,0.09117534661419469,0.08336889199512472,0.1459267919924473,0.3480258819426128,0.0,41,124,77,0,1,1
34354,4,15,9,1584,12,3,2,1578.0,0,0,0,0,0,4862806.329516,,0,9,0,False,15,572,0,0,0,0,0,0,0,0,0,0,0,0,0,0,0,0,0,0,0,0,0,0,0,0,0,0,0,0,0,0,0,0,0,0,0,0,0,0,0,0,0,0,0,0,0,0,0,0,0,0,0,0,0,0,0,0,0,0,0,0,0,0,0,0,0,0,0,0,0,0,0,0,0,0,0,0,0,0,0,0,0,0,0,0,0,0,0,0,0,0,0,0,0,0,0,0,0,0,0,0,0,0,0,0,0,0,0,0,0,0,0,0,0,0,0,0,0,0,0,0,0,0,0,0,0,0,0,0,0,0,0,0,0,0,0,0,0,0,0,0,0,0,0,0,0,0,0,0,0,0,0,0,0,0,168.86305555555555,4,0.09368889183587234,0.19889928722587671,0.0,0.23370312056002102,0.0,0.0,0.09564757787941566,0.095800731235982,0.09930310861374352,0.08340483795601293,0.10618239177010048,0.16157112650669753,0.0,0.20333768285768053,0.3081007313008609,0.25738824089580137,0.5290589389174041,0.0,0.0,0.0,0.306966845356308,0.48806393773941137,0.09829181493632604,115,124,74,13,2,1
32550,21,30,24,658,13,3,0,392471.0,0,0,0,0,0,4862627.761851,,0,24,0,False,15,151,0,0,0,0,0,0,0,0,0,0,0,0,0,0,0,0,0,0,0,0,0,0,0,0,0,0,0,0,0,0,0,0,0,0,0,0,0,0,0,0,0,0,0,0,0,0,0,0,0,0,0,0,0,0,0,0,0,0,0,0,0,0,0,0,0,0,0,0,0,0,0,0,0,0,0,0,0,0,0,0,0,0,0,0,0,0,0,0,0,0,0,0,0,0,0,0,0,0,0,0,0,0,0,0,0,0,0,0,0,0,0,0,0,0,0,0,0,0,0,0,0,0,0,0,0,0,0,0,0,0,0,0,0,0,0,0,0,0,0,0,0,0,0,0,0,0,0,0,0,0,0,0,0,0,1787.641111111111,4,0.4670779445866302,0.16526589302951825,0.0,0.12945632087417616,0.0,0.0,0.0,0.0,0.49506714140268016,0.13860255831011792,0.0,0.1342498350916196,0.0,0.16895376656561273,0.34133551180039917,0.14257633626286573,0.29306422436174795,0.14862716082312696,0.1593616680173303,0.1457170845241549,0.12752974265476444,0.30415011907913386,0.16334180780141766,10,147,10,0,4,1
34063,4,22,8,3948,16,3,1,383083.0,0,0,0,0,0,4862854.663545,,1,8,0,False,15,1063,0,0,0,0,0,0,0,0,0,0,0,0,0,0,0,0,0,0,0,0,0,0,0,0,0,0,0,0,0,0,0,0,0,0,0,0,0,0,0,0,0,0,0,0,0,0,0,0,0,0,0,0,0,0,0,0,0,0,0,0,0,0,0,0,0,0,0,0,0,0,0,0,0,0,0,0,0,0,0,0,0,0,0,0,0,0,0,0,0,0,0,0,0,0,0,0,0,0,0,0,0,0,0,0,0,0,0,0,0,0,0,0,0,0,0,0,0,0,0,0,0,0,0,0,0,0,0,0,0,0,0,0,0,0,0,0,0,0,0,0,0,0,0,0,0,0,0,0,0,0,0,0,0,0,265.89,4,0.11455780010044542,0.18240261203584957,0.0,0.1428798806525872,0.0,0.0,0.058476388673681136,0.05857002256806519,0.060711283072142914,0.05099150265707702,0.06491709407714916,0.09878029534591566,0.3125604113173099,0.31078814640193786,0.12557640255081948,0.15736033413865577,0.3773613470849541,0.0,0.0,0.0,0.2815070641143595,0.522181324596289,0.4206510348472273,124,159,71,4,3,1
34291,6,9,19,49,7,4,2,234446.0,0,0,0,0,0,4866075.764498,,0,19,0,False,15,178,0,0,0,0,0,0,0,0,0,0,0,0,0,0,0,0,0,0,0,0,0,0,0,0,0,0,0,0,0,0,0,0,0,0,0,0,0,0,0,0,0,0,0,0,0,0,0,0,0,0,0,0,0,0,0,0,0,0,0,0,0,0,0,0,0,0,0,0,0,0,0,0,0,0,0,0,0,0,0,0,0,0,0,0,0,0,0,0,0,0,0,0,0,0,0,0,0,0,0,0,0,0,0,0,0,0,0,0,0,0,0,0,0,0,0,0,0,0,0,0,0,0,0,0,0,0,0,0,0,0,0,0,0,0,0,0,0,0,0,0,0,0,0,0,0,0,0,0,0,0,0,0,0,0,188.0572222222222,4,0.16555719594439133,0.17573699305858398,0.0,0.13765855825310236,0.0,0.0,0.0,0.0,0.0,0.14738429316021456,0.0,0.2855115705380069,0.0,0.0,0.0,0.30321969230118545,0.6232650260532698,0.0,0.0,0.0,0.1356099137508087,0.5390346669596897,0.1736909995013142,106,117,79,0,0,1
34226,2,6,4,81,1,1,1,1120604.0,0,0,0,0,0,4927024.127461,,0,4,0,False,15,193,0,0,0,0,0,0,0,0,0,0,0,0,0,0,0,0,0,0,0,0,0,0,0,0,0,0,0,0,0,0,0,0,0,0,0,0,0,0,0,0,0,0,0,0,0,0,0,0,0,0,0,0,0,0,0,0,0,0,0,0,0,0,0,0,0,0,0,0,0,0,0,0,0,0,0,0,0,0,0,0,0,0,0,0,0,0,0,0,0,0,0,0,0,0,0,0,0,0,0,0,0,0,0,0,0,0,0,0,0,0,0,0,0,0,0,0,0,0,0,0,0,0,0,0,0,0,0,0,0,0,0,0,0,0,0,0,0,0,0,0,0,0,0,0,0,0,0,0,0,0,0,0,0,0,314.9691666666667,4,0.0,0.0,0.0,0.12158416699299593,0.0,0.0,0.14928210269720943,0.0,0.619949911409908,0.0,0.0,0.2521723815158673,0.0,0.1586797989429563,0.6411582468455281,0.0,0.13762159064099985,0.0,0.0,0.0,0.0,0.19043663334651803,0.15340909970682648,129,124,73,0,3,1
34200,2,13,6,95,4,3,3,27.0,0,0,0,0,0,4940547.183847,,0,6,0,False,15,432,0,0,0,0,0,0,0,0,0,0,0,0,0,0,0,0,0,0,0,0,0,0,0,0,0,0,0,0,0,0,0,0,0,0,0,0,0,0,0,0,0,0,0,0,0,0,0,0,0,0,0,0,0,0,0,0,0,0,0,0,0,0,0,0,0,0,0,0,0,0,0,0,0,0,0,0,0,0,0,0,0,0,0,0,0,0,0,0,0,0,0,0,0,0,0,0,0,0,0,0,0,0,0,0,0,0,0,0,0,0,0,0,0,0,0,0,0,0,0,0,0,0,0,0,0,0,0,0,0,0,0,0,0,0,0,0,0,0,0,0,0,0,0,0,0,0,0,0,0,0,0,0,0,0,333.18083333333334,4,0.1795124694146211,0.2858255246305583,0.0,0.29852435694031854,0.0,0.0,0.09163270352658305,0.0917794281632909,0.28540437236193267,0.15980772244418331,0.0,0.15478906483454702,0.0,0.29220366091084393,0.19677865760634905,0.328778917942113,0.5068513178559045,0.0856830074209222,0.09187141103764355,0.08400535921894246,0.07352042403124595,0.35068283301387915,0.09416594687327126,129,122,73,4,2,1
34334,1,4,4,19,1,2,1,179735.0,0,0,0,0,0,4964576.434525,,0,4,0,False,15,18,0,0,0,0,0,0,0,0,0,0,0,0,0,0,0,0,0,0,0,0,0,0,0,0,0,0,0,0,0,0,0,0,0,0,0,0,0,0,0,0,0,0,0,0,0,0,0,0,0,0,0,0,0,0,0,0,0,0,0,0,0,0,0,0,0,0,0,0,0,0,0,0,0,0,0,0,0,0,0,0,0,0,0,0,0,0,0,0,0,0,0,0,0,0,0,0,0,0,0,0,0,0,0,0,0,0,0,0,0,0,0,0,0,0,0,0,0,0,0,0,0,0,0,0,0,0,0,0,0,0,0,0,0,0,0,0,0,0,0,0,0,0,0,0,0,0,0,0,0,0,0,0,0,0,169.85611111111112,4,0.4271839328544256,0.0,0.0,0.0,0.0,0.0,0.0,0.0,0.0,0.7605855080355146,0.0,0.0,0.0,0.0,0.0,0.0,0.40204958099417437,0.0,0.0,0.0,0.0,0.27817208145281663,0.0,117,122,74,21,2,1
34298,6,3,2,3,1,2,1,56.0,0,0,0,0,0,5021126.679462,,0,2,0,False,15,319,0,0,0,0,0,0,0,0,0,0,0,0,0,0,0,0,0,0,0,0,0,0,0,0,0,0,0,0,0,0,0,0,0,0,0,0,0,0,0,0,0,0,0,0,0,0,0,0,0,0,0,0,0,0,0,0,0,0,0,0,0,0,0,0,0,0,0,0,0,0,0,0,0,0,0,0,0,0,0,0,0,0,0,0,0,0,0,0,0,0,0,0,0,0,0,0,0,0,0,0,0,0,0,0,0,0,0,0,0,0,0,0,0,0,0,0,0,0,0,0,0,0,0,0,0,0,0,0,0,0,0,0,0,0,0,0,0,0,0,0,0,0,0,0,0,0,0,0,0,0,0,0,0,0,188.7386111111111,4,0.1626828123008679,0.1726858690314577,0.0,0.13526854732076785,0.0,0.0,0.0,0.0,0.5172942703112478,0.14482542521638755,0.0,0.14027727690906844,0.17754603067597938,0.17653931776661108,0.17833026042470032,0.2979552293524563,0.45933298158107616,0.1553001043224068,0.1665165608427146,0.15225937374319357,0.13325547113198177,0.3178056080804314,0.1706753977623145,109,122,82,0,0,1
34281,4,0,1,17,2,1,1,134630.0,0,0,0,0,0,5033788.875829,,0,1,0,False,15,134,0,0,0,0,0,0,0,0,0,0,0,0,0,0,0,0,0,0,0,0,0,0,0,0,0,0,0,0,0,0,0,0,0,0,0,0,0,0,0,0,0,0,0,0,0,0,0,0,0,0,0,0,0,0,0,0,0,0,0,0,0,0,0,0,0,0,0,0,0,0,0,0,0,0,0,0,0,0,0,0,0,0,0,0,0,0,0,0,0,0,0,0,0,0,0,0,0,0,0,0,0,0,0,0,0,0,0,0,0,0,0,0,0,0,0,0,0,0,0,0,0,0,0,0,0,0,0,0,0,0,0,0,0,0,0,0,0,0,0,0,0,0,0,0,0,0,0,0,0,0,0,0,0,0,192.48722222222221,4,0.1913146708821898,0.20307824614353567,0.0,0.15907554858053413,0.0,0.0,0.0,0.0,0.4055580372387868,0.34062883679935707,0.0,0.1649658048354569,0.0,0.20760989436193403,0.20971603944484266,0.17519738512932154,0.3601164620226232,0.18263262065732372,0.19582315171157222,0.1790567274097462,0.31341634979505745,0.37373877703795744,0.0,108,117,76,0,0,1
34266,3,4,5,10,1,2,1,659.0,0,0,0,0,0,5045652.28113,,0,5,0,False,15,153,0,0,0,0,0,0,0,0,0,0,0,0,0,0,0,0,0,0,0,0,0,0,0,0,0,0,0,0,0,0,0,0,0,0,0,0,0,0,0,0,0,0,0,0,0,0,0,0,0,0,0,0,0,0,0,0,0,0,0,0,0,0,0,0,0,0,0,0,0,0,0,0,0,0,0,0,0,0,0,0,0,0,0,0,0,0,0,0,0,0,0,0,0,0,0,0,0,0,0,0,0,0,0,0,0,0,0,0,0,0,0,0,0,0,0,0,0,0,0,0,0,0,0,0,0,0,0,0,0,0,0,0,0,0,0,0,0,0,0,0,0,0,0,0,0,0,0,0,0,0,0,0,0,0,216.93305555555557,4,0.0,0.0,0.0,0.0,0.0,0.0,0.0,0.0,0.0,0.27923747186147213,0.0,0.2704682006296476,0.0,0.0,0.0,0.0,0.5904257042695862,0.0,0.0,0.0,0.1284647388916954,0.6127600482524658,0.32907872708739727,113,118,76,0,6,0
34213,2,6,8,61,3,3,1,601394.0,0,0,0,0,0,5048761.198395,,0,8,0,False,15,70,0,0,0,0,0,0,0,0,0,0,0,0,0,0,0,0,0,0,0,0,0,0,0,0,0,0,0,0,0,0,0,0,0,0,0,0,0,0,0,0,0,0,0,0,0,0,0,0,0,0,0,0,0,0,0,0,0,0,0,0,0,0,0,0,0,0,0,0,0,0,0,0,0,0,0,0,0,0,0,0,0,0,0,0,0,0,0,0,0,0,0,0,0,0,0,0,0,0,0,0,0,0,0,0,0,0,0,0,0,0,0,0,0,0,0,0,0,0,0,0,0,0,0,0,0,0,0,0,0,0,0,0,0,0,0,0,0,0,0,0,0,0,0,0,0,0,0,0,0,0,0,0,0,0,288.06916666666666,4,0.0,0.0,0.0,0.14462105578918397,0.0,0.0,0.0,0.0,0.0,0.0,0.0,0.0,0.0,0.377490599690793,0.0,0.0,0.32739426900929985,0.0,0.0,0.0,0.284937589801906,0.3397787844008222,0.7299037865200823,132,116,77,4,3,1
34287,1,0,6,1606,3,1,1,242938.0,0,0,0,0,0,5103705.146852,,1,6,0,False,15,13,0,0,0,0,0,0,0,0,0,0,0,0,0,0,0,0,0,0,0,0,0,0,0,0,0,0,0,0,0,0,0,0,0,0,0,0,0,0,0,0,0,0,0,0,0,0,0,0,0,0,0,0,0,0,0,0,0,0,0,0,0,0,0,0,0,0,0,0,0,0,0,0,0,0,0,0,0,1,0,0,0,0,0,0,0,0,0,0,0,0,0,0,0,0,0,0,0,0,0,0,0,0,0,0,0,0,0,0,0,0,0,0,0,0,0,0,0,0,0,0,0,0,0,0,0,0,0,0,0,0,0,0,0,0,0,0,0,0,0,0,0,0,0,0,0,0,0,0,0,0,0,0,0,1,169.91222222222223,4,0.657977633292238,0.0,0.0,0.0,0.0,0.0,0.0,0.0,0.0,0.0,0.0,0.0,0.0,0.0,0.0,0.0,0.6192640018107418,0.0,0.0,0.0,0.0,0.42845948483898777,0.0,105,112,78,2,0,1
33980,4,0,4,64,2,1,1,274451.0,0,0,0,0,0,5106496.392419,,0,4,0,False,15,217,0,0,0,0,0,0,0,0,0,0,0,0,0,0,0,0,0,0,0,0,0,0,0,0,0,0,0,0,0,0,0,0,0,0,0,0,0,0,0,0,0,0,0,0,0,0,0,0,0,0,0,0,0,0,0,0,0,0,0,0,0,0,0,0,0,0,0,0,0,0,0,0,0,0,0,0,0,0,0,0,0,0,0,0,0,0,0,0,0,0,0,0,0,0,0,0,0,0,0,0,0,0,0,0,0,0,0,0,0,0,0,0,0,0,0,0,0,0,0,0,0,0,0,0,0,0,0,0,0,0,0,0,0,0,0,0,0,0,0,0,0,0,0,0,0,0,0,0,0,0,0,0,0,0,552.5272222222222,4,0.25977113548318914,0.1378719842795702,0.0,0.10799808423427995,0.0,0.0,0.0,0.0,0.41300650657913335,0.11562827265894268,0.0,0.11199704194246973,0.0,0.14094856852132084,0.2847569057010339,0.35683011233954137,0.4889738032866893,0.1239912313720007,0.13294642339618798,0.12156351935962217,0.10639084902614993,0.4228920606626915,0.0,93,108,123,1,5,0
34140,7,0,34,47,3,2,2,62472.0,0,0,0,0,0,5124290.559318,,1,34,0,False,15,37,0,0,0,0,0,0,0,0,0,0,0,0,0,0,0,0,0,0,0,0,0,0,0,0,0,0,0,0,0,0,0,0,0,0,0,0,0,0,0,0,0,0,0,0,0,0,0,0,0,0,0,0,0,0,0,0,0,0,0,0,0,0,0,0,0,0,0,0,0,0,0,0,0,0,0,0,0,0,0,0,0,0,0,0,0,0,0,0,0,0,0,0,0,0,0,0,0,0,0,0,0,0,0,0,0,0,0,0,0,0,0,0,0,0,0,0,0,0,0,0,0,0,0,0,0,0,0,0,0,0,0,0,0,0,0,0,0,0,0,0,0,0,0,0,0,0,0,0,0,0,0,0,0,0,351.4575,4,0.0,0.5907112092194458,0.0,0.0,0.0,0.0,0.0,0.0,0.0,0.4954082377157816,0.0,0.0,0.0,0.0,0.0,0.0,0.5237509058229174,0.0,0.0,0.0,0.0,0.3623754047331544,0.0,136,106,73,0,6,0
32600,21,10,54,893,16,3,1,84650.0,0,0,0,0,0,5347777.1901,,0,54,0,False,15,35,0,0,0,0,0,0,0,0,0,0,0,0,0,0,0,0,0,0,0,0,0,0,0,0,0,0,0,0,0,0,0,0,0,0,0,0,0,0,0,0,0,0,0,0,0,0,0,0,0,0,0,0,0,0,0,0,0,0,0,0,0,0,0,0,0,0,0,0,0,0,0,0,0,0,0,0,0,0,0,0,0,0,0,0,0,0,0,0,0,0,0,0,0,0,0,0,0,0,0,0,0,0,0,0,0,0,0,0,0,0,0,0,0,0,0,0,0,0,0,0,0,0,0,0,0,0,0,0,0,0,0,0,0,0,0,0,0,0,0,0,0,0,0,0,0,0,0,0,0,0,0,0,1,1,1080.6591666666666,4,0.0,0.0,0.6269510123309522,0.4708161312801888,0.0,0.0,0.0,0.0,0.0,0.0,0.0,0.0,0.0,0.0,0.6206968653566329,0.0,0.0,0.0,0.0,0.0,0.0,0.0,0.0,11,5,12,0,6,0
33624,6,30,88,5355,24,3,2,1018529.0,0,0,0,0,0,5348624.915883,,0,88,0,False,15,436,0,0,0,0,0,0,0,0,0,0,0,0,0,0,0,0,0,0,0,0,0,0,0,0,0,0,0,0,0,0,0,0,0,0,0,0,0,0,0,0,0,0,0,0,0,0,0,0,0,0,0,0,0,0,0,0,0,0,0,0,0,0,0,0,0,0,0,0,0,0,0,0,0,0,0,0,0,0,0,0,0,0,0,0,0,0,0,0,0,0,0,0,0,0,0,0,0,0,0,0,0,0,0,0,0,0,0,0,0,0,0,0,0,0,0,0,0,0,0,0,0,0,0,0,0,0,0,0,0,0,0,0,0,0,0,0,0,0,0,0,0,0,0,0,0,0,0,0,0,0,0,0,1,1,618.9861111111111,4,0.0,0.0,0.0,0.0,0.0,0.0,0.0,0.0,0.0,0.0,0.0,0.0,0.19510471265043047,0.0,0.0,0.0,0.16825313608539408,0.0,0.0,0.0,0.0,0.232823648068999,0.9377729907599525,37,176,68,0,4,1
34222,2,4,4,216,7,3,2,439438.0,0,0,0,0,0,5429705.178103,,1,4,0,False,15,423,0,0,0,0,0,0,0,0,0,0,0,0,0,0,0,0,0,0,0,0,0,0,0,0,0,0,0,0,0,0,0,0,0,0,0,0,0,0,0,0,0,0,0,0,0,0,0,0,0,0,0,0,0,0,0,0,0,0,0,0,0,0,0,0,0,0,0,0,0,0,0,0,0,0,0,0,0,0,0,0,0,0,0,0,0,0,0,0,0,0,0,0,0,0,0,0,0,0,0,0,0,0,0,0,0,0,0,0,0,0,0,0,0,0,0,0,0,0,0,0,0,0,0,0,0,0,0,0,0,0,0,0,0,0,0,0,0,0,0,0,0,0,0,0,0,0,0,0,0,0,0,0,0,0,178.09583333333333,4,0.10609482643128837,0.22523679106487832,0.0,0.2646492185616001,0.0,0.0,0.10831287439568482,0.10848630775009721,0.11245245691366544,0.09444899638662198,0.2404853383182933,0.09148288706982229,0.0,0.23026290253831252,0.11629942806873951,0.2914706344390654,0.599114955855118,0.0,0.0,0.0,0.0,0.48360510545879565,0.11130725148883634,131,114,77,9,3,1
33600,4,4,6,95,5,3,2,1522.0,0,0,0,0,0,5431695.131062,,0,6,0,False,15,679,0,0,0,0,0,0,0,0,0,0,0,0,0,0,0,0,0,0,0,0,0,0,0,0,0,0,0,0,0,0,0,0,0,0,0,0,0,0,0,0,0,0,0,0,0,0,0,0,0,0,0,0,0,0,0,0,0,0,0,0,0,0,0,0,0,0,0,0,0,0,0,0,0,0,0,0,0,0,0,0,0,0,0,0,0,0,0,0,0,0,0,0,0,0,0,0,0,0,0,0,0,0,0,0,0,0,0,0,0,0,0,0,0,0,0,0,0,0,0,0,0,0,0,0,0,0,0,0,0,0,0,0,0,0,0,0,0,0,0,0,0,0,0,0,0,0,0,0,0,0,0,0,1,1,308.19444444444446,4,0.06779465586320099,0.215889660951534,0.0,0.33822200950521625,0.0,0.0,0.06921198980390655,0.06932281381835748,0.215571556329492,0.18105889105165843,0.07683513560386987,0.23383047241374771,0.0,0.22070719318849333,0.14863080450230295,0.24833320682006838,0.5104464075006809,0.06471806688825364,0.06939229029909867,0.06345090608450983,0.05553142756454072,0.44146277709537796,0.2845015940396139,31,11,62,3,3,1
34030,4,0,2,11,1,1,1,52119.0,0,0,0,0,0,5456367.509598,,0,2,0,False,15,34,0,0,0,0,0,0,0,0,0,0,0,0,0,0,0,0,0,0,0,0,0,0,0,0,0,0,0,0,0,0,0,0,0,0,0,0,0,0,0,0,0,0,0,0,0,0,0,0,0,0,0,0,0,0,0,0,0,0,0,0,0,0,0,0,0,0,0,0,0,0,0,0,0,0,0,0,0,0,0,0,0,0,0,0,0,0,0,0,0,0,0,0,0,0,0,0,0,0,0,0,0,0,0,0,0,0,0,0,0,0,0,0,0,0,0,0,0,0,0,0,0,0,0,0,0,0,0,0,0,0,0,0,0,0,0,0,0,0,0,0,0,0,0,0,0,0,0,0,0,0,0,0,0,0,379.7286111111111,4,0.0,0.6001856523028755,0.0,0.4701383023702303,0.0,0.0,0.0,0.0,0.0,0.0,0.0,0.0,0.0,0.0,0.0,0.0,0.5321513696530705,0.0,0.0,0.0,0.0,0.3681875597987672,0.0,112,109,112,0,1,1
34068,5,0,1,102,2,1,1,1659.0,0,0,0,0,0,5458710.186201,,0,1,0,False,15,192,0,0,0,0,0,0,0,0,0,0,0,0,0,0,0,0,0,0,0,0,0,0,0,0,0,0,0,0,0,0,0,0,0,0,0,0,0,0,0,0,0,0,0,0,0,0,0,0,0,0,0,0,0,0,0,0,0,0,0,0,0,0,0,0,0,0,0,0,0,0,0,0,0,0,0,0,0,0,0,0,0,0,0,0,0,0,0,0,0,0,0,0,0,0,0,0,0,0,0,0,0,0,0,0,0,0,0,0,0,0,0,0,0,0,0,0,0,0,0,0,0,0,0,0,0,0,0,0,0,0,0,0,0,0,0,0,0,0,0,0,0,0,0,0,0,0,0,0,0,0,0,0,0,0,337.3772222222222,4,0.1490000255102601,0.15816175370366006,0.0,0.3716744882229217,0.0,0.0,0.0,0.0,0.3158574176032818,0.13264457226045195,0.0,0.1284789557197095,0.0,0.16169109986948899,0.16333141145476696,0.1364475329216894,0.42069979615737846,0.1422382560180343,0.1525113284097861,0.1394532726048223,0.36614320192584515,0.4851264765011214,0.0,127,111,68,1,3,1
33389,5,15,11,204,5,3,3,181514.0,0,0,0,0,0,5468667.097477,,0,11,0,False,15,512,0,0,0,0,0,0,0,0,0,0,0,0,0,0,0,0,0,0,0,0,0,0,0,0,0,0,0,0,0,0,0,0,0,0,0,0,0,0,0,0,0,0,0,0,0,0,0,0,0,0,0,0,0,0,0,0,0,0,0,0,0,0,0,0,0,0,0,0,0,0,0,0,0,0,0,0,0,0,0,0,0,0,0,0,0,0,0,0,0,0,0,0,0,0,0,0,0,0,0,0,0,0,0,0,0,0,0,0,0,0,0,0,0,0,0,0,0,0,0,0,0,0,0,0,0,0,0,0,0,0,0,0,0,0,0,0,0,0,0,0,0,0,0,0,0,0,0,0,0,0,0,0,0,0,1079.4922222222222,4,0.14246173551287647,0.3780535917229086,0.0,0.23690999361362086,0.0,0.0,0.07272004009917904,0.07283648129379945,0.2264979270923701,0.1268239780890904,0.0,0.12284115352350367,0.0,0.23189386671756376,0.1561642439988143,0.3261501513155058,0.6033585184154866,0.0679983400649105,0.07290947923071421,0.06666695247265322,0.116692141078427,0.3246870038058228,0.07473043104763231,14,111,39,0,0,1
34026,1,0,8,19,2,1,1,2332.0,0,0,0,0,0,5483005.303761,,0,8,0,False,15,95,0,0,0,0,0,0,0,0,0,0,0,0,0,0,0,0,0,0,0,0,0,0,0,0,0,0,0,0,0,0,0,0,0,0,0,0,0,0,0,0,0,0,0,0,0,0,0,0,0,0,0,0,0,0,0,0,0,0,0,0,0,0,0,0,0,0,0,0,0,0,0,0,0,0,0,0,0,0,0,0,0,0,0,0,0,0,0,0,0,0,0,0,0,0,0,0,0,0,0,0,0,0,0,0,0,0,0,0,0,0,0,0,0,0,0,0,0,0,0,0,0,0,0,0,0,0,0,0,0,0,0,0,0,0,0,0,0,0,0,0,0,0,0,0,0,0,0,0,0,0,0,0,0,0,381.98305555555555,4,0.0,0.0,0.0,0.0,0.0,0.0,0.0,0.0,0.0,0.0,0.0,0.0,0.0,0.0,0.0,0.0,0.5857255462436565,0.0,0.0,0.0,0.0,0.8105094598322529,0.0,111,114,118,11,1,1
32838,13,24,11,34,2,4,1,47122.0,0,0,0,0,0,5582573.502641,,0,11,0,False,15,508,0,0,0,0,0,0,0,0,0,0,0,0,0,0,0,0,0,0,0,0,0,0,0,0,0,0,0,0,0,0,0,0,0,0,0,0,0,0,0,0,0,0,0,0,0,0,0,0,0,0,0,0,0,0,0,0,0,0,0,0,0,0,0,0,0,0,0,0,0,0,0,0,0,0,0,0,0,0,0,0,0,0,0,0,0,0,0,0,0,0,0,0,0,0,0,0,0,0,0,0,0,0,0,0,0,0,0,0,0,0,0,0,0,0,0,0,0,0,0,0,0,0,0,0,0,0,0,0,0,0,0,0,0,0,0,0,0,0,0,0,0,0,0,0,0,0,0,0,0,0,0,0,0,0,1625.3011111111111,4,0.07705637075113018,0.24538326131760865,0.0,0.2562852998641032,0.0,0.0,0.07866733268054166,0.078793296832685,0.24502169907672672,0.20579411251555743,0.0,0.13288752148534708,0.0,0.2508589370243447,0.16893588780623753,0.28225905730913425,0.5801806517658721,0.07355947593421787,0.07887226478952929,0.07211920292963751,0.12623562185748785,0.3010637253767644,0.32336856099454975,11,149,15,0,3,1
33823,7,12,75,2979,19,2,1,64949.0,0,0,0,0,0,5603418.19433,,0,75,0,False,15,2,0,0,0,0,0,0,0,0,0,0,0,0,0,0,0,0,0,0,0,0,0,0,0,0,0,0,0,0,0,0,0,0,0,0,0,0,0,0,0,0,0,0,0,0,0,0,0,0,0,0,0,0,0,0,0,0,0,0,0,0,0,0,0,0,0,0,0,0,0,0,0,0,0,0,0,0,0,0,0,0,0,0,0,0,0,0,0,0,0,0,0,0,0,0,0,0,0,0,0,0,0,0,0,0,0,0,0,0,0,0,0,0,0,0,0,0,0,0,0,0,0,0,0,0,0,0,0,0,0,0,0,0,0,0,0,0,0,0,0,0,0,0,0,0,0,0,0,0,0,0,0,0,1,1,431.91805555555555,4,0.0,0.0,0.0,0.0,0.0,0.0,0.0,0.0,0.0,0.0,0.0,0.0,0.0,0.0,0.0,0.0,0.0,0.0,0.0,0.0,0.0,0.0,0.0,67,170,105,1,0,1
34139,2,0,3,93,13,1,1,167373.0,0,0,0,0,0,5626159.295322,,0,3,0,False,15,489,0,0,0,0,0,0,0,0,0,0,0,0,0,0,0,0,0,0,0,0,0,0,0,0,0,0,0,0,0,0,0,0,0,0,0,0,0,0,0,0,0,0,0,0,0,0,0,0,0,0,0,0,0,0,0,0,0,0,0,0,0,0,0,0,0,0,0,0,0,0,0,0,0,0,0,0,0,0,0,0,0,0,0,0,0,0,0,0,0,0,0,0,0,0,0,0,0,0,0,0,0,0,0,0,0,0,0,0,0,0,0,0,0,0,0,0,0,0,0,0,0,0,0,0,0,0,0,0,0,0,0,0,0,0,0,0,0,0,0,0,0,0,0,0,0,0,0,0,0,0,0,0,0,0,214.18944444444443,4,0.15886499196295292,0.2529499472728107,0.0,0.2641881631995792,0.0,0.0,0.08109313384615828,0.08122298225338799,0.2525772358283714,0.141426679854058,0.0,0.1369852669348352,0.0,0.2585944719802607,0.17414522768838425,0.3637035655989919,0.5980712151466995,0.07582777023609791,0.08130438528150305,0.07434308469311987,0.13012824803674022,0.31034738494749853,0.0833350042032659,136,156,72,0,6,0
33981,0,4,4,90,2,3,1,,0,0,0,0,0,5628523.639146,,0,4,0,False,15,217,0,0,0,0,0,0,0,0,0,0,0,0,0,0,0,0,0,0,0,0,0,0,0,0,0,0,0,0,0,0,0,0,0,0,0,0,0,0,0,0,0,0,0,0,0,0,0,0,0,0,0,0,0,0,0,0,0,0,0,0,0,0,0,0,0,0,0,0,0,0,0,0,0,0,0,0,0,0,0,0,0,0,0,0,0,0,0,0,0,0,0,0,0,0,0,0,0,0,0,0,0,0,0,0,0,0,0,0,0,0,0,0,0,0,0,0,0,0,0,0,0,0,0,0,0,0,0,0,0,0,0,0,0,0,0,0,0,0,0,0,0,0,0,0,0,0,0,0,0,0,0,0,0,0,407.11611111111114,4,0.25977113548318914,0.1378719842795702,0.0,0.10799808423427995,0.0,0.0,0.0,0.0,0.41300650657913335,0.11562827265894268,0.0,0.11199704194246973,0.0,0.14094856852132084,0.2847569057010339,0.35683011233954137,0.4889738032866893,0.1239912313720007,0.13294642339618798,0.12156351935962217,0.10639084902614993,0.4228920606626915,0.0,94,155,124,2,5,0
33890,0,2,6,82,2,2,1,,0,0,0,0,0,5628546.188773,,0,6,0,False,15,264,0,0,0,0,0,0,0,0,0,0,0,0,0,0,0,0,0,0,0,0,0,0,0,0,0,0,0,0,0,0,0,0,0,0,0,0,0,0,0,0,0,0,0,0,0,0,0,0,0,0,0,0,0,0,0,0,0,0,0,0,0,0,0,0,0,0,0,0,0,0,0,0,0,0,0,0,0,0,0,0,0,0,0,0,0,0,0,0,0,0,0,0,0,0,0,0,0,0,0,0,0,0,0,0,0,0,0,0,0,0,0,0,0,0,0,0,0,0,0,0,0,0,0,0,0,0,0,0,0,0,0,0,0,0,0,0,0,0,0,0,0,0,0,0,0,0,0,0,0,0,0,0,0,0,482.31166666666667,4,0.25977113548318914,0.1378719842795702,0.0,0.10799808423427995,0.0,0.0,0.0,0.0,0.41300650657913335,0.11562827265894268,0.0,0.11199704194246973,0.0,0.14094856852132084,0.2847569057010339,0.35683011233954137,0.4889738032866893,0.1239912313720007,0.13294642339618798,0.12156351935962217,0.10639084902614993,0.4228920606626915,0.0,78,154,115,1,2,1
33888,0,5,9,35,2,4,1,,0,0,0,0,0,5628557.766523,,0,9,0,False,15,263,0,0,0,0,0,0,0,0,0,0,0,0,0,0,0,0,0,0,0,0,0,0,0,0,0,0,0,0,0,0,0,0,0,0,0,0,0,0,0,0,0,0,0,0,0,0,0,0,0,0,0,0,0,0,0,0,0,0,0,0,0,0,0,0,0,0,0,0,0,0,0,0,0,0,0,0,0,0,0,0,0,0,0,0,0,0,0,0,0,0,0,0,0,0,0,0,0,0,0,0,0,0,0,0,0,0,0,0,0,0,0,0,0,0,0,0,0,0,0,0,0,0,0,0,0,0,0,0,0,0,0,0,0,0,0,0,0,0,0,0,0,0,0,0,0,0,0,0,0,0,0,0,0,0,482.7683333333333,4,0.14578149311713928,0.15474531987484189,0.0,0.12121533013418866,0.0,0.0,0.0,0.0,0.3090346178978304,0.12977933212958687,0.0,0.12570369659205421,0.0,0.15819842904056053,0.1598033084441731,0.4005004364265195,0.5488164110743778,0.13916578382907127,0.14921694876707267,0.1364409585218665,0.11941139492794789,0.4746473153464013,0.0,76,153,113,0,2,1
34102,1,0,1,55,1,1,1,320402.0,0,0,0,0,0,5638999.723976,,0,1,0,False,15,89,0,0,0,0,0,0,0,0,0,0,0,0,0,0,0,0,0,0,0,0,0,0,0,0,0,0,0,0,0,0,0,0,0,0,0,0,0,0,0,0,0,0,0,0,0,0,0,0,0,0,0,0,0,0,0,0,0,0,0,0,0,0,0,0,0,0,0,0,0,0,0,0,0,0,0,0,0,0,0,0,0,0,0,0,0,0,0,0,0,0,0,0,0,0,0,0,0,0,0,0,0,0,0,0,0,0,0,0,0,0,0,0,0,0,0,0,0,0,0,0,0,0,0,0,0,0,0,0,0,0,0,0,0,0,0,0,0,0,0,0,0,0,0,0,0,0,0,0,0,0,0,0,0,0,254.20555555555555,4,0.2230641137285872,0.23677990184798084,0.0,0.0,0.0,0.0,0.0,0.0,0.0,0.0,0.0,0.1923425468703557,0.0,0.0,0.24451926377481065,0.20427209926573484,0.6298188665020122,0.21294124217970625,0.2283207951729904,0.20877191499543557,0.365429059740717,0.2905081583883174,0.0,133,148,66,3,4,1
34166,0,0,2,3,1,1,1,,0,0,0,0,0,5639181.128058,,0,2,0,False,15,130,0,0,0,0,0,0,0,0,0,0,0,0,0,0,0,0,0,0,0,0,0,0,0,0,0,0,0,0,0,0,0,0,0,0,0,0,0,0,0,0,0,0,0,0,0,0,0,0,0,0,0,0,0,0,0,0,0,0,0,0,0,0,0,0,0,0,0,0,0,0,0,0,0,0,0,0,0,0,0,0,0,0,0,0,0,0,0,0,0,0,0,0,0,0,0,0,0,0,0,0,0,0,0,0,0,0,0,0,0,0,0,0,0,0,0,0,0,0,0,0,0,0,0,0,0,0,0,0,0,0,0,0,0,0,0,0,0,0,0,0,0,0,0,0,0,0,0,0,0,0,0,0,0,0,183.82944444444445,4,0.0,0.0,0.0,0.0,0.0,0.0,0.0,0.0,0.0,0.4067768829385327,0.0,0.19700115971666946,0.0,0.0,0.0,0.0,0.4300488863269713,0.0,0.0,0.0,0.0,0.7438609532947923,0.23969136010585174,134,146,78,0,0,1
33877,8,7,7,2,1,4,1,13.0,0,0,0,0,0,5639885.375632,,0,7,0,False,15,359,0,0,0,0,0,0,0,0,0,0,0,0,0,0,0,0,0,0,0,0,0,0,0,0,0,0,0,0,0,0,0,0,0,0,0,0,0,0,0,0,0,0,0,0,0,0,0,0,0,0,0,0,0,0,0,0,0,0,0,0,0,0,0,0,0,0,0,0,0,0,0,0,0,0,0,0,0,0,0,0,0,0,0,0,0,0,0,0,0,0,0,0,0,0,0,0,0,0,0,0,0,0,0,0,0,0,0,0,0,0,0,0,0,0,0,0,0,0,0,0,0,0,0,0,0,0,0,0,0,0,0,0,0,0,0,0,0,0,0,0,0,0,0,0,0,0,0,0,0,0,0,0,0,0,494.04277777777776,4,0.22487755219611444,0.23870484519799418,0.0,0.093491314111172,0.0,0.0,0.0,0.0,0.3575296849968703,0.40038633040337374,0.0,0.09695311451128495,0.0,0.12201574672899765,0.12325356280611917,0.2059327647867776,0.5291159070011985,0.10733619250211886,0.11508848437280565,0.10523458127512357,0.3683998787712154,0.21965242120093298,0.11796287857965287,71,145,112,0,1,1
34093,3,0,1,230,9,1,1,8270.0,0,0,0,0,0,5639900.735829,,0,1,0,False,15,315,0,0,0,0,0,0,0,0,0,0,0,0,0,0,0,0,0,0,0,0,0,0,0,0,0,0,0,0,0,0,0,0,0,0,0,0,0,0,0,0,0,0,0,0,0,0,0,0,0,0,0,0,0,0,0,0,0,0,0,0,0,0,0,0,0,0,0,0,0,0,0,0,0,0,0,0,0,0,0,0,0,0,0,0,0,0,0,0,0,0,0,0,0,0,0,0,0,0,0,0,0,0,0,0,0,0,0,0,0,0,0,0,0,0,0,0,0,0,0,0,0,0,0,0,0,0,0,0,0,0,0,0,0,0,0,0,0,0,0,0,0,0,0,0,0,0,0,0,0,0,0,0,0,0,263.3497222222222,4,0.0,0.0,0.0,0.0,0.0,0.0,0.0,0.0,0.0,0.4633193576633565,0.29492508321895916,0.0,0.0,0.0,0.0,0.0,0.4898261974414177,0.0,0.0,0.0,0.21315262564480855,0.33890340727496443,0.5460174934202474,136,145,65,4,4,1
34065,2,0,1,4,2,1,1,285.0,0,0,0,0,0,5641429.201695,,1,1,0,False,15,31,0,0,0,0,0,0,0,0,0,0,0,0,0,0,0,0,0,0,0,0,0,0,0,0,0,0,0,0,0,0,0,0,0,0,0,0,0,0,0,0,0,0,0,0,0,0,0,0,0,0,0,0,0,0,0,0,0,0,0,0,0,0,0,0,0,0,0,0,0,0,0,0,0,0,0,0,0,0,0,0,0,0,0,0,0,0,0,0,0,0,0,0,0,0,0,0,0,0,0,0,0,0,0,0,0,0,0,0,0,0,0,0,0,0,0,0,0,0,0,0,0,0,0,0,0,0,0,0,0,0,0,0,0,0,0,0,0,0,0,0,0,0,0,0,0,0,0,0,0,0,0,0,0,0,288.2922222222222,4,0.29670093546677595,0.0,0.0,0.24670279522263683,0.0,0.0,0.0,0.0,0.0,0.0,0.0,0.0,0.0,0.0,0.0,0.0,0.8377315550323912,0.0,0.0,0.0,0.0,0.3864092745075997,0.0,125,144,67,3,3,1
34089,1,2,34,3921,22,3,2,852644.0,0,0,0,0,0,5665914.536583,,0,34,0,False,15,22,0,0,0,0,0,0,0,0,0,0,0,0,0,0,0,0,0,0,0,0,0,0,0,0,0,0,0,0,0,0,0,0,0,0,0,0,0,0,0,0,0,0,0,0,0,0,0,0,0,0,0,0,0,0,0,0,0,0,0,0,0,0,0,0,0,0,0,0,0,0,0,0,0,0,0,0,0,0,0,0,0,0,0,0,0,0,0,0,0,0,0,0,0,0,0,0,0,0,0,0,0,0,0,0,0,0,0,0,0,0,0,0,0,0,0,0,0,0,0,0,0,0,0,0,0,0,0,0,0,0,0,0,0,0,0,0,0,0,0,0,0,0,0,0,0,0,0,0,0,0,0,0,0,0,259.2133333333333,4,0.0,0.0,0.43633655447062786,0.0,0.0,0.4398998201098009,0.0,0.0,0.0,0.0,0.0,0.0,0.0,0.0,0.0,0.0,0.7417864048164741,0.0,0.0,0.0,0.0,0.25661544990416263,0.0,134,148,70,12,4,1
32238,19,30,74,2679,65,5,1,1570.0,0,0,0,0,0,5671266.040722,,0,74,0,False,15,456,0,0,0,0,0,0,0,0,0,0,0,0,0,0,0,0,0,0,0,0,0,0,0,0,0,0,0,0,0,0,0,0,0,0,0,0,0,0,0,0,0,0,0,0,0,0,0,0,0,0,0,0,0,0,0,0,0,0,0,0,0,0,0,0,0,0,0,0,0,0,0,0,0,0,0,0,0,0,0,0,0,0,0,0,0,0,0,0,0,0,0,0,0,0,0,0,0,0,0,0,0,0,0,0,0,0,0,0,0,0,0,0,0,0,0,0,0,0,0,0,0,0,0,0,0,0,0,0,0,0,0,0,0,0,0,0,0,0,0,0,0,0,0,0,0,0,0,0,0,0,0,0,1,1,2110.025,4,0.0,0.7025804829375611,0.0,0.2751731853796757,0.0,0.0,0.0,0.0,0.0,0.29461448629485554,0.0,0.2853623099235341,0.18058856911050009,0.17956460454696851,0.0,0.0,0.31146959682573844,0.0,0.0,0.15486858440741366,0.0,0.21550114750533889,0.17360019678790717,3,146,2,0,4,1
33778,4,3,12,553,1,2,0,1732.0,0,0,0,0,0,6046698.450961,,0,12,0,False,15,115,0,0,0,0,0,0,0,0,0,0,0,0,0,0,0,0,0,0,0,0,0,0,0,0,0,0,0,0,0,0,0,0,0,0,0,0,0,0,0,0,0,0,0,0,0,0,0,0,0,0,0,0,0,0,0,0,0,0,0,0,0,0,0,0,0,0,0,0,0,0,0,0,0,0,0,0,0,0,0,0,0,0,0,0,0,0,0,0,0,0,0,0,0,0,0,0,0,0,0,0,0,0,0,0,0,0,0,0,0,0,0,0,0,0,0,0,0,0,0,0,0,0,0,0,0,0,0,0,0,0,0,0,0,0,0,0,0,0,0,0,0,0,0,0,0,0,0,0,0,0,0,0,0,0,481.18111111111114,4,0.1941256675120416,0.20606208561007203,0.0,0.16141285407252676,0.0,0.0,0.0,0.0,0.41151692304002024,0.17281685720339932,0.0,0.16738965617573812,0.0,0.21066031757665266,0.4255948167224607,0.17777156962278692,0.36540767234346216,0.18531605146167052,0.19870039168992784,0.18168761742450643,0.15901069644214377,0.37923014075749967,0.0,53,175,88,0,4,1
33987,5,2,3,76,9,2,3,68969.0,0,0,0,0,0,6065306.717865,,0,3,0,False,15,60,0,0,0,0,0,0,0,0,0,0,0,0,0,0,0,0,0,0,0,0,0,0,0,0,0,0,0,0,0,0,0,0,0,0,0,0,0,0,0,0,0,0,0,0,0,0,0,0,0,0,0,0,0,0,0,0,0,0,0,0,0,0,0,0,0,0,0,0,0,0,0,0,0,0,0,0,0,0,0,0,0,0,0,0,0,0,0,0,0,0,0,0,0,0,0,0,0,0,0,0,0,0,0,0,0,0,0,0,0,0,0,0,0,0,0,0,0,0,0,0,0,0,0,0,0,0,0,0,0,0,0,0,0,0,0,0,0,0,0,0,0,0,0,0,0,0,0,0,0,0,0,0,0,0,267.36027777777775,4,0.4696372959801272,0.0,0.0,0.0,0.0,0.0,0.0,0.0,0.4977798594680662,0.0,0.0,0.0,0.0,0.0,0.0,0.0,0.44200510259451126,0.0,0.0,0.0,0.0,0.3058167082215229,0.49271051539965555,96,172,126,0,6,0
34023,4,0,2,8,4,2,2,262974.0,0,0,0,0,0,6068047.949853,,0,2,0,False,15,86,0,0,0,0,0,0,0,0,0,0,0,0,0,0,0,0,0,0,0,0,0,0,0,0,0,0,0,0,0,0,0,0,0,0,0,0,0,0,0,0,0,0,0,0,0,0,0,0,0,0,0,0,0,0,0,0,0,0,0,0,0,0,0,0,0,0,0,0,0,0,0,0,0,0,0,0,0,0,0,0,0,0,0,0,0,0,0,0,0,0,0,0,0,0,0,0,0,0,0,0,0,0,0,0,0,0,0,0,0,0,0,0,0,0,0,0,0,0,0,0,0,0,0,0,0,0,0,0,0,0,0,0,0,0,0,0,0,0,0,0,0,0,0,0,0,0,0,0,0,0,0,0,1,1,221.30083333333334,4,0.0,0.0,0.0,0.2532174588913968,0.0,0.0,0.0,0.0,0.0,0.27110756256735047,0.0,0.0,0.0,0.0,0.0,0.2788802997237807,0.5732356495515326,0.0,0.0,0.0,0.0,0.5949197362837857,0.31949770565782065,110,171,117,0,1,1
33514,3,6,1,21,1,4,3,91350.0,0,0,0,0,0,6075157.990428,,0,1,0,False,15,23,0,0,0,0,0,0,0,0,0,0,0,0,0,0,0,0,0,0,0,0,0,0,0,0,0,0,0,0,0,0,0,0,0,0,0,0,0,0,0,0,0,0,0,0,0,0,0,0,0,0,0,0,0,0,0,0,0,0,0,0,0,0,0,0,0,0,0,0,0,0,0,0,0,0,0,0,0,0,0,0,0,0,0,0,0,0,0,0,0,0,0,0,0,0,0,0,0,0,0,0,0,0,0,0,0,0,0,0,0,0,0,0,0,0,0,0,0,0,0,0,0,0,0,0,0,0,0,0,0,0,0,0,0,0,0,0,0,0,0,0,0,0,0,0,0,0,0,0,0,0,0,0,0,0,739.7033333333334,4,0.0,0.0,0.0,0.0,0.0,0.0,0.0,0.0,0.0,0.0,0.0,0.0,0.0,0.0,0.0,0.0,0.0,0.0,0.0,0.0,0.0,0.0,0.0,17,173,46,0,0,1
32048,6,0,3,2,1,3,3,7350.0,0,0,0,0,0,6162193.126056,,0,3,0,False,15,469,0,0,0,0,0,0,0,0,0,0,0,0,0,0,0,0,0,0,0,0,0,0,0,0,0,0,0,0,0,0,0,0,0,0,0,0,0,0,0,0,0,0,0,0,0,0,0,0,0,0,0,0,0,0,0,0,0,0,0,0,0,0,0,0,0,0,0,0,0,0,0,0,0,0,0,0,0,0,0,0,0,0,0,0,0,0,0,0,0,0,0,0,0,0,0,0,0,0,0,0,0,0,0,0,0,0,0,0,0,0,0,0,0,0,0,0,0,0,0,0,0,0,0,0,0,0,0,0,0,0,0,0,0,0,0,0,0,0,0,0,0,0,0,0,0,0,0,0,0,0,0,0,0,0,479.80611111111114,4,0.08221528285740383,0.261811632718292,0.0,0.2734435610596514,0.0,0.0,0.08393409843888033,0.08406849587153137,0.26142586394129275,0.1463813310171743,0.0,0.1417843204998971,0.0,0.2676539040668698,0.1802461193716776,0.3011562575492081,0.6190236566860952,0.07848427147323714,0.08415275072087526,0.07694757241371492,0.13468707722056075,0.32121989523613,0.08625450903736151,0,2,0,0,3,1
33931,9,0,16,61,4,2,2,150519.0,0,0,0,0,0,6162796.271996,,1,16,0,False,15,451,0,0,0,0,0,0,0,0,0,0,0,0,0,0,0,0,0,0,0,0,0,0,0,0,0,0,0,0,0,0,0,0,0,0,0,0,0,0,0,0,0,0,0,0,0,0,0,0,0,0,0,0,0,0,0,0,0,0,0,0,0,0,0,0,0,0,0,0,0,0,0,0,0,0,0,0,0,0,0,0,0,0,0,0,0,0,0,0,0,0,0,0,0,0,0,0,0,0,0,0,0,0,0,0,0,0,0,0,0,0,0,0,0,0,0,0,0,0,0,0,0,0,0,0,0,0,0,0,0,0,0,0,0,0,0,0,0,0,0,0,0,0,0,0,0,0,0,0,0,0,0,0,0,0,303.53305555555556,4,0.0808363255248372,0.2574203923291504,0.0,0.2688572239400634,0.0,0.0,0.08252631224059638,0.08265845548985486,0.2570410938660056,0.2878522949409921,0.0,0.13940624039603833,0.0,0.2631646740748835,0.17722293804412137,0.29610510872185347,0.5325609372160389,0.0771678925972211,0.08274129717320006,0.07565696785072716,0.1986420536387474,0.36847093345931115,0.08480780370995541,79,175,118,0,3,1
32318,14,30,103,3828,22,6,1,164360.0,0,0,0,0,0,6180667.667763,,0,103,0,False,15,444,0,0,0,0,0,0,0,0,0,0,0,0,0,0,0,0,0,0,0,0,0,0,0,0,0,0,0,0,0,0,0,0,0,0,0,0,0,0,0,0,0,0,0,0,0,0,0,0,0,0,0,0,0,0,0,0,0,0,0,0,0,0,0,0,0,0,0,0,0,0,0,0,0,0,0,0,0,0,0,0,0,0,0,0,0,0,0,0,0,0,0,0,0,0,0,0,0,0,0,0,0,0,0,0,0,0,0,0,0,0,0,0,0,0,0,0,0,0,0,0,0,0,0,0,0,0,0,0,0,0,0,0,0,0,0,0,0,0,0,0,0,0,0,0,0,0,0,0,0,0,0,0,0,0,652.2694444444444,4,0.08016091634808337,0.2552695759216275,0.0,0.26661084973754123,0.0,0.0,0.08183678277164713,0.08196782192862263,0.25489344659885466,0.21408540886991748,0.0,0.20736219581172266,0.0,0.26096586265299376,0.17574219287282464,0.29363107113521203,0.6035557117423471,0.07652313416130106,0.08204997144748874,0.07502483359623226,0.1313215640086183,0.3131933657155166,0.08409921176797704,5,2,4,0,1,1
33516,1,6,5,102,2,3,1,1926827.0,0,1,0,0,0,6227693.560265,,0,5,0,False,15,227,0,0,0,0,0,0,0,0,0,0,0,0,0,0,0,0,0,0,0,0,0,0,0,0,0,0,0,0,0,0,0,0,0,0,0,0,0,0,0,0,0,0,0,0,0,0,0,0,0,0,0,0,0,0,0,0,0,0,0,0,0,0,0,0,0,0,0,0,0,0,0,0,0,0,0,0,0,0,0,0,0,0,0,0,0,0,0,0,0,0,0,0,0,0,0,0,0,0,0,0,0,0,0,0,0,0,0,0,0,0,0,0,0,0,0,0,0,0,0,0,0,0,0,0,0,0,0,0,0,0,0,0,0,0,0,0,0,0,0,0,0,0,0,0,0,0,0,0,0,0,0,0,0,0,696.815,4,0.25977113548318914,0.1378719842795702,0.0,0.10799808423427995,0.0,0.0,0.0,0.0,0.41300650657913335,0.11562827265894268,0.0,0.11199704194246973,0.0,0.14094856852132084,0.2847569057010339,0.35683011233954137,0.4889738032866893,0.1239912313720007,0.13294642339618798,0.12156351935962217,0.10639084902614993,0.4228920606626915,0.0,19,174,48,1,0,1
33483,9,8,17,532,26,4,4,283.0,0,0,0,0,0,6186113.856996,,0,17,0,False,15,618,0,0,0,0,0,0,0,0,0,0,0,0,0,0,0,0,0,0,0,0,0,0,0,0,0,0,0,0,0,0,0,0,0,0,0,0,0,0,0,0,0,0,0,0,0,0,0,0,0,0,0,0,0,0,0,0,0,0,0,0,0,0,0,0,0,0,0,0,0,0,0,0,0,0,0,0,0,0,0,0,0,0,0,0,0,0,0,0,0,0,0,0,0,0,0,0,0,0,0,0,0,0,0,0,0,0,0,0,0,0,0,0,0,0,0,0,0,0,0,0,0,0,0,0,0,0,0,0,0,0,0,0,0,0,0,0,0,0,0,0,0,0,0,0,0,0,0,0,0,0,0,0,0,0,643.9522222222222,4,0.10797818081652003,0.11461755379696714,0.0,0.08978238976086317,0.0,0.0,0.0,0.0,0.34334600849975416,0.28837685548348,0.0,0.09310685595060637,0.0,0.11717522032858613,0.11836393060124564,0.19776313905089518,0.5081251776455398,0.10307802347513145,0.11052277165191207,0.10105978595112439,0.2653387254592524,0.3515641975169478,0.45313253932265235,14,141,42,0,4,1
33817,2,1,5,53,2,2,1,139369.0,0,0,0,0,0,6227711.676553,,0,5,0,False,15,236,0,0,0,0,0,0,0,0,0,0,0,0,0,0,0,0,0,0,0,0,0,0,0,0,0,0,0,0,0,0,0,0,0,0,0,0,0,0,0,0,0,0,0,0,0,0,0,0,0,0,0,0,0,0,0,0,0,0,0,0,0,0,0,0,0,0,0,0,0,0,0,0,0,0,0,0,0,0,0,0,0,0,0,0,0,0,0,0,0,0,0,0,0,0,0,0,0,0,0,0,0,0,0,0,0,0,0,0,0,0,0,0,0,0,0,0,0,0,0,0,0,0,0,0,0,0,0,0,0,0,0,0,0,0,0,0,0,0,0,0,0,0,0,0,0,0,0,0,0,0,0,0,0,0,365.73305555555555,4,0.25977113548318914,0.1378719842795702,0.0,0.10799808423427995,0.0,0.0,0.0,0.0,0.41300650657913335,0.11562827265894268,0.0,0.11199704194246973,0.0,0.14094856852132084,0.2847569057010339,0.35683011233954137,0.4889738032866893,0.1239912313720007,0.13294642339618798,0.12156351935962217,0.10639084902614993,0.4228920606626915,0.0,67,173,104,16,0,1
33937,2,2,5,65,2,2,1,87997.0,0,0,0,0,0,6227731.739007,,0,5,0,False,15,240,0,0,0,0,0,0,0,0,0,0,0,0,0,0,0,0,0,0,0,0,0,0,0,0,0,0,0,0,0,0,0,0,0,0,0,0,0,0,0,0,0,0,0,0,0,0,0,0,0,0,0,0,0,0,0,0,0,0,0,0,0,0,0,0,0,0,0,0,0,0,0,0,0,0,0,0,0,0,0,0,0,0,0,0,0,0,0,0,0,0,0,0,0,0,0,0,0,0,0,0,0,0,0,0,0,0,0,0,0,0,0,0,0,0,0,0,0,0,0,0,0,0,0,0,0,0,0,0,0,0,0,0,0,0,0,0,0,0,0,0,0,0,0,0,0,0,0,0,0,0,0,0,0,0,280.59,4,0.25977113548318914,0.1378719842795702,0.0,0.10799808423427995,0.0,0.0,0.0,0.0,0.41300650657913335,0.11562827265894268,0.0,0.11199704194246973,0.0,0.14094856852132084,0.2847569057010339,0.35683011233954137,0.4889738032866893,0.1239912313720007,0.13294642339618798,0.12156351935962217,0.10639084902614993,0.4228920606626915,0.0,84,172,123,19,4,1
33935,3,0,5,47,2,1,1,391019.0,0,0,0,0,0,6230673.898063,,0,5,0,False,15,262,0,0,0,0,0,0,0,0,0,0,0,0,0,0,0,0,0,0,0,0,0,0,0,0,0,0,0,0,0,0,0,0,0,0,0,0,0,0,0,0,0,0,0,0,0,0,0,0,0,0,0,0,0,0,0,0,0,0,0,0,0,0,0,0,0,0,0,0,0,0,0,0,0,0,0,0,0,0,0,0,0,0,0,0,0,0,0,0,0,0,0,0,0,0,0,0,0,0,0,0,0,0,0,0,0,0,0,0,0,0,0,0,0,0,0,0,0,0,0,0,0,0,0,0,0,0,0,0,0,0,0,0,0,0,0,0,0,0,0,0,0,0,0,0,0,0,0,0,0,0,0,0,0,0,281.4811111111111,4,0.25977113548318914,0.1378719842795702,0.0,0.10799808423427995,0.0,0.0,0.0,0.0,0.41300650657913335,0.11562827265894268,0.0,0.11199704194246973,0.0,0.14094856852132084,0.2847569057010339,0.35683011233954137,0.4889738032866893,0.1239912313720007,0.13294642339618798,0.12156351935962217,0.10639084902614993,0.4228920606626915,0.0,82,171,121,4,4,1
33608,5,10,11,95,11,3,3,331052.0,0,0,0,0,0,6242220.18659,,0,11,0,False,15,333,0,0,0,0,0,0,0,0,0,0,0,0,0,0,0,0,0,0,0,0,0,0,0,0,0,0,0,0,0,0,0,0,0,0,0,0,0,0,0,0,0,0,0,0,0,0,0,0,0,0,0,0,0,0,0,0,0,0,0,0,0,0,0,0,0,0,0,0,0,0,0,0,0,0,0,0,0,0,0,0,0,0,0,0,0,0,0,0,0,0,0,0,0,0,0,0,0,0,0,0,0,0,0,0,0,0,0,0,0,0,0,0,0,0,0,0,0,0,0,0,0,0,0,0,0,0,0,0,0,0,0,0,0,0,0,0,0,0,0,0,0,0,0,0,0,0,0,0,0,0,0,0,0,0,608.0969444444445,4,0.10916300721809415,0.23175046584123146,0.0,0.09076755681017518,0.0,0.0,0.0,0.0,0.23140899096920858,0.19436077744982194,0.12371999467706217,0.1882570036155877,0.0,0.11846096429654093,0.11966271808692058,0.09996658034260439,0.6164408996214067,0.10420908127506734,0.11173551942037882,0.10216869797044971,0.17883349508525137,0.4265062227308183,0.3435785147988722,34,170,65,0,4,1
33907,5,7,6,148,11,3,2,1435.0,0,0,0,0,0,6250377.368523,,0,6,0,False,15,51,0,0,0,0,0,0,0,0,0,0,0,0,0,0,0,0,0,0,0,0,0,0,0,0,0,0,0,0,0,0,0,0,0,0,0,0,0,0,0,0,0,0,0,0,0,0,0,0,0,0,0,0,0,0,0,0,0,0,0,0,0,0,0,0,0,0,0,0,0,0,0,0,0,0,0,0,0,0,0,0,0,0,0,0,0,0,0,0,0,0,0,0,0,0,0,0,0,0,0,0,0,0,0,0,0,0,0,0,0,0,0,0,0,0,0,0,0,0,0,0,0,0,0,0,0,0,0,0,0,0,0,0,0,0,0,0,0,0,0,0,0,0,0,0,0,0,0,0,0,0,0,0,0,0,190.1925,4,0.0,0.0,0.0,0.0,0.0,0.0,0.0,0.0,0.0,0.3438565559563765,0.0,0.0,0.0,0.0,0.0,0.0,0.7270576827130697,0.0,0.0,0.0,0.3163862097924143,0.5030403176554651,0.0,80,143,122,5,3,1
33757,20,0,18,105,4,4,3,899.0,0,0,0,0,0,6259287.411906,,0,18,0,False,15,112,0,0,0,0,0,0,0,0,0,0,0,0,0,0,0,0,0,0,0,0,0,0,0,0,0,0,0,0,0,0,0,0,0,0,0,0,0,0,0,0,0,0,0,0,0,0,0,0,0,0,0,0,0,0,0,0,0,0,0,0,0,0,0,0,0,0,0,0,0,0,0,0,0,0,0,0,0,0,0,0,0,0,0,0,0,0,0,0,0,0,0,0,0,0,0,0,0,0,0,0,0,0,0,0,0,0,0,0,0,0,0,0,0,0,0,0,0,0,0,0,0,0,0,0,0,0,0,0,0,0,0,0,0,0,0,0,0,0,0,0,0,0,0,0,0,0,0,0,0,0,0,0,1,1,431.31333333333333,4,0.3927533247502639,0.20845148986624637,0.0,0.1632845257067349,0.0,0.0,0.0,0.0,0.4162886901726709,0.1748207645836335,0.0,0.16933063214772118,0.0,0.21310304088470056,0.21526491242310486,0.17983292964360734,0.36964477712162297,0.18746489393693222,0.20100443301903403,0.18379438619316663,0.16085451372532442,0.3836275247289995,0.0,46,164,81,0,4,1
33156,1,3,3,9,1,3,0,1326.0,0,0,0,0,0,6344261.903459,,0,3,0,False,15,8,0,0,0,0,0,0,0,0,0,0,0,0,0,0,0,0,0,0,0,0,0,0,0,0,0,0,0,0,0,0,0,0,0,0,0,0,0,0,0,0,0,0,0,0,0,0,0,0,0,0,0,0,0,0,0,0,0,0,0,0,0,0,0,0,0,0,0,0,0,0,0,0,0,0,0,0,0,0,0,0,0,0,0,0,0,0,0,0,0,0,0,0,0,0,0,0,0,0,0,0,0,0,0,0,0,0,0,0,0,0,0,0,0,0,0,0,0,0,0,0,0,0,0,0,0,0,0,0,0,0,0,0,0,0,0,0,0,0,0,0,0,0,0,0,0,0,0,0,0,0,0,0,0,0,1130.9091666666666,4,0.0,0.0,0.0,0.0,0.0,0.0,0.0,0.0,0.0,0.6139777425726712,0.0,0.0,0.0,0.0,0.0,0.0,0.6491038588906828,0.0,0.0,0.0,0.0,0.4491052348821946,0.0,16,163,28,0,2,1
33258,4,5,21,57,6,2,2,515817.0,0,0,0,0,0,6353285.879438,,0,21,0,False,15,206,0,0,0,0,0,0,0,0,0,0,0,0,0,0,0,0,0,0,0,0,0,0,0,0,0,0,0,0,0,0,0,0,0,0,0,0,0,0,0,0,0,0,0,0,0,0,0,0,0,0,0,0,0,0,0,0,0,0,0,0,0,0,0,0,0,0,0,0,0,0,0,0,0,0,0,0,0,0,0,0,0,0,0,0,0,0,0,0,0,0,0,0,0,0,0,0,0,0,0,0,0,0,0,0,0,0,0,0,0,0,0,0,0,0,0,0,0,0,0,0,0,0,0,0,0,0,0,0,0,0,0,0,0,0,0,0,0,0,0,0,0,0,0,0,0,0,0,0,0,0,0,0,0,0,215.0236111111111,4,0.4621158626612486,0.16351016272756705,0.0,0.12808101964794363,0.0,0.0,0.0,0.0,0.3265384743253928,0.13713009047605873,0.0,0.13282360915242833,0.0,0.1671588575123875,0.1688546379899816,0.14106165232337203,0.43492621015086386,0.14704819492056456,0.1576686622532339,0.14416903431172937,0.12617490875967263,0.5015315476633714,0.0,16,2,31,0,0,1
33896,2,6,43,2719,5,2,2,1409.0,0,0,0,0,0,6581586.022165,,0,43,0,False,15,46,0,0,0,0,0,0,0,0,0,0,0,0,0,0,0,0,0,0,0,0,0,0,0,0,0,0,0,0,0,0,0,0,0,0,0,0,0,0,0,0,0,0,0,0,0,0,0,0,0,0,0,0,0,0,0,0,0,0,0,0,0,0,0,0,0,0,0,0,0,0,0,0,0,0,0,0,0,0,0,0,0,0,0,0,0,0,0,0,0,0,0,0,0,0,0,0,0,0,0,0,0,0,0,0,0,0,0,0,0,0,0,0,0,0,0,0,0,0,0,0,0,0,0,0,0,0,0,0,0,0,0,0,0,0,0,0,0,0,0,0,0,0,0,0,0,0,0,0,0,0,0,0,0,0,215.15666666666667,4,0.0,0.0,0.0,0.0,0.0,0.0,0.0,0.3743169817895132,0.0,0.0,0.0,0.0,0.0,0.39724512928755634,0.0,0.0,0.689054396730062,0.0,0.0,0.0,0.0,0.4767464134613625,0.0,79,155,119,0,2,1
33912,1,0,3,60,5,1,1,1419.0,0,0,0,0,0,6593884.176506,,0,3,0,False,15,2,0,0,0,0,0,0,0,0,0,0,0,0,0,0,0,0,0,0,0,0,0,0,0,0,0,0,0,0,0,0,0,0,0,0,0,0,0,0,0,0,0,0,0,0,0,0,0,0,0,0,0,0,0,0,0,0,0,0,0,0,0,0,0,0,0,0,0,0,0,0,0,0,0,0,0,0,0,0,0,0,0,0,0,0,0,0,0,0,0,0,0,0,0,0,0,0,0,0,0,0,0,0,0,0,0,0,0,0,0,0,0,0,0,0,0,0,0,0,0,0,0,0,0,0,0,0,0,0,0,0,0,0,0,0,0,0,0,0,0,0,0,0,0,0,0,0,0,0,0,0,0,0,0,0,191.99166666666667,4,0.0,0.0,0.0,0.0,0.0,1.0,0.0,0.0,0.0,0.0,0.0,0.0,0.0,0.0,0.0,0.0,0.0,0.0,0.0,0.0,0.0,0.0,0.0,77,146,123,0,3,1
33707,29,30,5,168,3,3,1,85075.0,0,0,0,0,0,6609612.171222,,0,5,0,False,15,529,0,0,0,0,0,0,0,0,0,0,0,0,0,0,0,0,0,0,0,0,0,0,0,0,0,0,0,0,0,0,0,0,0,0,0,0,0,0,0,0,0,0,0,0,0,0,0,0,0,0,0,0,0,0,0,0,0,0,0,0,0,0,0,0,0,0,0,0,0,0,0,0,0,0,0,0,0,0,0,0,0,0,0,0,0,0,0,0,0,0,0,0,0,0,0,0,0,0,0,0,0,0,0,0,0,0,0,0,0,0,0,0,0,0,0,0,0,0,0,0,0,0,0,0,0,0,0,0,0,0,0,0,0,0,0,0,0,0,0,0,0,0,0,0,0,0,0,0,0,0,0,0,1,1,367.4511111111111,4,0.15703792791801913,0.166693891443613,0.0,0.13057490267901262,0.0,0.0,0.0,0.0,0.3328965495683105,0.0,0.0,0.13540983579163746,0.0,0.17041363046304703,0.17214242971398563,0.14380828302658455,0.44339471780518896,0.14991139041252521,0.16073865031552048,0.14697616927414528,0.643158388226185,0.20451877477741706,0.0,42,142,76,1,3,1
33725,7,5,2,69,2,2,1,1459.0,0,0,0,0,0,6674121.414291,,0,2,0,False,15,148,0,0,0,0,0,0,0,0,0,0,0,0,0,0,0,0,0,0,0,0,0,0,0,0,0,0,0,0,0,0,0,0,0,0,0,0,0,0,0,0,0,0,0,0,0,0,0,0,0,0,0,0,0,0,0,0,0,0,0,0,0,0,0,0,0,0,0,0,0,0,0,0,0,0,0,0,0,0,0,0,0,0,0,0,0,0,0,0,0,0,0,0,0,0,0,0,0,0,0,0,0,0,0,0,0,0,0,0,0,0,0,0,0,0,0,0,0,0,0,0,0,0,0,0,0,0,0,0,0,0,0,0,0,0,0,0,0,0,0,0,0,0,0,0,0,0,0,0,0,0,0,0,0,0,168.51555555555555,4,0.1325903261020033,0.14074305308752433,0.0,0.1102470540491707,0.0,0.0,0.0,0.0,0.281071347862769,0.11803613476873534,0.0,0.11432928670839788,0.0,0.14388370462400268,0.14534336509893275,0.12142026703649689,0.4991562739449516,0.12657324510533555,0.13571492151664638,0.12409497801993144,0.108606349511523,0.6907174948430624,0.0,43,20,77,0,3,1
33731,2,2,5,11,2,4,3,1433.0,0,1,0,0,0,6677329.600853,,0,5,0,False,15,189,0,0,0,0,0,0,0,0,0,0,0,0,0,0,0,0,0,0,0,0,0,0,0,0,0,0,0,0,0,0,0,0,0,0,0,0,0,0,0,0,0,0,0,0,0,0,0,0,0,0,0,0,0,0,0,0,0,0,0,0,0,0,0,0,0,0,0,0,0,0,0,0,0,0,0,0,0,0,0,0,0,0,0,0,0,0,0,0,0,0,0,0,0,0,0,0,0,0,0,0,0,0,0,0,0,0,0,0,0,0,0,0,0,0,0,0,0,0,0,0,0,0,0,0,0,0,0,0,0,0,0,0,0,0,0,0,0,0,0,0,0,0,0,0,0,0,0,0,0,0,0,0,0,0,334.2944444444444,4,0.0,0.0,0.0,0.08163518466215319,0.0,0.0,0.0,0.0,0.0,0.1748056080365622,0.0,0.0,0.0,0.0,0.0,0.0,0.36961272979316373,0.0,0.0,0.0,0.0,0.38359426512937334,0.8240270418856688,44,136,78,1,3,1
33383,18,30,38,450,4,3,1,104409.0,0,0,0,0,0,6680099.030786,,1,38,0,False,15,360,0,0,0,0,0,0,0,0,0,0,0,0,0,0,0,0,0,0,0,0,0,0,0,0,0,0,0,0,0,0,0,0,0,0,0,0,0,0,0,0,0,0,0,0,0,0,0,0,0,0,0,0,0,0,0,0,0,0,0,0,0,0,0,0,0,0,0,0,0,0,0,0,0,0,0,0,0,0,0,0,0,0,0,0,0,0,0,0,0,0,0,0,0,0,0,0,0,0,0,0,0,0,0,0,0,0,0,0,0,0,0,0,0,0,0,0,0,0,0,0,0,0,0,0,0,0,0,0,0,0,0,0,0,0,0,0,0,0,0,0,0,0,0,0,0,0,0,0,0,0,0,0,1,1,747.7477777777777,4,0.12851220330042928,0.40924252281253937,0.0,0.10685615036756725,0.0,0.0,0.0,0.0,0.2724263470826481,0.11440565985580903,0.14564942386115617,0.11081282449942406,0.0,0.1394582277898129,0.14087299302358647,0.11768570529182025,0.4838035657786137,0.12268019157640629,0.13154069454080294,0.12027814933942439,0.10526590950085493,0.418420548325611,0.40447797352520654,14,133,38,0,0,1
33298,30,20,57,325,6,3,0,517772.0,0,0,0,0,0,6689303.416663,,0,57,0,False,15,236,0,0,0,0,0,0,0,0,0,0,0,0,0,0,0,0,0,0,0,0,0,0,0,0,0,0,0,0,0,0,0,0,0,0,0,0,0,0,0,0,0,0,0,0,0,0,0,0,0,0,0,0,0,0,0,0,0,0,0,0,0,0,0,0,0,0,0,0,0,0,0,0,0,0,0,0,0,0,0,0,0,0,0,0,0,0,0,0,0,0,0,0,0,0,0,0,0,0,0,0,0,0,0,0,0,0,0,0,0,0,0,0,0,0,0,0,0,0,0,0,0,0,0,0,0,0,0,0,0,0,0,0,0,0,0,0,0,0,0,0,0,0,0,0,0,0,0,0,0,0,0,0,1,1,861.2080555555556,4,0.30901270961362987,0.1640066567164652,0.0,0.1284699340449839,0.0,0.0,0.0,0.0,0.327529999175849,0.13754648212097356,0.0,0.13322692428849003,0.0,0.33533286131980083,0.16936736032699792,0.14148998204474406,0.14541561709949888,0.14749470260937425,0.15814741869100205,0.14460679951070532,0.6327901765243035,0.20122177361453097,0.1620972319724138,18,126,33,1,2,1
33818,2,2,6,417,2,2,1,136995.0,0,0,0,0,0,6744109.393559,,0,6,0,False,15,240,0,0,0,0,0,0,0,0,0,0,0,0,0,0,0,0,0,0,0,0,0,0,0,0,0,0,0,0,0,0,0,0,0,0,0,0,0,0,0,0,0,0,0,0,0,0,0,0,0,0,0,0,0,0,0,0,0,0,0,0,0,0,0,0,0,0,0,0,0,0,0,0,0,0,0,0,0,0,0,0,0,0,0,0,0,0,0,0,0,0,0,0,0,0,0,0,0,0,0,0,0,0,0,0,0,0,0,0,0,0,0,0,0,0,0,0,0,0,0,0,0,0,0,0,0,0,0,0,0,0,0,0,0,0,0,0,0,0,0,0,0,0,0,0,0,0,0,0,0,0,0,0,0,0,221.78333333333333,4,0.25977113548318914,0.1378719842795702,0.0,0.10799808423427995,0.0,0.0,0.0,0.0,0.41300650657913335,0.11562827265894268,0.0,0.11199704194246973,0.0,0.14094856852132084,0.2847569057010339,0.35683011233954137,0.4889738032866893,0.1239912313720007,0.13294642339618798,0.12156351935962217,0.10639084902614993,0.4228920606626915,0.0,68,125,104,17,0,1
33586,7,23,10,976,13,4,2,1936.0,0,0,0,0,0,6690377.548505,,0,10,0,False,15,37,0,0,0,0,0,0,0,0,0,0,0,0,0,0,0,0,0,0,0,0,0,0,0,0,0,0,0,0,0,0,0,0,0,0,0,0,0,0,0,0,0,0,0,0,0,0,0,0,0,0,0,0,0,0,0,0,0,0,0,0,0,0,0,0,0,0,0,0,0,0,0,0,0,0,0,0,0,0,0,0,0,0,0,0,0,0,0,0,0,0,0,0,0,0,0,0,0,0,0,0,0,0,0,0,0,0,0,0,0,0,0,0,0,0,0,0,0,0,0,0,0,0,0,0,0,0,0,0,0,0,0,0,0,0,0,0,0,0,0,0,0,0,0,0,0,0,0,0,0,0,0,0,0,0,502.8547222222222,4,0.2977207747913436,0.0,0.0,0.0,0.0,0.0,0.0,0.0,0.0,0.5300810478388647,0.0,0.0,0.0,0.0,0.32635668483646335,0.0,0.560407372806838,0.0,0.0,0.0,0.2438667093929227,0.387737465040267,0.0,26,127,56,3,3,1
33572,3,19,10,137,2,5,2,1411117.0,0,0,0,0,0,6744139.980332,,0,10,0,False,15,217,0,0,0,0,0,0,0,0,0,0,0,0,0,0,0,0,0,0,0,0,0,0,0,0,0,0,0,0,0,0,0,0,0,0,0,0,0,0,0,0,0,0,0,0,0,0,0,0,0,0,0,0,0,0,0,0,0,0,0,0,0,0,0,0,0,0,0,0,0,0,0,0,0,0,0,0,0,0,0,0,0,0,0,0,0,0,0,0,0,0,0,0,0,0,0,0,0,0,0,0,0,0,0,0,0,0,0,0,0,0,0,0,0,0,0,0,0,0,0,0,0,0,0,0,0,0,0,0,0,0,0,0,0,0,0,0,0,0,0,0,0,0,0,0,0,0,0,0,0,0,0,0,0,0,505.6386111111111,4,0.25977113548318914,0.1378719842795702,0.0,0.10799808423427995,0.0,0.0,0.0,0.0,0.41300650657913335,0.11562827265894268,0.0,0.11199704194246973,0.0,0.14094856852132084,0.2847569057010339,0.35683011233954137,0.4889738032866893,0.1239912313720007,0.13294642339618798,0.12156351935962217,0.10639084902614993,0.4228920606626915,0.0,23,124,52,0,2,1
33777,3,2,7,60,2,2,1,654836.0,0,0,0,0,0,6746216.523175,,0,7,0,False,15,240,0,0,0,0,0,0,0,0,0,0,0,0,0,0,0,0,0,0,0,0,0,0,0,0,0,0,0,0,0,0,0,0,0,0,0,0,0,0,0,0,0,0,0,0,0,0,0,0,0,0,0,0,0,0,0,0,0,0,0,0,0,0,0,0,0,0,0,0,0,0,0,0,0,0,0,0,0,0,0,0,0,0,0,0,0,0,0,0,0,0,0,0,0,0,0,0,0,0,0,0,0,0,0,0,0,0,0,0,0,0,0,0,0,0,0,0,0,0,0,0,0,0,0,0,0,0,0,0,0,0,0,0,0,0,0,0,0,0,0,0,0,0,0,0,0,0,0,0,0,0,0,0,0,0,287.9138888888889,4,0.25977113548318914,0.1378719842795702,0.0,0.10799808423427995,0.0,0.0,0.0,0.0,0.41300650657913335,0.11562827265894268,0.0,0.11199704194246973,0.0,0.14094856852132084,0.2847569057010339,0.35683011233954137,0.4889738032866893,0.1239912313720007,0.13294642339618798,0.12156351935962217,0.10639084902614993,0.4228920606626915,0.0,52,123,87,4,4,1
33589,1,11,7,78,2,5,1,1678324.0,0,1,0,0,0,6746493.920638,,0,7,0,False,15,230,0,0,0,0,0,0,0,0,0,0,0,0,0,0,0,0,0,0,0,0,0,0,0,0,0,0,0,0,0,0,0,0,0,0,0,0,0,0,0,0,0,0,0,0,0,0,0,0,0,0,0,0,0,0,0,0,0,0,0,0,0,0,0,0,0,0,0,0,0,0,0,0,0,0,0,0,0,0,0,0,0,0,0,0,0,0,0,0,0,0,0,0,0,0,0,0,0,0,0,0,0,0,0,0,0,0,0,0,0,0,0,0,0,0,0,0,0,0,0,0,0,0,0,0,0,0,0,0,0,0,0,0,0,0,0,0,0,0,0,0,0,0,0,0,0,0,0,0,0,0,0,0,0,0,486.65222222222224,4,0.25977113548318914,0.1378719842795702,0.0,0.10799808423427995,0.0,0.0,0.0,0.0,0.41300650657913335,0.11562827265894268,0.0,0.11199704194246973,0.0,0.14094856852132084,0.2847569057010339,0.35683011233954137,0.4889738032866893,0.1239912313720007,0.13294642339618798,0.12156351935962217,0.10639084902614993,0.4228920606626915,0.0,28,122,58,4,3,1
33808,6,5,6,91,2,4,1,9908.0,0,0,0,0,0,6748017.701942,,0,6,0,False,15,240,0,0,0,0,0,0,0,0,0,0,0,0,0,0,0,0,0,0,0,0,0,0,0,0,0,0,0,0,0,0,0,0,0,0,0,0,0,0,0,0,0,0,0,0,0,0,0,0,0,0,0,0,0,0,0,0,0,0,0,0,0,0,0,0,0,0,0,0,0,0,0,0,0,0,0,0,0,0,0,0,0,0,0,0,0,0,0,0,0,0,0,0,0,0,0,0,0,0,0,0,0,0,0,0,0,0,0,0,0,0,0,0,0,0,0,0,0,0,0,0,0,0,0,0,0,0,0,0,0,0,0,0,0,0,0,0,0,0,0,0,0,0,0,0,0,0,0,0,0,0,0,0,0,0,225.26666666666668,4,0.25977113548318914,0.1378719842795702,0.0,0.10799808423427995,0.0,0.0,0.0,0.0,0.41300650657913335,0.11562827265894268,0.0,0.11199704194246973,0.0,0.14094856852132084,0.2847569057010339,0.35683011233954137,0.4889738032866893,0.1239912313720007,0.13294642339618798,0.12156351935962217,0.10639084902614993,0.4228920606626915,0.0,64,122,101,13,0,1
33569,1,6,5,58,2,3,1,1746972.0,0,0,0,0,0,6748352.170937,,0,5,0,False,15,229,0,0,0,0,0,0,0,0,0,0,0,0,0,0,0,0,0,0,0,0,0,0,0,0,0,0,0,0,0,0,0,0,0,0,0,0,0,0,0,0,0,0,0,0,0,0,0,0,0,0,0,0,0,0,0,0,0,0,0,0,0,0,0,0,0,0,0,0,0,0,0,0,0,0,0,0,0,0,0,0,0,0,0,0,0,0,0,0,0,0,0,0,0,0,0,0,0,0,0,0,0,0,0,0,0,0,0,0,0,0,0,0,0,0,0,0,0,0,0,0,0,0,0,0,0,0,0,0,0,0,0,0,0,0,0,0,0,0,0,0,0,0,0,0,0,0,0,0,0,0,0,0,0,0,505.21527777777777,4,0.25977113548318914,0.1378719842795702,0.0,0.10799808423427995,0.0,0.0,0.0,0.0,0.41300650657913335,0.11562827265894268,0.0,0.11199704194246973,0.0,0.14094856852132084,0.2847569057010339,0.35683011233954137,0.4889738032866893,0.1239912313720007,0.13294642339618798,0.12156351935962217,0.10639084902614993,0.4228920606626915,0.0,20,121,49,0,2,1
33585,1,8,6,59,2,4,1,1682733.0,0,1,0,0,0,6748555.675182,,0,6,0,False,15,229,0,0,0,0,0,0,0,0,0,0,0,0,0,0,0,0,0,0,0,0,0,0,0,0,0,0,0,0,0,0,0,0,0,0,0,0,0,0,0,0,0,0,0,0,0,0,0,0,0,0,0,0,0,0,0,0,0,0,0,0,0,0,0,0,0,0,0,0,0,0,0,0,0,0,0,0,0,0,0,0,0,0,0,0,0,0,0,0,0,0,0,0,0,0,0,0,0,0,0,0,0,0,0,0,0,0,0,0,0,0,0,0,0,0,0,0,0,0,0,0,0,0,0,0,0,0,0,0,0,0,0,0,0,0,0,0,0,0,0,0,0,0,0,0,0,0,0,0,0,0,0,0,0,0,487.325,4,0.25977113548318914,0.1378719842795702,0.0,0.10799808423427995,0.0,0.0,0.0,0.0,0.41300650657913335,0.11562827265894268,0.0,0.11199704194246973,0.0,0.14094856852132084,0.2847569057010339,0.35683011233954137,0.4889738032866893,0.1239912313720007,0.13294642339618798,0.12156351935962217,0.10639084902614993,0.4228920606626915,0.0,25,120,55,2,3,1
33596,1,11,7,66,2,5,1,1664027.0,0,1,0,0,0,6748575.138822,,0,7,0,False,15,229,0,0,0,0,0,0,0,0,0,0,0,0,0,0,0,0,0,0,0,0,0,0,0,0,0,0,0,0,0,0,0,0,0,0,0,0,0,0,0,0,0,0,0,0,0,0,0,0,0,0,0,0,0,0,0,0,0,0,0,0,0,0,0,0,0,0,0,0,0,0,0,0,0,0,0,0,0,0,0,0,0,0,0,0,0,0,0,0,0,0,0,0,0,0,0,0,0,0,0,0,0,0,0,0,0,0,0,0,0,0,0,0,0,0,0,0,0,0,0,0,0,0,0,0,0,0,0,0,0,0,0,0,0,0,0,0,0,0,0,0,0,0,0,0,0,0,0,0,0,0,0,0,0,0,482.11083333333335,4,0.25977113548318914,0.1378719842795702,0.0,0.10799808423427995,0.0,0.0,0.0,0.0,0.41300650657913335,0.11562827265894268,0.0,0.11199704194246973,0.0,0.14094856852132084,0.2847569057010339,0.35683011233954137,0.4889738032866893,0.1239912313720007,0.13294642339618798,0.12156351935962217,0.10639084902614993,0.4228920606626915,0.0,29,119,60,5,3,1
33597,1,7,4,53,2,3,1,1658647.0,0,0,0,0,0,6748586.482431,,0,4,0,False,15,229,0,0,0,0,0,0,0,0,0,0,0,0,0,0,0,0,0,0,0,0,0,0,0,0,0,0,0,0,0,0,0,0,0,0,0,0,0,0,0,0,0,0,0,0,0,0,0,0,0,0,0,0,0,0,0,0,0,0,0,0,0,0,0,0,0,0,0,0,0,0,0,0,0,0,0,0,0,0,0,0,0,0,0,0,0,0,0,0,0,0,0,0,0,0,0,0,0,0,0,0,0,0,0,0,0,0,0,0,0,0,0,0,0,0,0,0,0,0,0,0,0,0,0,0,0,0,0,0,0,0,0,0,0,0,0,0,0,0,0,0,0,0,0,0,0,0,0,0,0,0,0,0,0,0,480.61555555555555,4,0.25977113548318914,0.1378719842795702,0.0,0.10799808423427995,0.0,0.0,0.0,0.0,0.41300650657913335,0.11562827265894268,0.0,0.11199704194246973,0.0,0.14094856852132084,0.2847569057010339,0.35683011233954137,0.4889738032866893,0.1239912313720007,0.13294642339618798,0.12156351935962217,0.10639084902614993,0.4228920606626915,0.0,30,118,61,6,3,1
33606,1,10,7,72,2,5,1,1623039.0,0,1,0,0,0,6748619.046608,,0,7,0,False,15,229,0,0,0,0,0,0,0,0,0,0,0,0,0,0,0,0,0,0,0,0,0,0,0,0,0,0,0,0,0,0,0,0,0,0,0,0,0,0,0,0,0,0,0,0,0,0,0,0,0,0,0,0,0,0,0,0,0,0,0,0,0,0,0,0,0,0,0,0,0,0,0,0,0,0,0,0,0,0,0,0,0,0,0,0,0,0,0,0,0,0,0,0,0,0,0,0,0,0,0,0,0,0,0,0,0,0,0,0,0,0,0,0,0,0,0,0,0,0,0,0,0,0,0,0,0,0,0,0,0,0,0,0,0,0,0,0,0,0,0,0,0,0,0,0,0,0,0,0,0,0,0,0,0,0,470.7025,4,0.25977113548318914,0.1378719842795702,0.0,0.10799808423427995,0.0,0.0,0.0,0.0,0.41300650657913335,0.11562827265894268,0.0,0.11199704194246973,0.0,0.14094856852132084,0.2847569057010339,0.35683011233954137,0.4889738032866893,0.1239912313720007,0.13294642339618798,0.12156351935962217,0.10639084902614993,0.4228920606626915,0.0,32,117,63,8,4,1
33629,1,13,7,113,2,5,1,1574192.0,0,2,0,0,0,6748631.569169,,0,7,0,False,15,229,0,0,0,0,0,0,0,0,0,0,0,0,0,0,0,0,0,0,0,0,0,0,0,0,0,0,0,0,0,0,0,0,0,0,0,0,0,0,0,0,0,0,0,0,0,0,0,0,0,0,0,0,0,0,0,0,0,0,0,0,0,0,0,0,0,0,0,0,0,0,0,0,0,0,0,0,0,0,0,0,0,0,0,0,0,0,0,0,0,0,0,0,0,0,0,0,0,0,0,0,0,0,0,0,0,0,0,0,0,0,0,0,0,0,0,0,0,0,0,0,0,0,0,0,0,0,0,0,0,0,0,0,0,0,0,0,0,0,0,0,0,0,0,0,0,0,0,0,0,0,0,0,0,0,457.1538888888889,4,0.25977113548318914,0.1378719842795702,0.0,0.10799808423427995,0.0,0.0,0.0,0.0,0.41300650657913335,0.11562827265894268,0.0,0.11199704194246973,0.0,0.14094856852132084,0.2847569057010339,0.35683011233954137,0.4889738032866893,0.1239912313720007,0.13294642339618798,0.12156351935962217,0.10639084902614993,0.4228920606626915,0.0,39,116,70,12,4,1
33893,1,30,25,221,2,4,1,542970.0,0,1,0,0,0,6749034.366468,,0,25,0,False,15,229,0,0,0,0,0,0,0,0,0,0,0,0,0,0,0,0,0,0,0,0,0,0,0,0,0,0,0,0,0,0,0,0,0,0,0,0,0,0,0,0,0,0,0,0,0,0,0,0,0,0,0,0,0,0,0,0,0,0,0,0,0,0,0,0,0,0,0,0,0,0,0,0,0,0,0,0,0,0,0,0,0,0,0,0,0,0,0,0,0,0,0,0,0,0,0,0,0,0,0,0,0,0,0,0,0,0,0,0,0,0,0,0,0,0,0,0,0,0,0,0,0,0,0,0,0,0,0,0,0,0,0,0,0,0,0,0,0,0,0,0,0,0,0,0,0,0,0,0,0,0,0,0,0,0,170.57777777777778,4,0.25977113548318914,0.1378719842795702,0.0,0.10799808423427995,0.0,0.0,0.0,0.0,0.41300650657913335,0.11562827265894268,0.0,0.11199704194246973,0.0,0.14094856852132084,0.2847569057010339,0.35683011233954137,0.4889738032866893,0.1239912313720007,0.13294642339618798,0.12156351935962217,0.10639084902614993,0.4228920606626915,0.0,80,113,117,16,2,1
33410,2,30,27,746,11,5,3,2098.0,0,0,0,0,0,6755127.911918,,0,27,0,False,15,361,0,0,0,0,0,0,0,0,0,0,0,0,0,0,0,0,0,0,0,0,0,0,0,0,0,0,0,0,0,0,0,0,0,0,0,0,0,0,0,0,0,0,0,0,0,0,0,0,0,0,0,0,0,0,0,0,0,0,0,0,0,0,0,0,0,0,0,0,0,0,0,0,0,0,0,0,0,0,0,0,0,0,0,0,0,0,0,0,0,0,0,0,0,0,0,0,0,0,0,0,0,0,0,0,0,0,0,0,0,0,0,0,0,0,0,0,0,0,0,0,0,0,0,0,0,0,0,0,0,0,0,0,0,0,0,0,0,0,0,0,0,0,0,0,0,0,0,0,0,0,0,0,0,0,696.1755555555555,4,0.0,0.25711916585171934,0.0,0.3021104411857278,0.0,0.0,0.12364461322661392,0.1238425961547428,0.1283701556167599,0.1078182966985408,0.0,0.10443233319872841,0.0,0.2628567257921596,0.26552333473311635,0.3327284412236944,0.5699333020835022,0.11561638918117897,0.0,0.11335265412719868,0.0,0.3943283127862331,0.12706284581995098,14,112,40,0,1,1
32514,15,30,37,1551,91,4,1,1158.0,2,0,0,0,0,6755458.583527,,0,37,0,False,15,466,0,0,0,0,0,0,0,0,0,0,0,0,0,0,0,0,0,0,0,0,0,0,0,0,0,0,0,0,0,0,0,0,0,0,0,0,0,0,0,0,0,0,0,0,0,0,0,0,0,0,0,0,0,0,0,0,0,0,0,0,0,0,0,0,0,0,0,0,0,0,0,0,0,0,0,0,0,0,0,0,0,0,0,0,0,0,0,0,0,0,0,0,0,0,0,0,0,0,0,0,0,0,0,0,0,0,0,0,0,0,0,0,0,0,0,0,0,0,0,0,0,0,0,0,0,0,0,0,0,0,0,0,0,0,0,0,0,0,0,0,0,0,0,0,0,0,0,0,0,0,0,0,0,0,1506.7386111111111,4,0.1571454936819844,0.25021210683274636,0.0,0.26132868429953415,0.0,0.0,0.08021541055090053,0.08034385352506247,0.24984342948468088,0.20984389150996186,0.0,0.2032538805464429,0.0,0.2557955372083903,0.17226034155992323,0.2878135738465522,0.591597904610283,0.07500703736751821,0.08042437547569671,0.07353842153384105,0.19307967910709323,0.30698829501631514,0.08243301569905577,10,111,9,0,2,1
33793,6,9,3,112,4,3,2,177.0,0,0,0,0,0,6775260.397006,,0,3,0,False,15,427,0,0,0,0,0,0,0,0,0,0,0,0,0,0,0,0,0,0,0,0,0,0,0,0,0,0,0,0,0,0,0,0,0,0,0,0,0,0,0,0,0,0,0,0,0,0,0,0,0,0,0,0,0,0,0,0,0,0,0,0,0,0,0,0,0,0,0,0,0,0,0,0,0,0,0,0,0,0,0,0,0,0,0,0,0,0,0,0,0,0,0,0,0,0,0,0,0,0,0,0,0,0,0,0,0,0,0,0,0,0,0,0,0,0,0,0,0,0,0,0,0,0,0,0,0,0,0,0,0,0,0,0,0,0,0,0,0,0,0,0,0,0,0,0,0,0,0,0,0,0,0,0,0,0,235.70111111111112,4,0.1795124694146211,0.2858255246305583,0.0,0.29852435694031854,0.0,0.0,0.09163270352658305,0.0917794281632909,0.28540437236193267,0.15980772244418331,0.0,0.15478906483454702,0.0,0.29220366091084393,0.19677865760634905,0.328778917942113,0.5068513178559045,0.0856830074209222,0.09187141103764355,0.08400535921894246,0.07352042403124595,0.35068283301387915,0.09416594687327126,53,106,90,0,6,0
33870,3,17,15,1692,68,4,3,14.0,0,0,0,0,0,6771681.482046,,0,15,0,False,15,79,0,0,0,0,0,0,0,0,0,0,0,0,0,0,0,0,0,0,0,0,0,0,0,0,0,0,0,0,0,0,0,0,0,0,0,0,0,0,0,0,0,0,0,0,0,0,0,0,0,0,0,0,0,0,0,0,0,0,0,0,0,0,0,0,0,0,0,0,0,0,0,0,0,0,0,0,0,0,0,0,0,0,0,0,0,0,0,0,0,0,0,0,0,0,0,0,0,0,0,0,0,0,0,0,0,0,0,0,0,0,0,0,0,0,0,0,0,0,0,0,0,0,0,0,0,0,0,0,0,0,0,0,0,0,0,0,0,0,0,0,0,0,0,0,0,0,0,0,0,0,0,0,0,0,186.8425,4,0.0,0.0,0.0,0.0,0.0,0.0,0.0,0.0,0.0,0.0,0.37134397211728754,0.0,0.0,0.0,0.0,0.0,0.6167464761549648,0.0,0.0,0.0,0.26838321722336334,0.6400764698342108,0.0,70,108,111,3,1,1
33772,2,8,9,98,2,3,1,891172.0,0,0,0,0,0,6806794.753995,,0,9,0,False,15,240,0,0,0,0,0,0,0,0,0,0,0,0,0,0,0,0,0,0,0,0,0,0,0,0,0,0,0,0,0,0,0,0,0,0,0,0,0,0,0,0,0,0,0,0,0,0,0,0,0,0,0,0,0,0,0,0,0,0,0,0,0,0,0,0,0,0,0,0,0,0,0,0,0,0,0,0,0,0,0,0,0,0,0,0,0,0,0,0,0,0,0,0,0,0,0,0,0,0,0,0,0,0,0,0,0,0,0,0,0,0,0,0,0,0,0,0,0,0,0,0,0,0,0,0,0,0,0,0,0,0,0,0,0,0,0,0,0,0,0,0,0,0,0,0,0,0,0,0,0,0,0,0,0,0,272.6336111111111,4,0.25977113548318914,0.1378719842795702,0.0,0.10799808423427995,0.0,0.0,0.0,0.0,0.41300650657913335,0.11562827265894268,0.0,0.11199704194246973,0.0,0.14094856852132084,0.2847569057010339,0.35683011233954137,0.4889738032866893,0.1239912313720007,0.13294642339618798,0.12156351935962217,0.10639084902614993,0.4228920606626915,0.0,49,105,84,1,4,1
33804,4,0,4,51,2,1,1,16054.0,0,0,0,0,0,6807458.832347,,0,4,0,False,15,240,0,0,0,0,0,0,0,0,0,0,0,0,0,0,0,0,0,0,0,0,0,0,0,0,0,0,0,0,0,0,0,0,0,0,0,0,0,0,0,0,0,0,0,0,0,0,0,0,0,0,0,0,0,0,0,0,0,0,0,0,0,0,0,0,0,0,0,0,0,0,0,0,0,0,0,0,0,0,0,0,0,0,0,0,0,0,0,0,0,0,0,0,0,0,0,0,0,0,0,0,0,0,0,0,0,0,0,0,0,0,0,0,0,0,0,0,0,0,0,0,0,0,0,0,0,0,0,0,0,0,0,0,0,0,0,0,0,0,0,0,0,0,0,0,0,0,0,0,0,0,0,0,0,0,210.42166666666665,4,0.25977113548318914,0.1378719842795702,0.0,0.10799808423427995,0.0,0.0,0.0,0.0,0.41300650657913335,0.11562827265894268,0.0,0.11199704194246973,0.0,0.14094856852132084,0.2847569057010339,0.35683011233954137,0.4889738032866893,0.1239912313720007,0.13294642339618798,0.12156351935962217,0.10639084902614993,0.4228920606626915,0.0,62,104,99,11,0,1
33607,1,30,10,320,2,3,0,1627600.0,0,0,0,0,0,6807477.045339,,0,10,0,False,15,187,0,0,0,0,0,0,0,0,0,0,0,0,0,0,0,0,0,0,0,0,0,0,0,0,0,0,0,0,0,0,0,0,0,0,0,0,0,0,0,0,0,0,0,0,0,0,0,0,0,0,0,0,0,0,0,0,0,0,0,0,0,0,0,0,0,0,0,0,0,0,0,0,0,0,0,0,0,0,0,0,0,0,0,0,0,0,0,0,0,0,0,0,0,0,0,0,0,0,0,0,0,0,0,0,0,0,0,0,0,0,0,0,0,0,0,0,0,0,0,0,0,0,0,0,0,0,0,0,0,0,0,0,0,0,0,0,0,0,0,0,0,0,0,0,0,0,0,0,0,0,0,0,0,0,452.2991666666667,4,0.2979237242410202,0.1581212437196553,0.0,0.12385976373442877,0.0,0.0,0.0,0.0,0.4736647755223426,0.13261059799439354,0.0,0.12844604839338516,0.0,0.1616496859137377,0.32657915473172766,0.27282516920595906,0.42059204228127334,0.14220182452090413,0.152472265669713,0.13941755442574075,0.12201647387835322,0.3880017768109323,0.0,33,103,64,0,4,1
33515,1,4,4,140,2,5,1,1928058.0,0,0,0,0,0,6808667.119721,,0,4,0,False,15,239,0,0,0,0,0,0,0,0,0,0,0,0,0,0,0,0,0,0,0,0,0,0,0,0,0,0,0,0,0,0,0,0,0,0,0,0,0,0,0,0,0,0,0,0,0,0,0,0,0,0,0,0,0,0,0,0,0,0,0,0,0,0,0,0,0,0,0,0,0,0,0,0,0,0,0,0,0,0,0,0,0,0,0,0,0,0,0,0,0,0,0,0,0,0,0,0,0,0,0,0,0,0,0,0,0,0,0,0,0,0,0,0,0,0,0,0,0,0,0,0,0,0,0,0,0,0,0,0,0,0,0,0,0,0,0,0,0,0,0,0,0,0,0,0,0,0,0,0,0,0,0,0,0,0,535.8058333333333,4,0.25977113548318914,0.1378719842795702,0.0,0.10799808423427995,0.0,0.0,0.0,0.0,0.41300650657913335,0.11562827265894268,0.0,0.11199704194246973,0.0,0.14094856852132084,0.2847569057010339,0.35683011233954137,0.4889738032866893,0.1239912313720007,0.13294642339618798,0.12156351935962217,0.10639084902614993,0.4228920606626915,0.0,18,102,47,0,0,1
33773,3,1,4,113,2,2,1,657549.0,0,0,0,0,0,6808767.027002,,0,4,0,False,15,240,0,0,0,0,0,0,0,0,0,0,0,0,0,0,0,0,0,0,0,0,0,0,0,0,0,0,0,0,0,0,0,0,0,0,0,0,0,0,0,0,0,0,0,0,0,0,0,0,0,0,0,0,0,0,0,0,0,0,0,0,0,0,0,0,0,0,0,0,0,0,0,0,0,0,0,0,0,0,0,0,0,0,0,0,0,0,0,0,0,0,0,0,0,0,0,0,0,0,0,0,0,0,0,0,0,0,0,0,0,0,0,0,0,0,0,0,0,0,0,0,0,0,0,0,0,0,0,0,0,0,0,0,0,0,0,0,0,0,0,0,0,0,0,0,0,0,0,0,0,0,0,0,0,0,271.24333333333334,4,0.25977113548318914,0.1378719842795702,0.0,0.10799808423427995,0.0,0.0,0.0,0.0,0.41300650657913335,0.11562827265894268,0.0,0.11199704194246973,0.0,0.14094856852132084,0.2847569057010339,0.35683011233954137,0.4889738032866893,0.1239912313720007,0.13294642339618798,0.12156351935962217,0.10639084902614993,0.4228920606626915,0.0,50,101,85,2,4,1
33803,4,1,5,54,2,2,1,24846.0,0,0,0,0,0,6808803.227279,,0,5,0,False,15,240,0,0,0,0,0,0,0,0,0,0,0,0,0,0,0,0,0,0,0,0,0,0,0,0,0,0,0,0,0,0,0,0,0,0,0,0,0,0,0,0,0,0,0,0,0,0,0,0,0,0,0,0,0,0,0,0,0,0,0,0,0,0,0,0,0,0,0,0,0,0,0,0,0,0,0,0,0,0,0,0,0,0,0,0,0,0,0,0,0,0,0,0,0,0,0,0,0,0,0,0,0,0,0,0,0,0,0,0,0,0,0,0,0,0,0,0,0,0,0,0,0,0,0,0,0,0,0,0,0,0,0,0,0,0,0,0,0,0,0,0,0,0,0,0,0,0,0,0,0,0,0,0,0,0,212.46583333333334,4,0.25977113548318914,0.1378719842795702,0.0,0.10799808423427995,0.0,0.0,0.0,0.0,0.41300650657913335,0.11562827265894268,0.0,0.11199704194246973,0.0,0.14094856852132084,0.2847569057010339,0.35683011233954137,0.4889738032866893,0.1239912313720007,0.13294642339618798,0.12156351935962217,0.10639084902614993,0.4228920606626915,0.0,61,99,98,10,0,1
33801,3,5,7,153,2,3,1,27812.0,0,0,0,0,0,6808787.287786,,0,7,0,False,15,240,0,0,0,0,0,0,0,0,0,0,0,0,0,0,0,0,0,0,0,0,0,0,0,0,0,0,0,0,0,0,0,0,0,0,0,0,0,0,0,0,0,0,0,0,0,0,0,0,0,0,0,0,0,0,0,0,0,0,0,0,0,0,0,0,0,0,0,0,0,0,0,0,0,0,0,0,0,0,0,0,0,0,0,0,0,0,0,0,0,0,0,0,0,0,0,0,0,0,0,0,0,0,0,0,0,0,0,0,0,0,0,0,0,0,0,0,0,0,0,0,0,0,0,0,0,0,0,0,0,0,0,0,0,0,0,0,0,0,0,0,0,0,0,0,0,0,0,0,0,0,0,0,0,0,213.01805555555555,4,0.25977113548318914,0.1378719842795702,0.0,0.10799808423427995,0.0,0.0,0.0,0.0,0.41300650657913335,0.11562827265894268,0.0,0.11199704194246973,0.0,0.14094856852132084,0.2847569057010339,0.35683011233954137,0.4889738032866893,0.1239912313720007,0.13294642339618798,0.12156351935962217,0.10639084902614993,0.4228920606626915,0.0,59,100,96,8,0,1
33510,3,3,12,103,2,2,1,1595153.0,0,1,0,0,0,6808818.353316,,0,12,0,False,15,273,0,0,0,0,0,0,0,0,0,0,0,0,0,0,0,0,0,0,0,0,0,0,0,0,0,0,0,0,0,0,0,0,0,0,0,0,0,0,0,0,0,0,0,0,0,0,0,0,0,0,0,0,0,0,0,0,0,0,0,0,0,0,0,0,0,0,0,0,0,0,0,0,0,0,0,0,0,0,0,0,0,0,0,0,0,0,0,0,0,0,0,0,0,0,0,0,0,0,0,0,0,0,0,0,0,0,0,0,0,0,0,0,0,0,0,0,0,0,0,0,0,0,0,0,0,0,0,0,0,0,0,0,0,0,0,0,0,0,0,0,0,0,0,0,0,0,0,0,0,0,0,0,0,0,537.6052777777778,4,0.25977113548318914,0.1378719842795702,0.0,0.10799808423427995,0.0,0.0,0.0,0.0,0.41300650657913335,0.11562827265894268,0.0,0.11199704194246973,0.0,0.14094856852132084,0.2847569057010339,0.35683011233954137,0.4889738032866893,0.1239912313720007,0.13294642339618798,0.12156351935962217,0.10639084902614993,0.4228920606626915,0.0,16,98,45,0,0,1
33813,4,0,4,47,2,1,1,8615.0,0,0,0,0,0,6808851.128162,,0,4,0,False,15,240,0,0,0,0,0,0,0,0,0,0,0,0,0,0,0,0,0,0,0,0,0,0,0,0,0,0,0,0,0,0,0,0,0,0,0,0,0,0,0,0,0,0,0,0,0,0,0,0,0,0,0,0,0,0,0,0,0,0,0,0,0,0,0,0,0,0,0,0,0,0,0,0,0,0,0,0,0,0,0,0,0,0,0,0,0,0,0,0,0,0,0,0,0,0,0,0,0,0,0,0,0,0,0,0,0,0,0,0,0,0,0,0,0,0,0,0,0,0,0,0,0,0,0,0,0,0,0,0,0,0,0,0,0,0,0,0,0,0,0,0,0,0,0,0,0,0,0,0,0,0,0,0,0,0,208.07638888888889,4,0.25977113548318914,0.1378719842795702,0.0,0.10799808423427995,0.0,0.0,0.0,0.0,0.41300650657913335,0.11562827265894268,0.0,0.11199704194246973,0.0,0.14094856852132084,0.2847569057010339,0.35683011233954137,0.4889738032866893,0.1239912313720007,0.13294642339618798,0.12156351935962217,0.10639084902614993,0.4228920606626915,0.0,66,97,103,15,0,1
33601,1,11,8,54,2,4,1,1656056.0,0,2,0,0,0,6811295.531048,,0,8,0,False,15,221,0,0,0,0,0,0,0,0,0,0,0,0,0,0,0,0,0,0,0,0,0,0,0,0,0,0,0,0,0,0,0,0,0,0,0,0,0,0,0,0,0,0,0,0,0,0,0,0,0,0,0,0,0,0,0,0,0,0,0,0,0,0,0,0,0,0,0,0,0,0,0,0,0,0,0,0,0,0,0,0,0,0,0,0,0,0,0,0,0,0,0,0,0,0,0,0,0,0,0,0,0,0,0,0,0,0,0,0,0,0,0,0,0,0,0,0,0,0,0,0,0,0,0,0,0,0,0,0,0,0,0,0,0,0,0,0,0,0,0,0,0,0,0,0,0,0,0,0,0,0,0,0,0,0,462.47555555555556,4,0.2979237242410202,0.1581212437196553,0.0,0.12385976373442877,0.0,0.0,0.0,0.0,0.4736647755223426,0.13261059799439354,0.0,0.12844604839338516,0.0,0.1616496859137377,0.32657915473172766,0.27282516920595906,0.42059204228127334,0.14220182452090413,0.152472265669713,0.13941755442574075,0.12201647387835322,0.3880017768109323,0.0,32,96,63,7,3,1
33648,1,20,6,235,2,5,1,1490983.0,0,1,0,0,0,6811394.187117,,0,6,0,False,15,229,0,0,0,0,0,0,0,0,0,0,0,0,0,0,0,0,0,0,0,0,0,0,0,0,0,0,0,0,0,0,0,0,0,0,0,0,0,0,0,0,0,0,0,0,0,0,0,0,0,0,0,0,0,0,0,0,0,0,0,0,0,0,0,0,0,0,0,0,0,0,0,0,0,0,0,0,0,0,0,0,0,0,0,0,0,0,0,0,0,0,0,0,0,0,0,0,0,0,0,0,0,0,0,0,0,0,0,0,0,0,0,0,0,0,0,0,0,0,0,0,0,0,0,0,0,0,0,0,0,0,0,0,0,0,0,0,0,0,0,0,0,0,0,0,0,0,0,0,0,0,0,0,0,0,416.6011111111111,4,0.25977113548318914,0.1378719842795702,0.0,0.10799808423427995,0.0,0.0,0.0,0.0,0.41300650657913335,0.11562827265894268,0.0,0.11199704194246973,0.0,0.14094856852132084,0.2847569057010339,0.35683011233954137,0.4889738032866893,0.1239912313720007,0.13294642339618798,0.12156351935962217,0.10639084902614993,0.4228920606626915,0.0,42,92,74,14,5,0
33635,1,11,9,82,2,5,1,1563813.0,0,1,0,0,0,6811408.947407,,0,9,0,False,15,229,0,0,0,0,0,0,0,0,0,0,0,0,0,0,0,0,0,0,0,0,0,0,0,0,0,0,0,0,0,0,0,0,0,0,0,0,0,0,0,0,0,0,0,0,0,0,0,0,0,0,0,0,0,0,0,0,0,0,0,0,0,0,0,0,0,0,0,0,0,0,0,0,0,0,0,0,0,0,0,0,0,0,0,0,0,0,0,0,0,0,0,0,0,0,0,0,0,0,0,0,0,0,0,0,0,0,0,0,0,0,0,0,0,0,0,0,0,0,0,0,0,0,0,0,0,0,0,0,0,0,0,0,0,0,0,0,0,0,0,0,0,0,0,0,0,0,0,0,0,0,0,0,0,0,436.8175,4,0.25977113548318914,0.1378719842795702,0.0,0.10799808423427995,0.0,0.0,0.0,0.0,0.41300650657913335,0.11562827265894268,0.0,0.11199704194246973,0.0,0.14094856852132084,0.2847569057010339,0.35683011233954137,0.4889738032866893,0.1239912313720007,0.13294642339618798,0.12156351935962217,0.10639084902614993,0.4228920606626915,0.0,42,91,73,13,4,1
33612,1,8,7,82,2,3,1,1604855.0,0,1,0,0,0,6811442.213457,,0,7,0,False,15,229,0,0,0,0,0,0,0,0,0,0,0,0,0,0,0,0,0,0,0,0,0,0,0,0,0,0,0,0,0,0,0,0,0,0,0,0,0,0,0,0,0,0,0,0,0,0,0,0,0,0,0,0,0,0,0,0,0,0,0,0,0,0,0,0,0,0,0,0,0,0,0,0,0,0,0,0,0,0,0,0,0,0,0,0,0,0,0,0,0,0,0,0,0,0,0,0,0,0,0,0,0,0,0,0,0,0,0,0,0,0,0,0,0,0,0,0,0,0,0,0,0,0,0,0,0,0,0,0,0,0,0,0,0,0,0,0,0,0,0,0,0,0,0,0,0,0,0,0,0,0,0,0,0,0,448.2052777777778,4,0.25977113548318914,0.1378719842795702,0.0,0.10799808423427995,0.0,0.0,0.0,0.0,0.41300650657913335,0.11562827265894268,0.0,0.11199704194246973,0.0,0.14094856852132084,0.2847569057010339,0.35683011233954137,0.4889738032866893,0.1239912313720007,0.13294642339618798,0.12156351935962217,0.10639084902614993,0.4228920606626915,0.0,36,90,67,10,4,1
33610,1,16,18,322,2,4,1,1608693.0,0,1,0,0,0,6811461.651886,,0,18,0,False,15,229,0,0,0,0,0,0,0,0,0,0,0,0,0,0,0,0,0,0,0,0,0,0,0,0,0,0,0,0,0,0,0,0,0,0,0,0,0,0,0,0,0,0,0,0,0,0,0,0,0,0,0,0,0,0,0,0,0,0,0,0,0,0,0,0,0,0,0,0,0,0,0,0,0,0,0,0,0,0,0,0,0,0,0,0,0,0,0,0,0,0,0,0,0,0,0,0,0,0,0,0,0,0,0,0,0,0,0,0,0,0,0,0,0,0,0,0,0,0,0,0,0,0,0,0,0,0,0,0,0,0,0,0,0,0,0,0,0,0,0,0,0,0,0,0,0,0,0,0,0,0,0,0,0,0,449.2625,4,0.25977113548318914,0.1378719842795702,0.0,0.10799808423427995,0.0,0.0,0.0,0.0,0.41300650657913335,0.11562827265894268,0.0,0.11199704194246973,0.0,0.14094856852132084,0.2847569057010339,0.35683011233954137,0.4889738032866893,0.1239912313720007,0.13294642339618798,0.12156351935962217,0.10639084902614993,0.4228920606626915,0.0,35,89,66,9,4,1
33587,1,5,6,97,2,3,1,1680002.0,0,0,0,0,0,6811540.218214,,0,6,0,False,15,229,0,0,0,0,0,0,0,0,0,0,0,0,0,0,0,0,0,0,0,0,0,0,0,0,0,0,0,0,0,0,0,0,0,0,0,0,0,0,0,0,0,0,0,0,0,0,0,0,0,0,0,0,0,0,0,0,0,0,0,0,0,0,0,0,0,0,0,0,0,0,0,0,0,0,0,0,0,0,0,0,0,0,0,0,0,0,0,0,0,0,0,0,0,0,0,0,0,0,0,0,0,0,0,0,0,0,0,0,0,0,0,0,0,0,0,0,0,0,0,0,0,0,0,0,0,0,0,0,0,0,0,0,0,0,0,0,0,0,0,0,0,0,0,0,0,0,0,0,0,0,0,0,0,0,469.0686111111111,4,0.25977113548318914,0.1378719842795702,0.0,0.10799808423427995,0.0,0.0,0.0,0.0,0.41300650657913335,0.11562827265894268,0.0,0.11199704194246973,0.0,0.14094856852132084,0.2847569057010339,0.35683011233954137,0.4889738032866893,0.1239912313720007,0.13294642339618798,0.12156351935962217,0.10639084902614993,0.4228920606626915,0.0,27,88,57,3,3,1
33574,1,3,4,54,2,2,1,1742742.0,0,0,0,0,0,6811570.365534,,0,4,0,False,15,231,0,0,0,0,0,0,0,0,0,0,0,0,0,0,0,0,0,0,0,0,0,0,0,0,0,0,0,0,0,0,0,0,0,0,0,0,0,0,0,0,0,0,0,0,0,0,0,0,0,0,0,0,0,0,0,0,0,0,0,0,0,0,0,0,0,0,0,0,0,0,0,0,0,0,0,0,0,0,0,0,0,0,0,0,0,0,0,0,0,0,0,0,0,0,0,0,0,0,0,0,0,0,0,0,0,0,0,0,0,0,0,0,0,0,0,0,0,0,0,0,0,0,0,0,0,0,0,0,0,0,0,0,0,0,0,0,0,0,0,0,0,0,0,0,0,0,0,0,0,0,0,0,0,0,486.4838888888889,4,0.25977113548318914,0.1378719842795702,0.0,0.10799808423427995,0.0,0.0,0.0,0.0,0.41300650657913335,0.11562827265894268,0.0,0.11199704194246973,0.0,0.14094856852132084,0.2847569057010339,0.35683011233954137,0.4889738032866893,0.1239912313720007,0.13294642339618798,0.12156351935962217,0.10639084902614993,0.4228920606626915,0.0,24,87,53,1,2,1
33626,1,8,4,107,2,4,1,1578953.0,0,1,0,0,0,6811579.784931,,0,4,0,False,15,221,0,0,0,0,0,0,0,0,0,0,0,0,0,0,0,0,0,0,0,0,0,0,0,0,0,0,0,0,0,0,0,0,0,0,0,0,0,0,0,0,0,0,0,0,0,0,0,0,0,0,0,0,0,0,0,0,0,0,0,0,0,0,0,0,0,0,0,0,0,0,0,0,0,0,0,0,0,0,0,0,0,0,0,0,0,0,0,0,0,0,0,0,0,0,0,0,0,0,0,0,0,0,0,0,0,0,0,0,0,0,0,0,0,0,0,0,0,0,0,0,0,0,0,0,0,0,0,0,0,0,0,0,0,0,0,0,0,0,0,0,0,0,0,0,0,0,0,0,0,0,0,0,0,0,440.98,4,0.2979237242410202,0.1581212437196553,0.0,0.12385976373442877,0.0,0.0,0.0,0.0,0.4736647755223426,0.13261059799439354,0.0,0.12844604839338516,0.0,0.1616496859137377,0.32657915473172766,0.27282516920595906,0.42059204228127334,0.14220182452090413,0.152472265669713,0.13941755442574075,0.12201647387835322,0.3880017768109323,0.0,38,86,69,11,4,1
33775,2,0,3,43,2,2,1,656129.0,0,0,0,0,0,6811837.7911,,0,3,0,False,15,240,0,0,0,0,0,0,0,0,0,0,0,0,0,0,0,0,0,0,0,0,0,0,0,0,0,0,0,0,0,0,0,0,0,0,0,0,0,0,0,0,0,0,0,0,0,0,0,0,0,0,0,0,0,0,0,0,0,0,0,0,0,0,0,0,0,0,0,0,0,0,0,0,0,0,0,0,0,0,0,0,0,0,0,0,0,0,0,0,0,0,0,0,0,0,0,0,0,0,0,0,0,0,0,0,0,0,0,0,0,0,0,0,0,0,0,0,0,0,0,0,0,0,0,0,0,0,0,0,0,0,0,0,0,0,0,0,0,0,0,0,0,0,0,0,0,0,0,0,0,0,0,0,0,0,270.01194444444445,4,0.25977113548318914,0.1378719842795702,0.0,0.10799808423427995,0.0,0.0,0.0,0.0,0.41300650657913335,0.11562827265894268,0.0,0.11199704194246973,0.0,0.14094856852132084,0.2847569057010339,0.35683011233954137,0.4889738032866893,0.1239912313720007,0.13294642339618798,0.12156351935962217,0.10639084902614993,0.4228920606626915,0.0,51,80,86,3,4,1
33665,12,0,13,51,4,2,1,2937.0,0,0,0,0,0,6817844.514419,,0,13,0,False,15,153,0,0,0,0,0,0,0,0,0,0,0,0,0,0,0,0,0,0,0,0,0,0,0,0,0,0,0,0,0,0,0,0,0,0,0,0,0,0,0,0,0,0,0,0,0,0,0,0,0,0,0,0,0,0,0,0,0,0,0,0,0,0,0,0,0,0,0,0,0,0,0,0,0,0,0,0,0,0,0,0,0,0,0,0,0,0,0,0,0,0,0,0,0,0,0,0,0,0,0,0,0,0,0,0,0,0,0,0,0,0,0,0,0,0,0,0,0,0,0,0,0,0,0,0,0,0,0,0,0,0,0,0,0,0,0,0,0,0,0,0,0,0,0,0,0,0,0,0,0,0,0,0,1,1,237.95833333333334,4,0.0,0.0,0.0,0.0,0.0,0.0,0.0,0.0,0.0,0.0,0.0,0.32676750746960714,0.0,0.0,0.0,0.0,0.35666288177504085,0.0,0.0,0.0,0.6208212636849516,0.6169242606533183,0.0,41,19,76,1,0,1
32472,3,9,7,117,11,7,2,1216.0,0,0,0,0,0,6853858.416845,,0,7,0,False,15,506,0,0,0,0,0,0,0,0,0,0,0,0,0,0,0,0,0,0,0,0,0,0,0,0,0,0,0,0,0,0,0,0,0,0,0,0,0,0,0,0,0,0,0,0,0,0,0,0,0,0,0,0,0,0,0,0,0,0,0,0,0,0,0,0,0,0,0,0,0,0,0,0,0,0,0,0,0,0,0,0,0,0,0,0,0,0,0,0,0,0,0,0,0,0,0,0,0,0,0,0,0,0,0,0,0,0,0,0,0,0,0,0,0,0,0,0,0,0,0,0,0,0,0,0,0,0,0,0,0,0,0,0,0,0,0,0,0,0,0,0,0,0,0,0,0,0,0,0,0,0,0,0,0,0,1509.0880555555555,4,0.17091644895118208,0.2721386645104259,0.0,0.28422940857566226,0.0,0.0,0.08724483789695124,0.08738453657059511,0.2717376792727098,0.15215527101935827,0.09685415734387001,0.14737693367077184,0.0,0.27821138139470675,0.18735583938615435,0.31303521882308377,0.5630106492848416,0.08158004517233283,0.08747211481125965,0.0799827317700564,0.06999987155088534,0.33389025688479973,0.08965677595650251,7,71,7,0,1,1
32421,1,16,15,162,37,3,2,1077.0,0,0,0,0,0,6870845.430461,,0,15,0,False,15,31,0,0,0,0,0,0,0,0,0,0,0,0,0,0,0,0,0,0,0,0,0,0,0,0,0,0,0,0,0,0,0,0,0,0,0,0,0,0,0,0,0,0,0,0,0,0,0,0,0,0,0,0,0,0,0,0,0,0,0,0,0,0,0,0,0,0,0,0,0,0,0,0,0,0,0,0,0,0,0,0,0,0,0,0,0,0,0,0,0,0,0,0,0,0,0,0,0,0,0,0,0,0,0,0,0,0,0,0,0,0,0,0,0,0,0,0,0,0,0,0,0,0,0,0,0,0,0,0,0,0,0,0,0,0,0,0,0,0,0,0,0,0,0,0,0,0,0,0,0,0,0,0,0,0,1538.0538888888889,4,0.36457144864427593,0.0,0.0,0.0,0.0,0.0,0.0,0.0,0.0,0.0,0.4131873867817228,0.0,0.0,0.0,0.0,0.0,0.6862420933786381,0.0,0.0,0.0,0.0,0.47480062290735214,0.0,6,68,6,1,0,1
33795,2,2,3,63,2,2,1,470449.0,0,1,0,0,0,6903770.936546,,0,3,0,False,15,273,0,0,0,0,0,0,0,0,0,0,0,0,0,0,0,0,0,0,0,0,0,0,0,0,0,0,0,0,0,0,0,0,0,0,0,0,0,0,0,0,0,0,0,0,0,0,0,0,0,0,0,0,0,0,0,0,0,0,0,0,0,0,0,0,0,0,0,0,0,0,0,0,0,0,0,0,0,0,0,0,0,0,0,0,0,0,0,0,0,0,0,0,0,0,0,0,0,0,0,0,0,0,0,0,0,0,0,0,0,0,0,0,0,0,0,0,0,0,0,0,0,0,0,0,0,0,0,0,0,0,0,0,0,0,0,0,0,0,0,0,0,0,0,0,0,0,0,0,0,0,0,0,0,0,198.87055555555557,4,0.25977113548318914,0.1378719842795702,0.0,0.10799808423427995,0.0,0.0,0.0,0.0,0.41300650657913335,0.11562827265894268,0.0,0.11199704194246973,0.0,0.14094856852132084,0.2847569057010339,0.35683011233954137,0.4889738032866893,0.1239912313720007,0.13294642339618798,0.12156351935962217,0.10639084902614993,0.4228920606626915,0.0,54,65,91,2,6,0
33590,1,6,5,379,2,5,2,1593957.0,0,0,0,0,0,6903782.665364,,0,5,0,False,15,259,0,0,0,0,0,0,0,0,0,0,0,0,0,0,0,0,0,0,0,0,0,0,0,0,0,0,0,0,0,0,0,0,0,0,0,0,0,0,0,0,0,0,0,0,0,0,0,0,0,0,0,0,0,0,0,0,0,0,0,0,0,0,0,0,0,0,0,0,0,0,0,0,0,0,0,0,0,0,0,0,0,0,0,0,0,0,0,0,0,0,0,0,0,0,0,0,0,0,0,0,0,0,0,0,0,0,0,0,0,0,0,0,0,0,0,0,0,0,0,0,0,0,0,0,0,0,0,0,0,0,0,0,0,0,0,0,0,0,0,0,0,0,0,0,0,0,0,0,0,0,0,0,0,0,442.77444444444444,4,0.25977113548318914,0.1378719842795702,0.0,0.10799808423427995,0.0,0.0,0.0,0.0,0.41300650657913335,0.11562827265894268,0.0,0.11199704194246973,0.0,0.14094856852132084,0.2847569057010339,0.35683011233954137,0.4889738032866893,0.1239912313720007,0.13294642339618798,0.12156351935962217,0.10639084902614993,0.4228920606626915,0.0,29,64,59,0,3,1
33799,2,3,4,188,2,3,1,40094.0,0,0,0,0,0,6905496.032448,,0,4,0,False,15,240,0,0,0,0,0,0,0,0,0,0,0,0,0,0,0,0,0,0,0,0,0,0,0,0,0,0,0,0,0,0,0,0,0,0,0,0,0,0,0,0,0,0,0,0,0,0,0,0,0,0,0,0,0,0,0,0,0,0,0,0,0,0,0,0,0,0,0,0,0,0,0,0,0,0,0,0,0,0,0,0,0,0,0,0,0,0,0,0,0,0,0,0,0,0,0,0,0,0,0,0,0,0,0,0,0,0,0,0,0,0,0,0,0,0,0,0,0,0,0,0,0,0,0,0,0,0,0,0,0,0,0,0,0,0,0,0,0,0,0,0,0,0,0,0,0,0,0,0,0,0,0,0,0,0,188.51666666666668,4,0.25977113548318914,0.1378719842795702,0.0,0.10799808423427995,0.0,0.0,0.0,0.0,0.41300650657913335,0.11562827265894268,0.0,0.11199704194246973,0.0,0.14094856852132084,0.2847569057010339,0.35683011233954137,0.4889738032866893,0.1239912313720007,0.13294642339618798,0.12156351935962217,0.10639084902614993,0.4228920606626915,0.0,58,62,95,7,0,1
33543,1,16,8,112,2,4,1,1753257.0,0,2,0,0,0,6903794.171319,,0,8,0,False,15,270,0,0,0,0,0,0,0,0,0,0,0,0,0,0,0,0,0,0,0,0,0,0,0,0,0,0,0,0,0,0,0,0,0,0,0,0,0,0,0,0,0,0,0,0,0,0,0,0,0,0,0,0,0,0,0,0,0,0,0,0,0,0,0,0,0,0,0,0,0,0,0,0,0,0,0,0,0,0,0,0,0,0,0,0,0,0,0,0,0,0,0,0,0,0,0,0,0,0,0,0,0,0,0,0,0,0,0,0,0,0,0,0,0,0,0,0,0,0,0,0,0,0,0,0,0,0,0,0,0,0,0,0,0,0,0,0,0,0,0,0,0,0,0,0,0,0,0,0,0,0,0,0,0,0,487.0572222222222,4,0.25977113548318914,0.1378719842795702,0.0,0.10799808423427995,0.0,0.0,0.0,0.0,0.41300650657913335,0.11562827265894268,0.0,0.11199704194246973,0.0,0.14094856852132084,0.2847569057010339,0.35683011233954137,0.4889738032866893,0.1239912313720007,0.13294642339618798,0.12156351935962217,0.10639084902614993,0.4228920606626915,0.0,19,63,49,0,1,1
33797,2,3,4,56,2,3,1,72047.0,0,0,0,0,0,6905512.892636,,0,4,0,False,15,240,0,0,0,0,0,0,0,0,0,0,0,0,0,0,0,0,0,0,0,0,0,0,0,0,0,0,0,0,0,0,0,0,0,0,0,0,0,0,0,0,0,0,0,0,0,0,0,0,0,0,0,0,0,0,0,0,0,0,0,0,0,0,0,0,0,0,0,0,0,0,0,0,0,0,0,0,0,0,0,0,0,0,0,0,0,0,0,0,0,0,0,0,0,0,0,0,0,0,0,0,0,0,0,0,0,0,0,0,0,0,0,0,0,0,0,0,0,0,0,0,0,0,0,0,0,0,0,0,0,0,0,0,0,0,0,0,0,0,0,0,0,0,0,0,0,0,0,0,0,0,0,0,0,0,197.28305555555556,4,0.25977113548318914,0.1378719842795702,0.0,0.10799808423427995,0.0,0.0,0.0,0.0,0.41300650657913335,0.11562827265894268,0.0,0.11199704194246973,0.0,0.14094856852132084,0.2847569057010339,0.35683011233954137,0.4889738032866893,0.1239912313720007,0.13294642339618798,0.12156351935962217,0.10639084902614993,0.4228920606626915,0.0,56,61,93,6,6,0
33809,3,0,3,47,2,1,1,9324.0,0,0,0,0,0,6905553.938909,,0,3,0,False,15,240,0,0,0,0,0,0,0,0,0,0,0,0,0,0,0,0,0,0,0,0,0,0,0,0,0,0,0,0,0,0,0,0,0,0,0,0,0,0,0,0,0,0,0,0,0,0,0,0,0,0,0,0,0,0,0,0,0,0,0,0,0,0,0,0,0,0,0,0,0,0,0,0,0,0,0,0,0,0,0,0,0,0,0,0,0,0,0,0,0,0,0,0,0,0,0,0,0,0,0,0,0,0,0,0,0,0,0,0,0,0,0,0,0,0,0,0,0,0,0,0,0,0,0,0,0,0,0,0,0,0,0,0,0,0,0,0,0,0,0,0,0,0,0,0,0,0,0,0,0,0,0,0,0,0,181.40583333333333,4,0.25977113548318914,0.1378719842795702,0.0,0.10799808423427995,0.0,0.0,0.0,0.0,0.41300650657913335,0.11562827265894268,0.0,0.11199704194246973,0.0,0.14094856852132084,0.2847569057010339,0.35683011233954137,0.4889738032866893,0.1239912313720007,0.13294642339618798,0.12156351935962217,0.10639084902614993,0.4228920606626915,0.0,65,60,102,14,0,1
33806,3,0,3,33,2,1,1,10641.0,0,0,0,0,0,6905571.256282,,0,3,0,False,15,240,0,0,0,0,0,0,0,0,0,0,0,0,0,0,0,0,0,0,0,0,0,0,0,0,0,0,0,0,0,0,0,0,0,0,0,0,0,0,0,0,0,0,0,0,0,0,0,0,0,0,0,0,0,0,0,0,0,0,0,0,0,0,0,0,0,0,0,0,0,0,0,0,0,0,0,0,0,0,0,0,0,0,0,0,0,0,0,0,0,0,0,0,0,0,0,0,0,0,0,0,0,0,0,0,0,0,0,0,0,0,0,0,0,0,0,0,0,0,0,0,0,0,0,0,0,0,0,0,0,0,0,0,0,0,0,0,0,0,0,0,0,0,0,0,0,0,0,0,0,0,0,0,0,0,181.70666666666668,4,0.25977113548318914,0.1378719842795702,0.0,0.10799808423427995,0.0,0.0,0.0,0.0,0.41300650657913335,0.11562827265894268,0.0,0.11199704194246973,0.0,0.14094856852132084,0.2847569057010339,0.35683011233954137,0.4889738032866893,0.1239912313720007,0.13294642339618798,0.12156351935962217,0.10639084902614993,0.4228920606626915,0.0,63,59,100,12,0,1
33796,3,0,3,119,2,1,1,73289.0,0,0,0,0,0,6910710.08831,,0,3,0,False,15,240,0,0,0,0,0,0,0,0,0,0,0,0,0,0,0,0,0,0,0,0,0,0,0,0,0,0,0,0,0,0,0,0,0,0,0,0,0,0,0,0,0,0,0,0,0,0,0,0,0,0,0,0,0,0,0,0,0,0,0,0,0,0,0,0,0,0,0,0,0,0,0,0,0,0,0,0,0,0,0,0,0,0,0,0,0,0,0,0,0,0,0,0,0,0,0,0,0,0,0,0,0,0,0,0,0,0,0,0,0,0,0,0,0,0,0,0,0,0,0,0,0,0,0,0,0,0,0,0,0,0,0,0,0,0,0,0,0,0,0,0,0,0,0,0,0,0,0,0,0,0,0,0,0,0,195.86555555555555,4,0.25977113548318914,0.1378719842795702,0.0,0.10799808423427995,0.0,0.0,0.0,0.0,0.41300650657913335,0.11562827265894268,0.0,0.11199704194246973,0.0,0.14094856852132084,0.2847569057010339,0.35683011233954137,0.4889738032866893,0.1239912313720007,0.13294642339618798,0.12156351935962217,0.10639084902614993,0.4228920606626915,0.0,55,58,92,5,6,0
33802,3,0,3,43,2,1,1,25568.0,0,0,0,0,0,6910722.006552,,0,3,0,False,15,240,0,0,0,0,0,0,0,0,0,0,0,0,0,0,0,0,0,0,0,0,0,0,0,0,0,0,0,0,0,0,0,0,0,0,0,0,0,0,0,0,0,0,0,0,0,0,0,0,0,0,0,0,0,0,0,0,0,0,0,0,0,0,0,0,0,0,0,0,0,0,0,0,0,0,0,0,0,0,0,0,0,0,0,0,0,0,0,0,0,0,0,0,0,0,0,0,0,0,0,0,0,0,0,0,0,0,0,0,0,0,0,0,0,0,0,0,0,0,0,0,0,0,0,0,0,0,0,0,0,0,0,0,0,0,0,0,0,0,0,0,0,0,0,0,0,0,0,0,0,0,0,0,0,0,184.34527777777777,4,0.25977113548318914,0.1378719842795702,0.0,0.10799808423427995,0.0,0.0,0.0,0.0,0.41300650657913335,0.11562827265894268,0.0,0.11199704194246973,0.0,0.14094856852132084,0.2847569057010339,0.35683011233954137,0.4889738032866893,0.1239912313720007,0.13294642339618798,0.12156351935962217,0.10639084902614993,0.4228920606626915,0.0,60,57,97,9,0,1
33566,4,0,5,67,2,2,2,401386.0,0,0,0,0,0,6913603.399223,,0,5,0,False,15,286,0,0,0,0,0,0,0,0,0,0,0,0,0,0,0,0,0,0,0,0,0,0,0,0,0,0,0,0,0,0,0,0,0,0,0,0,0,0,0,0,0,0,0,0,0,0,0,0,0,0,0,0,0,0,0,0,0,0,0,0,0,0,0,0,0,0,0,0,0,0,0,0,0,0,0,0,0,0,0,0,0,0,0,0,0,0,0,0,0,0,0,0,0,0,0,0,0,0,0,0,0,0,0,0,0,0,0,0,0,0,0,0,0,0,0,0,0,0,0,0,0,0,0,0,0,0,0,0,0,0,0,0,0,0,0,0,0,0,0,0,0,0,0,0,0,0,0,0,0,0,0,0,0,0,460.72333333333336,4,0.22677168208776122,0.12035772076716669,0.0,0.09427878574156788,0.0,0.0,0.0,0.0,0.36054113570366675,0.10093969000442547,0.0,0.0977697446750815,0.0,0.12304347791369785,0.2485834400801176,0.4153346477816005,0.5335726179792811,0.10824027869786557,0.11605786764964222,0.10612096572782478,0.09287572211411606,0.4430050802664834,0.0,19,56,48,1,2,1
33764,1,5,4,104,2,3,1,881397.0,0,0,0,0,0,6913726.329621,,0,4,0,False,15,228,0,0,0,0,0,0,0,0,0,0,0,0,0,0,0,0,0,0,0,0,0,0,0,0,0,0,0,0,0,0,0,0,0,0,0,0,0,0,0,0,0,0,0,0,0,0,0,0,0,0,0,0,0,0,0,0,0,0,0,0,0,0,0,0,0,0,0,0,0,0,0,0,0,0,0,0,0,0,0,0,0,0,0,0,0,0,0,0,0,0,0,0,0,0,0,0,0,0,0,0,0,0,0,0,0,0,0,0,0,0,0,0,0,0,0,0,0,0,0,0,0,0,0,0,0,0,0,0,0,0,0,0,0,0,0,0,0,0,0,0,0,0,0,0,0,0,0,0,0,0,0,0,0,0,244.8488888888889,4,0.25977113548318914,0.1378719842795702,0.0,0.10799808423427995,0.0,0.0,0.0,0.0,0.41300650657913335,0.11562827265894268,0.0,0.11199704194246973,0.0,0.14094856852132084,0.2847569057010339,0.35683011233954137,0.4889738032866893,0.1239912313720007,0.13294642339618798,0.12156351935962217,0.10639084902614993,0.4228920606626915,0.0,47,55,82,0,4,1
32049,7,0,2,4,1,2,1,868429.0,0,0,0,0,0,6936061.275595,,1,2,0,False,15,482,0,0,0,0,0,0,0,0,0,0,0,1,0,0,0,0,0,0,0,0,0,0,0,0,0,0,0,0,0,0,0,0,0,0,0,0,0,0,0,0,0,0,0,0,0,0,0,0,0,0,0,0,0,0,0,0,0,0,0,0,0,0,0,0,0,0,0,0,0,0,0,0,0,0,0,0,0,0,0,0,0,0,0,0,0,0,0,0,0,0,0,0,0,0,0,0,0,0,0,0,0,0,0,0,0,0,0,0,0,0,0,0,0,0,0,0,0,0,0,0,0,0,0,0,0,0,0,0,0,0,0,0,0,0,0,0,0,0,0,0,0,0,0,0,0,0,0,0,0,0,0,0,0,1,1947.558888888889,4,0.11439911290514025,0.0,0.12666600841222445,0.0951213075222961,0.0,0.0,0.0,0.0,0.24250873954270366,0.20368347382910443,0.0,0.295930390165634,0.0,0.2482861103732128,0.0,0.10476157081772663,0.32300453181105915,0.1092075672733148,0.11709501805999784,0.10706931507613618,0.0,0.4469639924031,0.6000976323986432,1,52,1,0,3,1
33570,2,0,1,3,1,1,1,1450.0,0,0,0,0,0,6956741.126251,,0,1,0,False,15,117,0,0,0,0,0,0,0,0,0,0,0,0,0,0,0,0,0,0,0,0,0,0,0,0,0,0,0,0,0,0,0,0,0,0,0,0,0,0,0,0,0,0,0,0,0,0,0,0,0,0,0,0,0,0,0,0,0,0,0,0,0,0,0,0,0,0,0,0,0,0,0,0,0,0,0,0,0,0,0,0,0,0,0,0,0,0,0,0,0,0,0,0,0,0,0,0,0,0,0,0,0,0,0,0,0,0,0,0,0,0,0,0,0,0,0,0,0,0,0,0,0,0,0,0,0,0,0,0,0,0,0,0,0,0,0,0,0,0,0,0,0,0,0,0,0,0,0,0,0,0,0,0,0,0,447.33222222222224,4,0.24060707319902802,0.0,0.0,0.0,0.0,0.0,0.0,0.0,0.0,0.21419608619547956,0.0,0.20746939738784254,0.0,0.26110077611530724,0.0,0.0,0.6793512034793868,0.0,0.0,0.0,0.19708418144092202,0.47003291942760467,0.2524280674883031,21,46,50,0,2,1
33393,1,8,7,184,5,2,1,1223.0,0,0,0,0,0,6956633.336988,,0,7,0,False,15,42,0,0,0,0,0,0,0,0,0,0,0,0,0,0,0,0,0,0,0,0,0,0,0,0,0,0,0,0,0,0,0,0,0,0,0,0,0,0,0,0,0,0,0,0,0,0,0,0,0,0,0,0,0,0,0,0,0,0,0,0,0,0,0,0,0,0,0,0,0,0,0,0,0,0,0,0,0,0,0,0,0,0,0,0,0,0,0,0,0,0,0,0,0,0,0,0,0,0,0,0,0,0,0,0,0,0,0,0,0,0,0,0,0,0,0,0,0,0,0,0,0,0,0,0,0,0,0,0,0,0,0,0,0,0,0,0,0,0,0,0,0,0,0,0,0,0,0,0,0,0,0,0,0,0,660.0525,4,0.8679409576875589,0.0,0.0,0.0,0.0,0.0,0.0,0.0,0.0,0.0,0.0,0.0,0.0,0.0,0.0,0.0,0.4084368248991253,0.0,0.0,0.0,0.0,0.28259131981489505,0.0,14,47,40,0,0,1
33121,7,30,13,66,2,3,1,91490.0,0,0,0,0,0,6957217.221515,,0,13,0,False,15,396,0,0,0,0,0,0,0,0,0,0,0,0,0,0,0,0,0,0,0,0,0,0,0,0,0,0,0,0,0,0,0,0,0,0,0,0,0,0,0,0,0,0,0,0,0,0,0,0,0,0,0,0,0,0,0,0,0,0,0,0,0,0,0,0,0,0,0,0,0,0,0,0,0,0,0,0,0,0,0,0,0,0,0,0,0,0,0,0,0,0,0,0,0,0,0,0,0,0,0,0,0,0,0,0,0,0,0,0,0,0,0,0,0,0,0,0,0,0,0,0,0,0,0,0,0,0,0,0,0,0,0,0,0,0,0,0,0,0,0,0,0,0,0,0,0,0,0,0,0,0,0,0,0,0,1002.8341666666666,4,0.19022801397275568,0.10096238638369771,0.0,0.31634401625932695,0.0,0.0,0.0,0.0,0.20162724483929093,0.08467352089021601,0.0,0.08201440402495437,0.20760784944985447,0.20643068147075846,0.10426243188216042,0.08710113676251634,0.1790355100671901,0.18159527732024344,0.09735544343830521,0.26705954242729246,0.0779090405001117,0.6193599352374229,0.39914778323711075,14,45,26,0,0,1
33325,15,20,32,338,2,3,4,1874.0,0,0,0,0,0,7124231.484823,,1,32,0,False,15,151,0,0,0,0,0,0,0,0,0,0,0,0,0,0,0,0,0,0,0,0,0,0,0,0,0,0,0,0,0,0,0,0,0,0,0,0,0,0,0,0,0,0,0,0,0,0,0,0,0,0,0,0,0,0,0,0,0,0,0,0,0,0,0,0,0,0,0,0,0,0,0,0,0,0,0,0,0,0,0,0,0,0,0,0,0,0,0,0,0,0,0,0,0,0,0,0,0,0,0,0,0,0,0,0,0,0,0,0,0,0,0,0,0,0,0,0,0,0,0,0,0,0,0,0,0,0,0,0,0,0,0,0,0,0,0,0,0,0,0,0,0,0,0,0,0,0,0,0,0,0,0,0,0,0,695.9330555555556,4,0.2726726844509636,0.14471940461808666,0.0,0.11336181554177374,0.0,0.0,0.0,0.0,0.2890123329398534,0.24274191546105942,0.0,0.11755938172351968,0.0,0.14794878760006144,0.4483490616597522,0.12485070039772014,0.38494403733610916,0.1301492632878447,0.13954921545907825,0.1276009788132906,0.11167475690098307,0.5326740241531943,0.0,20,33,35,0,3,1
33363,9,30,31,2684,16,2,1,862730.0,0,0,0,0,0,7173485.518717,,0,31,0,False,15,448,0,0,0,0,0,0,0,0,0,0,0,0,0,0,0,0,0,0,0,0,0,0,0,0,0,0,0,0,0,0,0,0,0,0,0,0,0,0,0,0,0,0,0,0,0,0,0,0,0,0,0,0,0,0,0,0,0,0,0,0,0,0,0,0,0,0,0,0,0,0,0,0,0,0,0,0,0,0,0,0,0,0,0,0,0,0,0,0,0,0,0,0,0,0,0,0,0,0,0,0,0,0,0,0,0,0,0,0,0,0,0,0,0,0,0,0,0,0,0,0,0,0,0,0,0,0,0,0,0,0,0,0,0,0,0,0,0,0,0,0,0,0,0,0,0,0,0,0,0,0,0,0,0,0,670.3997222222222,4,0.08221528285740383,0.261811632718292,0.0,0.2734435610596514,0.0,0.0,0.08393409843888033,0.08406849587153137,0.26142586394129275,0.1463813310171743,0.0,0.1417843204998971,0.0,0.2676539040668698,0.1802461193716776,0.3011562575492081,0.6190236566860952,0.07848427147323714,0.08415275072087526,0.07694757241371492,0.13468707722056075,0.32121989523613,0.08625450903736151,12,37,36,0,4,1
32613,6,2,15,60,7,2,2,1161.0,0,0,0,0,0,7183046.417888,,0,15,0,False,15,84,0,0,0,0,0,0,0,0,0,0,0,0,0,0,0,0,0,0,0,0,0,0,0,0,0,0,0,0,0,0,0,0,0,0,0,0,0,0,0,0,0,0,0,0,0,0,0,0,0,0,0,0,0,0,0,0,0,0,0,0,0,0,0,0,0,0,0,0,0,0,0,0,0,0,0,0,0,0,0,0,0,0,0,0,0,0,0,0,0,0,0,0,0,0,0,0,0,0,0,0,0,0,0,0,0,0,0,0,0,0,0,0,0,0,0,0,0,0,0,0,0,0,0,0,0,0,0,0,0,0,0,0,0,0,0,0,0,0,0,0,0,0,0,0,0,0,0,0,0,0,0,0,1,1,1289.4980555555555,4,0.0,0.0,0.36882479985981825,0.0,0.0,0.0,0.0,0.0,0.0,0.29654173764317443,0.0,0.0,0.3635398160898736,0.0,0.0,0.0,0.3135071076351763,0.0,0.0,0.0,0.0,0.6507326121232261,0.3494716411138127,12,35,13,0,6,0
33582,7,0,1,2,1,1,1,147065.0,0,0,0,0,0,7187929.662872,,0,1,0,False,15,374,0,0,0,0,0,0,0,0,0,0,0,0,0,0,0,0,0,0,0,0,0,0,0,0,0,0,0,0,0,0,0,0,0,0,0,0,0,0,0,0,0,0,0,0,0,0,0,0,0,0,0,0,0,0,0,0,0,0,0,0,0,0,0,0,0,0,0,0,0,0,0,0,0,0,0,0,0,0,0,0,0,0,0,0,0,0,0,0,0,0,0,0,0,0,0,0,0,0,0,0,0,0,0,0,0,0,0,0,0,0,0,0,0,0,0,0,0,0,0,0,0,0,0,0,0,0,0,0,0,0,0,0,0,0,0,0,0,0,0,0,0,0,0,0,0,0,0,0,0,0,0,0,0,0,368.8594444444444,4,0.1346483530124078,0.14292762415859767,0.0,0.11195827545344919,0.0,0.0,0.0,0.0,0.42815107837789207,0.2397365118528159,0.0,0.11610387129243624,0.0,0.14611702393763862,0.1475993408206625,0.24660983134189665,0.6336300331857553,0.12853787670571043,0.1378214474513501,0.12602114270870818,0.22058420879312618,0.2630394760264945,0.1412636091262767,24,34,54,0,3,1
33753,2,0,4,59,3,2,3,1409.0,0,0,0,0,0,7205917.770077,,0,4,0,False,15,71,0,0,0,0,0,0,0,0,0,0,0,0,0,0,0,0,0,0,0,0,0,0,0,0,0,0,0,0,0,0,0,0,0,0,0,0,0,0,0,0,0,0,0,0,0,0,0,0,0,0,0,0,0,0,0,0,0,0,0,0,0,0,0,0,0,0,0,0,0,0,0,0,0,0,0,0,0,0,0,0,0,0,0,0,0,0,0,0,0,0,0,0,0,0,0,0,0,0,0,0,0,0,0,0,0,0,0,0,0,0,0,0,0,0,0,0,0,0,0,0,0,0,0,0,0,0,0,0,0,0,0,0,0,0,0,0,0,0,0,0,0,0,0,0,0,0,0,0,0,0,0,0,0,0,169.6913888888889,4,0.6263907469268352,0.0,0.0,0.2604176962322888,0.0,0.0,0.0,0.0,0.0,0.2788165049283622,0.0,0.2700604538893415,0.0,0.0,0.0,0.0,0.5895356027502637,0.0,0.0,0.0,0.0,0.20394542546477362,0.0,45,29,80,4,4,1
32568,4,26,9,569,6,6,1,1164.0,0,0,0,0,0,7272593.945693,,1,9,0,False,15,434,0,0,0,0,0,0,0,0,0,0,0,0,0,0,0,0,0,0,0,0,0,0,0,0,0,0,0,0,0,0,0,0,0,0,0,0,0,0,0,0,0,0,0,0,0,0,0,0,0,0,0,0,0,0,0,0,0,0,0,0,0,0,0,0,0,0,0,0,0,0,0,0,0,0,0,0,0,0,0,0,0,0,0,0,0,0,0,0,0,0,0,0,0,0,0,0,0,0,0,0,0,0,0,0,0,0,0,0,0,0,0,0,0,0,0,0,0,0,0,0,0,0,0,0,0,0,0,0,0,0,0,0,0,0,0,0,0,0,0,0,0,0,0,0,0,0,0,0,0,0,0,0,0,0,1319.965,4,0.17590876120046622,0.280087584562745,0.0,0.29253148813995483,0.0,0.0,0.08979317935614083,0.08993695849953422,0.27967488691509806,0.15659958651950098,0.1993663563691466,0.151681678332514,0.0,0.2863376799209753,0.19282833110758935,0.322178689606485,0.49667629066437413,0.08396292324703071,0.09002709482004609,0.08231895378962871,0.07204450340660343,0.34364288414561245,0.09227556790769038,10,24,11,1,4,1
32481,9,4,2,22,1,3,3,76541.0,0,0,0,0,0,7276459.168547,,0,2,0,False,15,145,0,0,0,0,0,0,0,0,0,0,0,0,0,0,0,0,0,0,0,0,0,0,0,0,0,0,0,0,0,0,0,0,0,0,0,0,0,0,0,0,0,0,0,0,0,0,0,0,0,0,0,0,0,0,0,0,0,0,0,0,0,0,0,0,0,0,0,0,0,0,0,0,0,0,0,0,0,0,0,0,0,0,0,0,0,0,0,0,0,0,0,0,0,0,0,0,0,0,0,0,0,0,0,0,0,0,0,0,0,0,0,0,0,0,0,0,0,0,0,0,0,0,0,0,0,0,0,0,0,0,0,0,0,0,0,0,0,0,0,0,0,0,0,0,0,0,0,0,0,0,0,0,0,0,1381.2219444444445,4,0.0,0.0,0.0,0.0,0.0,0.0,0.0,0.0,0.0,0.0,0.0,0.0,0.0,0.0,0.0,0.0,0.0,0.0,0.0,0.0,0.7985655638018686,0.3174211315556199,0.5114067515703655,9,22,9,1,2,1
33372,5,0,2,2,1,1,0,75295.0,0,0,0,0,0,7279451.064606,,0,2,0,False,15,405,0,0,0,0,0,0,0,0,0,0,0,0,0,0,0,0,0,0,0,0,0,0,0,0,0,0,0,0,0,0,0,0,0,0,0,0,0,0,0,0,0,0,0,0,0,0,0,0,0,0,0,0,0,0,0,0,0,0,0,0,0,0,0,0,0,0,0,0,0,0,0,0,0,0,0,0,0,0,0,0,0,0,0,0,0,0,0,0,0,0,0,0,0,0,0,0,0,0,0,0,0,0,0,0,0,0,0,0,0,0,0,0,0,0,0,0,0,0,0,0,0,0,0,0,0,0,0,0,0,0,0,0,0,0,0,0,0,0,0,0,0,0,0,0,0,0,0,0,0,0,0,0,0,0,608.8325,4,0.07496421797023642,0.31829450065106435,0.0,0.24932691345703237,0.0,0.0,0.2295943223142805,0.07665398487862607,0.1589127533343808,0.20020660922940411,0.08496076541495723,0.32319875141556426,0.0,0.24404788146084555,0.16434911991123655,0.3432443237648369,0.423321151941737,0.07156226712932999,0.07673080878133307,0.14032219777695057,0.06140410312793159,0.39051941692515874,0.1572944005461195,13,18,37,0,6,0
33685,2,14,16,1147,34,4,3,1601.0,0,0,0,0,0,7283812.748994,,0,16,0,False,15,122,0,0,0,0,0,0,0,0,0,0,0,0,0,0,0,0,0,0,0,0,0,0,0,0,0,0,0,0,0,0,0,0,0,0,0,0,0,0,0,0,0,0,0,0,0,0,0,0,0,0,0,0,0,0,0,0,0,0,0,0,0,0,0,0,0,0,0,0,0,0,0,0,0,0,0,0,0,0,0,0,0,0,0,0,0,0,0,0,0,0,0,0,0,0,0,0,0,0,0,0,0,0,0,0,0,0,0,0,0,0,0,0,0,0,0,0,0,0,0,0,0,0,0,0,0,0,0,0,0,0,0,0,0,0,0,0,0,0,0,0,0,0,0,0,0,0,0,0,0,0,0,0,0,0,210.79694444444445,4,0.0,0.0,0.0,0.5497380103654436,0.0,0.0,0.0,0.0,0.0,0.0,0.37465800615538325,0.0,0.0,0.0,0.0,0.0,0.46668794111984835,0.0,0.0,0.0,0.5415567700057535,0.2152629295939478,0.0,41,17,78,1,1,1
32652,3,7,5,175,2,2,0,3372240.0,0,0,0,0,0,7284506.080148,,0,5,0,False,15,125,0,0,0,0,0,0,0,0,0,0,0,0,0,0,0,0,0,0,0,0,0,0,0,0,0,0,0,0,0,0,0,0,0,0,0,0,0,0,0,0,0,0,0,0,0,0,0,0,0,0,0,0,0,0,0,0,0,0,0,0,0,0,0,0,0,0,0,0,0,0,0,0,0,0,0,0,0,0,0,0,0,0,0,0,0,0,0,0,0,0,0,0,0,0,0,0,0,0,0,0,0,0,0,0,0,0,0,0,0,0,0,0,0,0,0,0,0,0,0,0,0,0,0,0,0,0,0,0,0,0,0,0,0,0,0,0,0,0,0,0,0,0,0,0,0,0,0,0,0,0,0,0,0,0,1225.5647222222221,4,0.36320778229913797,0.19277036903357161,0.0,0.15100116721715903,0.0,0.0,0.0,0.0,0.38497265949300447,0.32333914547832754,0.0,0.15659244493166724,0.0,0.19707199914895848,0.1990712401931399,0.16630468908632107,0.34183761479848196,0.1733625257763792,0.18588352980986422,0.16996813827279128,0.29750791410934874,0.3547684862357973,0.0,11,16,14,0,1,1
33632,3,0,4,3,1,1,1,594542.0,0,0,0,0,0,7284986.157672,,0,4,0,False,15,247,0,0,0,0,0,0,0,0,0,0,0,0,0,0,0,0,0,0,0,0,0,0,0,0,0,0,0,0,0,0,0,0,0,0,0,0,0,0,0,0,0,0,0,0,0,0,0,0,0,0,0,0,0,0,0,0,0,0,0,0,0,0,0,0,0,0,0,0,0,0,0,0,0,0,0,0,0,0,0,0,0,0,0,0,0,0,0,0,0,0,0,0,0,0,0,0,0,0,0,0,0,0,0,0,0,0,0,0,0,0,0,0,0,0,0,0,0,0,0,0,0,0,0,0,0,0,0,0,0,0,0,0,0,0,0,0,0,0,0,0,0,0,0,0,0,0,0,0,0,0,0,0,0,0,307.3961111111111,4,0.12922816018255032,0.13717415398000876,0.0,0.10745145878410549,0.0,0.0,0.0,0.0,0.2739440669026791,0.46017210997696645,0.0,0.11143017602161501,0.14103485529582926,0.14023516628584898,0.14165781334624827,0.23668269291274305,0.24324944670495294,0.12336365762245734,0.13227352351047908,0.12094823332037542,0.10585235849499193,0.5049019431994622,0.406731368777755,41,15,72,0,4,1
33630,2,1,1,3,1,3,1,1434.0,0,0,0,0,0,7289478.359648,,0,1,0,False,15,37,0,0,0,0,0,0,0,0,0,0,0,0,0,0,0,0,0,0,0,0,0,0,0,0,0,0,0,0,0,0,0,0,0,0,0,0,0,0,0,0,0,0,0,0,0,0,0,0,0,0,0,0,0,0,0,0,0,0,0,0,0,0,0,0,0,0,0,0,0,0,0,0,0,0,0,0,0,0,0,0,0,0,0,0,0,0,0,0,0,0,0,0,0,0,0,0,0,0,0,0,0,0,0,0,0,0,0,0,0,0,0,0,0,0,0,0,0,0,0,0,0,0,0,0,0,0,0,0,0,0,0,0,0,0,0,0,0,0,0,0,0,0,0,0,0,0,0,0,0,0,0,0,0,0,306.8858333333333,4,0.0,0.0,0.0,0.0,0.0,0.0,0.0,0.0,0.0,0.0,0.0,0.0,0.0,0.0,0.0,0.0,0.521834007436435,0.0,0.0,0.0,0.45416226986973934,0.7220982629182796,0.0,40,13,71,0,4,1
33314,16,2,5,11,1,3,1,33700.0,0,0,0,0,0,7301299.629482,,0,5,0,False,15,498,0,0,0,0,0,0,0,0,0,0,0,0,0,0,0,0,0,0,0,0,0,0,0,0,0,0,0,0,0,0,0,0,0,0,0,0,0,0,0,0,0,0,0,0,0,0,0,0,0,0,0,0,0,0,0,0,0,0,0,0,0,0,0,0,0,0,0,0,0,0,0,0,0,0,0,0,0,0,0,0,0,0,0,0,0,0,0,0,0,0,0,0,0,0,0,0,0,0,0,0,0,0,0,0,0,0,0,0,0,0,0,0,0,0,0,0,0,0,0,0,0,0,0,0,0,0,0,0,0,0,0,0,0,0,0,0,0,0,0,0,0,0,0,0,0,0,0,0,0,0,0,0,0,0,673.4808333333333,4,0.07969371977447161,0.2537818051144671,0.0,0.265056979333363,0.0,0.0,0.08135981885646057,0.08149009428657346,0.2534078679613803,0.2837835586974768,0.0,0.1374357602823125,0.0,0.25944489255415293,0.17471792625899663,0.2919197205595196,0.6000380478563032,0.0760771394333098,0.08157176501882525,0.0745875713144521,0.13055619121173373,0.3113680015105361,0.08360906188731904,19,11,34,0,3,1
35257,3,0,3,13,2,1,1,1674.0,0,0,0,0,0,90035.803095,,0,3,0,False,15,67,0,0,0,0,0,0,0,0,0,0,0,0,0,0,0,0,0,0,0,0,0,0,0,0,0,0,0,0,0,0,0,0,0,0,0,0,0,0,0,0,0,0,0,0,0,0,0,0,0,0,0,0,0,0,0,0,0,0,0,0,0,0,0,0,0,0,0,0,0,0,0,0,0,0,0,0,0,0,0,0,0,0,0,0,0,0,0,0,0,0,0,0,0,0,0,0,0,0,0,0,0,0,0,0,0,0,0,0,0,0,0,0,0,0,0,0,0,0,0,0,0,0,0,0,0,0,0,0,0,0,0,0,0,0,0,0,0,0,0,0,0,0,0,0,0,0,0,0,0,0,0,0,0,0,340.6977777777778,4,0.0,0.0,0.0,0.0,0.0,0.0,0.0,0.0,0.0,0.3624768203019177,0.0,0.0,0.0,0.0,0.0,0.0,0.7664287693248123,0.0,0.0,0.0,0.0,0.5302805826117573,0.0,76,85,43,7,4,1
35189,1,0,4,2,1,3,3,23160.0,0,0,0,0,0,105157.277118,,0,4,0,False,15,493,0,0,0,0,0,0,0,0,0,0,0,0,0,0,0,0,0,0,0,0,0,0,0,0,0,0,0,0,0,0,0,0,0,0,0,0,0,0,0,0,0,0,0,0,0,0,0,0,0,0,0,0,0,0,0,0,0,0,0,0,0,0,0,0,0,0,0,0,0,0,0,0,0,0,0,0,0,0,0,0,0,0,0,0,0,0,0,0,0,0,0,0,0,0,0,0,0,0,0,0,0,0,0,0,0,0,0,0,0,0,0,0,0,0,0,0,0,0,0,0,0,0,0,0,0,0,0,0,0,0,0,0,0,0,0,0,0,0,0,0,0,0,0,0,0,0,0,0,0,0,0,0,0,0,399.73,4,0.0774249578523741,0.2465570137809182,0.0,0.25751120052419824,0.0,0.0,0.07904362556629096,0.07917019224826082,0.24619372206358955,0.2757046619674436,0.0,0.1335231681665795,0.0,0.2520588815262414,0.2546159493170686,0.2836091993768086,0.582955855198731,0.0739113361858664,0.07924953793597952,0.0724641738605643,0.1902591753253746,0.3025038166339131,0.081228835986344,79,87,41,0,1,1
35289,2,0,1,6,3,3,2,21459.0,0,0,0,0,0,106012.408719,,0,1,0,False,15,456,0,0,0,0,0,0,0,0,0,0,0,0,0,0,0,0,0,0,0,0,0,0,0,0,0,0,0,0,0,0,0,0,0,0,0,0,0,0,0,0,0,0,0,0,0,0,0,0,0,0,0,0,0,0,0,0,0,0,0,0,0,0,0,0,0,0,0,0,0,0,0,0,0,0,0,0,0,0,0,0,0,0,0,0,0,0,0,0,0,0,0,0,0,0,0,0,0,0,0,0,0,0,0,0,0,0,0,0,0,0,0,0,0,0,0,0,0,0,0,0,0,0,0,0,0,0,0,0,0,0,0,0,0,0,0,0,0,0,0,0,0,0,0,0,0,0,0,0,0,0,0,0,0,0,268.2630555555556,4,0.0811358763339853,0.25837430118525895,0.0,0.2698535136458815,0.0,0.0,0.08283212554231657,0.08296475846768268,0.2579935971762682,0.216689230242259,0.0,0.13992283057798688,0.0,0.26413986920586585,0.17787966352175838,0.2972023694438696,0.6108964794757914,0.07745384949243707,0.0830479071329833,0.07593732579364744,0.1329187671847709,0.31700259112527424,0.08512207141149244,81,85,44,0,0,1
